asset,factor_beta,factor_beta_se_hac,factor_beta_ci_low,factor_beta_ci_high,common_variance_share,idiosyncratic_variance_share,factor_assets,self_included,n,sample_start,sample_end,method,full_system_pc1_share,plot_key,panel,asset_i,asset_j,quantile,joint_probability,independence_probability,conditional_probability,excess_probability,excess_ci_low,excess_ci_high,block_length,bootstrap_reps,primary_specification,peer
DOGE,0.189294804727327,0.0085258802164817,0.17258438656652,0.206005222888133,0.318662409295982,0.681337590704018,AAVE|ADA|BCH|BNB|BTC|DOT|ETH|LINK|LTC|SNX|UNI|XLM|XRP,False,2006,2021-01-02,2026-06-30,HAC OLS on PC1 estimated from all other S2 assets,0.659800491589156,factor__DOGE,common_factor,,,,,,,,,,,,,
BNB,0.243506425859904,0.0125475289775847,0.218913720968866,0.268099130750943,0.515462683751216,0.484537316248784,AAVE|ADA|BCH|BTC|DOGE|DOT|ETH|LINK|LTC|SNX|UNI|XLM|XRP,False,2006,2021-01-02,2026-06-30,HAC OLS on PC1 estimated from all other S2 assets,0.659800491589156,factor__BNB,common_factor,,,,,,,,,,,,,
XRP,0.246264526083002,0.0094997270842301,0.227645403134951,0.264883649031053,0.526523480633569,0.473476519366431,AAVE|ADA|BCH|BNB|BTC|DOGE|DOT|ETH|LINK|LTC|SNX|UNI|XLM,False,2006,2021-01-02,2026-06-30,HAC OLS on PC1 estimated from all other S2 assets,0.659800491589156,factor__XRP,common_factor,,,,,,,,,,,,,
XLM,0.253635838453452,0.0081306351664526,0.23770008635577,0.269571590551134,0.556599273710572,0.443400726289428,AAVE|ADA|BCH|BNB|BTC|DOGE|DOT|ETH|LINK|LTC|SNX|UNI|XRP,False,2006,2021-01-02,2026-06-30,HAC OLS on PC1 estimated from all other S2 assets,0.659800491589156,factor__XLM,common_factor,,,,,,,,,,,,,
SNX,0.254198776801173,0.0079219185708417,0.238672101713865,0.269725451888482,0.558939477940469,0.441060522059531,AAVE|ADA|BCH|BNB|BTC|DOGE|DOT|ETH|LINK|LTC|UNI|XLM|XRP,False,2006,2021-01-02,2026-06-30,HAC OLS on PC1 estimated from all other S2 assets,0.659800491589156,factor__SNX,common_factor,,,,,,,,,,,,,
BCH,0.258370043791863,0.00932396571324,0.240095406800826,0.276644680782899,0.576299650838039,0.423700349161961,AAVE|ADA|BNB|BTC|DOGE|DOT|ETH|LINK|LTC|SNX|UNI|XLM|XRP,False,2006,2021-01-02,2026-06-30,HAC OLS on PC1 estimated from all other S2 assets,0.659800491589156,factor__BCH,common_factor,,,,,,,,,,,,,
UNI,0.263885468071676,0.0073776000031357,0.249425637773187,0.278345298370164,0.599575051299197,0.400424948700803,AAVE|ADA|BCH|BNB|BTC|DOGE|DOT|ETH|LINK|LTC|SNX|XLM|XRP,False,2006,2021-01-02,2026-06-30,HAC OLS on PC1 estimated from all other S2 assets,0.659800491589156,factor__UNI,common_factor,,,,,,,,,,,,,
AAVE,0.268907331619671,0.007292474852155,0.254614343551283,0.283200319688058,0.621092827591649,0.378907172408351,ADA|BCH|BNB|BTC|DOGE|DOT|ETH|LINK|LTC|SNX|UNI|XLM|XRP,False,2006,2021-01-02,2026-06-30,HAC OLS on PC1 estimated from all other S2 assets,0.659800491589156,factor__AAVE,common_factor,,,,,,,,,,,,,
ADA,0.277417156501121,0.0094854188372203,0.258826077201891,0.296008235800351,0.658281665905702,0.341718334094298,AAVE|BCH|BNB|BTC|DOGE|DOT|ETH|LINK|LTC|SNX|UNI|XLM|XRP,False,2006,2021-01-02,2026-06-30,HAC OLS on PC1 estimated from all other S2 assets,0.659800491589156,factor__ADA,common_factor,,,,,,,,,,,,,
BTC,0.282198019950115,0.0101048571301043,0.262392863906188,0.302003175994042,0.679537327268468,0.320462672731532,AAVE|ADA|BCH|BNB|DOGE|DOT|ETH|LINK|LTC|SNX|UNI|XLM|XRP,False,2006,2021-01-02,2026-06-30,HAC OLS on PC1 estimated from all other S2 assets,0.659800491589156,factor__BTC,common_factor,,,,,,,,,,,,,
LTC,0.285213516457459,0.0072987280086283,0.270908272427594,0.299518760487324,0.693087838295166,0.306912161704834,AAVE|ADA|BCH|BNB|BTC|DOGE|DOT|ETH|LINK|SNX|UNI|XLM|XRP,False,2006,2021-01-02,2026-06-30,HAC OLS on PC1 estimated from all other S2 assets,0.659800491589156,factor__LTC,common_factor,,,,,,,,,,,,,
DOT,0.290257381392431,0.0073112465802202,0.275927601413108,0.304587161371755,0.715989065848607,0.284010934151393,AAVE|ADA|BCH|BNB|BTC|DOGE|ETH|LINK|LTC|SNX|UNI|XLM|XRP,False,2006,2021-01-02,2026-06-30,HAC OLS on PC1 estimated from all other S2 assets,0.659800491589156,factor__DOT,common_factor,,,,,,,,,,,,,
LINK,0.293496325447816,0.0056669138867525,0.282389378326291,0.304603272569341,0.730845825389133,0.269154174610867,AAVE|ADA|BCH|BNB|BTC|DOGE|DOT|ETH|LTC|SNX|UNI|XLM|XRP,False,2006,2021-01-02,2026-06-30,HAC OLS on PC1 estimated from all other S2 assets,0.659800491589156,factor__LINK,common_factor,,,,,,,,,,,,,
ETH,0.303345801271074,0.0067080970538395,0.290198172640749,0.316493429901399,0.776735137012501,0.223264862987499,AAVE|ADA|BCH|BNB|BTC|DOGE|DOT|LINK|LTC|SNX|UNI|XLM|XRP,False,2006,2021-01-02,2026-06-30,HAC OLS on PC1 estimated from all other S2 assets,0.659800491589156,factor__ETH,common_factor,,,,,,,,,,,,,
,,,,,,,,,2006,2021-01-02,2026-06-30,,,tail__BTC__SNX,tail_dependence,BTC,SNX,0.05,0.02392821572721,0.0025,0.478564314544201,0.02142821572721,0.0144491530954838,0.0294042881578207,10,2000,True,SNX
,,,,,,,,,2006,2021-01-02,2026-06-30,,,tail__BTC__DOGE,tail_dependence,BTC,DOGE,0.05,0.0274177473038435,0.0025,0.54835494607687,0.0249177473038435,0.0169416759163141,0.033392321318388,10,2000,True,DOGE
,,,,,,,,,2006,2021-01-02,2026-06-30,,,tail__BTC__XRP,tail_dependence,BTC,XRP,0.05,0.0279162507504225,0.0025,0.55832501500845,0.0254162507504225,0.0179386846721172,0.0334047824144363,10,2000,True,XRP
,,,,,,,,,2006,2021-01-02,2026-06-30,,,tail__BTC__AAVE,tail_dependence,AAVE,BTC,0.05,0.0284147560596466,0.0025,0.568295121192932,0.0259147560596466,0.0179386846721172,0.0348878353834152,10,2000,True,AAVE
,,,,,,,,,2006,2021-01-02,2026-06-30,,,tail__BTC__XLM,tail_dependence,BTC,XLM,0.05,0.0284147560596466,0.0025,0.568295121192932,0.0259147560596466,0.0179386846721172,0.0344017930328846,10,2000,True,XLM
,,,,,,,,,2006,2021-01-02,2026-06-30,,,tail__BTC__UNI,tail_dependence,BTC,UNI,0.05,0.0289132595062256,0.0025,0.578265190124512,0.0264132595062256,0.0184371881186962,0.0353863388299942,10,2000,True,UNI
,,,,,,,,,2006,2021-01-02,2026-06-30,,,tail__BTC__DOT,tail_dependence,BTC,DOT,0.05,0.0304087735712528,0.0025,0.608175471425056,0.0279087735712528,0.0194341987371445,0.0378788635134697,10,2000,True,DOT
,,,,,,,,,2006,2021-01-02,2026-06-30,,,tail__BTC__BCH,tail_dependence,BCH,BTC,0.05,0.0304087735712528,0.0025,0.608175471425056,0.0279087735712528,0.0194341987371445,0.0378788635134697,10,2000,True,BCH
,,,,,,,,,2006,2021-01-02,2026-06-30,,,tail__BTC__BNB,tail_dependence,BNB,BTC,0.05,0.0314057841897011,0.0025,0.628115683794022,0.0289057841897011,0.0204312074929476,0.0383773669600487,10,2000,True,BNB
,,,,,,,,,2006,2021-01-02,2026-06-30,,,tail__BTC__ADA,tail_dependence,ADA,BTC,0.05,0.0319042876362801,0.0025,0.638085752725601,0.0294042876362801,0.0209297109395266,0.038389828056097,10,2000,True,ADA
,,,,,,,,,2006,2021-01-02,2026-06-30,,,tail__BTC__LINK,tail_dependence,BTC,LINK,0.05,0.0319042876362801,0.0025,0.638085752725601,0.0294042876362801,0.0209297109395266,0.0393743738532066,10,2000,True,LINK
,,,,,,,,,2006,2021-01-02,2026-06-30,,,tail__BTC__LTC,tail_dependence,BTC,LTC,0.05,0.032901294529438,0.0025,0.65802589058876,0.030401294529438,0.0219267196953297,0.0398728810250759,10,2000,True,LTC
,,,,,,,,,2006,2021-01-02,2026-06-30,,,tail__BTC__ETH,tail_dependence,BTC,ETH,0.05,0.0358923226594925,0.0025,0.71784645318985,0.0333923226594925,0.02441924251616,0.0438609160482883,10,2000,True,ETH
