date,timestamp_utc,Mean Coin Dollar Age
2020-12-31,2020-12-31T00:00:00Z,2481022.16670295
2021-01-01,2021-01-01T00:00:00Z,2479412.61512363
2021-01-02,2021-01-02T00:00:00Z,2469001.53387265
2021-01-03,2021-01-03T00:00:00Z,2464190.23303712
2021-01-04,2021-01-04T00:00:00Z,2461164.6554957
2021-01-05,2021-01-05T00:00:00Z,2459961.65099262
2021-01-06,2021-01-06T00:00:00Z,2458664.72355381
2021-01-07,2021-01-07T00:00:00Z,2450744.63389821
2021-01-08,2021-01-08T00:00:00Z,2445146.05916185
2021-01-09,2021-01-09T00:00:00Z,2443214.37886944
2021-01-10,2021-01-10T00:00:00Z,2445904.5717673
2021-01-11,2021-01-11T00:00:00Z,2444610.65947963
2021-01-12,2021-01-12T00:00:00Z,2447452.73471564
2021-01-13,2021-01-13T00:00:00Z,2452089.39479913
2021-01-14,2021-01-14T00:00:00Z,2455614.50381175
2021-01-15,2021-01-15T00:00:00Z,2457747.860288
2021-01-16,2021-01-16T00:00:00Z,2464471.53504137
2021-01-17,2021-01-17T00:00:00Z,2471326.43547002
2021-01-18,2021-01-18T00:00:00Z,2476574.15011591
2021-01-19,2021-01-19T00:00:00Z,2479457.44193824
2021-01-20,2021-01-20T00:00:00Z,2485595.99000873
2021-01-21,2021-01-21T00:00:00Z,2490989.23634928
2021-01-22,2021-01-22T00:00:00Z,2496739.95504052
2021-01-23,2021-01-23T00:00:00Z,2505070.5616944
2021-01-24,2021-01-24T00:00:00Z,2513746.85861547
2021-01-25,2021-01-25T00:00:00Z,2521493.39685444
2021-01-26,2021-01-26T00:00:00Z,2529231.47103029
2021-01-27,2021-01-27T00:00:00Z,2524516.6782823
2021-01-28,2021-01-28T00:00:00Z,2528333.30252919
2021-01-29,2021-01-29T00:00:00Z,2529411.42971443
2021-01-30,2021-01-30T00:00:00Z,2536110.84432124
2021-01-31,2021-01-31T00:00:00Z,2540932.76416214
2021-02-01,2021-02-01T00:00:00Z,2547569.11783471
2021-02-02,2021-02-02T00:00:00Z,2554220.89050135
2021-02-03,2021-02-03T00:00:00Z,2559847.26582455
2021-02-04,2021-02-04T00:00:00Z,2561883.12662893
2021-02-05,2021-02-05T00:00:00Z,2563170.01046465
2021-02-06,2021-02-06T00:00:00Z,2569952.7720335
2021-02-07,2021-02-07T00:00:00Z,2577131.27079736
2021-02-08,2021-02-08T00:00:00Z,2580259.09570752
2021-02-09,2021-02-09T00:00:00Z,2574182.76000088
2021-02-10,2021-02-10T00:00:00Z,2575778.05267268
2021-02-11,2021-02-11T00:00:00Z,2580939.3884853
2021-02-12,2021-02-12T00:00:00Z,2585272.1867234
2021-02-13,2021-02-13T00:00:00Z,2593942.40019386
2021-02-14,2021-02-14T00:00:00Z,2602298.65576814
2021-02-15,2021-02-15T00:00:00Z,2604918.52952626
2021-02-16,2021-02-16T00:00:00Z,2610587.08488273
2021-02-17,2021-02-17T00:00:00Z,2613554.93784276
2021-02-18,2021-02-18T00:00:00Z,2615998.3493765
2021-02-19,2021-02-19T00:00:00Z,2615649.08072717
2021-02-20,2021-02-20T00:00:00Z,2617356.04662581
2021-02-21,2021-02-21T00:00:00Z,2623614.44305403
2021-02-22,2021-02-22T00:00:00Z,2628763.64179623
2021-02-23,2021-02-23T00:00:00Z,2624059.95881102
2021-02-24,2021-02-24T00:00:00Z,2627019.86721123
2021-02-25,2021-02-25T00:00:00Z,2632161.54178231
2021-02-26,2021-02-26T00:00:00Z,2633826.99595998
2021-02-27,2021-02-27T00:00:00Z,2642134.62563707
2021-02-28,2021-02-28T00:00:00Z,2653184.24737538
2021-03-01,2021-03-01T00:00:00Z,2661283.05538501
2021-03-02,2021-03-02T00:00:00Z,2667863.23293966
2021-03-03,2021-03-03T00:00:00Z,2677464.0077627
2021-03-04,2021-03-04T00:00:00Z,2685775.37080046
2021-03-05,2021-03-05T00:00:00Z,2692478.3624515
2021-03-06,2021-03-06T00:00:00Z,2703970.26606709
2021-03-07,2021-03-07T00:00:00Z,2716097.27801006
2021-03-08,2021-03-08T00:00:00Z,2723117.94805233
2021-03-09,2021-03-09T00:00:00Z,2731706.23487774
2021-03-10,2021-03-10T00:00:00Z,2739717.55261563
2021-03-11,2021-03-11T00:00:00Z,2744231.42327491
2021-03-12,2021-03-12T00:00:00Z,2748214.61610656
2021-03-13,2021-03-13T00:00:00Z,2756897.01427066
2021-03-14,2021-03-14T00:00:00Z,2758956.15063645
2021-03-15,2021-03-15T00:00:00Z,2767856.74316915
2021-03-16,2021-03-16T00:00:00Z,2767818.25298716
2021-03-17,2021-03-17T00:00:00Z,2776419.65774846
2021-03-18,2021-03-18T00:00:00Z,2787427.21896145
2021-03-19,2021-03-19T00:00:00Z,2799757.83281858
2021-03-20,2021-03-20T00:00:00Z,2807676.27299661
2021-03-21,2021-03-21T00:00:00Z,2817812.5962547
2021-03-22,2021-03-22T00:00:00Z,2826321.59816145
2021-03-23,2021-03-23T00:00:00Z,2829339.35010349
2021-03-24,2021-03-24T00:00:00Z,2836492.50311361
2021-03-25,2021-03-25T00:00:00Z,2840362.73649189
2021-03-26,2021-03-26T00:00:00Z,2849275.346239
2021-03-27,2021-03-27T00:00:00Z,2857016.49962057
2021-03-28,2021-03-28T00:00:00Z,2869643.28408465
2021-03-29,2021-03-29T00:00:00Z,2880132.73607161
2021-03-30,2021-03-30T00:00:00Z,2889796.63777687
2021-03-31,2021-03-31T00:00:00Z,2898316.33843877
2021-04-01,2021-04-01T00:00:00Z,2896402.75730768
2021-04-02,2021-04-02T00:00:00Z,2904641.26110979
2021-04-03,2021-04-03T00:00:00Z,2919047.29545695
2021-04-04,2021-04-04T00:00:00Z,2932082.6800831
2021-04-05,2021-04-05T00:00:00Z,2944026.14483006
2021-04-06,2021-04-06T00:00:00Z,2935798.88123925
2021-04-07,2021-04-07T00:00:00Z,2946812.41734305
2021-04-08,2021-04-08T00:00:00Z,2957133.72128858
2021-04-09,2021-04-09T00:00:00Z,2969388.40792271
2021-04-10,2021-04-10T00:00:00Z,2980904.32070144
2021-04-11,2021-04-11T00:00:00Z,2992879.30775055
2021-04-12,2021-04-12T00:00:00Z,2998016.76869983
2021-04-13,2021-04-13T00:00:00Z,3003767.9260727
2021-04-14,2021-04-14T00:00:00Z,3009463.69568912
2021-04-15,2021-04-15T00:00:00Z,3016987.87288053
2021-04-16,2021-04-16T00:00:00Z,3028414.64500046
2021-04-17,2021-04-17T00:00:00Z,3040747.15996615
2021-04-18,2021-04-18T00:00:00Z,3037181.58904838
2021-04-19,2021-04-19T00:00:00Z,3050872.47644988
2021-04-20,2021-04-20T00:00:00Z,3056490.47101253
2021-04-21,2021-04-21T00:00:00Z,3070098.72357328
2021-04-22,2021-04-22T00:00:00Z,3076499.62889054
2021-04-23,2021-04-23T00:00:00Z,3083628.64971735
2021-04-24,2021-04-24T00:00:00Z,3092345.82594745
2021-04-25,2021-04-25T00:00:00Z,3102559.10762964
2021-04-26,2021-04-26T00:00:00Z,3113517.15214446
2021-04-27,2021-04-27T00:00:00Z,3118173.62253634
2021-04-28,2021-04-28T00:00:00Z,3130555.28510946
2021-04-29,2021-04-29T00:00:00Z,3132042.15424664
2021-04-30,2021-04-30T00:00:00Z,3142037.86061143
2021-05-01,2021-05-01T00:00:00Z,3157112.22451164
2021-05-02,2021-05-02T00:00:00Z,3171463.90884532
2021-05-03,2021-05-03T00:00:00Z,3182646.17937993
2021-05-04,2021-05-04T00:00:00Z,3193373.57580282
2021-05-05,2021-05-05T00:00:00Z,3201829.91748537
2021-05-06,2021-05-06T00:00:00Z,3211281.92286533
2021-05-07,2021-05-07T00:00:00Z,3206681.4094971
2021-05-08,2021-05-08T00:00:00Z,3218388.60978237
2021-05-09,2021-05-09T00:00:00Z,3229300.64031939
2021-05-10,2021-05-10T00:00:00Z,3238068.52390199
2021-05-11,2021-05-11T00:00:00Z,3246025.47172176
2021-05-12,2021-05-12T00:00:00Z,3247985.33088476
2021-05-13,2021-05-13T00:00:00Z,3252369.26112543
2021-05-14,2021-05-14T00:00:00Z,3261623.09724715
2021-05-15,2021-05-15T00:00:00Z,3276557.85320267
2021-05-16,2021-05-16T00:00:00Z,3286515.52895496
2021-05-17,2021-05-17T00:00:00Z,3295744.41703922
2021-05-18,2021-05-18T00:00:00Z,3306617.49719507
2021-05-19,2021-05-19T00:00:00Z,3297997.14781011
2021-05-20,2021-05-20T00:00:00Z,3286773.37369271
2021-05-21,2021-05-21T00:00:00Z,3296879.37900377
2021-05-22,2021-05-22T00:00:00Z,3310646.96107514
2021-05-23,2021-05-23T00:00:00Z,3320834.59754206
2021-05-24,2021-05-24T00:00:00Z,3320760.42655658
2021-05-25,2021-05-25T00:00:00Z,3327530.05739116
2021-05-26,2021-05-26T00:00:00Z,3337138.87354018
2021-05-27,2021-05-27T00:00:00Z,3349526.64063532
2021-05-28,2021-05-28T00:00:00Z,3364768.12008888
2021-05-29,2021-05-29T00:00:00Z,3381429.09953317
2021-05-30,2021-05-30T00:00:00Z,3396537.72229318
2021-05-31,2021-05-31T00:00:00Z,3412069.49884988
2021-06-01,2021-06-01T00:00:00Z,3418614.80268623
2021-06-02,2021-06-02T00:00:00Z,3431066.43428749
2021-06-03,2021-06-03T00:00:00Z,3436141.11081855
2021-06-04,2021-06-04T00:00:00Z,3449110.98826126
2021-06-05,2021-06-05T00:00:00Z,3464572.87869094
2021-06-06,2021-06-06T00:00:00Z,3479099.41745501
2021-06-07,2021-06-07T00:00:00Z,3490872.1799179
2021-06-08,2021-06-08T00:00:00Z,3500282.16860102
2021-06-09,2021-06-09T00:00:00Z,3512799.12583143
2021-06-10,2021-06-10T00:00:00Z,3521630.62933121
2021-06-11,2021-06-11T00:00:00Z,3532168.99812178
2021-06-12,2021-06-12T00:00:00Z,3548780.12364354
2021-06-13,2021-06-13T00:00:00Z,3565241.3719019
2021-06-14,2021-06-14T00:00:00Z,3575796.94221446
2021-06-15,2021-06-15T00:00:00Z,3586698.85688342
2021-06-16,2021-06-16T00:00:00Z,3601518.20739202
2021-06-17,2021-06-17T00:00:00Z,3614305.37146624
2021-06-18,2021-06-18T00:00:00Z,3628358.19177412
2021-06-19,2021-06-19T00:00:00Z,3645986.10011091
2021-06-20,2021-06-20T00:00:00Z,3663133.46643519
2021-06-21,2021-06-21T00:00:00Z,3675403.99919884
2021-06-22,2021-06-22T00:00:00Z,3687925.72026237
2021-06-23,2021-06-23T00:00:00Z,3698493.29715502
2021-06-24,2021-06-24T00:00:00Z,3709912.82486639
2021-06-25,2021-06-25T00:00:00Z,3688969.69248948
2021-06-26,2021-06-26T00:00:00Z,3704959.95768668
2021-06-27,2021-06-27T00:00:00Z,3720150.43581655
2021-06-28,2021-06-28T00:00:00Z,3733879.45329032
2021-06-29,2021-06-29T00:00:00Z,3747605.49378255
2021-06-30,2021-06-30T00:00:00Z,3759305.71743647
2021-07-01,2021-07-01T00:00:00Z,3772454.40896976
2021-07-02,2021-07-02T00:00:00Z,3774062.03495511
2021-07-03,2021-07-03T00:00:00Z,3791101.2988034
2021-07-04,2021-07-04T00:00:00Z,3806821.10315399
2021-07-05,2021-07-05T00:00:00Z,3822847.93112959
2021-07-06,2021-07-06T00:00:00Z,3837906.2973949
2021-07-07,2021-07-07T00:00:00Z,3851609.04077959
2021-07-08,2021-07-08T00:00:00Z,3864704.91692802
2021-07-09,2021-07-09T00:00:00Z,3878321.16037665
2021-07-10,2021-07-10T00:00:00Z,3895501.74789725
2021-07-11,2021-07-11T00:00:00Z,3911540.01565831
2021-07-12,2021-07-12T00:00:00Z,3921811.08905706
2021-07-13,2021-07-13T00:00:00Z,3935889.92310949
2021-07-14,2021-07-14T00:00:00Z,3947902.04391504
2021-07-15,2021-07-15T00:00:00Z,3959899.76286089
2021-07-16,2021-07-16T00:00:00Z,3970674.84263779
2021-07-17,2021-07-17T00:00:00Z,3980145.53557832
2021-07-18,2021-07-18T00:00:00Z,3994816.28611527
2021-07-19,2021-07-19T00:00:00Z,4008577.29447018
2021-07-20,2021-07-20T00:00:00Z,4020236.80660252
2021-07-21,2021-07-21T00:00:00Z,4032936.80421192
2021-07-22,2021-07-22T00:00:00Z,4046425.19211287
2021-07-23,2021-07-23T00:00:00Z,4052636.83698821
2021-07-24,2021-07-24T00:00:00Z,4069433.33406522
2021-07-25,2021-07-25T00:00:00Z,4084156.46143753
2021-07-26,2021-07-26T00:00:00Z,4078745.17938304
2021-07-27,2021-07-27T00:00:00Z,4080580.70128984
2021-07-28,2021-07-28T00:00:00Z,4082355.09620241
2021-07-29,2021-07-29T00:00:00Z,4055754.761147
2021-07-30,2021-07-30T00:00:00Z,4068077.0009898
2021-07-31,2021-07-31T00:00:00Z,4083246.28008516
2021-08-01,2021-08-01T00:00:00Z,4099499.58915043
2021-08-02,2021-08-02T00:00:00Z,4114685.14625804
2021-08-03,2021-08-03T00:00:00Z,4128726.58604908
2021-08-04,2021-08-04T00:00:00Z,4144362.13280424
2021-08-05,2021-08-05T00:00:00Z,4159179.9586772
2021-08-06,2021-08-06T00:00:00Z,4170187.75207618
2021-08-07,2021-08-07T00:00:00Z,4186766.12316376
2021-08-08,2021-08-08T00:00:00Z,4196336.45282843
2021-08-09,2021-08-09T00:00:00Z,4207176.83704281
2021-08-10,2021-08-10T00:00:00Z,4221312.63560627
2021-08-11,2021-08-11T00:00:00Z,4235667.7167377
2021-08-12,2021-08-12T00:00:00Z,4250084.29220979
2021-08-13,2021-08-13T00:00:00Z,4264992.47207071
2021-08-14,2021-08-14T00:00:00Z,4278206.02788193
2021-08-15,2021-08-15T00:00:00Z,4295913.82761011
2021-08-16,2021-08-16T00:00:00Z,4309529.77255319
2021-08-17,2021-08-17T00:00:00Z,4322972.15816251
2021-08-18,2021-08-18T00:00:00Z,4336164.05208552
2021-08-19,2021-08-19T00:00:00Z,4350998.33905494
2021-08-20,2021-08-20T00:00:00Z,4364806.75975228
2021-08-21,2021-08-21T00:00:00Z,4380412.53301369
2021-08-22,2021-08-22T00:00:00Z,4396802.51615094
2021-08-23,2021-08-23T00:00:00Z,4404241.63982159
2021-08-24,2021-08-24T00:00:00Z,4419479.63824102
2021-08-25,2021-08-25T00:00:00Z,4425929.19124775
2021-08-26,2021-08-26T00:00:00Z,4430855.02638901
2021-08-27,2021-08-27T00:00:00Z,4446044.97276604
2021-08-28,2021-08-28T00:00:00Z,4463085.27243111
2021-08-29,2021-08-29T00:00:00Z,4480373.07043143
2021-08-30,2021-08-30T00:00:00Z,4491367.66910158
2021-08-31,2021-08-31T00:00:00Z,4501903.5564765
2021-09-01,2021-09-01T00:00:00Z,4512244.8825805
2021-09-02,2021-09-02T00:00:00Z,4523972.18993395
2021-09-03,2021-09-03T00:00:00Z,4538800.45074965
2021-09-04,2021-09-04T00:00:00Z,4554830.0713817
2021-09-05,2021-09-05T00:00:00Z,4572883.93486066
2021-09-06,2021-09-06T00:00:00Z,4586218.78985289
2021-09-07,2021-09-07T00:00:00Z,4596298.81536175
2021-09-08,2021-09-08T00:00:00Z,4608801.83277976
2021-09-09,2021-09-09T00:00:00Z,4611721.68561378
2021-09-10,2021-09-10T00:00:00Z,4626081.24252026
2021-09-11,2021-09-11T00:00:00Z,4642241.88479044
2021-09-12,2021-09-12T00:00:00Z,4660201.47024281
2021-09-13,2021-09-13T00:00:00Z,4676446.28949198
2021-09-14,2021-09-14T00:00:00Z,4687730.04262399
2021-09-15,2021-09-15T00:00:00Z,4699698.80482819
2021-09-16,2021-09-16T00:00:00Z,4708813.76799602
2021-09-17,2021-09-17T00:00:00Z,4722340.04843247
2021-09-18,2021-09-18T00:00:00Z,4739018.46834609
2021-09-19,2021-09-19T00:00:00Z,4757108.00008531
2021-09-20,2021-09-20T00:00:00Z,4770118.98440183
2021-09-21,2021-09-21T00:00:00Z,4785627.1733286
2021-09-22,2021-09-22T00:00:00Z,4800389.0885028
2021-09-23,2021-09-23T00:00:00Z,4814985.84042293
2021-09-24,2021-09-24T00:00:00Z,4830711.94264616
2021-09-25,2021-09-25T00:00:00Z,4848922.32429348
2021-09-26,2021-09-26T00:00:00Z,4827607.85122355
2021-09-27,2021-09-27T00:00:00Z,4839433.20057169
2021-09-28,2021-09-28T00:00:00Z,4850855.26439848
2021-09-29,2021-09-29T00:00:00Z,4865401.99680968
2021-09-30,2021-09-30T00:00:00Z,4870254.14521755
2021-10-01,2021-10-01T00:00:00Z,4884831.01685541
2021-10-02,2021-10-02T00:00:00Z,4900372.50140696
2021-10-03,2021-10-03T00:00:00Z,4917856.02554563
2021-10-04,2021-10-04T00:00:00Z,4928081.54878249
2021-10-05,2021-10-05T00:00:00Z,4937236.31529936
2021-10-06,2021-10-06T00:00:00Z,4942452.73779566
2021-10-07,2021-10-07T00:00:00Z,4950042.90752822
2021-10-08,2021-10-08T00:00:00Z,4963437.59476684
2021-10-09,2021-10-09T00:00:00Z,4980131.12023593
2021-10-10,2021-10-10T00:00:00Z,4994564.74682208
2021-10-11,2021-10-11T00:00:00Z,5007942.3124559
2021-10-12,2021-10-12T00:00:00Z,5015176.01437792
2021-10-13,2021-10-13T00:00:00Z,5027461.24801206
2021-10-14,2021-10-14T00:00:00Z,5038035.16340941
2021-10-15,2021-10-15T00:00:00Z,5046290.40359412
2021-10-16,2021-10-16T00:00:00Z,5056940.66234414
2021-10-17,2021-10-17T00:00:00Z,5073755.17608806
2021-10-18,2021-10-18T00:00:00Z,5082716.41397291
2021-10-19,2021-10-19T00:00:00Z,5084057.90223016
2021-10-20,2021-10-20T00:00:00Z,5085020.79073445
2021-10-21,2021-10-21T00:00:00Z,5091401.1243049
2021-10-22,2021-10-22T00:00:00Z,5082289.22156687
2021-10-23,2021-10-23T00:00:00Z,5100166.86932187
2021-10-24,2021-10-24T00:00:00Z,5081539.57186745
2021-10-25,2021-10-25T00:00:00Z,5081743.36533611
2021-10-26,2021-10-26T00:00:00Z,5092196.17836194
2021-10-27,2021-10-27T00:00:00Z,5105919.48700109
2021-10-28,2021-10-28T00:00:00Z,5117661.54160673
2021-10-29,2021-10-29T00:00:00Z,5130064.26096032
2021-10-30,2021-10-30T00:00:00Z,5148157.2976707
2021-10-31,2021-10-31T00:00:00Z,5160790.60084306
2021-11-01,2021-11-01T00:00:00Z,5166505.96290544
2021-11-02,2021-11-02T00:00:00Z,5164384.71517058
2021-11-03,2021-11-03T00:00:00Z,5158456.10979075
2021-11-04,2021-11-04T00:00:00Z,5174450.15367298
2021-11-05,2021-11-05T00:00:00Z,5184261.50298746
2021-11-06,2021-11-06T00:00:00Z,5198624.76342213
2021-11-07,2021-11-07T00:00:00Z,5218241.63224885
2021-11-08,2021-11-08T00:00:00Z,5226020.81055002
2021-11-09,2021-11-09T00:00:00Z,5233989.62372648
2021-11-10,2021-11-10T00:00:00Z,5245916.50106463
2021-11-11,2021-11-11T00:00:00Z,5257557.8740545
2021-11-12,2021-11-12T00:00:00Z,5231314.60203787
2021-11-13,2021-11-13T00:00:00Z,5251435.86356359
2021-11-14,2021-11-14T00:00:00Z,5271882.35460401
2021-11-15,2021-11-15T00:00:00Z,5280552.04808986
2021-11-16,2021-11-16T00:00:00Z,5280712.34185612
2021-11-17,2021-11-17T00:00:00Z,5292030.89780312
2021-11-18,2021-11-18T00:00:00Z,5304236.95045863
2021-11-19,2021-11-19T00:00:00Z,5318723.17277915
2021-11-20,2021-11-20T00:00:00Z,5338979.98872987
2021-11-21,2021-11-21T00:00:00Z,5359005.87813448
2021-11-22,2021-11-22T00:00:00Z,5366425.60771239
2021-11-23,2021-11-23T00:00:00Z,5379919.39058238
2021-11-24,2021-11-24T00:00:00Z,5392806.65441224
2021-11-25,2021-11-25T00:00:00Z,5367783.00068516
2021-11-26,2021-11-26T00:00:00Z,5374735.07630195
2021-11-27,2021-11-27T00:00:00Z,5393798.90222645
2021-11-28,2021-11-28T00:00:00Z,5409089.67731759
2021-11-29,2021-11-29T00:00:00Z,5419831.82012778
2021-11-30,2021-11-30T00:00:00Z,5429051.9710583
2021-12-01,2021-12-01T00:00:00Z,5440569.84710759
2021-12-02,2021-12-02T00:00:00Z,5454823.62915711
2021-12-03,2021-12-03T00:00:00Z,5465714.95682787
2021-12-04,2021-12-04T00:00:00Z,5476730.80420341
2021-12-05,2021-12-05T00:00:00Z,5491998.4823514
2021-12-06,2021-12-06T00:00:00Z,5501559.6599532
2021-12-07,2021-12-07T00:00:00Z,5501742.46509512
2021-12-08,2021-12-08T00:00:00Z,5516469.57821122
2021-12-09,2021-12-09T00:00:00Z,5521951.26148808
2021-12-10,2021-12-10T00:00:00Z,5534594.46664105
2021-12-11,2021-12-11T00:00:00Z,5552586.91283421
2021-12-12,2021-12-12T00:00:00Z,5573337.02495059
2021-12-13,2021-12-13T00:00:00Z,5582512.43016604
2021-12-14,2021-12-14T00:00:00Z,5588707.82204461
2021-12-15,2021-12-15T00:00:00Z,5601252.77720959
2021-12-16,2021-12-16T00:00:00Z,5610864.29843302
2021-12-17,2021-12-17T00:00:00Z,5627797.65168358
2021-12-18,2021-12-18T00:00:00Z,5646111.21339452
2021-12-19,2021-12-19T00:00:00Z,5667221.84093471
2021-12-20,2021-12-20T00:00:00Z,5677867.16846223
2021-12-21,2021-12-21T00:00:00Z,5692944.34419493
2021-12-22,2021-12-22T00:00:00Z,5705028.91133596
2021-12-23,2021-12-23T00:00:00Z,5709311.90549841
2021-12-24,2021-12-24T00:00:00Z,5727580.21638682
2021-12-25,2021-12-25T00:00:00Z,5740326.61366602
2021-12-26,2021-12-26T00:00:00Z,5754273.17736479
2021-12-27,2021-12-27T00:00:00Z,5771399.46915337
2021-12-28,2021-12-28T00:00:00Z,5786413.8774374
2021-12-29,2021-12-29T00:00:00Z,5802094.71573573
2021-12-30,2021-12-30T00:00:00Z,5802734.87004547
2021-12-31,2021-12-31T00:00:00Z,5809109.52008445
2022-01-01,2022-01-01T00:00:00Z,5829447.42775271
2022-01-02,2022-01-02T00:00:00Z,5850549.23275963
2022-01-03,2022-01-03T00:00:00Z,5863016.14079849
2022-01-04,2022-01-04T00:00:00Z,5872019.57127245
2022-01-05,2022-01-05T00:00:00Z,5886192.62088124
2022-01-06,2022-01-06T00:00:00Z,5892789.8224756
2022-01-07,2022-01-07T00:00:00Z,5904154.77707247
2022-01-08,2022-01-08T00:00:00Z,5923722.86714445
2022-01-09,2022-01-09T00:00:00Z,5943209.89284536
2022-01-10,2022-01-10T00:00:00Z,5958576.76732746
2022-01-11,2022-01-11T00:00:00Z,5975606.40429245
2022-01-12,2022-01-12T00:00:00Z,5989894.15902117
2022-01-13,2022-01-13T00:00:00Z,6008689.60933938
2022-01-14,2022-01-14T00:00:00Z,6026192.76256032
2022-01-15,2022-01-15T00:00:00Z,6047018.18568424
2022-01-16,2022-01-16T00:00:00Z,6067791.7923527
2022-01-17,2022-01-17T00:00:00Z,6083399.41147554
2022-01-18,2022-01-18T00:00:00Z,6098338.396837
2022-01-19,2022-01-19T00:00:00Z,6104424.1428056
2022-01-20,2022-01-20T00:00:00Z,6117993.72498935
2022-01-21,2022-01-21T00:00:00Z,6122917.84832477
2022-01-22,2022-01-22T00:00:00Z,6134613.03790929
2022-01-23,2022-01-23T00:00:00Z,6149895.4306382
2022-01-24,2022-01-24T00:00:00Z,6161026.21361269
2022-01-25,2022-01-25T00:00:00Z,6174112.39718002
2022-01-26,2022-01-26T00:00:00Z,6191617.76047259
2022-01-27,2022-01-27T00:00:00Z,6200735.68732552
2022-01-28,2022-01-28T00:00:00Z,6214212.59889907
2022-01-29,2022-01-29T00:00:00Z,6224430.4278501
2022-01-30,2022-01-30T00:00:00Z,6239335.75350173
2022-01-31,2022-01-31T00:00:00Z,6256387.46679759
2022-02-01,2022-02-01T00:00:00Z,6254143.35838894
2022-02-02,2022-02-02T00:00:00Z,6272632.88932616
2022-02-03,2022-02-03T00:00:00Z,6284739.17434387
2022-02-04,2022-02-04T00:00:00Z,6303203.81460216
2022-02-05,2022-02-05T00:00:00Z,6321152.15465662
2022-02-06,2022-02-06T00:00:00Z,6337373.46492182
2022-02-07,2022-02-07T00:00:00Z,6348473.55016318
2022-02-08,2022-02-08T00:00:00Z,6360512.84616841
2022-02-09,2022-02-09T00:00:00Z,6375656.32484869
2022-02-10,2022-02-10T00:00:00Z,6385466.97916139
2022-02-11,2022-02-11T00:00:00Z,6396722.43528461
2022-02-12,2022-02-12T00:00:00Z,6415444.24341969
2022-02-13,2022-02-13T00:00:00Z,6435667.26867595
2022-02-14,2022-02-14T00:00:00Z,6453219.91997873
2022-02-15,2022-02-15T00:00:00Z,6468903.90083245
2022-02-16,2022-02-16T00:00:00Z,6488567.93150913
2022-02-17,2022-02-17T00:00:00Z,6503006.67272716
2022-02-18,2022-02-18T00:00:00Z,6520372.60972942
2022-02-19,2022-02-19T00:00:00Z,6540678.80755027
2022-02-20,2022-02-20T00:00:00Z,6560710.15637906
2022-02-21,2022-02-21T00:00:00Z,6575401.04054088
2022-02-22,2022-02-22T00:00:00Z,6592059.95533346
2022-02-23,2022-02-23T00:00:00Z,6606808.66231927
2022-02-24,2022-02-24T00:00:00Z,6622459.60434401
2022-02-25,2022-02-25T00:00:00Z,6630238.66260871
2022-02-26,2022-02-26T00:00:00Z,6646786.72789303
2022-02-27,2022-02-27T00:00:00Z,6662816.77720681
2022-02-28,2022-02-28T00:00:00Z,6588098.57825974
2022-03-01,2022-03-01T00:00:00Z,6595529.49820709
2022-03-02,2022-03-02T00:00:00Z,6607192.67537724
2022-03-03,2022-03-03T00:00:00Z,6616475.21388601
2022-03-04,2022-03-04T00:00:00Z,6628103.26658338
2022-03-05,2022-03-05T00:00:00Z,6649235.88611229
2022-03-06,2022-03-06T00:00:00Z,6669390.33454425
2022-03-07,2022-03-07T00:00:00Z,6683698.92944868
2022-03-08,2022-03-08T00:00:00Z,6693559.8940357
2022-03-09,2022-03-09T00:00:00Z,6695635.22253873
2022-03-10,2022-03-10T00:00:00Z,6713103.20505765
2022-03-11,2022-03-11T00:00:00Z,6716034.83726796
2022-03-12,2022-03-12T00:00:00Z,6732431.29699375
2022-03-13,2022-03-13T00:00:00Z,6752025.71771846
2022-03-14,2022-03-14T00:00:00Z,6769108.81356733
2022-03-15,2022-03-15T00:00:00Z,6782882.53410168
2022-03-16,2022-03-16T00:00:00Z,6790070.0545201
2022-03-17,2022-03-17T00:00:00Z,6775800.44502427
2022-03-18,2022-03-18T00:00:00Z,6794281.92972398
2022-03-19,2022-03-19T00:00:00Z,6813051.31006976
2022-03-20,2022-03-20T00:00:00Z,6832658.91798197
2022-03-21,2022-03-21T00:00:00Z,6845798.01773505
2022-03-22,2022-03-22T00:00:00Z,6861715.2960118
2022-03-23,2022-03-23T00:00:00Z,6877333.7696341
2022-03-24,2022-03-24T00:00:00Z,6890937.28647954
2022-03-25,2022-03-25T00:00:00Z,6886634.48387269
2022-03-26,2022-03-26T00:00:00Z,6904288.02414821
2022-03-27,2022-03-27T00:00:00Z,6924409.41688692
2022-03-28,2022-03-28T00:00:00Z,6931207.55185047
2022-03-29,2022-03-29T00:00:00Z,6944186.22853222
2022-03-30,2022-03-30T00:00:00Z,6959885.8550273
2022-03-31,2022-03-31T00:00:00Z,6969609.70911291
2022-04-01,2022-04-01T00:00:00Z,6982963.44075747
2022-04-02,2022-04-02T00:00:00Z,7001882.97836436
2022-04-03,2022-04-03T00:00:00Z,7020660.72961574
2022-04-04,2022-04-04T00:00:00Z,7021885.6006078
2022-04-05,2022-04-05T00:00:00Z,7034902.03133506
2022-04-06,2022-04-06T00:00:00Z,7047041.69227873
2022-04-07,2022-04-07T00:00:00Z,7064994.0903855
2022-04-08,2022-04-08T00:00:00Z,7081679.2133407
2022-04-09,2022-04-09T00:00:00Z,7102503.56550759
2022-04-10,2022-04-10T00:00:00Z,7123798.93632456
2022-04-11,2022-04-11T00:00:00Z,7139907.32338665
2022-04-12,2022-04-12T00:00:00Z,7138640.95442444
2022-04-13,2022-04-13T00:00:00Z,7149967.83284645
2022-04-14,2022-04-14T00:00:00Z,7154850.90536409
2022-04-15,2022-04-15T00:00:00Z,7174394.19175539
2022-04-16,2022-04-16T00:00:00Z,7195397.25812411
2022-04-17,2022-04-17T00:00:00Z,7217521.38866167
2022-04-18,2022-04-18T00:00:00Z,7235409.18996543
2022-04-19,2022-04-19T00:00:00Z,7248831.60237033
2022-04-20,2022-04-20T00:00:00Z,7263919.35856656
2022-04-21,2022-04-21T00:00:00Z,7258897.5422117
2022-04-22,2022-04-22T00:00:00Z,7270038.08564822
2022-04-23,2022-04-23T00:00:00Z,7289651.67489865
2022-04-24,2022-04-24T00:00:00Z,7310605.15327054
2022-04-25,2022-04-25T00:00:00Z,7326227.61189802
2022-04-26,2022-04-26T00:00:00Z,7339221.75498076
2022-04-27,2022-04-27T00:00:00Z,7356229.2777733
2022-04-28,2022-04-28T00:00:00Z,7368623.91809067
2022-04-29,2022-04-29T00:00:00Z,7376836.32317216
2022-04-30,2022-04-30T00:00:00Z,7394354.08443724
2022-05-01,2022-05-01T00:00:00Z,7412749.89504285
2022-05-02,2022-05-02T00:00:00Z,7401278.17701679
2022-05-03,2022-05-03T00:00:00Z,7397373.09674481
2022-05-04,2022-05-04T00:00:00Z,7406930.8586389
2022-05-05,2022-05-05T00:00:00Z,7420175.30962581
2022-05-06,2022-05-06T00:00:00Z,7428408.43805502
2022-05-07,2022-05-07T00:00:00Z,7448406.59456681
2022-05-08,2022-05-08T00:00:00Z,7464053.98729753
2022-05-09,2022-05-09T00:00:00Z,7458445.73934237
2022-05-10,2022-05-10T00:00:00Z,7463545.03441039
2022-05-11,2022-05-11T00:00:00Z,7444737.59724214
2022-05-12,2022-05-12T00:00:00Z,7447758.07532112
2022-05-13,2022-05-13T00:00:00Z,7444719.31579546
2022-05-14,2022-05-14T00:00:00Z,7450222.2530249
2022-05-15,2022-05-15T00:00:00Z,7468897.09882182
2022-05-16,2022-05-16T00:00:00Z,7479856.2678008
2022-05-17,2022-05-17T00:00:00Z,7484840.87853604
2022-05-18,2022-05-18T00:00:00Z,7500088.06518265
2022-05-19,2022-05-19T00:00:00Z,7491267.15206646
2022-05-20,2022-05-20T00:00:00Z,7501320.23001079
2022-05-21,2022-05-21T00:00:00Z,7519378.23551833
2022-05-22,2022-05-22T00:00:00Z,7540099.10792576
2022-05-23,2022-05-23T00:00:00Z,7552859.15735211
2022-05-24,2022-05-24T00:00:00Z,7565911.39046846
2022-05-25,2022-05-25T00:00:00Z,7579628.75939171
2022-05-26,2022-05-26T00:00:00Z,7593529.15142733
2022-05-27,2022-05-27T00:00:00Z,7600819.37774676
2022-05-28,2022-05-28T00:00:00Z,7621703.28290475
2022-05-29,2022-05-29T00:00:00Z,7640219.53163455
2022-05-30,2022-05-30T00:00:00Z,7656762.04454071
2022-05-31,2022-05-31T00:00:00Z,7664051.75513276
2022-06-01,2022-06-01T00:00:00Z,7670047.18796458
2022-06-02,2022-06-02T00:00:00Z,7641823.22215882
2022-06-03,2022-06-03T00:00:00Z,7647196.5855679
2022-06-04,2022-06-04T00:00:00Z,7654526.08375337
2022-06-05,2022-06-05T00:00:00Z,7674169.10482609
2022-06-06,2022-06-06T00:00:00Z,7687639.38147489
2022-06-07,2022-06-07T00:00:00Z,7682687.18595701
2022-06-08,2022-06-08T00:00:00Z,7695716.67865475
2022-06-09,2022-06-09T00:00:00Z,7701812.97439296
2022-06-10,2022-06-10T00:00:00Z,7710385.5829767
2022-06-11,2022-06-11T00:00:00Z,7714293.15302633
2022-06-12,2022-06-12T00:00:00Z,7727106.57470469
2022-06-13,2022-06-13T00:00:00Z,7709402.52150703
2022-06-14,2022-06-14T00:00:00Z,7694990.25912082
2022-06-15,2022-06-15T00:00:00Z,7676164.33873612
2022-06-16,2022-06-16T00:00:00Z,7681097.91749302
2022-06-17,2022-06-17T00:00:00Z,7652634.36922047
2022-06-18,2022-06-18T00:00:00Z,7653685.97708908
2022-06-19,2022-06-19T00:00:00Z,7669993.06049606
2022-06-20,2022-06-20T00:00:00Z,7685021.08430936
2022-06-21,2022-06-21T00:00:00Z,7686456.16228964
2022-06-22,2022-06-22T00:00:00Z,7697154.07540135
2022-06-23,2022-06-23T00:00:00Z,7712084.94509351
2022-06-24,2022-06-24T00:00:00Z,7721046.38463235
2022-06-25,2022-06-25T00:00:00Z,7737629.90063316
2022-06-26,2022-06-26T00:00:00Z,7757894.47870969
2022-06-27,2022-06-27T00:00:00Z,7771074.79468576
2022-06-28,2022-06-28T00:00:00Z,7782557.16244063
2022-06-29,2022-06-29T00:00:00Z,7796185.32060163
2022-06-30,2022-06-30T00:00:00Z,7792084.80288068
2022-07-01,2022-07-01T00:00:00Z,7802190.6747157
2022-07-02,2022-07-02T00:00:00Z,7819970.37110461
2022-07-03,2022-07-03T00:00:00Z,7830951.48303864
2022-07-04,2022-07-04T00:00:00Z,7849327.03492621
2022-07-05,2022-07-05T00:00:00Z,7866756.09891912
2022-07-06,2022-07-06T00:00:00Z,7871765.38899876
2022-07-07,2022-07-07T00:00:00Z,7886962.11156045
2022-07-08,2022-07-08T00:00:00Z,7901218.73806474
2022-07-09,2022-07-09T00:00:00Z,7917196.26222715
2022-07-10,2022-07-10T00:00:00Z,7935621.90215499
2022-07-11,2022-07-11T00:00:00Z,7914210.84569594
2022-07-12,2022-07-12T00:00:00Z,7930477.25791165
2022-07-13,2022-07-13T00:00:00Z,7948710.29378197
2022-07-14,2022-07-14T00:00:00Z,7958370.21057413
2022-07-15,2022-07-15T00:00:00Z,7949012.0883489
2022-07-16,2022-07-16T00:00:00Z,7968232.62259987
2022-07-17,2022-07-17T00:00:00Z,7987876.75185777
2022-07-18,2022-07-18T00:00:00Z,8000985.78196675
2022-07-19,2022-07-19T00:00:00Z,7969533.36564901
2022-07-20,2022-07-20T00:00:00Z,7983985.48250633
2022-07-21,2022-07-21T00:00:00Z,7958123.47251092
2022-07-22,2022-07-22T00:00:00Z,7956996.00859989
2022-07-23,2022-07-23T00:00:00Z,7970909.65478744
2022-07-24,2022-07-24T00:00:00Z,7987847.88067933
2022-07-25,2022-07-25T00:00:00Z,7997652.02965011
2022-07-26,2022-07-26T00:00:00Z,8013559.2053616
2022-07-27,2022-07-27T00:00:00Z,8031368.47648344
2022-07-28,2022-07-28T00:00:00Z,8047524.68971278
2022-07-29,2022-07-29T00:00:00Z,8061708.09333808
2022-07-30,2022-07-30T00:00:00Z,8080997.44607734
2022-07-31,2022-07-31T00:00:00Z,8095000.60794388
2022-08-01,2022-08-01T00:00:00Z,8111826.35092203
2022-08-02,2022-08-02T00:00:00Z,8125943.71876277
2022-08-03,2022-08-03T00:00:00Z,8141961.03052361
2022-08-04,2022-08-04T00:00:00Z,8148765.64469088
2022-08-05,2022-08-05T00:00:00Z,8165577.90790037
2022-08-06,2022-08-06T00:00:00Z,8184812.14137082
2022-08-07,2022-08-07T00:00:00Z,8201429.498678
2022-08-08,2022-08-08T00:00:00Z,8218119.29547268
2022-08-09,2022-08-09T00:00:00Z,8217684.67346429
2022-08-10,2022-08-10T00:00:00Z,8232323.33618115
2022-08-11,2022-08-11T00:00:00Z,8246905.18496075
2022-08-12,2022-08-12T00:00:00Z,8261350.76501972
2022-08-13,2022-08-13T00:00:00Z,8279372.32633555
2022-08-14,2022-08-14T00:00:00Z,8297662.16359869
2022-08-15,2022-08-15T00:00:00Z,8312401.27350292
2022-08-16,2022-08-16T00:00:00Z,8329614.42451825
2022-08-17,2022-08-17T00:00:00Z,8341180.62921263
2022-08-18,2022-08-18T00:00:00Z,8358381.13007229
2022-08-19,2022-08-19T00:00:00Z,8368480.56593813
2022-08-20,2022-08-20T00:00:00Z,8386052.28833958
2022-08-21,2022-08-21T00:00:00Z,8405080.26063837
2022-08-22,2022-08-22T00:00:00Z,8418919.70496265
2022-08-23,2022-08-23T00:00:00Z,8435239.28359062
2022-08-24,2022-08-24T00:00:00Z,8451361.90827647
2022-08-25,2022-08-25T00:00:00Z,8467276.40057773
2022-08-26,2022-08-26T00:00:00Z,8483779.84975116
2022-08-27,2022-08-27T00:00:00Z,8501161.98282723
2022-08-28,2022-08-28T00:00:00Z,8519719.08823515
2022-08-29,2022-08-29T00:00:00Z,8536711.64208433
2022-08-30,2022-08-30T00:00:00Z,8543081.83491129
2022-08-31,2022-08-31T00:00:00Z,8558665.58521834
2022-09-01,2022-09-01T00:00:00Z,8572890.49699472
2022-09-02,2022-09-02T00:00:00Z,8586745.64582159
2022-09-03,2022-09-03T00:00:00Z,8605767.0129594
2022-09-04,2022-09-04T00:00:00Z,8624047.47965229
2022-09-05,2022-09-05T00:00:00Z,8641365.86113005
2022-09-06,2022-09-06T00:00:00Z,8649399.95992441
2022-09-07,2022-09-07T00:00:00Z,8663234.13042756
2022-09-08,2022-09-08T00:00:00Z,8678185.90308652
2022-09-09,2022-09-09T00:00:00Z,8693449.28329007
2022-09-10,2022-09-10T00:00:00Z,8711359.27902494
2022-09-11,2022-09-11T00:00:00Z,8728181.4448001
2022-09-12,2022-09-12T00:00:00Z,8743511.49797254
2022-09-13,2022-09-13T00:00:00Z,8737096.49204622
2022-09-14,2022-09-14T00:00:00Z,8747595.2778314
2022-09-15,2022-09-15T00:00:00Z,8757963.66481706
2022-09-16,2022-09-16T00:00:00Z,8774952.86557983
2022-09-17,2022-09-17T00:00:00Z,8792751.68849961
2022-09-18,2022-09-18T00:00:00Z,8811431.69920521
2022-09-19,2022-09-19T00:00:00Z,8822178.99938919
2022-09-20,2022-09-20T00:00:00Z,8835904.38119979
2022-09-21,2022-09-21T00:00:00Z,8848160.38567114
2022-09-22,2022-09-22T00:00:00Z,8865106.79910452
2022-09-23,2022-09-23T00:00:00Z,8880949.50438409
2022-09-24,2022-09-24T00:00:00Z,8900105.99046149
2022-09-25,2022-09-25T00:00:00Z,8918267.83440026
2022-09-26,2022-09-26T00:00:00Z,8934310.86389538
2022-09-27,2022-09-27T00:00:00Z,8944440.76473354
2022-09-28,2022-09-28T00:00:00Z,8955735.07011439
2022-09-29,2022-09-29T00:00:00Z,8969142.50808216
2022-09-30,2022-09-30T00:00:00Z,8977884.82109119
2022-10-01,2022-10-01T00:00:00Z,8996102.69980787
2022-10-02,2022-10-02T00:00:00Z,9014400.06538232
2022-10-03,2022-10-03T00:00:00Z,9030401.17712241
2022-10-04,2022-10-04T00:00:00Z,9043561.42284337
2022-10-05,2022-10-05T00:00:00Z,9055359.84538497
2022-10-06,2022-10-06T00:00:00Z,9070943.56850539
2022-10-07,2022-10-07T00:00:00Z,9085632.70149144
2022-10-08,2022-10-08T00:00:00Z,9096927.32126421
2022-10-09,2022-10-09T00:00:00Z,9115553.64884007
2022-10-10,2022-10-10T00:00:00Z,9131593.93465854
2022-10-11,2022-10-11T00:00:00Z,9145571.12579276
2022-10-12,2022-10-12T00:00:00Z,9153384.20319889
2022-10-13,2022-10-13T00:00:00Z,9168777.92279053
2022-10-14,2022-10-14T00:00:00Z,9184817.36467081
2022-10-15,2022-10-15T00:00:00Z,9203660.68866502
2022-10-16,2022-10-16T00:00:00Z,9220345.71498169
2022-10-17,2022-10-17T00:00:00Z,9215790.27538647
2022-10-18,2022-10-18T00:00:00Z,9213807.21596666
2022-10-19,2022-10-19T00:00:00Z,9224881.62383927
2022-10-20,2022-10-20T00:00:00Z,9240812.64654103
2022-10-21,2022-10-21T00:00:00Z,9257416.81928402
2022-10-22,2022-10-22T00:00:00Z,9264833.74710945
2022-10-23,2022-10-23T00:00:00Z,9281716.62552062
2022-10-24,2022-10-24T00:00:00Z,9297823.04895734
2022-10-25,2022-10-25T00:00:00Z,9311190.32205782
2022-10-26,2022-10-26T00:00:00Z,9310582.16675244
2022-10-27,2022-10-27T00:00:00Z,9322695.20078237
2022-10-28,2022-10-28T00:00:00Z,9337710.49064098
2022-10-29,2022-10-29T00:00:00Z,9355138.27281884
2022-10-30,2022-10-30T00:00:00Z,9370942.78148522
2022-10-31,2022-10-31T00:00:00Z,9383481.38055244
2022-11-01,2022-11-01T00:00:00Z,9395144.28379358
2022-11-02,2022-11-02T00:00:00Z,9402421.8585058
2022-11-03,2022-11-03T00:00:00Z,9415557.97219953
2022-11-04,2022-11-04T00:00:00Z,9414002.45299769
2022-11-05,2022-11-05T00:00:00Z,9427619.48506366
2022-11-06,2022-11-06T00:00:00Z,9437222.11846789
2022-11-07,2022-11-07T00:00:00Z,9408078.60323029
2022-11-08,2022-11-08T00:00:00Z,9411763.00867958
2022-11-09,2022-11-09T00:00:00Z,9389427.37904011
2022-11-10,2022-11-10T00:00:00Z,9387264.02532375
2022-11-11,2022-11-11T00:00:00Z,9379565.53985412
2022-11-12,2022-11-12T00:00:00Z,9359093.82681708
2022-11-13,2022-11-13T00:00:00Z,9374585.64941476
2022-11-14,2022-11-14T00:00:00Z,9378929.82017106
2022-11-15,2022-11-15T00:00:00Z,9377571.90223777
2022-11-16,2022-11-16T00:00:00Z,9364592.81264383
2022-11-17,2022-11-17T00:00:00Z,9348094.67949821
2022-11-18,2022-11-18T00:00:00Z,9200794.33794115
2022-11-19,2022-11-19T00:00:00Z,9214510.48329616
2022-11-20,2022-11-20T00:00:00Z,9224039.34060333
2022-11-21,2022-11-21T00:00:00Z,9223253.6280889
2022-11-22,2022-11-22T00:00:00Z,9223092.57467373
2022-11-23,2022-11-23T00:00:00Z,9221316.64267393
2022-11-24,2022-11-24T00:00:00Z,9231950.72568949
2022-11-25,2022-11-25T00:00:00Z,9244744.04321782
2022-11-26,2022-11-26T00:00:00Z,9256005.37338268
2022-11-27,2022-11-27T00:00:00Z,9272246.46335131
2022-11-28,2022-11-28T00:00:00Z,9277909.02042121
2022-11-29,2022-11-29T00:00:00Z,9289942.89144918
2022-11-30,2022-11-30T00:00:00Z,9298152.54561084
2022-12-01,2022-12-01T00:00:00Z,9306436.17991077
2022-12-02,2022-12-02T00:00:00Z,9315979.08331195
2022-12-03,2022-12-03T00:00:00Z,9332406.89359088
2022-12-04,2022-12-04T00:00:00Z,9342854.10127075
2022-12-05,2022-12-05T00:00:00Z,9330766.062738
2022-12-06,2022-12-06T00:00:00Z,9337671.78859843
2022-12-07,2022-12-07T00:00:00Z,9352764.95512092
2022-12-08,2022-12-08T00:00:00Z,9364944.16042483
2022-12-09,2022-12-09T00:00:00Z,9367402.12849681
2022-12-10,2022-12-10T00:00:00Z,9384403.34284826
2022-12-11,2022-12-11T00:00:00Z,9397834.0437807
2022-12-12,2022-12-12T00:00:00Z,9411438.29661965
2022-12-13,2022-12-13T00:00:00Z,9415551.39324094
2022-12-14,2022-12-14T00:00:00Z,9417399.299406
2022-12-15,2022-12-15T00:00:00Z,9431310.67315207
2022-12-16,2022-12-16T00:00:00Z,9442452.42873055
2022-12-17,2022-12-17T00:00:00Z,9456782.22988583
2022-12-18,2022-12-18T00:00:00Z,9472580.76168913
2022-12-19,2022-12-19T00:00:00Z,9475324.75508182
2022-12-20,2022-12-20T00:00:00Z,9489805.21113011
2022-12-21,2022-12-21T00:00:00Z,9497443.67755011
2022-12-22,2022-12-22T00:00:00Z,9509460.95704653
2022-12-23,2022-12-23T00:00:00Z,9521060.54915515
2022-12-24,2022-12-24T00:00:00Z,9536019.90212889
2022-12-25,2022-12-25T00:00:00Z,9546335.80482424
2022-12-26,2022-12-26T00:00:00Z,9562801.9036074
2022-12-27,2022-12-27T00:00:00Z,9574809.66313555
2022-12-28,2022-12-28T00:00:00Z,9568895.79455076
2022-12-29,2022-12-29T00:00:00Z,9572311.79339717
2022-12-30,2022-12-30T00:00:00Z,9583207.95080866
2022-12-31,2022-12-31T00:00:00Z,9561028.73282088
2023-01-01,2023-01-01T00:00:00Z,9577338.2952571
2023-01-02,2023-01-02T00:00:00Z,9591987.55422883
2023-01-03,2023-01-03T00:00:00Z,9601683.82419454
2023-01-04,2023-01-04T00:00:00Z,9610190.89029376
2023-01-05,2023-01-05T00:00:00Z,9605224.83758954
2023-01-06,2023-01-06T00:00:00Z,9611614.3941177
2023-01-07,2023-01-07T00:00:00Z,9623715.31692105
2023-01-08,2023-01-08T00:00:00Z,9638767.15277678
2023-01-09,2023-01-09T00:00:00Z,9652811.08566479
2023-01-10,2023-01-10T00:00:00Z,9657259.84298532
2023-01-11,2023-01-11T00:00:00Z,9659902.61999183
2023-01-12,2023-01-12T00:00:00Z,9671074.56431273
2023-01-13,2023-01-13T00:00:00Z,9680927.75022377
2023-01-14,2023-01-14T00:00:00Z,9693143.3660992
2023-01-15,2023-01-15T00:00:00Z,9704789.21449425
2023-01-16,2023-01-16T00:00:00Z,9712631.64836338
2023-01-17,2023-01-17T00:00:00Z,9722897.91406214
2023-01-18,2023-01-18T00:00:00Z,9729088.02996862
2023-01-19,2023-01-19T00:00:00Z,9734730.37024684
2023-01-20,2023-01-20T00:00:00Z,9745042.4778996
2023-01-21,2023-01-21T00:00:00Z,9757040.24418215
2023-01-22,2023-01-22T00:00:00Z,9773090.53311276
2023-01-23,2023-01-23T00:00:00Z,9784061.62388182
2023-01-24,2023-01-24T00:00:00Z,9797331.6224915
2023-01-25,2023-01-25T00:00:00Z,9809388.57292564
2023-01-26,2023-01-26T00:00:00Z,9782577.06668997
2023-01-27,2023-01-27T00:00:00Z,9780330.14546187
2023-01-28,2023-01-28T00:00:00Z,9796686.12516063
2023-01-29,2023-01-29T00:00:00Z,9812601.66119594
2023-01-30,2023-01-30T00:00:00Z,9826041.11243226
2023-01-31,2023-01-31T00:00:00Z,9837569.32163449
2023-02-01,2023-02-01T00:00:00Z,9845611.64529461
2023-02-02,2023-02-02T00:00:00Z,9859283.62635854
2023-02-03,2023-02-03T00:00:00Z,9869358.61828031
2023-02-04,2023-02-04T00:00:00Z,9885412.14071767
2023-02-05,2023-02-05T00:00:00Z,9900182.89046591
2023-02-06,2023-02-06T00:00:00Z,9914457.2725542
2023-02-07,2023-02-07T00:00:00Z,9928613.70948984
2023-02-08,2023-02-08T00:00:00Z,9943812.15091177
2023-02-09,2023-02-09T00:00:00Z,9955049.66279034
2023-02-10,2023-02-10T00:00:00Z,9967579.74085381
2023-02-11,2023-02-11T00:00:00Z,9982295.7380986
2023-02-12,2023-02-12T00:00:00Z,9997919.35588003
2023-02-13,2023-02-13T00:00:00Z,10011773.09364381
2023-02-14,2023-02-14T00:00:00Z,10027078.67520048
2023-02-15,2023-02-15T00:00:00Z,10039289.85379603
2023-02-16,2023-02-16T00:00:00Z,10051500.63628826
2023-02-17,2023-02-17T00:00:00Z,10064926.0863621
2023-02-18,2023-02-18T00:00:00Z,10081181.79706493
2023-02-19,2023-02-19T00:00:00Z,10095700.41123074
2023-02-20,2023-02-20T00:00:00Z,10111478.54329085
2023-02-21,2023-02-21T00:00:00Z,10124827.39227456
2023-02-22,2023-02-22T00:00:00Z,10131611.35672744
2023-02-23,2023-02-23T00:00:00Z,10146622.00748107
2023-02-24,2023-02-24T00:00:00Z,10153855.69305354
2023-02-25,2023-02-25T00:00:00Z,10168013.26569975
2023-02-26,2023-02-26T00:00:00Z,10184068.60975677
2023-02-27,2023-02-27T00:00:00Z,10193733.71620463
2023-02-28,2023-02-28T00:00:00Z,10188973.10353862
2023-03-01,2023-03-01T00:00:00Z,10183273.2561132
2023-03-02,2023-03-02T00:00:00Z,10196077.05914482
2023-03-03,2023-03-03T00:00:00Z,10209878.92751555
2023-03-04,2023-03-04T00:00:00Z,10226032.28265331
2023-03-05,2023-03-05T00:00:00Z,10228625.10220175
2023-03-06,2023-03-06T00:00:00Z,10239262.11898444
2023-03-07,2023-03-07T00:00:00Z,10206847.87552313
2023-03-08,2023-03-08T00:00:00Z,10220137.50972968
2023-03-09,2023-03-09T00:00:00Z,10231323.72092127
2023-03-10,2023-03-10T00:00:00Z,10244431.94010912
2023-03-11,2023-03-11T00:00:00Z,10257667.19763796
2023-03-12,2023-03-12T00:00:00Z,10272442.4463985
2023-03-13,2023-03-13T00:00:00Z,10280305.96072862
2023-03-14,2023-03-14T00:00:00Z,10286613.67601761
2023-03-15,2023-03-15T00:00:00Z,10292357.96346665
2023-03-16,2023-03-16T00:00:00Z,10302619.52220138
2023-03-17,2023-03-17T00:00:00Z,10310047.75427034
2023-03-18,2023-03-18T00:00:00Z,10325214.41673585
2023-03-19,2023-03-19T00:00:00Z,10338658.67723426
2023-03-20,2023-03-20T00:00:00Z,10348628.23592555
2023-03-21,2023-03-21T00:00:00Z,10360788.59020304
2023-03-22,2023-03-22T00:00:00Z,10369637.86016363
2023-03-23,2023-03-23T00:00:00Z,10376854.21689452
2023-03-24,2023-03-24T00:00:00Z,10386533.18859084
2023-03-25,2023-03-25T00:00:00Z,10401955.19187601
2023-03-26,2023-03-26T00:00:00Z,10417227.81182802
2023-03-27,2023-03-27T00:00:00Z,10424766.8106403
2023-03-28,2023-03-28T00:00:00Z,10438866.5200406
2023-03-29,2023-03-29T00:00:00Z,10452571.57205563
2023-03-30,2023-03-30T00:00:00Z,10182688.6223209
2023-03-31,2023-03-31T00:00:00Z,10186568.43813601
2023-04-01,2023-04-01T00:00:00Z,10202029.50536253
2023-04-02,2023-04-02T00:00:00Z,10218795.72593389
2023-04-03,2023-04-03T00:00:00Z,10232312.70065528
2023-04-04,2023-04-04T00:00:00Z,10237275.51127396
2023-04-05,2023-04-05T00:00:00Z,10240707.99501338
2023-04-06,2023-04-06T00:00:00Z,10243473.96456019
2023-04-07,2023-04-07T00:00:00Z,10249953.5025855
2023-04-08,2023-04-08T00:00:00Z,10267102.84884743
2023-04-09,2023-04-09T00:00:00Z,10284843.22597619
2023-04-10,2023-04-10T00:00:00Z,10293017.78695225
2023-04-11,2023-04-11T00:00:00Z,10283384.54781859
2023-04-12,2023-04-12T00:00:00Z,10273857.14242244
2023-04-13,2023-04-13T00:00:00Z,10283583.69733983
2023-04-14,2023-04-14T00:00:00Z,10291572.68725921
2023-04-15,2023-04-15T00:00:00Z,10306637.23668833
2023-04-16,2023-04-16T00:00:00Z,10322276.10581764
2023-04-17,2023-04-17T00:00:00Z,10332406.92533276
2023-04-18,2023-04-18T00:00:00Z,10345603.17302982
2023-04-19,2023-04-19T00:00:00Z,10358848.55926197
2023-04-20,2023-04-20T00:00:00Z,10373048.49742725
2023-04-21,2023-04-21T00:00:00Z,10386492.28280359
2023-04-22,2023-04-22T00:00:00Z,10403313.12770216
2023-04-23,2023-04-23T00:00:00Z,10419652.46927507
2023-04-24,2023-04-24T00:00:00Z,10434619.69475734
2023-04-25,2023-04-25T00:00:00Z,10447453.97627533
2023-04-26,2023-04-26T00:00:00Z,10461279.72910219
2023-04-27,2023-04-27T00:00:00Z,10475766.56072726
2023-04-28,2023-04-28T00:00:00Z,10489951.47645451
2023-04-29,2023-04-29T00:00:00Z,10500189.5538639
2023-04-30,2023-04-30T00:00:00Z,10517223.8515135
2023-05-01,2023-05-01T00:00:00Z,10531246.53121433
2023-05-02,2023-05-02T00:00:00Z,10545395.44353118
2023-05-03,2023-05-03T00:00:00Z,10546869.25267194
2023-05-04,2023-05-04T00:00:00Z,10560412.77400219
2023-05-05,2023-05-05T00:00:00Z,10573957.71175242
2023-05-06,2023-05-06T00:00:00Z,10591029.14904124
2023-05-07,2023-05-07T00:00:00Z,10586531.01717926
2023-05-08,2023-05-08T00:00:00Z,10595908.67161532
2023-05-09,2023-05-09T00:00:00Z,10611226.22648584
2023-05-10,2023-05-10T00:00:00Z,10621923.92720602
2023-05-11,2023-05-11T00:00:00Z,10631821.1747954
2023-05-12,2023-05-12T00:00:00Z,10643369.35716064
2023-05-13,2023-05-13T00:00:00Z,10659766.75917594
2023-05-14,2023-05-14T00:00:00Z,10675435.09361796
2023-05-15,2023-05-15T00:00:00Z,10682519.78877914
2023-05-16,2023-05-16T00:00:00Z,10695179.9614507
2023-05-17,2023-05-17T00:00:00Z,10709109.93820619
2023-05-18,2023-05-18T00:00:00Z,10722168.99356689
2023-05-19,2023-05-19T00:00:00Z,10736411.10223353
2023-05-20,2023-05-20T00:00:00Z,10753554.44175686
2023-05-21,2023-05-21T00:00:00Z,10768880.23447782
2023-05-22,2023-05-22T00:00:00Z,10767939.6293038
2023-05-23,2023-05-23T00:00:00Z,10779551.16321952
2023-05-24,2023-05-24T00:00:00Z,10792128.10974555
2023-05-25,2023-05-25T00:00:00Z,10779832.45054181
2023-05-26,2023-05-26T00:00:00Z,10789965.07469371
2023-05-27,2023-05-27T00:00:00Z,10806804.42059687
2023-05-28,2023-05-28T00:00:00Z,10822636.16600698
2023-05-29,2023-05-29T00:00:00Z,10834153.1750958
2023-05-30,2023-05-30T00:00:00Z,10844114.17171921
2023-05-31,2023-05-31T00:00:00Z,10853248.31961637
2023-06-01,2023-06-01T00:00:00Z,10859490.09082167
2023-06-02,2023-06-02T00:00:00Z,10872235.90100031
2023-06-03,2023-06-03T00:00:00Z,10887569.04125603
2023-06-04,2023-06-04T00:00:00Z,10903770.40054304
2023-06-05,2023-06-05T00:00:00Z,10911836.85680678
2023-06-06,2023-06-06T00:00:00Z,10924834.66797078
2023-06-07,2023-06-07T00:00:00Z,10939024.00023301
2023-06-08,2023-06-08T00:00:00Z,10953569.77684947
2023-06-09,2023-06-09T00:00:00Z,10969536.9106059
2023-06-10,2023-06-10T00:00:00Z,10978939.91986226
2023-06-11,2023-06-11T00:00:00Z,10994094.43520255
2023-06-12,2023-06-12T00:00:00Z,11005909.59038671
2023-06-13,2023-06-13T00:00:00Z,11015380.86569069
2023-06-14,2023-06-14T00:00:00Z,11023395.12085217
2023-06-15,2023-06-15T00:00:00Z,11030801.87510528
2023-06-16,2023-06-16T00:00:00Z,11043524.93754392
2023-06-17,2023-06-17T00:00:00Z,11058932.84751788
2023-06-18,2023-06-18T00:00:00Z,11069053.03917933
2023-06-19,2023-06-19T00:00:00Z,11075947.50151845
2023-06-20,2023-06-20T00:00:00Z,11068971.34248097
2023-06-21,2023-06-21T00:00:00Z,11057211.59989393
2023-06-22,2023-06-22T00:00:00Z,11067750.37634727
2023-06-23,2023-06-23T00:00:00Z,11062470.03465944
2023-06-24,2023-06-24T00:00:00Z,11077384.38631189
2023-06-25,2023-06-25T00:00:00Z,11093217.88559275
2023-06-26,2023-06-26T00:00:00Z,11107225.47971174
2023-06-27,2023-06-27T00:00:00Z,11114740.43933727
2023-06-28,2023-06-28T00:00:00Z,11125814.06421567
2023-06-29,2023-06-29T00:00:00Z,11111834.6170261
2023-06-30,2023-06-30T00:00:00Z,11123997.13522404
2023-07-01,2023-07-01T00:00:00Z,11132036.84264903
2023-07-02,2023-07-02T00:00:00Z,11148217.13565634
2023-07-03,2023-07-03T00:00:00Z,11159894.36556832
2023-07-04,2023-07-04T00:00:00Z,11173910.05282123
2023-07-05,2023-07-05T00:00:00Z,11187378.12281444
2023-07-06,2023-07-06T00:00:00Z,11155153.30370683
2023-07-07,2023-07-07T00:00:00Z,11169750.38318732
2023-07-08,2023-07-08T00:00:00Z,11186914.73744286
2023-07-09,2023-07-09T00:00:00Z,11202983.3658846
2023-07-10,2023-07-10T00:00:00Z,11212341.72880465
2023-07-11,2023-07-11T00:00:00Z,11221698.47037402
2023-07-12,2023-07-12T00:00:00Z,11233811.5059697
2023-07-13,2023-07-13T00:00:00Z,11232580.5884533
2023-07-14,2023-07-14T00:00:00Z,11243728.56057663
2023-07-15,2023-07-15T00:00:00Z,11260951.36628916
2023-07-16,2023-07-16T00:00:00Z,11277695.06719013
2023-07-17,2023-07-17T00:00:00Z,11278090.15148131
2023-07-18,2023-07-18T00:00:00Z,11282463.58276859
2023-07-19,2023-07-19T00:00:00Z,11288798.14039456
2023-07-20,2023-07-20T00:00:00Z,11299611.174236
2023-07-21,2023-07-21T00:00:00Z,11301765.88850997
2023-07-22,2023-07-22T00:00:00Z,11319506.84238683
2023-07-23,2023-07-23T00:00:00Z,11335852.47018795
2023-07-24,2023-07-24T00:00:00Z,11347485.84444379
2023-07-25,2023-07-25T00:00:00Z,11360684.05068219
2023-07-26,2023-07-26T00:00:00Z,11375389.44121595
2023-07-27,2023-07-27T00:00:00Z,11352087.92502545
2023-07-28,2023-07-28T00:00:00Z,11247131.95510789
2023-07-29,2023-07-29T00:00:00Z,11263820.38102489
2023-07-30,2023-07-30T00:00:00Z,11280641.98936707
2023-07-31,2023-07-31T00:00:00Z,11288078.81114827
2023-08-01,2023-08-01T00:00:00Z,11303402.42464276
2023-08-02,2023-08-02T00:00:00Z,11301817.35317703
2023-08-03,2023-08-03T00:00:00Z,11317525.94458804
2023-08-04,2023-08-04T00:00:00Z,11329727.89184613
2023-08-05,2023-08-05T00:00:00Z,11347226.96090057
2023-08-06,2023-08-06T00:00:00Z,11363802.43619381
2023-08-07,2023-08-07T00:00:00Z,11377410.89460843
2023-08-08,2023-08-08T00:00:00Z,11383776.21934155
2023-08-09,2023-08-09T00:00:00Z,11397003.34833624
2023-08-10,2023-08-10T00:00:00Z,11408682.18416812
2023-08-11,2023-08-11T00:00:00Z,11423879.44354012
2023-08-12,2023-08-12T00:00:00Z,11439492.39749768
2023-08-13,2023-08-13T00:00:00Z,11455308.90734773
2023-08-14,2023-08-14T00:00:00Z,11464754.46787729
2023-08-15,2023-08-15T00:00:00Z,11477038.1911523
2023-08-16,2023-08-16T00:00:00Z,11488568.90697019
2023-08-17,2023-08-17T00:00:00Z,11498533.4532919
2023-08-18,2023-08-18T00:00:00Z,11502779.4899103
2023-08-19,2023-08-19T00:00:00Z,11519641.8704925
2023-08-20,2023-08-20T00:00:00Z,11536247.18706167
2023-08-21,2023-08-21T00:00:00Z,11548841.93241671
2023-08-22,2023-08-22T00:00:00Z,11560448.78976028
2023-08-23,2023-08-23T00:00:00Z,11573133.82557443
2023-08-24,2023-08-24T00:00:00Z,11585944.52693014
2023-08-25,2023-08-25T00:00:00Z,11599740.08138012
2023-08-26,2023-08-26T00:00:00Z,11616625.63574264
2023-08-27,2023-08-27T00:00:00Z,11632644.64261441
2023-08-28,2023-08-28T00:00:00Z,11646032.10471529
2023-08-29,2023-08-29T00:00:00Z,11640151.76336722
2023-08-30,2023-08-30T00:00:00Z,11653848.18384846
2023-08-31,2023-08-31T00:00:00Z,11664729.99821535
2023-09-01,2023-09-01T00:00:00Z,11677222.7395358
2023-09-02,2023-09-02T00:00:00Z,11693856.9496283
2023-09-03,2023-09-03T00:00:00Z,11708476.75067041
2023-09-04,2023-09-04T00:00:00Z,11722925.21578694
2023-09-05,2023-09-05T00:00:00Z,11735865.14637077
2023-09-06,2023-09-06T00:00:00Z,11750036.96929115
2023-09-07,2023-09-07T00:00:00Z,11765279.43422575
2023-09-08,2023-09-08T00:00:00Z,11780586.68565522
2023-09-09,2023-09-09T00:00:00Z,11795562.76879489
2023-09-10,2023-09-10T00:00:00Z,11813077.21083731
2023-09-11,2023-09-11T00:00:00Z,11824602.87250795
2023-09-12,2023-09-12T00:00:00Z,11835637.32422215
2023-09-13,2023-09-13T00:00:00Z,11850995.51780741
2023-09-14,2023-09-14T00:00:00Z,11863577.93894292
2023-09-15,2023-09-15T00:00:00Z,11878313.18035621
2023-09-16,2023-09-16T00:00:00Z,11894331.29927989
2023-09-17,2023-09-17T00:00:00Z,11911982.74961798
2023-09-18,2023-09-18T00:00:00Z,11926089.21531972
2023-09-19,2023-09-19T00:00:00Z,11934062.10757184
2023-09-20,2023-09-20T00:00:00Z,11944360.72807184
2023-09-21,2023-09-21T00:00:00Z,11959395.55546617
2023-09-22,2023-09-22T00:00:00Z,11976469.84154446
2023-09-23,2023-09-23T00:00:00Z,11992987.91790635
2023-09-24,2023-09-24T00:00:00Z,12009907.39970413
2023-09-25,2023-09-25T00:00:00Z,12023851.08156264
2023-09-26,2023-09-26T00:00:00Z,12037104.46833242
2023-09-27,2023-09-27T00:00:00Z,12050613.7042578
2023-09-28,2023-09-28T00:00:00Z,12064440.37951986
2023-09-29,2023-09-29T00:00:00Z,12073370.64395536
2023-09-30,2023-09-30T00:00:00Z,12089285.94081523
2023-10-01,2023-10-01T00:00:00Z,12103886.25635668
2023-10-02,2023-10-02T00:00:00Z,12097097.61162207
2023-10-03,2023-10-03T00:00:00Z,12109133.36303676
2023-10-04,2023-10-04T00:00:00Z,12121751.59447148
2023-10-05,2023-10-05T00:00:00Z,12130019.88824048
2023-10-06,2023-10-06T00:00:00Z,12140400.86850286
2023-10-07,2023-10-07T00:00:00Z,12151382.46721924
2023-10-08,2023-10-08T00:00:00Z,12169133.97095453
2023-10-09,2023-10-09T00:00:00Z,12176864.7798437
2023-10-10,2023-10-10T00:00:00Z,12189488.34794756
2023-10-11,2023-10-11T00:00:00Z,12192161.18851789
2023-10-12,2023-10-12T00:00:00Z,12203615.5672948
2023-10-13,2023-10-13T00:00:00Z,12217791.6575229
2023-10-14,2023-10-14T00:00:00Z,12218839.50717822
2023-10-15,2023-10-15T00:00:00Z,12235632.82129609
2023-10-16,2023-10-16T00:00:00Z,12246949.47304855
2023-10-17,2023-10-17T00:00:00Z,12255603.8462695
2023-10-18,2023-10-18T00:00:00Z,12265106.13744744
2023-10-19,2023-10-19T00:00:00Z,12256574.14898294
2023-10-20,2023-10-20T00:00:00Z,12262820.95785707
2023-10-21,2023-10-21T00:00:00Z,12278336.50511426
2023-10-22,2023-10-22T00:00:00Z,12293623.73713096
2023-10-23,2023-10-23T00:00:00Z,12295978.22125649
2023-10-24,2023-10-24T00:00:00Z,12289782.8503975
2023-10-25,2023-10-25T00:00:00Z,12298019.0519697
2023-10-26,2023-10-26T00:00:00Z,12302399.73232662
2023-10-27,2023-10-27T00:00:00Z,12310982.98570439
2023-10-28,2023-10-28T00:00:00Z,12324586.91700093
2023-10-29,2023-10-29T00:00:00Z,12339771.03372085
2023-10-30,2023-10-30T00:00:00Z,12349791.86417837
2023-10-31,2023-10-31T00:00:00Z,12355638.14516285
2023-11-01,2023-11-01T00:00:00Z,12356539.59509015
2023-11-02,2023-11-02T00:00:00Z,12368172.87133467
2023-11-03,2023-11-03T00:00:00Z,12377433.31496903
2023-11-04,2023-11-04T00:00:00Z,12392138.38573855
2023-11-05,2023-11-05T00:00:00Z,12406677.57529377
2023-11-06,2023-11-06T00:00:00Z,12421034.18520294
2023-11-07,2023-11-07T00:00:00Z,12432969.27326661
2023-11-08,2023-11-08T00:00:00Z,12446518.65072093
2023-11-09,2023-11-09T00:00:00Z,12433695.30677841
2023-11-10,2023-11-10T00:00:00Z,12443638.51590623
2023-11-11,2023-11-11T00:00:00Z,12458141.49468586
2023-11-12,2023-11-12T00:00:00Z,12473431.82442481
2023-11-13,2023-11-13T00:00:00Z,12486760.36159499
2023-11-14,2023-11-14T00:00:00Z,12499568.79965011
2023-11-15,2023-11-15T00:00:00Z,12502408.82569626
2023-11-16,2023-11-16T00:00:00Z,12511705.64831165
2023-11-17,2023-11-17T00:00:00Z,12523939.40393774
2023-11-18,2023-11-18T00:00:00Z,12541376.56599517
2023-11-19,2023-11-19T00:00:00Z,12555160.20546572
2023-11-20,2023-11-20T00:00:00Z,12566232.41618208
2023-11-21,2023-11-21T00:00:00Z,12570662.6977844
2023-11-22,2023-11-22T00:00:00Z,12567179.57124507
2023-11-23,2023-11-23T00:00:00Z,12576083.37494315
2023-11-24,2023-11-24T00:00:00Z,12595263.86263238
2023-11-25,2023-11-25T00:00:00Z,12611415.72973538
2023-11-26,2023-11-26T00:00:00Z,12626101.2938059
2023-11-27,2023-11-27T00:00:00Z,12640221.47457527
2023-11-28,2023-11-28T00:00:00Z,12652299.36641058
2023-11-29,2023-11-29T00:00:00Z,12663690.09159995
2023-11-30,2023-11-30T00:00:00Z,12624097.84553796
2023-12-01,2023-12-01T00:00:00Z,12633291.98637942
2023-12-02,2023-12-02T00:00:00Z,12649149.53683181
2023-12-03,2023-12-03T00:00:00Z,12663921.47616938
2023-12-04,2023-12-04T00:00:00Z,12663973.30603797
2023-12-05,2023-12-05T00:00:00Z,12665222.28763004
2023-12-06,2023-12-06T00:00:00Z,12656273.99072911
2023-12-07,2023-12-07T00:00:00Z,12664708.68761064
2023-12-08,2023-12-08T00:00:00Z,12670678.35133082
2023-12-09,2023-12-09T00:00:00Z,12684356.44704059
2023-12-10,2023-12-10T00:00:00Z,12699209.45798319
2023-12-11,2023-12-11T00:00:00Z,12705921.95475902
2023-12-12,2023-12-12T00:00:00Z,12704740.64459087
2023-12-13,2023-12-13T00:00:00Z,12717066.82748443
2023-12-14,2023-12-14T00:00:00Z,12730440.4386556
2023-12-15,2023-12-15T00:00:00Z,12737458.52809522
2023-12-16,2023-12-16T00:00:00Z,12746234.44572996
2023-12-17,2023-12-17T00:00:00Z,12763455.6602373
2023-12-18,2023-12-18T00:00:00Z,12773172.46250845
2023-12-19,2023-12-19T00:00:00Z,12778393.49196948
2023-12-20,2023-12-20T00:00:00Z,12784867.50372518
2023-12-21,2023-12-21T00:00:00Z,12795165.12739689
2023-12-22,2023-12-22T00:00:00Z,12793134.54388059
2023-12-23,2023-12-23T00:00:00Z,12806958.50395672
2023-12-24,2023-12-24T00:00:00Z,12818436.29666298
2023-12-25,2023-12-25T00:00:00Z,12834344.02575748
2023-12-26,2023-12-26T00:00:00Z,12845037.33543286
2023-12-27,2023-12-27T00:00:00Z,12835741.62303367
2023-12-28,2023-12-28T00:00:00Z,12845543.83336587
2023-12-29,2023-12-29T00:00:00Z,12804532.79488747
2023-12-30,2023-12-30T00:00:00Z,12819655.82270296
2023-12-31,2023-12-31T00:00:00Z,12833064.72790056
2024-01-01,2024-01-01T00:00:00Z,12849008.66544949
2024-01-02,2024-01-02T00:00:00Z,12854259.55046866
2024-01-03,2024-01-03T00:00:00Z,12862074.99380219
2024-01-04,2024-01-04T00:00:00Z,12784973.94167797
2024-01-05,2024-01-05T00:00:00Z,12793462.78002479
2024-01-06,2024-01-06T00:00:00Z,12809752.42727221
2024-01-07,2024-01-07T00:00:00Z,12825566.0840715
2024-01-08,2024-01-08T00:00:00Z,12835207.87084174
2024-01-09,2024-01-09T00:00:00Z,12838666.95234324
2024-01-10,2024-01-10T00:00:00Z,12846477.95970475
2024-01-11,2024-01-11T00:00:00Z,12851887.35954573
2024-01-12,2024-01-12T00:00:00Z,12854285.86056144
2024-01-13,2024-01-13T00:00:00Z,12871022.59102269
2024-01-14,2024-01-14T00:00:00Z,12887606.66330513
2024-01-15,2024-01-15T00:00:00Z,12900903.24256271
2024-01-16,2024-01-16T00:00:00Z,12880769.39612896
2024-01-17,2024-01-17T00:00:00Z,12860447.24321966
2024-01-18,2024-01-18T00:00:00Z,12851514.00267929
2024-01-19,2024-01-19T00:00:00Z,12848789.98949085
2024-01-20,2024-01-20T00:00:00Z,12867241.75804734
2024-01-21,2024-01-21T00:00:00Z,12885667.45368353
2024-01-22,2024-01-22T00:00:00Z,12864693.42650684
2024-01-23,2024-01-23T00:00:00Z,12851341.61700371
2024-01-24,2024-01-24T00:00:00Z,12817669.641957
2024-01-25,2024-01-25T00:00:00Z,12809856.59997742
2024-01-26,2024-01-26T00:00:00Z,12800927.59267344
2024-01-27,2024-01-27T00:00:00Z,12817589.06822413
2024-01-28,2024-01-28T00:00:00Z,12835156.30904095
2024-01-29,2024-01-29T00:00:00Z,12829900.8885252
2024-01-30,2024-01-30T00:00:00Z,12817196.933183
2024-01-31,2024-01-31T00:00:00Z,12814741.96492225
2024-02-01,2024-02-01T00:00:00Z,12820766.35465715
2024-02-02,2024-02-02T00:00:00Z,12826490.47202784
2024-02-03,2024-02-03T00:00:00Z,12845717.00983818
2024-02-04,2024-02-04T00:00:00Z,12860816.64646608
2024-02-05,2024-02-05T00:00:00Z,12868092.50703076
2024-02-06,2024-02-06T00:00:00Z,12871757.31013542
2024-02-07,2024-02-07T00:00:00Z,12881621.00310898
2024-02-08,2024-02-08T00:00:00Z,12890645.78397676
2024-02-09,2024-02-09T00:00:00Z,12897378.594011
2024-02-10,2024-02-10T00:00:00Z,12911935.23150309
2024-02-11,2024-02-11T00:00:00Z,12925861.60792781
2024-02-12,2024-02-12T00:00:00Z,12924632.13775582
2024-02-13,2024-02-13T00:00:00Z,12927388.45721468
2024-02-14,2024-02-14T00:00:00Z,12914684.91828175
2024-02-15,2024-02-15T00:00:00Z,12913958.43416042
2024-02-16,2024-02-16T00:00:00Z,12912749.50407508
2024-02-17,2024-02-17T00:00:00Z,12927838.46743582
2024-02-18,2024-02-18T00:00:00Z,12944216.44847034
2024-02-19,2024-02-19T00:00:00Z,12947847.2151034
2024-02-20,2024-02-20T00:00:00Z,12954788.28357922
2024-02-21,2024-02-21T00:00:00Z,12950409.41256429
2024-02-22,2024-02-22T00:00:00Z,12951389.83323284
2024-02-23,2024-02-23T00:00:00Z,12949647.06591657
2024-02-24,2024-02-24T00:00:00Z,12966478.85665897
2024-02-25,2024-02-25T00:00:00Z,12984206.36545018
2024-02-26,2024-02-26T00:00:00Z,12991329.36399335
2024-02-27,2024-02-27T00:00:00Z,12984290.29337311
2024-02-28,2024-02-28T00:00:00Z,12936788.50360306
2024-02-29,2024-02-29T00:00:00Z,12917204.3641745
2024-03-01,2024-03-01T00:00:00Z,12890367.26092987
2024-03-02,2024-03-02T00:00:00Z,12903696.46793946
2024-03-03,2024-03-03T00:00:00Z,12917614.88545788
2024-03-04,2024-03-04T00:00:00Z,12894558.68551043
2024-03-05,2024-03-05T00:00:00Z,12853871.06457959
2024-03-06,2024-03-06T00:00:00Z,12796193.9628284
2024-03-07,2024-03-07T00:00:00Z,12777300.3056964
2024-03-08,2024-03-08T00:00:00Z,12757421.52370034
2024-03-09,2024-03-09T00:00:00Z,12768241.98256372
2024-03-10,2024-03-10T00:00:00Z,12779205.14657921
2024-03-11,2024-03-11T00:00:00Z,12756951.40265181
2024-03-12,2024-03-12T00:00:00Z,12749233.39782487
2024-03-13,2024-03-13T00:00:00Z,12716524.30852603
2024-03-14,2024-03-14T00:00:00Z,12712492.45609515
2024-03-15,2024-03-15T00:00:00Z,12712976.99655033
2024-03-16,2024-03-16T00:00:00Z,12729876.31021356
2024-03-17,2024-03-17T00:00:00Z,12741102.40873508
2024-03-18,2024-03-18T00:00:00Z,12734699.17092559
2024-03-19,2024-03-19T00:00:00Z,12735290.36637181
2024-03-20,2024-03-20T00:00:00Z,12732478.9811769
2024-03-21,2024-03-21T00:00:00Z,12713825.68132732
2024-03-22,2024-03-22T00:00:00Z,12725454.87333695
2024-03-23,2024-03-23T00:00:00Z,12661314.30601868
2024-03-24,2024-03-24T00:00:00Z,12680845.97562063
2024-03-25,2024-03-25T00:00:00Z,12592766.09142218
2024-03-26,2024-03-26T00:00:00Z,12587423.05127449
2024-03-27,2024-03-27T00:00:00Z,12595035.99189545
2024-03-28,2024-03-28T00:00:00Z,12598763.79555494
2024-03-29,2024-03-29T00:00:00Z,12615182.56666309
2024-03-30,2024-03-30T00:00:00Z,12632597.63173133
2024-03-31,2024-03-31T00:00:00Z,12646421.34050234
2024-04-01,2024-04-01T00:00:00Z,12592797.6144476
2024-04-02,2024-04-02T00:00:00Z,12582745.39003356
2024-04-03,2024-04-03T00:00:00Z,12593519.03494866
2024-04-04,2024-04-04T00:00:00Z,12605053.03768578
2024-04-05,2024-04-05T00:00:00Z,12622144.1448205
2024-04-06,2024-04-06T00:00:00Z,12641428.25863118
2024-04-07,2024-04-07T00:00:00Z,12664023.13466813
2024-04-08,2024-04-08T00:00:00Z,12672766.84953465
2024-04-09,2024-04-09T00:00:00Z,12674765.45287265
2024-04-10,2024-04-10T00:00:00Z,12687703.00107529
2024-04-11,2024-04-11T00:00:00Z,12703663.44846653
2024-04-12,2024-04-12T00:00:00Z,12720172.20287167
2024-04-13,2024-04-13T00:00:00Z,12740299.50428253
2024-04-14,2024-04-14T00:00:00Z,12759850.53406407
2024-04-15,2024-04-15T00:00:00Z,12767081.15144588
2024-04-16,2024-04-16T00:00:00Z,12773999.51156586
2024-04-17,2024-04-17T00:00:00Z,12790126.07374144
2024-04-18,2024-04-18T00:00:00Z,12781458.88316001
2024-04-19,2024-04-19T00:00:00Z,12793128.81157444
2024-04-20,2024-04-20T00:00:00Z,12817299.12154332
2024-04-21,2024-04-21T00:00:00Z,12840243.00170619
2024-04-22,2024-04-22T00:00:00Z,12860783.75625703
2024-04-23,2024-04-23T00:00:00Z,12872718.09796747
2024-04-24,2024-04-24T00:00:00Z,12865359.56462243
2024-04-25,2024-04-25T00:00:00Z,12880351.80836156
2024-04-26,2024-04-26T00:00:00Z,12893548.97550996
2024-04-27,2024-04-27T00:00:00Z,12916286.83320292
2024-04-28,2024-04-28T00:00:00Z,12936414.00816088
2024-04-29,2024-04-29T00:00:00Z,12951615.14175209
2024-04-30,2024-04-30T00:00:00Z,12953717.8963317
2024-05-01,2024-05-01T00:00:00Z,12964280.5088441
2024-05-02,2024-05-02T00:00:00Z,12975877.67233001
2024-05-03,2024-05-03T00:00:00Z,12989581.50915545
2024-05-04,2024-05-04T00:00:00Z,13013123.59791558
2024-05-05,2024-05-05T00:00:00Z,13038500.43509742
2024-05-06,2024-05-06T00:00:00Z,13060391.62964253
2024-05-07,2024-05-07T00:00:00Z,13080089.07511746
2024-05-08,2024-05-08T00:00:00Z,13096054.94386023
2024-05-09,2024-05-09T00:00:00Z,13115181.37726024
2024-05-10,2024-05-10T00:00:00Z,13137050.94655064
2024-05-11,2024-05-11T00:00:00Z,13160319.55282327
2024-05-12,2024-05-12T00:00:00Z,13183168.05186372
2024-05-13,2024-05-13T00:00:00Z,13199366.66406384
2024-05-14,2024-05-14T00:00:00Z,13215331.00814552
2024-05-15,2024-05-15T00:00:00Z,13220723.60071714
2024-05-16,2024-05-16T00:00:00Z,13234689.53906396
2024-05-17,2024-05-17T00:00:00Z,13250478.74380974
2024-05-18,2024-05-18T00:00:00Z,13273271.14262774
2024-05-19,2024-05-19T00:00:00Z,13295602.11349075
2024-05-20,2024-05-20T00:00:00Z,13310751.69730392
2024-05-21,2024-05-21T00:00:00Z,13321681.09107927
2024-05-22,2024-05-22T00:00:00Z,13337769.83309753
2024-05-23,2024-05-23T00:00:00Z,13348871.40033518
2024-05-24,2024-05-24T00:00:00Z,13364223.38868854
2024-05-25,2024-05-25T00:00:00Z,13389681.71065512
2024-05-26,2024-05-26T00:00:00Z,13411343.50423691
2024-05-27,2024-05-27T00:00:00Z,13427729.28397468
2024-05-28,2024-05-28T00:00:00Z,13421316.84177395
2024-05-29,2024-05-29T00:00:00Z,13438838.21140822
2024-05-30,2024-05-30T00:00:00Z,13448034.31163577
2024-05-31,2024-05-31T00:00:00Z,13464810.34894098
2024-06-01,2024-06-01T00:00:00Z,13487675.43815141
2024-06-02,2024-06-02T00:00:00Z,13511479.9707142
2024-06-03,2024-06-03T00:00:00Z,13511362.06587152
2024-06-04,2024-06-04T00:00:00Z,13523026.32350246
2024-06-05,2024-06-05T00:00:00Z,13535457.99605931
2024-06-06,2024-06-06T00:00:00Z,13538428.46319805
2024-06-07,2024-06-07T00:00:00Z,13554678.60938255
2024-06-08,2024-06-08T00:00:00Z,13578590.4456696
2024-06-09,2024-06-09T00:00:00Z,13602334.37503151
2024-06-10,2024-06-10T00:00:00Z,13622245.0892157
2024-06-11,2024-06-11T00:00:00Z,13620842.47660748
2024-06-12,2024-06-12T00:00:00Z,13629939.66337267
2024-06-13,2024-06-13T00:00:00Z,13652420.84351804
2024-06-14,2024-06-14T00:00:00Z,13668617.31400329
2024-06-15,2024-06-15T00:00:00Z,13687842.51108621
2024-06-16,2024-06-16T00:00:00Z,13714679.35152994
2024-06-17,2024-06-17T00:00:00Z,13727189.26927589
2024-06-18,2024-06-18T00:00:00Z,13747329.20677518
2024-06-19,2024-06-19T00:00:00Z,13768327.51890981
2024-06-20,2024-06-20T00:00:00Z,13787664.25530894
2024-06-21,2024-06-21T00:00:00Z,13801843.34031827
2024-06-22,2024-06-22T00:00:00Z,13751980.24037094
2024-06-23,2024-06-23T00:00:00Z,13777038.82945448
2024-06-24,2024-06-24T00:00:00Z,13774959.91302572
2024-06-25,2024-06-25T00:00:00Z,13792475.05703688
2024-06-26,2024-06-26T00:00:00Z,13806860.71865962
2024-06-27,2024-06-27T00:00:00Z,13777544.37079186
2024-06-28,2024-06-28T00:00:00Z,13790886.94960849
2024-06-29,2024-06-29T00:00:00Z,13817013.29719423
2024-06-30,2024-06-30T00:00:00Z,13840484.20013932
2024-07-01,2024-07-01T00:00:00Z,13853982.04570953
2024-07-02,2024-07-02T00:00:00Z,13872837.99084005
2024-07-03,2024-07-03T00:00:00Z,13890569.10466594
2024-07-04,2024-07-04T00:00:00Z,13891164.03936165
2024-07-05,2024-07-05T00:00:00Z,13851622.78925449
2024-07-06,2024-07-06T00:00:00Z,13877162.92957527
2024-07-07,2024-07-07T00:00:00Z,13900869.60914011
2024-07-08,2024-07-08T00:00:00Z,13918582.6058929
2024-07-09,2024-07-09T00:00:00Z,13920076.64239836
2024-07-10,2024-07-10T00:00:00Z,13937726.31573923
2024-07-11,2024-07-11T00:00:00Z,13961211.39550553
2024-07-12,2024-07-12T00:00:00Z,13979789.74016508
2024-07-13,2024-07-13T00:00:00Z,14005374.20054872
2024-07-14,2024-07-14T00:00:00Z,14032045.70430999
2024-07-15,2024-07-15T00:00:00Z,14043031.23696111
2024-07-16,2024-07-16T00:00:00Z,14053123.39257892
2024-07-17,2024-07-17T00:00:00Z,14068282.94731312
2024-07-18,2024-07-18T00:00:00Z,14068890.14549219
2024-07-19,2024-07-19T00:00:00Z,14057982.69948275
2024-07-20,2024-07-20T00:00:00Z,14083375.74751644
2024-07-21,2024-07-21T00:00:00Z,14109130.80946558
2024-07-22,2024-07-22T00:00:00Z,14128296.97956449
2024-07-23,2024-07-23T00:00:00Z,14111982.31221447
2024-07-24,2024-07-24T00:00:00Z,14125887.74167
2024-07-25,2024-07-25T00:00:00Z,14118024.91232421
2024-07-26,2024-07-26T00:00:00Z,14136076.37547104
2024-07-27,2024-07-27T00:00:00Z,14157041.91413872
2024-07-28,2024-07-28T00:00:00Z,14183910.26689914
2024-07-29,2024-07-29T00:00:00Z,14180175.47157282
2024-07-30,2024-07-30T00:00:00Z,14076549.18124891
2024-07-31,2024-07-31T00:00:00Z,14092221.81647415
2024-08-01,2024-08-01T00:00:00Z,14105490.0673239
2024-08-02,2024-08-02T00:00:00Z,14119514.95436197
2024-08-03,2024-08-03T00:00:00Z,14144324.84369754
2024-08-04,2024-08-04T00:00:00Z,14168622.14061938
2024-08-05,2024-08-05T00:00:00Z,14145955.22389622
2024-08-06,2024-08-06T00:00:00Z,14164004.14435497
2024-08-07,2024-08-07T00:00:00Z,14175441.49124391
2024-08-08,2024-08-08T00:00:00Z,14193536.94232439
2024-08-09,2024-08-09T00:00:00Z,14206635.81728461
2024-08-10,2024-08-10T00:00:00Z,14217298.19917037
2024-08-11,2024-08-11T00:00:00Z,14242836.33716338
2024-08-12,2024-08-12T00:00:00Z,14258617.37175078
2024-08-13,2024-08-13T00:00:00Z,14273739.68674926
2024-08-14,2024-08-14T00:00:00Z,14293811.90628055
2024-08-15,2024-08-15T00:00:00Z,14311388.65363481
2024-08-16,2024-08-16T00:00:00Z,14330561.14993526
2024-08-17,2024-08-17T00:00:00Z,14357587.29176415
2024-08-18,2024-08-18T00:00:00Z,14383511.6320108
2024-08-19,2024-08-19T00:00:00Z,14400751.13962493
2024-08-20,2024-08-20T00:00:00Z,14416287.68250517
2024-08-21,2024-08-21T00:00:00Z,14431097.05332563
2024-08-22,2024-08-22T00:00:00Z,14451131.65876238
2024-08-23,2024-08-23T00:00:00Z,14463767.73369082
2024-08-24,2024-08-24T00:00:00Z,14487376.61751444
2024-08-25,2024-08-25T00:00:00Z,14515874.16140932
2024-08-26,2024-08-26T00:00:00Z,14535854.32861971
2024-08-27,2024-08-27T00:00:00Z,14510383.93943135
2024-08-28,2024-08-28T00:00:00Z,14527691.10660524
2024-08-29,2024-08-29T00:00:00Z,14536084.41529372
2024-08-30,2024-08-30T00:00:00Z,14557502.11737705
2024-08-31,2024-08-31T00:00:00Z,14583936.84653399
2024-09-01,2024-09-01T00:00:00Z,14611989.65875242
2024-09-02,2024-09-02T00:00:00Z,14634109.95823127
2024-09-03,2024-09-03T00:00:00Z,14645023.2883432
2024-09-04,2024-09-04T00:00:00Z,14663596.03668912
2024-09-05,2024-09-05T00:00:00Z,14682006.80624945
2024-09-06,2024-09-06T00:00:00Z,14694253.31755598
2024-09-07,2024-09-07T00:00:00Z,14721979.58436434
2024-09-08,2024-09-08T00:00:00Z,14749546.395101
2024-09-09,2024-09-09T00:00:00Z,14763715.30854804
2024-09-10,2024-09-10T00:00:00Z,14775761.60135944
2024-09-11,2024-09-11T00:00:00Z,14793053.37245972
2024-09-12,2024-09-12T00:00:00Z,14811652.17601283
2024-09-13,2024-09-13T00:00:00Z,14818869.15629495
2024-09-14,2024-09-14T00:00:00Z,14844212.21847765
2024-09-15,2024-09-15T00:00:00Z,14871027.43983858
2024-09-16,2024-09-16T00:00:00Z,14879828.97194404
2024-09-17,2024-09-17T00:00:00Z,14897140.12736349
2024-09-18,2024-09-18T00:00:00Z,14907740.50565909
2024-09-19,2024-09-19T00:00:00Z,14924414.05716648
2024-09-20,2024-09-20T00:00:00Z,14934961.20977632
2024-09-21,2024-09-21T00:00:00Z,14959831.89452766
2024-09-22,2024-09-22T00:00:00Z,14984887.41553956
2024-09-23,2024-09-23T00:00:00Z,14992092.0682202
2024-09-24,2024-09-24T00:00:00Z,15008026.91430051
2024-09-25,2024-09-25T00:00:00Z,15016837.96772306
2024-09-26,2024-09-26T00:00:00Z,15026688.12146751
2024-09-27,2024-09-27T00:00:00Z,15038452.65529876
2024-09-28,2024-09-28T00:00:00Z,15061907.31966672
2024-09-29,2024-09-29T00:00:00Z,15088767.03091572
2024-09-30,2024-09-30T00:00:00Z,15106579.4073284
2024-10-01,2024-10-01T00:00:00Z,15128059.16823258
2024-10-02,2024-10-02T00:00:00Z,15146590.51988811
2024-10-03,2024-10-03T00:00:00Z,15161482.25559108
2024-10-04,2024-10-04T00:00:00Z,15180519.62635405
2024-10-05,2024-10-05T00:00:00Z,15208582.26791454
2024-10-06,2024-10-06T00:00:00Z,15235128.34749604
2024-10-07,2024-10-07T00:00:00Z,15250396.34226301
2024-10-08,2024-10-08T00:00:00Z,15140135.36610494
2024-10-09,2024-10-09T00:00:00Z,15149240.62178751
2024-10-10,2024-10-10T00:00:00Z,15157707.62484249
2024-10-11,2024-10-11T00:00:00Z,15137097.72522794
2024-10-12,2024-10-12T00:00:00Z,15157741.94677573
2024-10-13,2024-10-13T00:00:00Z,15182420.72710596
2024-10-14,2024-10-14T00:00:00Z,15196444.16746645
2024-10-15,2024-10-15T00:00:00Z,15176300.45349877
2024-10-16,2024-10-16T00:00:00Z,15192460.06493097
2024-10-17,2024-10-17T00:00:00Z,15205798.60526075
2024-10-18,2024-10-18T00:00:00Z,15212239.95606811
2024-10-19,2024-10-19T00:00:00Z,15224900.90510393
2024-10-20,2024-10-20T00:00:00Z,15228123.80906022
2024-10-21,2024-10-21T00:00:00Z,15220900.64890578
2024-10-22,2024-10-22T00:00:00Z,15238856.36990971
2024-10-23,2024-10-23T00:00:00Z,15259407.9219504
2024-10-24,2024-10-24T00:00:00Z,15282289.06743382
2024-10-25,2024-10-25T00:00:00Z,15299969.98256798
2024-10-26,2024-10-26T00:00:00Z,15326149.78367145
2024-10-27,2024-10-27T00:00:00Z,15353097.35477524
2024-10-28,2024-10-28T00:00:00Z,15368291.90440707
2024-10-29,2024-10-29T00:00:00Z,15367250.38939471
2024-10-30,2024-10-30T00:00:00Z,15382017.92806927
2024-10-31,2024-10-31T00:00:00Z,15394005.45405868
2024-11-01,2024-11-01T00:00:00Z,15401883.75895112
2024-11-02,2024-11-02T00:00:00Z,15422168.59714537
2024-11-03,2024-11-03T00:00:00Z,15447601.93359943
2024-11-04,2024-11-04T00:00:00Z,15461220.98727247
2024-11-05,2024-11-05T00:00:00Z,15459045.23426947
2024-11-06,2024-11-06T00:00:00Z,15320190.39846394
2024-11-07,2024-11-07T00:00:00Z,15328396.19121855
2024-11-08,2024-11-08T00:00:00Z,15319998.70785549
2024-11-09,2024-11-09T00:00:00Z,15344995.11097018
2024-11-10,2024-11-10T00:00:00Z,15358399.3163326
2024-11-11,2024-11-11T00:00:00Z,15338870.84032371
2024-11-12,2024-11-12T00:00:00Z,15310533.89352064
2024-11-13,2024-11-13T00:00:00Z,15296794.76389116
2024-11-14,2024-11-14T00:00:00Z,15237868.47942848
2024-11-15,2024-11-15T00:00:00Z,15239094.99553143
2024-11-16,2024-11-16T00:00:00Z,15259050.50634316
2024-11-17,2024-11-17T00:00:00Z,15283447.40373848
2024-11-18,2024-11-18T00:00:00Z,15285790.99901737
2024-11-19,2024-11-19T00:00:00Z,15247840.40158267
2024-11-20,2024-11-20T00:00:00Z,15220340.10693873
2024-11-21,2024-11-21T00:00:00Z,15166531.48824283
2024-11-22,2024-11-22T00:00:00Z,15130843.19613082
2024-11-23,2024-11-23T00:00:00Z,15130382.37664757
2024-11-24,2024-11-24T00:00:00Z,15148640.17784133
2024-11-25,2024-11-25T00:00:00Z,15131974.18012364
2024-11-26,2024-11-26T00:00:00Z,15130806.43942825
2024-11-27,2024-11-27T00:00:00Z,15140740.77922462
2024-11-28,2024-11-28T00:00:00Z,15157580.90407651
2024-11-29,2024-11-29T00:00:00Z,15170945.31469809
2024-11-30,2024-11-30T00:00:00Z,15197005.14175721
2024-12-01,2024-12-01T00:00:00Z,15222685.20654598
2024-12-02,2024-12-02T00:00:00Z,15227592.97724045
2024-12-03,2024-12-03T00:00:00Z,15238026.19377381
2024-12-04,2024-12-04T00:00:00Z,15241332.93962458
2024-12-05,2024-12-05T00:00:00Z,15140230.80798806
2024-12-06,2024-12-06T00:00:00Z,15032634.52281598
2024-12-07,2024-12-07T00:00:00Z,15052921.76930581
2024-12-08,2024-12-08T00:00:00Z,15077837.71753423
2024-12-09,2024-12-09T00:00:00Z,15037990.36315908
2024-12-10,2024-12-10T00:00:00Z,15039954.99987929
2024-12-11,2024-12-11T00:00:00Z,15040251.2243138
2024-12-12,2024-12-12T00:00:00Z,15055221.35941462
2024-12-13,2024-12-13T00:00:00Z,15054560.52739956
2024-12-14,2024-12-14T00:00:00Z,15082017.77584094
2024-12-15,2024-12-15T00:00:00Z,15096934.63056495
2024-12-16,2024-12-16T00:00:00Z,15065848.38815513
2024-12-17,2024-12-17T00:00:00Z,15035810.29680591
2024-12-18,2024-12-18T00:00:00Z,15040695.79335386
2024-12-19,2024-12-19T00:00:00Z,14983704.29816467
2024-12-20,2024-12-20T00:00:00Z,14979542.6667907
2024-12-21,2024-12-21T00:00:00Z,15008651.55448987
2024-12-22,2024-12-22T00:00:00Z,15038267.10935772
2024-12-23,2024-12-23T00:00:00Z,14980023.66668353
2024-12-24,2024-12-24T00:00:00Z,14953153.10040342
2024-12-25,2024-12-25T00:00:00Z,14986146.3995188
2024-12-26,2024-12-26T00:00:00Z,15005038.39572327
2024-12-27,2024-12-27T00:00:00Z,15024306.40368942
2024-12-28,2024-12-28T00:00:00Z,15056942.51755863
2024-12-29,2024-12-29T00:00:00Z,15075499.5594294
2024-12-30,2024-12-30T00:00:00Z,15037751.45641393
2024-12-31,2024-12-31T00:00:00Z,15029530.00057541
2025-01-01,2025-01-01T00:00:00Z,15056592.45986125
2025-01-02,2025-01-02T00:00:00Z,15075451.09262276
2025-01-03,2025-01-03T00:00:00Z,15103852.71961078
2025-01-04,2025-01-04T00:00:00Z,15136540.15937754
2025-01-05,2025-01-05T00:00:00Z,15169375.30305438
2025-01-06,2025-01-06T00:00:00Z,15190313.44775634
2025-01-07,2025-01-07T00:00:00Z,15180657.08230847
2025-01-08,2025-01-08T00:00:00Z,15199611.80318226
2025-01-09,2025-01-09T00:00:00Z,15225420.33848283
2025-01-10,2025-01-10T00:00:00Z,15245102.64406685
2025-01-11,2025-01-11T00:00:00Z,15278903.05967996
2025-01-12,2025-01-12T00:00:00Z,15313529.64268144
2025-01-13,2025-01-13T00:00:00Z,15341398.65786758
2025-01-14,2025-01-14T00:00:00Z,15367409.82014311
2025-01-15,2025-01-15T00:00:00Z,15382976.29057025
2025-01-16,2025-01-16T00:00:00Z,15400448.25556547
2025-01-17,2025-01-17T00:00:00Z,15416511.75352086
2025-01-18,2025-01-18T00:00:00Z,15442419.34867656
2025-01-19,2025-01-19T00:00:00Z,15467608.40646495
2025-01-20,2025-01-20T00:00:00Z,15481476.31688603
2025-01-21,2025-01-21T00:00:00Z,15490706.066282
2025-01-22,2025-01-22T00:00:00Z,15504911.90568487
2025-01-23,2025-01-23T00:00:00Z,15470355.91284858
2025-01-24,2025-01-24T00:00:00Z,15493830.013983
2025-01-25,2025-01-25T00:00:00Z,15525589.55204109
2025-01-26,2025-01-26T00:00:00Z,15561344.23559076
2025-01-27,2025-01-27T00:00:00Z,15574502.26530059
2025-01-28,2025-01-28T00:00:00Z,15595852.86486352
2025-01-29,2025-01-29T00:00:00Z,15629895.5591162
2025-01-30,2025-01-30T00:00:00Z,15656685.65134602
2025-01-31,2025-01-31T00:00:00Z,15680810.44313564
2025-02-01,2025-02-01T00:00:00Z,15714818.34522213
2025-02-02,2025-02-02T00:00:00Z,15745936.51066951
2025-02-03,2025-02-03T00:00:00Z,15756993.72562907
2025-02-04,2025-02-04T00:00:00Z,15723476.64525333
2025-02-05,2025-02-05T00:00:00Z,15739366.49987408
2025-02-06,2025-02-06T00:00:00Z,15758286.73630271
2025-02-07,2025-02-07T00:00:00Z,15778794.6465645
2025-02-08,2025-02-08T00:00:00Z,15810944.13041088
2025-02-09,2025-02-09T00:00:00Z,15825304.29294639
2025-02-10,2025-02-10T00:00:00Z,15851262.27472861
2025-02-11,2025-02-11T00:00:00Z,15870923.75207094
2025-02-12,2025-02-12T00:00:00Z,15897340.62419834
2025-02-13,2025-02-13T00:00:00Z,15929458.96298053
2025-02-14,2025-02-14T00:00:00Z,15956044.27888612
2025-02-15,2025-02-15T00:00:00Z,15991379.33495923
2025-02-16,2025-02-16T00:00:00Z,16028640.30907337
2025-02-17,2025-02-17T00:00:00Z,16061291.04383703
2025-02-18,2025-02-18T00:00:00Z,16088186.72897534
2025-02-19,2025-02-19T00:00:00Z,16118699.43619144
2025-02-20,2025-02-20T00:00:00Z,16150148.54190828
2025-02-21,2025-02-21T00:00:00Z,16174590.52714288
2025-02-22,2025-02-22T00:00:00Z,16204228.43458265
2025-02-23,2025-02-23T00:00:00Z,16240859.27970482
2025-02-24,2025-02-24T00:00:00Z,16265366.12227125
2025-02-25,2025-02-25T00:00:00Z,16277054.92110769
2025-02-26,2025-02-26T00:00:00Z,16281724.87152928
2025-02-27,2025-02-27T00:00:00Z,16289807.74730029
2025-02-28,2025-02-28T00:00:00Z,16299891.12379403
2025-03-01,2025-03-01T00:00:00Z,16334600.9774714
2025-03-02,2025-03-02T00:00:00Z,16367423.64504966
2025-03-03,2025-03-03T00:00:00Z,16386964.95740249
2025-03-04,2025-03-04T00:00:00Z,16408661.88729945
2025-03-05,2025-03-05T00:00:00Z,16436854.494326
2025-03-06,2025-03-06T00:00:00Z,16457440.6780923
2025-03-07,2025-03-07T00:00:00Z,16472754.18167344
2025-03-08,2025-03-08T00:00:00Z,16511447.42671278
2025-03-09,2025-03-09T00:00:00Z,16546888.08867612
2025-03-10,2025-03-10T00:00:00Z,16558689.90093008
2025-03-11,2025-03-11T00:00:00Z,16561207.13684681
2025-03-12,2025-03-12T00:00:00Z,16558427.79230261
2025-03-13,2025-03-13T00:00:00Z,16585447.3222421
2025-03-14,2025-03-14T00:00:00Z,16610524.7545217
2025-03-15,2025-03-15T00:00:00Z,16650255.65248277
2025-03-16,2025-03-16T00:00:00Z,16686230.17833304
2025-03-17,2025-03-17T00:00:00Z,16710338.13012118
2025-03-18,2025-03-18T00:00:00Z,16740532.89774329
2025-03-19,2025-03-19T00:00:00Z,16766710.61093067
2025-03-20,2025-03-20T00:00:00Z,16793067.71797512
2025-03-21,2025-03-21T00:00:00Z,16826585.74597253
2025-03-22,2025-03-22T00:00:00Z,16864497.26195403
2025-03-23,2025-03-23T00:00:00Z,16902304.23654401
2025-03-24,2025-03-24T00:00:00Z,16933125.82103134
2025-03-25,2025-03-25T00:00:00Z,16950873.0014867
2025-03-26,2025-03-26T00:00:00Z,16976400.74984502
2025-03-27,2025-03-27T00:00:00Z,17003719.36507155
2025-03-28,2025-03-28T00:00:00Z,17013873.57548981
2025-03-29,2025-03-29T00:00:00Z,17050761.26257035
2025-03-30,2025-03-30T00:00:00Z,17083391.06570486
2025-03-31,2025-03-31T00:00:00Z,17103995.64757399
2025-04-01,2025-04-01T00:00:00Z,17129930.56023284
2025-04-02,2025-04-02T00:00:00Z,17134228.88011175
2025-04-03,2025-04-03T00:00:00Z,17152697.17140023
2025-04-04,2025-04-04T00:00:00Z,17171778.44065275
2025-04-05,2025-04-05T00:00:00Z,17208630.21431315
2025-04-06,2025-04-06T00:00:00Z,17242280.5584985
2025-04-07,2025-04-07T00:00:00Z,17246443.41559188
2025-04-08,2025-04-08T00:00:00Z,17275542.2303959
2025-04-09,2025-04-09T00:00:00Z,17291568.21342859
2025-04-10,2025-04-10T00:00:00Z,17304504.54739469
2025-04-11,2025-04-11T00:00:00Z,17314355.01136369
2025-04-12,2025-04-12T00:00:00Z,17350729.80234871
2025-04-13,2025-04-13T00:00:00Z,17383763.52136611
2025-04-14,2025-04-14T00:00:00Z,17411788.38953566
2025-04-15,2025-04-15T00:00:00Z,17396325.69260754
2025-04-16,2025-04-16T00:00:00Z,17414348.22485955
2025-04-17,2025-04-17T00:00:00Z,17326229.4348072
2025-04-18,2025-04-18T00:00:00Z,17362549.82334471
2025-04-19,2025-04-19T00:00:00Z,17400433.96922695
2025-04-20,2025-04-20T00:00:00Z,17438515.48034745
2025-04-21,2025-04-21T00:00:00Z,17465932.82007168
2025-04-22,2025-04-22T00:00:00Z,17481902.67885397
2025-04-23,2025-04-23T00:00:00Z,17496319.91115765
2025-04-24,2025-04-24T00:00:00Z,17515299.85566027
2025-04-25,2025-04-25T00:00:00Z,17481520.90678037
2025-04-26,2025-04-26T00:00:00Z,17514154.73697861
2025-04-27,2025-04-27T00:00:00Z,17552242.51103897
2025-04-28,2025-04-28T00:00:00Z,17536125.23116813
2025-04-29,2025-04-29T00:00:00Z,17551567.32161621
2025-04-30,2025-04-30T00:00:00Z,17552681.49151332
2025-05-01,2025-05-01T00:00:00Z,17543402.80503406
2025-05-02,2025-05-02T00:00:00Z,17538607.09013271
2025-05-03,2025-05-03T00:00:00Z,17575584.92657125
2025-05-04,2025-05-04T00:00:00Z,17614463.67175362
2025-05-05,2025-05-05T00:00:00Z,17598761.67490963
2025-05-06,2025-05-06T00:00:00Z,17580850.59617689
2025-05-07,2025-05-07T00:00:00Z,17572393.23467873
2025-05-08,2025-05-08T00:00:00Z,17558057.98690847
2025-05-09,2025-05-09T00:00:00Z,17542419.69277798
2025-05-10,2025-05-10T00:00:00Z,17579258.77152611
2025-05-11,2025-05-11T00:00:00Z,17614953.21414626
2025-05-12,2025-05-12T00:00:00Z,17628006.17774758
2025-05-13,2025-05-13T00:00:00Z,17614329.97500826
2025-05-14,2025-05-14T00:00:00Z,17632838.50134372
2025-05-15,2025-05-15T00:00:00Z,17637084.95748346
2025-05-16,2025-05-16T00:00:00Z,17656381.38955921
2025-05-17,2025-05-17T00:00:00Z,17694723.1585517
2025-05-18,2025-05-18T00:00:00Z,17731154.21816846
2025-05-19,2025-05-19T00:00:00Z,17704869.89474603
2025-05-20,2025-05-20T00:00:00Z,17685201.55569069
2025-05-21,2025-05-21T00:00:00Z,17678938.53934421
2025-05-22,2025-05-22T00:00:00Z,17686674.26804078
2025-05-23,2025-05-23T00:00:00Z,17700219.34803647
2025-05-24,2025-05-24T00:00:00Z,17737852.15518763
2025-05-25,2025-05-25T00:00:00Z,17775391.81854787
2025-05-26,2025-05-26T00:00:00Z,17781004.82590868
2025-05-27,2025-05-27T00:00:00Z,17755400.1628593
2025-05-28,2025-05-28T00:00:00Z,17774138.4901376
2025-05-29,2025-05-29T00:00:00Z,17790140.13402503
2025-05-30,2025-05-30T00:00:00Z,17808913.37500186
2025-05-31,2025-05-31T00:00:00Z,17849127.95988971
2025-06-01,2025-06-01T00:00:00Z,17887758.95777759
2025-06-02,2025-06-02T00:00:00Z,17891547.18884482
2025-06-03,2025-06-03T00:00:00Z,17896320.94575576
2025-06-04,2025-06-04T00:00:00Z,17902689.70471862
2025-06-05,2025-06-05T00:00:00Z,17931076.91195457
2025-06-06,2025-06-06T00:00:00Z,17958054.46662311
2025-06-07,2025-06-07T00:00:00Z,17992680.11049293
2025-06-08,2025-06-08T00:00:00Z,18030295.2835379
2025-06-09,2025-06-09T00:00:00Z,18060720.55178037
2025-06-10,2025-06-10T00:00:00Z,18067041.55258927
2025-06-11,2025-06-11T00:00:00Z,18086901.91035902
2025-06-12,2025-06-12T00:00:00Z,18119448.20040048
2025-06-13,2025-06-13T00:00:00Z,18139184.46380982
2025-06-14,2025-06-14T00:00:00Z,18180156.41835295
2025-06-15,2025-06-15T00:00:00Z,18218474.508298
2025-06-16,2025-06-16T00:00:00Z,18217335.08842826
2025-06-17,2025-06-17T00:00:00Z,18245975.45407828
2025-06-18,2025-06-18T00:00:00Z,18268998.07972394
2025-06-19,2025-06-19T00:00:00Z,18302331.97294128
2025-06-20,2025-06-20T00:00:00Z,18329992.85273467
2025-06-21,2025-06-21T00:00:00Z,18368127.62678923
2025-06-22,2025-06-22T00:00:00Z,18392020.20690776
2025-06-23,2025-06-23T00:00:00Z,18411369.40268498
2025-06-24,2025-06-24T00:00:00Z,18432156.70894004
2025-06-25,2025-06-25T00:00:00Z,18444084.20870056
2025-06-26,2025-06-26T00:00:00Z,18451678.3421589
2025-06-27,2025-06-27T00:00:00Z,18452614.88469877
2025-06-28,2025-06-28T00:00:00Z,18490059.51976613
2025-06-29,2025-06-29T00:00:00Z,18529697.84287322
2025-06-30,2025-06-30T00:00:00Z,18532146.72524423
2025-07-01,2025-07-01T00:00:00Z,18562097.85622348
2025-07-02,2025-07-02T00:00:00Z,18590704.77448776
2025-07-03,2025-07-03T00:00:00Z,18612254.58335108
2025-07-04,2025-07-04T00:00:00Z,18646762.92464021
2025-07-05,2025-07-05T00:00:00Z,18689692.0347225
2025-07-06,2025-07-06T00:00:00Z,18729344.07186138
2025-07-07,2025-07-07T00:00:00Z,18743935.59650635
2025-07-08,2025-07-08T00:00:00Z,18758038.58618361
2025-07-09,2025-07-09T00:00:00Z,18772129.84868899
2025-07-10,2025-07-10T00:00:00Z,18798511.78911529
2025-07-11,2025-07-11T00:00:00Z,18771780.66775456
2025-07-12,2025-07-12T00:00:00Z,18801951.62771085
2025-07-13,2025-07-13T00:00:00Z,18835891.53833347
2025-07-14,2025-07-14T00:00:00Z,18833749.42226518
2025-07-15,2025-07-15T00:00:00Z,18847170.94856964
2025-07-16,2025-07-16T00:00:00Z,18748049.82721334
2025-07-17,2025-07-17T00:00:00Z,18714538.92228015
2025-07-18,2025-07-18T00:00:00Z,18728616.35488132
2025-07-19,2025-07-19T00:00:00Z,18754880.47743889
2025-07-20,2025-07-20T00:00:00Z,18795118.87231346
2025-07-21,2025-07-21T00:00:00Z,18794059.91270842
2025-07-22,2025-07-22T00:00:00Z,18785399.6155679
2025-07-23,2025-07-23T00:00:00Z,18797028.69864256
2025-07-24,2025-07-24T00:00:00Z,18819685.76616174
2025-07-25,2025-07-25T00:00:00Z,18818230.02852021
2025-07-26,2025-07-26T00:00:00Z,18857339.10447455
2025-07-27,2025-07-27T00:00:00Z,18898118.96255477
2025-07-28,2025-07-28T00:00:00Z,18918603.66317586
2025-07-29,2025-07-29T00:00:00Z,18927623.29295536
2025-07-30,2025-07-30T00:00:00Z,18945754.16224948
2025-07-31,2025-07-31T00:00:00Z,18978082.42629682
2025-08-01,2025-08-01T00:00:00Z,19006830.60703368
2025-08-02,2025-08-02T00:00:00Z,19048567.53200884
2025-08-03,2025-08-03T00:00:00Z,19087952.23321793
2025-08-04,2025-08-04T00:00:00Z,19115594.2613751
2025-08-05,2025-08-05T00:00:00Z,19145521.90534995
2025-08-06,2025-08-06T00:00:00Z,19178054.64144711
2025-08-07,2025-08-07T00:00:00Z,19199267.24595521
2025-08-08,2025-08-08T00:00:00Z,19221737.98772227
2025-08-09,2025-08-09T00:00:00Z,19264922.20290851
2025-08-10,2025-08-10T00:00:00Z,19305900.40458731
2025-08-11,2025-08-11T00:00:00Z,19334687.75563587
2025-08-12,2025-08-12T00:00:00Z,19350059.20968913
2025-08-13,2025-08-13T00:00:00Z,19369497.48679091
2025-08-14,2025-08-14T00:00:00Z,19382440.75449314
2025-08-15,2025-08-15T00:00:00Z,19398483.23194511
2025-08-16,2025-08-16T00:00:00Z,19384486.02106754
2025-08-17,2025-08-17T00:00:00Z,19427939.98003351
2025-08-18,2025-08-18T00:00:00Z,19460205.9166117
2025-08-19,2025-08-19T00:00:00Z,19472137.81284628
2025-08-20,2025-08-20T00:00:00Z,19494102.81698404
2025-08-21,2025-08-21T00:00:00Z,19509931.3896863
2025-08-22,2025-08-22T00:00:00Z,19508802.19798492
2025-08-23,2025-08-23T00:00:00Z,19539190.41859388
2025-08-24,2025-08-24T00:00:00Z,19581705.1460873
2025-08-25,2025-08-25T00:00:00Z,19613703.06777359
2025-08-26,2025-08-26T00:00:00Z,19634583.65000356
2025-08-27,2025-08-27T00:00:00Z,19656501.39271852
2025-08-28,2025-08-28T00:00:00Z,19665748.17244852
2025-08-29,2025-08-29T00:00:00Z,19563169.67208803
2025-08-30,2025-08-30T00:00:00Z,19591324.94130363
2025-08-31,2025-08-31T00:00:00Z,19634234.23982008
2025-09-01,2025-09-01T00:00:00Z,19663837.45263991
2025-09-02,2025-09-02T00:00:00Z,19692299.28894952
2025-09-03,2025-09-03T00:00:00Z,19711485.98886144
2025-09-04,2025-09-04T00:00:00Z,19727196.40513676
2025-09-05,2025-09-05T00:00:00Z,19701521.66570174
2025-09-06,2025-09-06T00:00:00Z,19735762.40105515
2025-09-07,2025-09-07T00:00:00Z,19778943.72206032
2025-09-08,2025-09-08T00:00:00Z,19807311.02785351
2025-09-09,2025-09-09T00:00:00Z,19828984.37423909
2025-09-10,2025-09-10T00:00:00Z,19847770.37336398
2025-09-11,2025-09-11T00:00:00Z,19867794.83016204
2025-09-12,2025-09-12T00:00:00Z,19882516.38950044
2025-09-13,2025-09-13T00:00:00Z,19913014.95954973
2025-09-14,2025-09-14T00:00:00Z,19956770.65719563
2025-09-15,2025-09-15T00:00:00Z,19974307.03591615
2025-09-16,2025-09-16T00:00:00Z,19993612.14912653
2025-09-17,2025-09-17T00:00:00Z,19989985.59952378
2025-09-18,2025-09-18T00:00:00Z,20010986.31077108
2025-09-19,2025-09-19T00:00:00Z,19988894.82504184
2025-09-20,2025-09-20T00:00:00Z,20022724.94146984
2025-09-21,2025-09-21T00:00:00Z,20062596.44878382
2025-09-22,2025-09-22T00:00:00Z,20086839.90757517
2025-09-23,2025-09-23T00:00:00Z,20086072.32517679
2025-09-24,2025-09-24T00:00:00Z,20090964.888437
2025-09-25,2025-09-25T00:00:00Z,20080704.8215161
2025-09-26,2025-09-26T00:00:00Z,20075372.50592415
2025-09-27,2025-09-27T00:00:00Z,20107950.23672909
2025-09-28,2025-09-28T00:00:00Z,20145621.11211145
2025-09-29,2025-09-29T00:00:00Z,20177670.05717059
2025-09-30,2025-09-30T00:00:00Z,20185116.83571267
2025-10-01,2025-10-01T00:00:00Z,20157059.99430422
2025-10-02,2025-10-02T00:00:00Z,20151287.77278296
2025-10-03,2025-10-03T00:00:00Z,20143847.44748732
2025-10-04,2025-10-04T00:00:00Z,20171781.51806192
2025-10-05,2025-10-05T00:00:00Z,20207219.12527988
2025-10-06,2025-10-06T00:00:00Z,20233474.96725351
2025-10-07,2025-10-07T00:00:00Z,20163701.08798464
2025-10-08,2025-10-08T00:00:00Z,20172044.82112454
2025-10-09,2025-10-09T00:00:00Z,20160165.78455121
2025-10-10,2025-10-10T00:00:00Z,20182323.10058432
2025-10-11,2025-10-11T00:00:00Z,20201267.67427704
2025-10-12,2025-10-12T00:00:00Z,20246073.99816255
2025-10-13,2025-10-13T00:00:00Z,20285362.03655035
2025-10-14,2025-10-14T00:00:00Z,20158317.5602825
2025-10-15,2025-10-15T00:00:00Z,20102407.24914094
2025-10-16,2025-10-16T00:00:00Z,20120635.87007518
2025-10-17,2025-10-17T00:00:00Z,20119999.1925097
2025-10-18,2025-10-18T00:00:00Z,20151808.46279658
2025-10-19,2025-10-19T00:00:00Z,20196621.75933329
2025-10-20,2025-10-20T00:00:00Z,20234775.06364943
2025-10-21,2025-10-21T00:00:00Z,20249645.62924232
2025-10-22,2025-10-22T00:00:00Z,20234985.72778862
2025-10-23,2025-10-23T00:00:00Z,20249249.64264107
2025-10-24,2025-10-24T00:00:00Z,20264854.50069671
2025-10-25,2025-10-25T00:00:00Z,20294687.25135665
2025-10-26,2025-10-26T00:00:00Z,20322641.63287206
2025-10-27,2025-10-27T00:00:00Z,20341915.76424157
2025-10-28,2025-10-28T00:00:00Z,20313224.7451486
2025-10-29,2025-10-29T00:00:00Z,20290366.18366687
2025-10-30,2025-10-30T00:00:00Z,20256749.43730258
2025-10-31,2025-10-31T00:00:00Z,20260080.97083739
2025-11-01,2025-11-01T00:00:00Z,20284401.99703022
2025-11-02,2025-11-02T00:00:00Z,20332195.72542308
2025-11-03,2025-11-03T00:00:00Z,20346892.98869642
2025-11-04,2025-11-04T00:00:00Z,20310156.30067471
2025-11-05,2025-11-05T00:00:00Z,20299305.02370154
2025-11-06,2025-11-06T00:00:00Z,20297150.69642318
2025-11-07,2025-11-07T00:00:00Z,20196505.06789866
2025-11-08,2025-11-08T00:00:00Z,20229235.35218336
2025-11-09,2025-11-09T00:00:00Z,20279012.68718648
2025-11-10,2025-11-10T00:00:00Z,20290952.28600369
2025-11-11,2025-11-11T00:00:00Z,20293358.71887634
2025-11-12,2025-11-12T00:00:00Z,20309394.58002154
2025-11-13,2025-11-13T00:00:00Z,20281397.32950737
2025-11-14,2025-11-14T00:00:00Z,20260513.01870709
2025-11-15,2025-11-15T00:00:00Z,20303202.89464125
2025-11-16,2025-11-16T00:00:00Z,20341880.49014389
2025-11-17,2025-11-17T00:00:00Z,20318722.10953923
2025-11-18,2025-11-18T00:00:00Z,20229891.41140448
2025-11-19,2025-11-19T00:00:00Z,20236296.93479553
2025-11-20,2025-11-20T00:00:00Z,20221299.12994279
2025-11-21,2025-11-21T00:00:00Z,20212174.05149721
2025-11-22,2025-11-22T00:00:00Z,19262650.84130372
2025-11-23,2025-11-23T00:00:00Z,18637807.9047881
2025-11-24,2025-11-24T00:00:00Z,18658940.70931717
2025-11-25,2025-11-25T00:00:00Z,18695805.48735168
2025-11-26,2025-11-26T00:00:00Z,18648827.91810223
2025-11-27,2025-11-27T00:00:00Z,18687708.38094809
2025-11-28,2025-11-28T00:00:00Z,18719075.17128696
2025-11-29,2025-11-29T00:00:00Z,18768957.86547499
2025-11-30,2025-11-30T00:00:00Z,18812357.4205013
2025-12-01,2025-12-01T00:00:00Z,18811405.47642536
2025-12-02,2025-12-02T00:00:00Z,18833797.03860386
2025-12-03,2025-12-03T00:00:00Z,18812762.29297943
2025-12-04,2025-12-04T00:00:00Z,18846138.63389213
2025-12-05,2025-12-05T00:00:00Z,18859954.59969132
2025-12-06,2025-12-06T00:00:00Z,18906100.44359013
2025-12-07,2025-12-07T00:00:00Z,18945865.83832593
2025-12-08,2025-12-08T00:00:00Z,18930006.13274126
2025-12-09,2025-12-09T00:00:00Z,18947433.71368695
2025-12-10,2025-12-10T00:00:00Z,18909211.22572301
2025-12-11,2025-12-11T00:00:00Z,18929025.53805487
2025-12-12,2025-12-12T00:00:00Z,18931283.77587879
2025-12-13,2025-12-13T00:00:00Z,18968812.63180416
2025-12-14,2025-12-14T00:00:00Z,19013424.29905738
2025-12-15,2025-12-15T00:00:00Z,19029063.80889689
2025-12-16,2025-12-16T00:00:00Z,19008851.02331744
2025-12-17,2025-12-17T00:00:00Z,19009832.37592119
2025-12-18,2025-12-18T00:00:00Z,19046101.7696638
2025-12-19,2025-12-19T00:00:00Z,19054137.69584344
2025-12-20,2025-12-20T00:00:00Z,19022297.75271827
2025-12-21,2025-12-21T00:00:00Z,19070668.27301195
2025-12-22,2025-12-22T00:00:00Z,19103633.64073527
2025-12-23,2025-12-23T00:00:00Z,19104362.68853711
2025-12-24,2025-12-24T00:00:00Z,19139561.99425783
2025-12-25,2025-12-25T00:00:00Z,19188089.73645788
2025-12-26,2025-12-26T00:00:00Z,19213883.41713579
2025-12-27,2025-12-27T00:00:00Z,19261232.63393622
2025-12-28,2025-12-28T00:00:00Z,19298908.32698059
2025-12-29,2025-12-29T00:00:00Z,19327051.4079716
2025-12-30,2025-12-30T00:00:00Z,19339031.06926472
2025-12-31,2025-12-31T00:00:00Z,19312927.62763755
2026-01-01,2026-01-01T00:00:00Z,19327724.52023634
2026-01-02,2026-01-02T00:00:00Z,19362634.63516867
2026-01-03,2026-01-03T00:00:00Z,19410964.55815602
2026-01-04,2026-01-04T00:00:00Z,19456890.23632366
2026-01-05,2026-01-05T00:00:00Z,19479648.79571081
2026-01-06,2026-01-06T00:00:00Z,19521307.51840585
2026-01-07,2026-01-07T00:00:00Z,19466077.53987459
2026-01-08,2026-01-08T00:00:00Z,19493964.63049466
2026-01-09,2026-01-09T00:00:00Z,19512851.00156516
2026-01-10,2026-01-10T00:00:00Z,19543457.02375715
2026-01-11,2026-01-11T00:00:00Z,19584541.55921252
2026-01-12,2026-01-12T00:00:00Z,19607874.91842608
2026-01-13,2026-01-13T00:00:00Z,19620781.03849875
2026-01-14,2026-01-14T00:00:00Z,19653405.59862931
2026-01-15,2026-01-15T00:00:00Z,19676858.22599522
2026-01-16,2026-01-16T00:00:00Z,19711007.34279137
2026-01-17,2026-01-17T00:00:00Z,19754681.17058604
2026-01-18,2026-01-18T00:00:00Z,19802859.53434571
2026-01-19,2026-01-19T00:00:00Z,19848362.53834834
2026-01-20,2026-01-20T00:00:00Z,19870725.44845492
2026-01-21,2026-01-21T00:00:00Z,19900848.76151526
2026-01-22,2026-01-22T00:00:00Z,19921435.71492329
2026-01-23,2026-01-23T00:00:00Z,19844505.13686337
2026-01-24,2026-01-24T00:00:00Z,19889630.02514073
2026-01-25,2026-01-25T00:00:00Z,19935821.28882715
2026-01-26,2026-01-26T00:00:00Z,19968532.97742283
2026-01-27,2026-01-27T00:00:00Z,20010050.41803101
2026-01-28,2026-01-28T00:00:00Z,20045103.41632214
2026-01-29,2026-01-29T00:00:00Z,20082309.89805395
2026-01-30,2026-01-30T00:00:00Z,20102636.0254307
2026-01-31,2026-01-31T00:00:00Z,20130972.90073565
2026-02-01,2026-02-01T00:00:00Z,20163855.15986051
2026-02-02,2026-02-02T00:00:00Z,20175293.60263302
2026-02-03,2026-02-03T00:00:00Z,20194175.32175984
2026-02-04,2026-02-04T00:00:00Z,20202295.82109638
2026-02-05,2026-02-05T00:00:00Z,20160574.92761922
2026-02-06,2026-02-06T00:00:00Z,20153637.84251772
2026-02-07,2026-02-07T00:00:00Z,20178281.1735466
2026-02-08,2026-02-08T00:00:00Z,20221836.10964904
2026-02-09,2026-02-09T00:00:00Z,20247739.6570712
2026-02-10,2026-02-10T00:00:00Z,20269498.57401489
2026-02-11,2026-02-11T00:00:00Z,20295776.15754461
2026-02-12,2026-02-12T00:00:00Z,20326002.78937137
2026-02-13,2026-02-13T00:00:00Z,20342557.52605837
2026-02-14,2026-02-14T00:00:00Z,20389616.88044201
2026-02-15,2026-02-15T00:00:00Z,20438571.95862797
2026-02-16,2026-02-16T00:00:00Z,20483164.36769544
2026-02-17,2026-02-17T00:00:00Z,20523203.4921181
2026-02-18,2026-02-18T00:00:00Z,20546306.14518005
2026-02-19,2026-02-19T00:00:00Z,20588150.46144552
2026-02-20,2026-02-20T00:00:00Z,20616838.82934286
2026-02-21,2026-02-21T00:00:00Z,20662248.06990781
2026-02-22,2026-02-22T00:00:00Z,20711747.26515824
2026-02-23,2026-02-23T00:00:00Z,20747458.60452511
2026-02-24,2026-02-24T00:00:00Z,20773240.90323034
2026-02-25,2026-02-25T00:00:00Z,20809255.33974521
2026-02-26,2026-02-26T00:00:00Z,20844217.29824506
2026-02-27,2026-02-27T00:00:00Z,20881040.70445851
2026-02-28,2026-02-28T00:00:00Z,20928764.73418054
2026-03-01,2026-03-01T00:00:00Z,20976146.34662709
2026-03-02,2026-03-02T00:00:00Z,21014355.57816399
2026-03-03,2026-03-03T00:00:00Z,21055018.21036873
2026-03-04,2026-03-04T00:00:00Z,21088453.50222287
2026-03-05,2026-03-05T00:00:00Z,21120486.5381769
2026-03-06,2026-03-06T00:00:00Z,21136032.93144427
2026-03-07,2026-03-07T00:00:00Z,21183903.14765105
2026-03-08,2026-03-08T00:00:00Z,21232382.4804732
2026-03-09,2026-03-09T00:00:00Z,21267689.49206836
2026-03-10,2026-03-10T00:00:00Z,21308166.03761744
2026-03-11,2026-03-11T00:00:00Z,21322986.14576084
2026-03-12,2026-03-12T00:00:00Z,21335571.8138908
2026-03-13,2026-03-13T00:00:00Z,21370753.4675721
2026-03-14,2026-03-14T00:00:00Z,21412886.66080993
2026-03-15,2026-03-15T00:00:00Z,21461700.7118663
2026-03-16,2026-03-16T00:00:00Z,21482148.41295708
2026-03-17,2026-03-17T00:00:00Z,21511832.18786638
2026-03-18,2026-03-18T00:00:00Z,21548974.36917704
2026-03-19,2026-03-19T00:00:00Z,21585029.56257123
2026-03-20,2026-03-20T00:00:00Z,21622821.53648631
2026-03-21,2026-03-21T00:00:00Z,21672603.40741194
2026-03-22,2026-03-22T00:00:00Z,21699413.65662864
2026-03-23,2026-03-23T00:00:00Z,21736693.39624369
2026-03-24,2026-03-24T00:00:00Z,21761857.82465299
2026-03-25,2026-03-25T00:00:00Z,21796193.27799967
2026-03-26,2026-03-26T00:00:00Z,21825429.25667163
2026-03-27,2026-03-27T00:00:00Z,21861189.52033879
2026-03-28,2026-03-28T00:00:00Z,21902991.16455092
2026-03-29,2026-03-29T00:00:00Z,21950397.45684137
2026-03-30,2026-03-30T00:00:00Z,21979603.44775097
2026-03-31,2026-03-31T00:00:00Z,21981425.57133048
2026-04-01,2026-04-01T00:00:00Z,22022641.35106218
2026-04-02,2026-04-02T00:00:00Z,22057408.72104098
2026-04-03,2026-04-03T00:00:00Z,22099761.08508918
2026-04-04,2026-04-04T00:00:00Z,22148148.47534506
2026-04-05,2026-04-05T00:00:00Z,22195510.74445289
2026-04-06,2026-04-06T00:00:00Z,22235576.98927365
2026-04-07,2026-04-07T00:00:00Z,22269058.89414626
2026-04-08,2026-04-08T00:00:00Z,22308635.84438723
2026-04-09,2026-04-09T00:00:00Z,22343875.0716556
2026-04-10,2026-04-10T00:00:00Z,22380874.26612475
