report_date,available_date,asset,contract_name,open_interest,dealer_net_share_oi,asset_manager_net_share_oi,leveraged_money_net_share_oi,same_week_log_return
2018-04-10,2018-04-13,BTC,CME Bitcoin,1702,0,0.0716803760282021,-0.121034077555817,
2018-04-17,2018-04-20,BTC,CME Bitcoin,2029,0,0.0601281419418433,-0.128141941843273,
2018-04-24,2018-04-27,BTC,CME Bitcoin,2380,0,0.0441176470588235,-0.205042016806723,
2018-05-01,2018-05-04,BTC,CME Bitcoin,1991,0,0,-0.0753390256152687,
2018-05-08,2018-05-11,BTC,CME Bitcoin,2485,0,0,-0.170221327967807,
2018-05-15,2018-05-18,BTC,CME Bitcoin,2505,0,-0.0115768463073852,-0.127345309381238,
2018-05-22,2018-05-25,BTC,CME Bitcoin,2684,0,-0.0108047690014903,-0.204545454545455,
2018-05-29,2018-06-01,BTC,CME Bitcoin,2714,0,0.00478997789240973,-0.23581429624171,
2018-06-05,2018-06-08,BTC,CME Bitcoin,2556,0,0.00704225352112676,-0.281298904538341,
2018-06-12,2018-06-15,BTC,CME Bitcoin,2643,0.0109723798713583,-0.0408626560726447,-0.10783200908059,
2018-06-19,2018-06-22,BTC,CME Bitcoin,2633,0.0110140524116977,-0.00265856437523737,0.0243068742878845,
2018-06-26,2018-06-29,BTC,CME Bitcoin,2687,0.0107927056196502,-0.0413100111648679,0.00111648678823967,
2018-07-03,2018-07-06,BTC,CME Bitcoin,2514,0,-0.0159108989657916,-0.175417661097852,
2018-07-10,2018-07-13,BTC,CME Bitcoin,2622,0,-0.0453852021357742,-0.091533180778032,
2018-07-17,2018-07-20,BTC,CME Bitcoin,2854,0,-0.0224246671338472,-0.182550805886475,
2018-07-24,2018-07-27,BTC,CME Bitcoin,3431,0.00874380647041679,-0.0349752258816672,-0.279801807053337,
2018-07-31,2018-08-03,BTC,CME Bitcoin,3063,0,-0.0682337577538361,-0.0806398955272608,
2018-08-07,2018-08-10,BTC,CME Bitcoin,2732,0,-0.0523426061493411,0.00988286969253294,
2018-08-14,2018-08-17,BTC,CME Bitcoin,2983,0,-0.0720750921890714,0.100234663090848,
2018-08-21,2018-08-24,BTC,CME Bitcoin,2981,0,-0.0640724589064072,0.0892318014089232,
2018-08-28,2018-08-31,BTC,CME Bitcoin,2840,0,-0.0362676056338028,-0.0200704225352113,
2018-09-04,2018-09-07,BTC,CME Bitcoin,2707,0,-0.0151459179903953,-0.173623937938678,
2018-09-11,2018-09-14,BTC,CME Bitcoin,2711,0,-0.0734046477314644,0.113611213574327,
2018-09-18,2018-09-21,BTC,CME Bitcoin,2742,0,-0.0510576221735959,0.0671043034281546,
2018-09-25,2018-09-28,BTC,CME Bitcoin,2746,-0.000364166059723234,-0.0477057538237436,-0.00291332847778587,
2018-10-02,2018-10-05,BTC,CME Bitcoin,2354,-0.0169923534409516,-0.0420560747663551,-0.0446049277824979,
2018-10-09,2018-10-12,BTC,CME Bitcoin,2848,-0.026685393258427,-0.0424859550561798,-0.00456460674157303,
2018-10-16,2018-10-19,BTC,CME Bitcoin,2730,-0.0278388278388278,-0.0197802197802198,-0.00512820512820513,
2018-10-23,2018-10-26,BTC,CME Bitcoin,3001,-0.0253248917027657,-0.0536487837387538,0.0863045651449517,
2018-10-30,2018-11-02,BTC,CME Bitcoin,2608,0,-0.0912576687116564,0.10659509202454,
2018-11-06,2018-11-09,BTC,CME Bitcoin,2913,0,-0.0123583934088568,-0.030209406110539,
2018-11-13,2018-11-16,BTC,CME Bitcoin,3530,0.00878186968838527,-0.0708215297450425,0.0308781869688385,
2018-11-20,2018-11-23,BTC,CME Bitcoin,3729,0,-0.0445159560203808,0.0643604183427192,
2018-11-27,2018-11-30,BTC,CME Bitcoin,3791,0,-0.062780269058296,0.0862569242943814,
2018-12-04,2018-12-07,BTC,CME Bitcoin,3301,0,-0.0269615268100576,0.0278703423205089,
2018-12-11,2018-12-14,BTC,CME Bitcoin,3970,0,-0.0576826196473552,0.0518891687657431,
2018-12-18,2018-12-21,BTC,CME Bitcoin,4359,0,0.00642349162651984,-0.0279880706584079,
2018-12-24,2018-12-27,BTC,CME Bitcoin,3857,0,-0.0101114856105782,0.0292973813844957,
2018-12-31,2019-01-03,BTC,CME Bitcoin,3708,0.0132146709816613,-0.0161812297734628,0.0169902912621359,
2019-01-08,2019-01-11,BTC,CME Bitcoin,3764,0,0.00664187035069075,-0.0100956429330499,
2019-01-15,2019-01-18,BTC,CME Bitcoin,4473,-0.000223563603845294,-0.0693047171920411,0.110440420299575,
2019-01-22,2019-01-25,BTC,CME Bitcoin,4976,-0.00020096463022508,-0.0637057877813505,0.0960610932475884,
2019-01-29,2019-02-01,BTC,CME Bitcoin,4047,-0.0239683716333086,-0.0815418828762046,0.046454163577959,
2019-02-05,2019-02-08,BTC,CME Bitcoin,3881,-0.0249935583612471,-0.0667353774800309,0.0265395516619428,
2019-02-12,2019-02-15,BTC,CME Bitcoin,3361,-0.0288604581969652,-0.021124665278191,-0.11692948527224,
2019-02-19,2019-02-22,BTC,CME Bitcoin,3964,-0.0244702320887992,0.00126135216952573,-0.107214934409687,
2019-02-26,2019-03-01,BTC,CME Bitcoin,3324,-0.0373044524669073,-0.0688929001203369,-0.0932611311672683,
2019-03-05,2019-03-08,BTC,CME Bitcoin,3226,-0.0384376937383757,-0.0604463732176069,-0.144141351518909,
2019-03-12,2019-03-15,BTC,CME Bitcoin,3480,-0.035632183908046,-0.0281609195402299,-0.229310344827586,
2019-03-19,2019-03-22,BTC,CME Bitcoin,3681,-0.0336864982341755,-0.00570497147514262,-0.290138549307253,
2019-03-26,2019-03-29,BTC,CME Bitcoin,3428,-0.0361726954492415,-0.0600933488914819,-0.25291715285881,
2019-04-02,2019-04-05,BTC,CME Bitcoin,4000,-0.0395,0.0565,-0.27025,
2019-04-09,2019-04-12,BTC,CME Bitcoin,4443,-0.0355615575061895,0.0369119963988296,-0.16790456898492,
2019-04-16,2019-04-19,BTC,CME Bitcoin,4324,-0.0365402405180388,-0.0087881591119334,-0.0622109158186864,
2019-04-23,2019-04-26,BTC,CME Bitcoin,4313,-0.0366334338047763,0.0261998608856944,-0.100394157199165,
2019-04-30,2019-05-03,BTC,CME Bitcoin,3817,-0.0322242598899659,0.047681425203039,-0.153523709719675,
2019-05-07,2019-05-10,BTC,CME Bitcoin,4388,-0.0280309936189608,0.0651777575205105,-0.171148587055606,
2019-05-14,2019-05-17,BTC,CME Bitcoin,4447,-0.0276590960197886,0.0447492691702271,-0.0373285360917472,
2019-05-21,2019-05-24,BTC,CME Bitcoin,4650,-0.0264516129032258,0.0479569892473118,-0.0309677419354839,
2019-05-28,2019-05-31,BTC,CME Bitcoin,5190,-0.0236994219653179,0.0614643545279383,-0.0104046242774566,
2019-06-04,2019-06-07,BTC,CME Bitcoin,4436,0,0.0550045085662759,-0.0849864743011722,
2019-06-11,2019-06-14,BTC,CME Bitcoin,4434,0,0.0809652683806946,-0.218989625620207,
2019-06-18,2019-06-21,BTC,CME Bitcoin,5391,0,0.0656649972175849,-0.064366536820627,
2019-06-25,2019-06-28,BTC,CME Bitcoin,6021,0,0.0514864640425179,-0.0254110612855007,
2019-07-02,2019-07-05,BTC,CME Bitcoin,5839,0.00616543928754924,0.00719301250214078,-0.0125021407775304,
2019-07-09,2019-07-12,BTC,CME Bitcoin,6075,0.00938271604938272,0.0230452674897119,-0.0818106995884774,
2019-07-16,2019-07-19,BTC,CME Bitcoin,5322,0.00732807215332582,0.0112739571589628,-0.155580608793687,
2019-07-23,2019-07-26,BTC,CME Bitcoin,4928,0.00811688311688312,-0.0018262987012987,-0.119926948051948,
2019-07-30,2019-08-02,BTC,CME Bitcoin,4302,0.0139470013947001,0.0241748024174802,-0.103440260344026,
2019-08-06,2019-08-09,BTC,CME Bitcoin,4692,0,0.00767263427109974,-0.0888746803069054,
2019-08-13,2019-08-16,BTC,CME Bitcoin,4729,-0.0105730598435187,-0.000422922393740749,-0.101078452104039,
2019-08-20,2019-08-23,BTC,CME Bitcoin,4485,-0.0111482720178372,0.00936454849498328,-0.0831661092530658,
2019-08-27,2019-08-30,BTC,CME Bitcoin,4091,-0.0122219506233195,0.00366658518699584,-0.0865314104131019,
2019-09-03,2019-09-06,BTC,CME Bitcoin,4493,-0.0042288003561095,0.0358335188070332,-0.108613398620076,
2019-09-10,2019-09-13,BTC,CME Bitcoin,4128,-0.00460271317829457,0.0130813953488372,-0.131056201550388,
2019-09-17,2019-09-20,BTC,CME Bitcoin,4174,-0.00455198850023958,0.0146142788691902,-0.135601341638716,
2019-09-24,2019-09-27,BTC,CME Bitcoin,4178,0.00526567735758736,-0.0138822403063667,-0.205600765916707,
2019-10-01,2019-10-04,BTC,CME Bitcoin,3348,0.0176224611708483,0.0116487455197133,-0.228494623655914,
2019-10-08,2019-10-11,BTC,CME Bitcoin,3335,0.0176911544227886,0.000599700149925037,-0.250974512743628,
2019-10-15,2019-10-18,BTC,CME Bitcoin,3444,0.0171312427409988,0.0177119628339141,-0.245354239256678,
2019-10-22,2019-10-25,BTC,CME Bitcoin,3093,0.0190753313934691,0.0426770126091174,-0.247009376010346,
2019-10-29,2019-11-01,BTC,CME Bitcoin,3155,0.010459587955626,0.0551505546751189,-0.335974643423138,
2019-11-05,2019-11-08,BTC,CME Bitcoin,3520,0.00909090909090909,0.0110795454545455,-0.319318181818182,
2019-11-12,2019-11-15,BTC,CME Bitcoin,3091,0.0103526366871563,-0.0142348754448399,-0.365901002911679,
2019-11-19,2019-11-22,BTC,CME Bitcoin,3157,0.0120367437440608,-0.0712701932214127,-0.270826734241368,
2019-11-26,2019-11-29,BTC,CME Bitcoin,3554,0.0106921778277997,-0.06809229037704,-0.144625773776027,
2019-12-03,2019-12-06,BTC,CME Bitcoin,2983,0.0439155212872947,-0.0546429768689239,-0.121689574254107,
2019-12-10,2019-12-13,BTC,CME Bitcoin,3232,0.0405321782178218,-0.0708539603960396,-0.215655940594059,
2019-12-17,2019-12-20,BTC,CME Bitcoin,3840,0.0348958333333333,-0.105729166666667,-0.226041666666667,
2019-12-24,2019-12-27,BTC,CME Bitcoin,3541,0.038689635696131,-0.0423609149957639,-0.304151369669585,
2019-12-31,2020-01-03,BTC,CME Bitcoin,3186,0.0430006277463905,-0.0872567482736974,-0.252040175768989,
2020-01-07,2020-01-10,BTC,CME Bitcoin,5400,0.00444444444444444,0.0012962962962963,-0.211851851851852,
2020-01-14,2020-01-17,BTC,CME Bitcoin,5405,0.00370027752081406,-0.00518038852913969,-0.120444033302498,0.0748791753463891
2020-01-21,2020-01-24,BTC,CME Bitcoin,5139,0.00389180774469741,-0.0505935006810664,-0.14224557306869,-0.00604537780561465
2020-01-28,2020-01-31,BTC,CME Bitcoin,4917,0.00406752084604434,-0.00955867398820419,-0.235916209070571,0.0717196405803087
2020-02-04,2020-02-07,BTC,CME Bitcoin,4367,0.00480879322189146,-0.0691550263338677,-0.389283260819785,-0.0232598606602323
2020-02-11,2020-02-14,BTC,CME Bitcoin,6106,0.00425810678021618,0.0358663609564363,-0.379299050114641,0.112870187320762
2020-02-18,2020-02-21,BTC,CME Bitcoin,6463,-0.0123781525607303,0.0128423332817577,-0.434163701067616,-0.00769897209302606
2020-02-25,2020-02-28,BTC,CME Bitcoin,5632,-0.0189985795454545,-0.00443892045454545,-0.485973011363636,-0.0902666853384915
2020-03-03,2020-03-06,BTC,CME Bitcoin,4837,-0.019226793467025,-0.00682241058507339,-0.556129832540831,-0.0605277503832813
2020-03-10,2020-03-13,BTC,CME Bitcoin,4368,0.00549450549450549,-0.056547619047619,-0.361950549450549,-0.103839331014816
2020-03-17,2020-03-20,BTC,CME Bitcoin,4474,0.0751005811354493,-0.0813589628967367,-0.232007152436299,-0.391298845343135
2020-03-24,2020-03-27,BTC,CME Bitcoin,3909,0.00920951650038373,-0.0440010232796112,-0.295471987720645,0.237117873694983
2020-03-31,2020-04-03,BTC,CME Bitcoin,3947,0.00912085127945275,-0.0190017734988599,-0.281986318723081,-0.0518020187095178
2020-04-07,2020-04-10,BTC,CME Bitcoin,5448,0.0066079295154185,0.00312041116005874,-0.220264317180617,0.113829697661711
2020-04-14,2020-04-17,BTC,CME Bitcoin,5538,0.00686168291802095,-0.0144456482484651,-0.169375225713254,-0.046109357422031
2020-04-21,2020-04-24,BTC,CME Bitcoin,5648,0.00672804532577904,-0.0173512747875354,-0.111898016997167,-0.00478504633852594
2020-04-28,2020-05-01,BTC,CME Bitcoin,6111,0.00376370479463263,0.0472917689412535,-0.221731304205531,0.124276613845623
2020-05-05,2020-05-08,BTC,CME Bitcoin,7784,-0.0143884892086331,0.0405960945529291,-0.122944501541624,0.15283183592909
2020-05-12,2020-05-15,BTC,CME Bitcoin,9939,-0.0258577321662139,0.017003722708522,-0.156353757923332,-0.0235580186012232
2020-05-19,2020-05-22,BTC,CME Bitcoin,10878,-0.0276705276705277,0.013697370840228,-0.124747196175768,0.103339861825718
2020-05-26,2020-05-29,BTC,CME Bitcoin,8722,-0.0310708553084155,0.0309562027058014,-0.103531300160514,-0.101461171647196
2020-06-02,2020-06-05,BTC,CME Bitcoin,8824,-0.0405711695376247,0.0236854034451496,-0.234360834088849,0.0747575590194671
2020-06-09,2020-06-12,BTC,CME Bitcoin,9565,-0.0518557239937271,0.0231050705697857,-0.208572922111866,0.026729710303476
2020-06-16,2020-06-19,BTC,CME Bitcoin,8784,-0.0528233151183971,0.0127504553734062,-0.220173041894353,-0.0258631090448844
2020-06-23,2020-06-26,BTC,CME Bitcoin,9330,-0.0495176848874598,0.0369774919614148,-0.255412647374062,0.0113445499573626
2020-06-30,2020-07-03,BTC,CME Bitcoin,7675,-0.0642345276872964,0.036742671009772,-0.293550488599349,-0.052653560974429
2020-07-07,2020-07-10,BTC,CME Bitcoin,8165,-0.0640538885486834,0.0518064911206369,-0.302388242498469,0.012610615042032
2020-07-14,2020-07-17,BTC,CME Bitcoin,8322,-0.0640471040615237,0.0227108868060562,-0.2267483777938,0.000209579963387441
2020-07-21,2020-07-24,BTC,CME Bitcoin,9230,-0.0577464788732394,0.0224268689057421,-0.210184182015168,0.0142724668444032
2020-07-28,2020-07-31,BTC,CME Bitcoin,13068,-0.044383226201408,-0.00290786654423018,-0.149984695439241,0.151323254021014
2020-08-04,2020-08-07,BTC,CME Bitcoin,12703,-0.0456585058647564,-0.0104699677241596,-0.109422970951744,0.0239342803665217
2020-08-11,2020-08-14,BTC,CME Bitcoin,13090,-0.0443086325439267,-0.0220779220779221,-0.10244461420932,0.0172652629747336
2020-08-18,2020-08-21,BTC,CME Bitcoin,14454,-0.040127300401273,-0.0199944651999447,-0.195793551957936,0.0485908901393959
2020-08-25,2020-08-28,BTC,CME Bitcoin,11615,-0.0499354283254412,0.0253981919931124,-0.112699095996556,-0.0543427996902839
2020-09-01,2020-09-04,BTC,CME Bitcoin,10617,-0.0508618253743995,0.0530281623810869,-0.242158801921447,0.0517695751048386
2020-09-08,2020-09-11,BTC,CME Bitcoin,8198,-0.0279336423517931,0.0269577945840449,-0.232129787753111,-0.162489448696178
2020-09-15,2020-09-18,BTC,CME Bitcoin,9383,0,0.0751358840456144,-0.256314611531493,0.0622039004903243
2020-09-22,2020-09-25,BTC,CME Bitcoin,8426,0,0.0323997151673392,-0.261096605744125,-0.0230873413941168
2020-09-29,2020-10-02,BTC,CME Bitcoin,7324,0,0.0678590933915893,-0.372200983069361,0.0297923107819091
2020-10-06,2020-10-09,BTC,CME Bitcoin,7511,0,0.0850752230062575,-0.359605911330049,-0.023647382787626
2020-10-13,2020-10-16,BTC,CME Bitcoin,9353,0,0.075056131722442,-0.302255960654336,0.074653489245657
2020-10-20,2020-10-23,BTC,CME Bitcoin,10896,0,0.0802129221732746,-0.292125550660793,0.0422346828483349
2020-10-27,2020-10-30,BTC,CME Bitcoin,12665,-0.02250296091591,0.0607974733517568,-0.280142123963679,0.134333846233051
2020-11-03,2020-11-06,BTC,CME Bitcoin,11278,-0.0586096825678312,0.0709345628657563,-0.321688242596205,0.0279610875142176
2020-11-10,2020-11-13,BTC,CME Bitcoin,11311,-0.0647157634161436,0.0729378481124569,-0.246132083812218,0.0861339483721153
2020-11-17,2020-11-20,BTC,CME Bitcoin,11509,-0.0636023981232079,0.0730732470240681,-0.242592753497263,0.144873569830658
2020-11-24,2020-11-27,BTC,CME Bitcoin,12336,-0.0521238651102464,0.0541504539559014,-0.358544098573281,0.0815457317906212
2020-12-01,2020-12-04,BTC,CME Bitcoin,11812,-0.0520656959024721,0.0529969522519472,-0.411953945140535,-0.0197556076481362
2020-12-08,2020-12-11,BTC,CME Bitcoin,11750,-0.0278297872340426,0.0453617021276596,-0.424595744680851,-0.0253861548919811
2020-12-15,2020-12-18,BTC,CME Bitcoin,11370,-0.0159190853122252,0.0409850483729112,-0.418293755496922,0.0594792650047573
2020-12-21,2020-12-24,BTC,CME Bitcoin,12603,-0.0073791954296596,0.0430849797667222,-0.473141315559787,0.164174433412503
2020-12-29,2021-01-01,BTC,CME Bitcoin,10653,-0.0116399136393504,0.0551957195156294,-0.449356988641697,0.139311323577861
2021-01-05,2021-01-08,BTC,CME Bitcoin,11296,-0.0200956090651558,0.0673689801699717,-0.488137393767705,0.2180924992272
2021-01-12,2021-01-15,BTC,CME Bitcoin,12039,-0.035717252263477,0.0608854556026248,-0.456433258576294,0.00112542937189986
2021-01-19,2021-01-22,BTC,CME Bitcoin,11945,-0.0247802427794056,0.043197990791126,-0.435998325659272,0.0525743432820391
2021-01-26,2021-01-29,BTC,CME Bitcoin,10787,-0.0164086400296653,0.00769444701956058,-0.40660053768425,-0.0994559707475862
2021-02-02,2021-02-05,BTC,CME Bitcoin,9469,-0.00253458654556975,-0.00517478086387158,-0.442813391065582,0.0889134409180841
2021-02-09,2021-02-12,BTC,CME Bitcoin,11055,-0.016010854816825,0.00750791497060154,-0.482315694255993,0.268900001792245
2021-02-16,2021-02-19,BTC,CME Bitcoin,11426,-0.0171538596184141,-8.75196919306844e-05,-0.476894801330299,0.0557180739729297
2021-02-23,2021-02-26,BTC,CME Bitcoin,10572,-0.0124858115777526,-0.0224177071509648,-0.473514945138101,-0.00522445960124962
2021-03-02,2021-03-05,BTC,CME Bitcoin,8068,0.0296232027764006,-0.0396628656420426,-0.471740208230045,-0.00845183997702392
2021-03-09,2021-03-12,BTC,CME Bitcoin,8785,0.0262948207171315,-0.0327831531018782,-0.465907797381901,0.124781056446281
2021-03-16,2021-03-19,BTC,CME Bitcoin,9335,0.0283877878950187,-0.0170326727370112,-0.49887520085699,0.0353452935610612
2021-03-23,2021-03-26,BTC,CME Bitcoin,9897,0.0373850661816712,-0.0106092755380418,-0.463978983530363,-0.0460734893380685
2021-03-30,2021-04-02,BTC,CME Bitcoin,9322,0.0268182793391976,-0.0193091611242223,-0.515876421368805,0.0788071694738779
2021-04-06,2021-04-09,BTC,CME Bitcoin,9865,0.0240243284338571,-0.0166244298023315,-0.506436898124683,-0.0135879300389057
2021-04-13,2021-04-16,BTC,CME Bitcoin,9653,0.0253807106598985,0.00269346317207086,-0.482233502538071,0.091649571079861
2021-04-20,2021-04-23,BTC,CME Bitcoin,8817,0.0486560054440286,-0.0206419417035273,-0.464216853805149,-0.118357762077082
2021-04-27,2021-04-30,BTC,CME Bitcoin,8429,0.0531498398386523,-0.0593190176770673,-0.412029896784909,-0.0255234697056679
2021-05-04,2021-05-07,BTC,CME Bitcoin,8306,0.0490007223693715,-0.0751264146400193,-0.356730074644835,-0.0335765160047643
2021-05-11,2021-05-14,BTC,CME Bitcoin,8259,0.048795253662671,-0.0645356580699843,-0.373168664487226,0.0636375358601011
2021-05-18,2021-05-21,BTC,CME Bitcoin,9160,0.0519650655021834,-0.0795851528384279,-0.30796943231441,-0.280010237346897
2021-05-25,2021-05-28,BTC,CME Bitcoin,8893,0.0279995502080288,-0.0277746542224221,-0.392106150905206,-0.11111657525978
2021-06-01,2021-06-04,BTC,CME Bitcoin,7318,0.0113418966930855,-0.0289696638425799,-0.391910358021317,-0.0448767982455855
2021-06-08,2021-06-11,BTC,CME Bitcoin,7566,0.00713719270420301,-0.0471847739888977,-0.324742268041237,-0.0935793866633219
2021-06-15,2021-06-18,BTC,CME Bitcoin,7528,0.00982996811902232,-0.0148777895855473,-0.330366631243358,0.183961719689561
2021-06-22,2021-06-25,BTC,CME Bitcoin,7914,0.0138994187515795,-0.0404346727318676,-0.298711144806672,-0.210807642536693
2021-06-29,2021-07-02,BTC,CME Bitcoin,6788,0.018856806128462,-0.0104596346493813,-0.304360636417207,0.0991748437166056
2021-07-06,2021-07-09,BTC,CME Bitcoin,6889,0.023660908695021,0.00101611264334446,-0.318043257366817,-0.0479908896318175
2021-07-13,2021-07-16,BTC,CME Bitcoin,7129,0.0270725206901389,0.00701360639640903,-0.312386028896058,-0.0448286932374167
2021-07-20,2021-07-23,BTC,CME Bitcoin,8283,0.026681154171194,-0.00507062658457081,-0.239768199927562,-0.0935138547909311
2021-07-27,2021-07-30,BTC,CME Bitcoin,7802,0.0115355037169956,0.0421686746987952,-0.261599589848757,0.28091854844148
2021-08-03,2021-08-06,BTC,CME Bitcoin,6408,0.0246566791510612,0.0638264669163546,-0.43898252184769,-0.0328236769275829
2021-08-10,2021-08-13,BTC,CME Bitcoin,6769,0.0339784310828778,0.0522972374058207,-0.460629339636579,0.176840663320073
2021-08-17,2021-08-20,BTC,CME Bitcoin,7363,0.0320521526551677,0.0490289284259134,-0.441396170039386,-0.0199759192693669
2021-08-24,2021-08-27,BTC,CME Bitcoin,7515,0.0188955422488357,0.0510978043912176,-0.437258815701929,0.0648968052307737
2021-08-31,2021-09-03,BTC,CME Bitcoin,6362,0.0293932725558001,0.0521848475322226,-0.469506444514304,-0.0120100278383664
2021-09-07,2021-09-10,BTC,CME Bitcoin,6659,0.0211743505030785,0.0364919657606247,-0.49647094158282,-0.00495622904799298
2021-09-14,2021-09-17,BTC,CME Bitcoin,6620,0.0244712990936556,0.00770392749244713,-0.410271903323263,0.00525523424127705
2021-09-21,2021-09-24,BTC,CME Bitcoin,7348,0.0292596624931954,0.0065323897659227,-0.403919433859554,-0.145862635057258
2021-09-28,2021-10-01,BTC,CME Bitcoin,7039,0.0475919874982242,0.0207415826111664,-0.513993464980821,0.00728930851833454
2021-10-05,2021-10-08,BTC,CME Bitcoin,8886,-0.00337609723160027,0.00990321854602746,-0.482106684672519,0.227079369064473
2021-10-12,2021-10-15,BTC,CME Bitcoin,10918,-0.0480857299871771,0.0344385418574831,-0.431855651218172,0.083932113837438
2021-10-19,2021-10-22,BTC,CME Bitcoin,13605,-0.056890848952591,0.0356486585814039,-0.459022418228592,0.138053830185656
2021-10-26,2021-10-29,BTC,CME Bitcoin,16671,-0.0572851058724732,0.0767800371903305,-0.374182712494751,-0.0636897952979751
2021-11-02,2021-11-05,BTC,CME Bitcoin,13512,-0.064757252812315,0.30461811722913,-0.420737122557726,0.0476061010665632
2021-11-09,2021-11-12,BTC,CME Bitcoin,13821,-0.0604876637001664,0.306056001736488,-0.438173793502641,0.0565929603777455
2021-11-16,2021-11-19,BTC,CME Bitcoin,13648,-0.0400791324736225,0.319460726846424,-0.435668229777257,-0.108071416205659
2021-11-23,2021-11-26,BTC,CME Bitcoin,14357,-0.0499407954308003,0.323535557567737,-0.323814167305147,-0.0430038122584371
2021-11-30,2021-12-03,BTC,CME Bitcoin,13197,-0.0567553231795105,0.380692581647344,-0.411987572933242,-0.00996827776550013
2021-12-07,2021-12-10,BTC,CME Bitcoin,13242,-0.045536927956502,0.385742334994714,-0.460504455520314,-0.118207511336822
2021-12-14,2021-12-17,BTC,CME Bitcoin,13518,-0.031587512945702,0.368471667406421,-0.416185826305667,-0.0464711731968457
2021-12-21,2021-12-24,BTC,CME Bitcoin,12852,-0.0110488639900405,0.37962962962963,-0.441798941798942,0.011838799621831
2021-12-28,2021-12-31,BTC,CME Bitcoin,12468,-0.00649663137632339,0.376564003849856,-0.453240295155598,-0.0282294601142627
2022-01-04,2022-01-07,BTC,CME Bitcoin,10563,0.00586954463694026,0.439363817097416,-0.507052920571807,-0.0370096326291858
2022-01-11,2022-01-14,BTC,CME Bitcoin,10855,0.0128972823583602,0.410041455550438,-0.52464302164901,-0.0697037307193629
2022-01-18,2022-01-21,BTC,CME Bitcoin,11468,0.0148238576909662,0.381409138472271,-0.509504708754796,-0.00873459708720503
2022-01-25,2022-01-28,BTC,CME Bitcoin,11756,0.00102075535896563,0.384569581490303,-0.514375637972099,-0.135938719583047
2022-02-01,2022-02-04,BTC,CME Bitcoin,9948,0.0156815440289505,0.485826296743064,-0.549658222758343,0.0458601351253858
2022-02-08,2022-02-11,BTC,CME Bitcoin,9886,0.00829455796075258,0.526097511632612,-0.537730123406838,0.12976467729305
2022-02-15,2022-02-18,BTC,CME Bitcoin,10646,0.000187863986473793,0.507232763479241,-0.497182040202893,0.0111378882821018
2022-02-22,2022-02-25,BTC,CME Bitcoin,11007,0.00163532297628782,0.4727900427001,-0.534023803034433,-0.152974544150728
2022-03-01,2022-03-04,BTC,CME Bitcoin,9980,0.00120240480961924,0.502905811623247,-0.527354709418838,0.149900161138524
2022-03-08,2022-03-11,BTC,CME Bitcoin,9591,-0.00583880721509749,0.517985611510791,-0.549264935877385,-0.137245462834937
2022-03-15,2022-03-18,BTC,CME Bitcoin,10198,-0.00460874681310061,0.495685428515395,-0.542263188860561,0.0143218310227802
2022-03-22,2022-03-25,BTC,CME Bitcoin,11274,-0.00496718112471173,0.48545325527763,-0.500975696292354,0.0754575012148688
2022-03-29,2022-04-01,BTC,CME Bitcoin,12024,-0.0697771124417831,0.515469061876248,-0.444527611443779,0.113047990517641
2022-04-05,2022-04-08,BTC,CME Bitcoin,11374,-0.0921399683488658,0.530947775628627,-0.456743449973624,-0.0419116436774196
2022-04-12,2022-04-15,BTC,CME Bitcoin,10632,-0.0678141459744169,0.498777276147479,-0.496613995485327,-0.126882648877446
2022-04-19,2022-04-22,BTC,CME Bitcoin,11276,-0.0662468960624335,0.500532103582831,-0.44625753813409,0.0348618236449489
2022-04-26,2022-04-29,BTC,CME Bitcoin,10709,-0.0474367354561584,0.525165748435895,-0.47604818377066,-0.0852390278271979
2022-05-03,2022-05-06,BTC,CME Bitcoin,10051,-0.036712764899015,0.514675156700826,-0.53109143368819,-0.0102447908847552
2022-05-10,2022-05-13,BTC,CME Bitcoin,10841,-0.0478738123789318,0.447098976109215,-0.49155981920487,-0.196069443973125
2022-05-17,2022-05-20,BTC,CME Bitcoin,11644,-0.0747165922363449,0.433442116111302,-0.539161800068705,-0.0193372153456703
2022-05-24,2022-05-27,BTC,CME Bitcoin,11729,-0.0975360218262426,0.410947224827351,-0.437633216813028,-0.0263501537573685
2022-05-31,2022-06-03,BTC,CME Bitcoin,10900,-0.135688073394495,0.458165137614679,-0.488623853211009,0.071191560397974
2022-06-07,2022-06-10,BTC,CME Bitcoin,10990,-0.146678798908098,0.455050045495905,-0.459963603275705,-0.0217170795229453
2022-06-14,2022-06-17,BTC,CME Bitcoin,12242,-0.135925502368894,0.433834340793988,-0.427054402875347,-0.341718510583902
2022-06-21,2022-06-24,BTC,CME Bitcoin,13537,-0.143901898500406,0.413681022383098,-0.418039447440349,-0.0661211745786208
2022-06-28,2022-07-01,BTC,CME Bitcoin,13707,-0.134967534836215,0.396731596994237,-0.373458816663019,-0.0214612108222951
2022-07-05,2022-07-08,BTC,CME Bitcoin,13258,-0.143762256750641,0.373585759541409,-0.395006788354201,-0.00516656703090135
2022-07-12,2022-07-15,BTC,CME Bitcoin,13505,-0.145945945945946,0.350018511662347,-0.361717882265827,-0.0429610078971336
2022-07-19,2022-07-22,BTC,CME Bitcoin,14512,-0.140986769570011,0.347023153252481,-0.378721058434399,0.191990843197519
2022-07-26,2022-07-29,BTC,CME Bitcoin,14957,-0.141271645383433,0.363843016647723,-0.309554054957545,-0.0958653213617104
2022-08-02,2022-08-05,BTC,CME Bitcoin,12849,-0.160245933535684,0.476690793057826,-0.378317378784341,0.078359330672388
2022-08-09,2022-08-12,BTC,CME Bitcoin,12510,-0.146362909672262,0.497042366107114,-0.361870503597122,0.00712478359809054
2022-08-16,2022-08-19,BTC,CME Bitcoin,12423,-0.137325927714723,0.494727521532641,-0.370039442968687,0.0299842356362916
2022-08-23,2022-08-26,BTC,CME Bitcoin,13302,-0.143512253796422,0.392722898812209,-0.353179972936401,-0.102784720475702
2022-08-30,2022-09-02,BTC,CME Bitcoin,14440,-0.129847645429363,0.305609418282548,-0.275623268698061,-0.083099544539678
2022-09-06,2022-09-09,BTC,CME Bitcoin,15337,-0.124535437178066,0.228401903892547,-0.230423159679207,-0.0529140600036264
2022-09-13,2022-09-16,BTC,CME Bitcoin,13089,-0.157536863014745,0.325387730155092,-0.276950110780044,0.0710653327912443
2022-09-20,2022-09-23,BTC,CME Bitcoin,13880,-0.172478386167147,0.292291066282421,-0.277449567723343,-0.0665412776592955
2022-09-27,2022-09-30,BTC,CME Bitcoin,14271,-0.173008198444398,0.316375867143157,-0.314624062784668,0.0108047928660238
2022-10-04,2022-10-07,BTC,CME Bitcoin,14230,-0.166057624736472,0.345115952213633,-0.386015460295151,0.0640235887915637
2022-10-11,2022-10-14,BTC,CME Bitcoin,15756,-0.146420411271896,0.28027418126428,-0.282432089362782,-0.0652160571785814
2022-10-18,2022-10-21,BTC,CME Bitcoin,14228,-0.16235591790835,0.339752600506044,-0.360416080967107,0.0142093114580799
2022-10-25,2022-10-28,BTC,CME Bitcoin,14854,-0.140904806786051,0.367712400700148,-0.292850410663794,0.0382480430624721
2022-11-01,2022-11-04,BTC,CME Bitcoin,12183,-0.183124025281129,0.43954690962817,-0.292949191496347,0.0194682328010671
2022-11-08,2022-11-11,BTC,CME Bitcoin,14439,-0.167324606967241,0.334579957060738,-0.210540896183946,-0.0982174463186549
2022-11-15,2022-11-18,BTC,CME Bitcoin,17901,-0.122507122507123,0.239651416122004,-0.205966147142618,-0.0937222706019778
2022-11-22,2022-11-25,BTC,CME Bitcoin,18354,-0.1458537648469,0.225400457665904,-0.159583741963605,-0.0405168295171947
2022-11-29,2022-12-02,BTC,CME Bitcoin,16832,-0.16777566539924,0.251722908745247,-0.223621673003802,0.0130354075499959
2022-12-06,2022-12-09,BTC,CME Bitcoin,15769,-0.187646648487539,0.318663199949268,-0.222588623248145,0.0383719082846774
2022-12-13,2022-12-16,BTC,CME Bitcoin,13989,-0.242261777110587,0.392236757452284,-0.107298591750661,0.0393815826028341
2022-12-20,2022-12-23,BTC,CME Bitcoin,14563,-0.239099086726636,0.35233125042917,-0.118794204490833,-0.0505294282565725
2022-12-27,2022-12-30,BTC,CME Bitcoin,16028,-0.211317694035438,0.310207137509359,-0.119915148490142,-0.0112549734336227
2023-01-03,2023-01-06,BTC,CME Bitcoin,14530,-0.230075705437027,0.33331039229181,-0.082381280110117,-0.0017909451912157
2023-01-10,2023-01-13,BTC,CME Bitcoin,14891,-0.219595728963804,0.358068632059633,-0.0936807467597878,0.04486172831818
2023-01-17,2023-01-20,BTC,CME Bitcoin,15885,-0.215234497954045,0.423103556814605,-0.0754800125904942,0.192341360935771
2023-01-24,2023-01-27,BTC,CME Bitcoin,17390,-0.232432432432432,0.437492811960897,-0.117136285221392,0.0678329610801125
2023-01-31,2023-02-03,BTC,CME Bitcoin,17542,-0.313818264736062,0.461235891004446,-0.0865351727283092,0.0217435809824007
2023-02-07,2023-02-10,BTC,CME Bitcoin,16843,-0.327970076589681,0.456747610283204,-0.0840705337528944,0.00479084830593912
2023-02-14,2023-02-17,BTC,CME Bitcoin,15158,-0.32603245810793,0.469389101464573,-0.128776883493865,-0.0455843405706435
2023-02-21,2023-02-24,BTC,CME Bitcoin,16501,-0.302830131507181,0.444579116417187,-0.108538876431731,0.0965564346853771
2023-02-28,2023-03-03,BTC,CME Bitcoin,15161,-0.314689004683068,0.448980937932854,-0.104148802849416,-0.0553406964419523
2023-03-07,2023-03-10,BTC,CME Bitcoin,12821,-0.294126823180719,0.47640589657593,-0.227205366196085,-0.0413806163435577
2023-03-14,2023-03-17,BTC,CME Bitcoin,13472,-0.265439429928741,0.416122327790974,-0.259501187648456,0.103273319364414
2023-03-21,2023-03-24,BTC,CME Bitcoin,14049,-0.214036586233896,0.473770375115667,-0.30336678767172,0.131349261036462
2023-03-28,2023-03-31,BTC,CME Bitcoin,14409,-0.241654521479631,0.430841834964258,-0.21306128114373,-0.029557891548734
2023-04-04,2023-04-07,BTC,CME Bitcoin,13380,-0.253587443946188,0.469357249626308,-0.248804185351271,0.0334238878714377
2023-04-11,2023-04-14,BTC,CME Bitcoin,15977,-0.227702322088002,0.456531263691557,-0.219002315829004,0.0697391663157987
2023-04-18,2023-04-21,BTC,CME Bitcoin,15385,-0.227819304517387,0.441468963275918,-0.239454013649659,0.00525355806130001
2023-04-25,2023-04-28,BTC,CME Bitcoin,14064,-0.183944823663254,0.437286689419795,-0.311149032992036,-0.0706536709512022
2023-05-02,2023-05-05,BTC,CME Bitcoin,12521,-0.181375289513617,0.496685568245348,-0.344700902483827,0.0112655047520906
2023-05-09,2023-05-12,BTC,CME Bitcoin,13102,-0.147076782170661,0.479468783391849,-0.37261486795909,-0.0364126546696681
2023-05-16,2023-05-19,BTC,CME Bitcoin,13043,-0.146515372230315,0.473817373303688,-0.362263282987043,-0.0206657909023882
2023-05-23,2023-05-26,BTC,CME Bitcoin,13043,-0.144981982672698,0.474814076516139,-0.375220424748907,0.00705055115808761
2023-05-30,2023-06-02,BTC,CME Bitcoin,11715,-0.175672215108835,0.537259923175416,-0.407511737089202,0.0173343417342888
2023-06-06,2023-06-09,BTC,CME Bitcoin,13026,-0.125748502994012,0.447566405650238,-0.401351143866114,-0.016441763483158
2023-06-13,2023-06-16,BTC,CME Bitcoin,13251,-0.119387216059165,0.431514602671496,-0.43581616481775,-0.0488240719446775
2023-06-20,2023-06-23,BTC,CME Bitcoin,15687,-0.156371517817301,0.400267737617135,-0.367884235354115,0.0871352135226946
2023-06-27,2023-06-30,BTC,CME Bitcoin,18829,-0.209092357533592,0.400074353391046,-0.226565404429338,0.0833406510092889
2023-07-03,2023-07-06,BTC,CME Bitcoin,17008,-0.207255409219191,0.484536688617121,-0.30032925682032,0.040863802754453
2023-07-11,2023-07-14,BTC,CME Bitcoin,16302,-0.206293706293706,0.496319470003681,-0.352226720647773,-0.0100198397544187
2023-07-18,2023-07-21,BTC,CME Bitcoin,15455,-0.22969912649628,0.572306696861857,-0.410417340666451,-0.0227342339990795
2023-07-25,2023-07-28,BTC,CME Bitcoin,16017,-0.210963351439096,0.530873446962602,-0.399825185740151,-0.0185956090587247
2023-08-01,2023-08-04,BTC,CME Bitcoin,14860,-0.194952893674293,0.545020188425303,-0.447240915208614,0.0175392154975018
2023-08-08,2023-08-11,BTC,CME Bitcoin,16743,-0.226064624021979,0.519500686854208,-0.389834557725617,0.000905650484430254
2023-08-15,2023-08-18,BTC,CME Bitcoin,15432,-0.24267755313634,0.548924313115604,-0.42528512182478,-0.0205367035222324
2023-08-22,2023-08-25,BTC,CME Bitcoin,17262,-0.142915073572008,0.408469470513266,-0.428223844282238,-0.113631310538612
2023-08-29,2023-09-01,BTC,CME Bitcoin,16172,-0.13727430126144,0.421840217660153,-0.465557754142963,0.0623501737117245
2023-09-05,2023-09-08,BTC,CME Bitcoin,14962,-0.104063627857238,0.406696965646304,-0.473532950140356,-0.0718555682844819
2023-09-12,2023-09-15,BTC,CME Bitcoin,15423,-0.0744991246839136,0.389288724632043,-0.490241846592751,0.00206874333584928
2023-09-19,2023-09-22,BTC,CME Bitcoin,16670,-0.0894421115776845,0.39244151169766,-0.485902819436113,0.0518099177435314
2023-09-26,2023-09-29,BTC,CME Bitcoin,14844,-0.096065750471571,0.409256265157639,-0.446375639989221,-0.0376491913565573
2023-10-03,2023-10-06,BTC,CME Bitcoin,14447,-0.17103897002838,0.464663944071434,-0.428601093652661,0.0455102722341323
2023-10-10,2023-10-13,BTC,CME Bitcoin,14683,-0.147858067152489,0.46890962337397,-0.488183613702922,-0.0014704187521577
2023-10-17,2023-10-20,BTC,CME Bitcoin,16561,-0.145884910331502,0.435782863353662,-0.474186341404505,0.0364814910242934
2023-10-24,2023-10-27,BTC,CME Bitcoin,19678,-0.156875698749873,0.424738286411221,-0.404156926516922,0.177387087281744
2023-10-31,2023-11-03,BTC,CME Bitcoin,19603,-0.207825332857216,0.468346681630363,-0.359230729990308,0.0211162016862509
2023-11-07,2023-11-10,BTC,CME Bitcoin,21749,-0.209526874798841,0.472113660398179,-0.34052140328291,0.022023179727011
2023-11-14,2023-11-17,BTC,CME Bitcoin,21203,-0.221902560958355,0.513417912559543,-0.314908267697967,0.0038601838128578
2023-11-21,2023-11-24,BTC,CME Bitcoin,21939,-0.245043073977848,0.49860978166735,-0.34377136606044,0.00570111137824725
2023-11-28,2023-12-01,BTC,CME Bitcoin,23027,-0.248925174794806,0.497155513093325,-0.383202327702263,0.0560768278482318
2023-12-05,2023-12-08,BTC,CME Bitcoin,23035,-0.251443455611027,0.509442153245062,-0.353592359453006,0.153121547884989
2023-12-12,2023-12-15,BTC,CME Bitcoin,21211,-0.262033850360662,0.540710008957616,-0.385224647588515,-0.0606620306201595
2023-12-19,2023-12-22,BTC,CME Bitcoin,23239,-0.237919015448169,0.499419079994836,-0.397091096863032,0.0188256055961684
2023-12-26,2023-12-29,BTC,CME Bitcoin,22526,-0.21597265382225,0.526591494273284,-0.436429015360028,0.00573177389875745
2024-01-02,2024-01-05,BTC,CME Bitcoin,23579,-0.211416938801476,0.539632724034098,-0.436786971457653,0.0560564246986548
2024-01-09,2024-01-12,BTC,CME Bitcoin,26846,-0.199471057140729,0.534120539372718,-0.425352007747895,0.0252879747438399
2024-01-16,2024-01-19,BTC,CME Bitcoin,23286,-0.133900197543588,0.5500730052392,-0.422356780898394,-0.0669198655826602
2024-01-23,2024-01-26,BTC,CME Bitcoin,22815,-0.106465044926583,0.542844619767697,-0.366250273942582,-0.0781130076515666
2024-01-30,2024-02-02,BTC,CME Bitcoin,20679,-0.155181585183036,0.618646936505634,-0.458484452826539,0.0737973936525353
2024-02-06,2024-02-09,BTC,CME Bitcoin,20897,-0.157056036751687,0.588122697037852,-0.445709910513471,0.003439498769648
2024-02-13,2024-02-16,BTC,CME Bitcoin,24769,-0.142880213169688,0.533731680729945,-0.408736727360814,0.142718112506836
2024-02-20,2024-02-23,BTC,CME Bitcoin,25530,-0.143556600078339,0.536231884057971,-0.402546024285155,0.0500005484977919
2024-02-27,2024-03-01,BTC,CME Bitcoin,25229,-0.138649966308613,0.545166276903563,-0.431883943081375,0.0881128661272079
2024-03-05,2024-03-08,BTC,CME Bitcoin,27747,-0.0961545392294662,0.559736187695967,-0.447219519227304,0.110599649531844
2024-03-12,2024-03-15,BTC,CME Bitcoin,30398,-0.0677018224883216,0.607671557339299,-0.509046647805777,0.11415164971034
2024-03-19,2024-03-22,BTC,CME Bitcoin,33196,-0.067026147728642,0.529371008555248,-0.432853355826003,-0.142979574121563
2024-03-26,2024-03-29,BTC,CME Bitcoin,31238,-0.0548050451373327,0.598501824700685,-0.515461937383955,0.122344309370439
2024-04-02,2024-04-05,BTC,CME Bitcoin,29745,-0.0671037149100689,0.636375861489326,-0.540628677088586,-0.0668347973565862
2024-04-09,2024-04-12,BTC,CME Bitcoin,29074,-0.0891862144871707,0.654846254385361,-0.550870193299856,0.0543606201527371
2024-04-16,2024-04-19,BTC,CME Bitcoin,29526,-0.0911738806475649,0.618641197588566,-0.514224751066856,-0.0801999226204817
2024-04-23,2024-04-26,BTC,CME Bitcoin,27932,-0.0959114993555778,0.66207217528283,-0.590469712158098,0.0402264532122061
2024-04-30,2024-05-03,BTC,CME Bitcoin,24795,-0.07884654164146,0.663883847549909,-0.583343416011293,-0.0906945762173645
2024-05-07,2024-05-10,BTC,CME Bitcoin,26155,-0.0948193462053145,0.641521697572166,-0.581953737335118,0.027016441927648
2024-05-14,2024-05-17,BTC,CME Bitcoin,27077,-0.0794031835136832,0.605163053514053,-0.577833585700041,-0.012153375877892
2024-05-21,2024-05-24,BTC,CME Bitcoin,30694,-0.0948068026324363,0.587346061119437,-0.548054994461458,0.130471222166314
2024-05-28,2024-05-31,BTC,CME Bitcoin,30255,-0.0874896711287391,0.589026607172368,-0.563576268385391,-0.025529195929499
2024-06-04,2024-06-07,BTC,CME Bitcoin,31086,-0.0877887151772502,0.575532394003732,-0.577430354500418,0.0311518176505974
2024-06-11,2024-06-14,BTC,CME Bitcoin,30503,-0.0842867914631348,0.586532472215848,-0.578402124381208,-0.046755226017126
2024-06-18,2024-06-21,BTC,CME Bitcoin,30627,-0.0844026512554282,0.563457080353936,-0.557384007575015,-0.0324496454546335
2024-06-25,2024-06-28,BTC,CME Bitcoin,30171,-0.0862748997381592,0.560306254350204,-0.561366875476451,-0.0529998538351357
2024-07-02,2024-07-05,BTC,CME Bitcoin,27063,-0.0938181280715368,0.620699848501644,-0.619702176403207,0.00485466538183488
2024-07-09,2024-07-12,BTC,CME Bitcoin,28241,-0.0971282886583336,0.606635742360398,-0.629439467440955,-0.0673903100948383
2024-07-16,2024-07-19,BTC,CME Bitcoin,31183,-0.0882211461373184,0.620305935926627,-0.602988808004361,0.113850888890585
2024-07-23,2024-07-26,BTC,CME Bitcoin,32435,-0.0803453059966086,0.61051333436103,-0.575736087559735,0.0134280575492909
2024-07-30,2024-08-02,BTC,CME Bitcoin,28605,-0.110295402901591,0.668554448522986,-0.61503233700402,0.00353611255549779
2024-08-06,2024-08-09,BTC,CME Bitcoin,27535,-0.119665879789359,0.620337751952061,-0.626293807880879,-0.166284699105882
2024-08-13,2024-08-16,BTC,CME Bitcoin,27874,-0.121295831240583,0.646121833967138,-0.620219559446079,0.0782834220347528
2024-08-20,2024-08-23,BTC,CME Bitcoin,29630,-0.112656091798853,0.613027337158286,-0.578164022949713,-0.0264140684497143
2024-08-27,2024-08-30,BTC,CME Bitcoin,29817,-0.115739343327632,0.627125465338565,-0.601401884830801,0.00689604044131187
2024-09-03,2024-09-06,BTC,CME Bitcoin,26859,-0.111247626493913,0.643843776760118,-0.62146766447001,-0.0332541131436006
2024-09-10,2024-09-13,BTC,CME Bitcoin,28157,-0.0995134424832191,0.633199559612175,-0.608658592889868,0.00278607512578866
2024-09-17,2024-09-20,BTC,CME Bitcoin,30995,-0.0885949346668818,0.363219874173254,-0.582319728988547,0.0453010299025678
2024-09-24,2024-09-27,BTC,CME Bitcoin,30542,-0.0914478423155,0.290354266256303,-0.610241634470565,0.0636101914159894
2024-10-01,2024-10-04,BTC,CME Bitcoin,28539,-0.10998983846666,0.308490136304706,-0.60762465398227,-0.0553891191736913
2024-10-08,2024-10-11,BTC,CME Bitcoin,29382,-0.103192430739909,0.315601388605269,-0.641481178953101,0.0212243746721352
2024-10-15,2024-10-18,BTC,CME Bitcoin,34494,0.213544384530643,0.277497535803328,-0.590943352467096,0.076611139212293
2024-10-22,2024-10-25,BTC,CME Bitcoin,33562,0.225552708420237,0.268368988737262,-0.603331148322508,0.00476252745216144
2024-10-29,2024-11-01,BTC,CME Bitcoin,33787,0.239648385473703,0.281942759049339,-0.619025068813449,0.0760799895235476
2024-11-05,2024-11-08,BTC,CME Bitcoin,32011,0.251507294367561,0.289494236356253,-0.601480740995283,-0.0468651659480894
2024-11-12,2024-11-15,BTC,CME Bitcoin,38531,0.258726739508448,0.263060911992941,-0.528379746178402,0.238033392154145
2024-11-19,2024-11-22,BTC,CME Bitcoin,41203,0.238793291750601,0.25352522874548,-0.488022716792467,0.0485910487208105
2024-11-26,2024-11-29,BTC,CME Bitcoin,40510,0.212071093557146,0.250777585781289,-0.474080473957048,-0.00441294856459074
2024-12-03,2024-12-06,BTC,CME Bitcoin,37021,0.261797358256125,0.273250317387429,-0.584938278274493,0.0418262189122434
2024-12-10,2024-12-13,BTC,CME Bitcoin,37588,0.264738746408428,0.267665212301798,-0.55831648398425,0.00751015960235613
2024-12-17,2024-12-20,BTC,CME Bitcoin,42524,0.268225002351613,0.249223967641802,-0.545503715548867,0.093514591852351
2024-12-24,2024-12-27,BTC,CME Bitcoin,37125,0.30230303030303,0.268983164983165,-0.56840404040404,-0.0735662224430342
2024-12-31,2025-01-03,BTC,CME Bitcoin,33893,0.329448558699436,0.288260112707639,-0.591980644970938,-0.054358652641934
2025-01-07,2025-01-10,BTC,CME Bitcoin,35079,0.318680692152,0.271929074374982,-0.604464209356025,0.0375813057126493
2025-01-14,2025-01-17,BTC,CME Bitcoin,35471,0.303318203602943,0.276817682050125,-0.601505455160554,-0.00445743584393909
2025-01-21,2025-01-24,BTC,CME Bitcoin,38556,0.301561365286856,0.275936300446104,-0.593137254901961,0.0951387732982383
2025-01-28,2025-01-31,BTC,CME Bitcoin,34317,0.332896232188128,0.277908908121339,-0.647434216277647,-0.0471505912659769
2025-02-04,2025-02-07,BTC,CME Bitcoin,32892,0.331843609388301,0.281132190198224,-0.638392314240545,-0.0350377381056184
2025-02-11,2025-02-14,BTC,CME Bitcoin,32949,0.317733466873046,0.267322225257216,-0.60951773953686,-0.0201019798914217
2025-02-18,2025-02-21,BTC,CME Bitcoin,33833,0.30789465906068,0.246593562498153,-0.584695415718381,-0.00246676826334991
2025-02-25,2025-02-28,BTC,CME Bitcoin,32060,0.304179663131628,0.256550218340611,-0.598845913911416,-0.0761221193642303
2025-03-04,2025-03-07,BTC,CME Bitcoin,28209,0.315998440214116,0.279733418412563,-0.655003722216314,-0.0141734425723197
2025-03-11,2025-03-14,BTC,CME Bitcoin,28545,0.292240322298126,0.256927658083727,-0.640077071290944,-0.0511949175874395
2025-03-18,2025-03-21,BTC,CME Bitcoin,30213,0.247542448614835,0.230364412670043,-0.594710886042432,-0.00248866989113949
2025-03-25,2025-03-28,BTC,CME Bitcoin,29036,0.269183083069293,0.261434081829453,-0.647885383661661,0.0545189397022021
2025-04-01,2025-04-04,BTC,CME Bitcoin,27069,0.248365288706639,0.273079906904577,-0.633233588237467,-0.0262115754864638
2025-04-08,2025-04-11,BTC,CME Bitcoin,26909,0.181091828012932,0.247129213274369,-0.518228102121967,-0.110196123538033
2025-04-15,2025-04-18,BTC,CME Bitcoin,27126,0.204674482046745,0.24850696748507,-0.532330605323306,0.0921455588207234
2025-04-22,2025-04-25,BTC,CME Bitcoin,28202,0.222714701085029,0.255336500957379,-0.574533721012694,0.111235556151907
2025-04-29,2025-05-02,BTC,CME Bitcoin,26966,0.233034191203738,0.282540977527257,-0.589557220203219,0.00852802526331153
2025-05-06,2025-05-09,BTC,CME Bitcoin,27971,0.215937935719138,0.26391619892031,-0.581888384398127,0.0266341074766849
2025-05-13,2025-05-16,BTC,CME Bitcoin,29070,0.222703818369453,0.281114551083591,-0.486377708978328,0.0728038591492641
2025-05-20,2025-05-23,BTC,CME Bitcoin,32033,0.223051228420691,0.265476227640246,-0.45924515343552,0.0256492284505114
2025-05-27,2025-05-30,BTC,CME Bitcoin,31964,0.245432361406582,0.273244900513077,-0.47744337379552,0.0192403461945272
2025-06-03,2025-06-06,BTC,CME Bitcoin,29758,0.247530075945964,0.273607097251159,-0.485382082129175,-0.0329248478035264
2025-06-10,2025-06-13,BTC,CME Bitcoin,30261,0.238491788110109,0.271372393509798,-0.500181752090149,0.0447584858982779
2025-06-17,2025-06-20,BTC,CME Bitcoin,30860,0.237621516526248,0.263253402462735,-0.486649384316267,-0.0516468998748749
2025-06-24,2025-06-27,BTC,CME Bitcoin,31352,0.23414774177086,0.26253508548099,-0.500223271242664,0.0138657353142886
2025-07-01,2025-07-04,BTC,CME Bitcoin,29388,0.218898870287192,0.271199128896148,-0.498196542806588,-0.00379338772457949
2025-07-08,2025-07-11,BTC,CME Bitcoin,29591,0.22145246865601,0.28518806393836,-0.500963130681626,0.0304812314182872
2025-07-15,2025-07-18,BTC,CME Bitcoin,31309,0.231594749113673,0.278961321025903,-0.458238845060526,0.0779422183245977
2025-07-22,2025-07-25,BTC,CME Bitcoin,30797,0.266616878267364,0.281618339448648,-0.486508426145404,0.0182829438966756
2025-07-29,2025-08-01,BTC,CME Bitcoin,28068,0.306327490380504,0.30454610232293,-0.563203648282742,-0.0174864955665921
2025-08-05,2025-08-08,BTC,CME Bitcoin,27561,0.268531620768477,0.288777620550778,-0.511519901309822,-0.0328778048616556
2025-08-12,2025-08-15,BTC,CME Bitcoin,27851,0.290330688305626,0.302969372733475,-0.560698000071811,0.0511925485677018
2025-08-19,2025-08-22,BTC,CME Bitcoin,28971,0.262158710434573,0.27482655068862,-0.511753132442788,-0.0622408213304197
2025-08-26,2025-08-29,BTC,CME Bitcoin,27481,0.289036061278702,0.289509115388814,-0.546049998180561,-0.00918683302335133
2025-09-02,2025-09-05,BTC,CME Bitcoin,26684,0.279118572927597,0.307262779193524,-0.574201768850247,-0.0053034612041607
2025-09-09,2025-09-12,BTC,CME Bitcoin,26930,0.265763089491274,0.291347939101374,-0.547753434831043,0.00272726710396043
2025-09-16,2025-09-19,BTC,CME Bitcoin,28844,0.26521980307863,0.286610733601442,-0.567501040077659,0.0462144654426719
2025-09-23,2025-09-26,BTC,CME Bitcoin,27809,0.245388183681542,0.283541299579273,-0.517566255528786,-0.0419852286665723
2025-09-30,2025-10-03,BTC,CME Bitcoin,26874,0.233571481729553,0.302336831137903,-0.516223859492446,0.0180235271948419
2025-10-07,2025-10-10,BTC,CME Bitcoin,29001,0.219268301093066,0.296541498569015,-0.484362608185925,0.0626128334261882
2025-10-14,2025-10-17,BTC,CME Bitcoin,28503,0.221976634038522,0.282180823071256,-0.47121355646774,-0.071246693282017
2025-10-21,2025-10-24,BTC,CME Bitcoin,28477,0.23190645081996,0.275380131334059,-0.491695052147347,-0.0426997536608713
2025-10-28,2025-10-31,BTC,CME Bitcoin,28717,0.25528432635721,0.276665389838771,-0.599749277431487,0.0415462314447002
2025-11-04,2025-11-07,BTC,CME Bitcoin,27093,0.242018233492046,0.257188203595025,-0.559849407596058,-0.1070433432825
2025-11-10,2025-11-13,BTC,CME Bitcoin,27544,0.246841417368574,0.269604995643334,-0.573990705779843,-0.00555865305542902
2025-11-18,2025-11-21,BTC,CME Bitcoin,27116,0.195640949992624,0.230417465702906,-0.500221271573978,-0.103139410906909
2025-11-25,2025-11-28,BTC,CME Bitcoin,26260,0.186100533130236,0.247524752475248,-0.524143183549124,-0.062034491281393
2025-12-02,2025-12-05,BTC,CME Bitcoin,24329,0.212503596530889,0.283036705166674,-0.58062394673024,0.0445233284317244
2025-12-09,2025-12-12,BTC,CME Bitcoin,24793,0.228209575283346,0.296535312386561,-0.599766063001654,0.0151000816800586
2025-12-16,2025-12-19,BTC,CME Bitcoin,24502,0.186923516447637,0.278548689902865,-0.511917394498408,-0.0536646009893715
2025-12-23,2025-12-26,BTC,CME Bitcoin,21988,0.205430234673458,0.284154993632891,-0.511688193560124,-0.00484345592637148
2025-12-30,2026-01-02,BTC,CME Bitcoin,20166,0.223147872656947,0.327134781315085,-0.541059208568878,0.0109158842668577
2026-01-06,2026-01-09,BTC,CME Bitcoin,22168,0.209942259112234,0.312387224828582,-0.529592204980152,0.0579138013003835
2026-01-13,2026-01-16,BTC,CME Bitcoin,23843,0.200687832906933,0.308224636161557,-0.533406031120245,0.0180525383795587
2026-01-20,2026-01-23,BTC,CME Bitcoin,24541,0.178884316042541,0.295505480624261,-0.470966953261888,-0.0767611614761741
2026-01-27,2026-01-30,BTC,CME Bitcoin,24276,0.19064096226726,0.299802273850717,-0.510627780523974,0.00937928444746561
2026-02-03,2026-02-06,BTC,CME Bitcoin,23044,0.176965804547822,0.273476826939767,-0.495790661343517,-0.163704789549366
2026-02-10,2026-02-13,BTC,CME Bitcoin,24157,0.13561286583599,0.269238729974749,-0.393219356708201,-0.0949757204272608
2026-02-17,2026-02-20,BTC,CME Bitcoin,23335,0.139318620098564,0.254467538032998,-0.380372830512106,-0.019782725872707
2026-02-24,2026-02-27,BTC,CME Bitcoin,22919,0.137484183428596,0.249487324926917,-0.359352502290676,-0.0513346777838528
2026-03-03,2026-03-06,BTC,CME Bitcoin,20302,0.179440449216826,0.296768791252093,-0.452911043246971,0.063966910164261
2026-03-10,2026-03-13,BTC,CME Bitcoin,21047,0.166912148999857,0.279897372547156,-0.459875516700717,0.0233998844784988
2026-03-17,2026-03-20,BTC,CME Bitcoin,23807,0.169908010249086,0.247238207249969,-0.456168353845508,0.0552261882163929
2026-03-24,2026-03-27,BTC,CME Bitcoin,23268,0.163701220560426,0.217809867629362,-0.358904933814681,-0.0469362612004289
2026-03-31,2026-04-03,BTC,CME Bitcoin,20631,0.187387911395473,0.232853472929087,-0.390286462120111,-0.0334015603835294
2026-04-07,2026-04-10,BTC,CME Bitcoin,22308,0.167025282409898,0.204993724224493,-0.377756858526089,0.05270426308795
2026-04-14,2026-04-17,BTC,CME Bitcoin,23761,0.176507722738942,0.221413240183494,-0.430916207230335,0.0213079038192774
2026-04-21,2026-04-24,BTC,CME Bitcoin,24994,0.182483796111067,0.214371449147795,-0.428982955909418,
2026-04-28,2026-05-01,BTC,CME Bitcoin,21692,0.210261847685783,0.25009219988936,-0.477595426885488,
2026-05-05,2026-05-08,BTC,CME Bitcoin,23402,0.190966584052645,0.264379112896334,-0.50158106144774,
2026-05-12,2026-05-15,BTC,CME Bitcoin,23535,0.164903335457829,0.246441470150839,-0.470363288718929,
2026-05-19,2026-05-22,BTC,CME Bitcoin,23000,0.176565217391304,0.209608695652174,-0.389608695652174,
2026-05-26,2026-05-29,BTC,CME Bitcoin,21625,0.188763005780347,0.201248554913295,-0.399260115606936,
2026-06-02,2026-06-05,BTC,CME Bitcoin,19882,0.17458002213057,0.156070817825168,-0.329846091942461,
2026-06-09,2026-06-12,BTC,CME Bitcoin,19776,0.186539239482201,0.146035598705502,-0.303145226537217,
2026-06-16,2026-06-19,BTC,CME Bitcoin,21125,0.189822485207101,0.118674556213018,-0.312757396449704,
2026-06-23,2026-06-26,BTC,CME Bitcoin,20554,0.196117544030359,0.125766274204534,-0.298238785637832,
2026-06-30,2026-07-03,BTC,CME Bitcoin,18336,0.246782286212914,0.109075043630017,-0.289757853403141,
2021-04-06,2021-04-09,ETH,CME Ether,1772,0,-0.031038374717833,-0.349887133182844,0.137040954147416
2021-04-13,2021-04-16,ETH,CME Ether,2017,0,-0.0158651462568171,-0.365889935547843,0.0847618900753266
2021-04-20,2021-04-23,ETH,CME Ether,2034,0,0.0132743362831858,-0.366764995083579,0.0143143389744989
2021-04-27,2021-04-30,ETH,CME Ether,2675,-0.0097196261682243,0.0224299065420561,-0.349158878504673,0.134424086945119
2021-05-04,2021-05-07,ETH,CME Ether,2416,0,0.027317880794702,-0.375827814569536,0.194581627892433
2021-05-11,2021-05-14,ETH,CME Ether,2843,-0.0147731269785438,-0.024621878297573,-0.339781920506507,0.253813115923382
2021-05-18,2021-05-21,ETH,CME Ether,2969,-0.0131357359380263,-0.0282923543280566,-0.313910407544628,-0.212787033194035
2021-05-25,2021-05-28,ETH,CME Ether,3665,0.00163710777626194,-0.0169167803547067,-0.285402455661664,-0.220729781641005
2021-06-01,2021-06-04,ETH,CME Ether,2819,0,-0.0227030862007804,-0.401915572898191,-0.0276654325538743
2021-06-08,2021-06-11,ETH,CME Ether,3527,-0.0113410830734335,-0.010490501842926,-0.373121633115963,-0.0486140551361309
2021-06-15,2021-06-18,ETH,CME Ether,3470,-0.0103746397694524,-0.0216138328530259,-0.36657060518732,0.0137339499232008
2021-06-22,2021-06-25,ETH,CME Ether,2896,-0.00863259668508287,-0.0435082872928177,-0.360151933701657,-0.302222217322832
2021-06-29,2021-07-02,ETH,CME Ether,2733,-0.0106110501280644,-0.0296377607025247,-0.347969264544457,0.141321659718484
2021-07-06,2021-07-09,ETH,CME Ether,3428,-0.0175029171528588,-0.0350058343057176,-0.432613768961494,0.0701064788845098
2021-07-13,2021-07-16,ETH,CME Ether,3252,-0.0101476014760148,-0.0436654366543665,-0.378843788437884,-0.179942212374754
2021-07-20,2021-07-23,ETH,CME Ether,3267,-0.00734618916437098,-0.0361187633914907,-0.413223140495868,-0.0823726590276586
2021-07-27,2021-07-30,ETH,CME Ether,3133,-0.00925630386211299,-0.01595914458985,-0.54995212256623,0.252617737998591
2021-08-03,2021-08-06,ETH,CME Ether,3501,-0.0125678377606398,-0.00742644958583262,-0.574121679520137,0.0864532220243541
2021-08-10,2021-08-13,ETH,CME Ether,3794,-0.0229309435951502,0.00210859251449657,-0.579072219293622,0.225171414481024
2021-08-17,2021-08-20,ETH,CME Ether,3989,-0.00300827275006267,-0.00651792429180246,-0.564051140636751,-0.0422813640687334
2021-08-24,2021-08-27,ETH,CME Ether,3796,0.0131717597471022,0.00184404636459431,-0.589567966280295,0.0516018107766492
2021-08-31,2021-09-03,ETH,CME Ether,4029,-0.00769421692727724,-0.000248200546041201,-0.564159841151651,0.0786176166965333
2021-09-07,2021-09-10,ETH,CME Ether,4272,0.00444756554307116,0.00632022471910112,-0.594101123595506,0.0014572063155871
2021-09-14,2021-09-17,ETH,CME Ether,4195,0.0302741358760429,0.0147794994040524,-0.628605482717521,2.70158639796847e-05
2021-09-21,2021-09-24,ETH,CME Ether,3972,0.0420443101711984,-0.0027693856998993,-0.60171198388721,-0.216814536156113
2021-09-28,2021-10-01,ETH,CME Ether,4296,0.0395716945996276,-0.0197858472998138,-0.510707635009311,0.0142667497012683
2021-10-05,2021-10-08,ETH,CME Ether,4736,0.0323057432432432,-0.00253378378378378,-0.559543918918919,0.225768285709127
2021-10-12,2021-10-15,ETH,CME Ether,4677,0.0440453282018388,0.0119734872781698,-0.515929014325422,-0.00719740535520152
2021-10-19,2021-10-22,ETH,CME Ether,5024,0.0455812101910828,0.0270700636942675,-0.452428343949045,0.105006388130942
2021-10-26,2021-10-29,ETH,CME Ether,5230,0.0673040152963671,0.0269598470363289,-0.493499043977055,0.0632686834566147
2021-11-02,2021-11-05,ETH,CME Ether,5155,0.0803103782735209,0.0259941804073715,-0.552473326867119,0.106188002395275
2021-11-09,2021-11-12,ETH,CME Ether,5354,0.0797534553604781,0.0231602540156892,-0.526335450130743,0.0297638146972279
2021-11-16,2021-11-19,ETH,CME Ether,5339,0.0859711556471249,0.00730473871511519,-0.513579321970406,-0.116923180684113
2021-11-23,2021-11-26,ETH,CME Ether,5244,0.0840961098398169,-0.0005720823798627,-0.481884057971014,0.0305708034956282
2021-11-30,2021-12-03,ETH,CME Ether,4981,0.104798233286489,-0.00762899016261795,-0.508933949006224,0.0651932463861229
2021-12-07,2021-12-10,ETH,CME Ether,4535,0.0297684674751929,-0.0108048511576626,-0.450496141124587,-0.0722330325077838
2021-12-14,2021-12-17,ETH,CME Ether,4910,0.0215885947046843,-0.0230142566191446,-0.318737270875764,-0.110737087154789
2021-12-21,2021-12-24,ETH,CME Ether,4903,0.0152967570874975,-0.0152967570874975,-0.372425045890271,0.0400163313864255
2021-12-28,2021-12-31,ETH,CME Ether,4554,0.0263504611330698,-0.0243741765480896,-0.412823891084761,-0.0570710785192805
2022-01-04,2022-01-07,ETH,CME Ether,3530,0.0430594900849858,-0.0192634560906516,-0.428328611898017,-0.00227824646722041
2022-01-11,2022-01-14,ETH,CME Ether,3880,0.0141752577319588,-0.0237113402061856,-0.354896907216495,-0.155335089543737
2022-01-18,2022-01-21,ETH,CME Ether,3868,0.00413650465356774,-0.0281799379524302,-0.413133402275078,-0.0248145316157604
2022-01-25,2022-01-28,ETH,CME Ether,4186,-0.00143334925943622,-0.0494505494505494,-0.45437171524128,-0.250505747570626
2022-02-01,2022-02-04,ETH,CME Ether,3611,0.0160620326779286,-0.0495707560232623,-0.459983384104126,0.125433332921389
2022-02-08,2022-02-11,ETH,CME Ether,3262,-0.00245248313917842,-0.0297363580625383,-0.505211526670754,0.111804198253591
2022-02-15,2022-02-18,ETH,CME Ether,3539,0.00649901102006216,-0.0381463690307997,-0.342469624187624,0.0211959691059942
2022-02-22,2022-02-25,ETH,CME Ether,3782,0.029613960867266,-0.0481226864093072,-0.38339502908514,-0.18878823455341
2022-03-01,2022-03-04,ETH,CME Ether,3104,-0.00998711340206185,-0.0689432989690722,-0.38305412371134,0.121126986015513
2022-03-08,2022-03-11,ETH,CME Ether,3158,-0.0012666244458518,-0.0753641545281824,-0.332805573147562,-0.14459504825265
2022-03-15,2022-03-18,ETH,CME Ether,2879,0.00069468565474123,-0.0587009378256339,-0.395970823202501,0.0162787325974643
2022-03-22,2022-03-25,ETH,CME Ether,3358,-0.00625372245384157,-0.0315664085765337,-0.384157236450268,0.125951006137371
2022-03-29,2022-04-01,ETH,CME Ether,3411,-0.0152447962474348,0.0134857812958077,-0.493403693931398,0.135520805514271
2022-04-05,2022-04-08,ETH,CME Ether,3501,-0.00542702085118538,0.00342759211653813,-0.450728363324764,0.00168471452667518
2022-04-12,2022-04-15,ETH,CME Ether,3287,0.00182537268025555,-0.0371159111651962,-0.46121083054457,-0.118000699375004
2022-04-19,2022-04-22,ETH,CME Ether,3254,-0.00491702519975415,-0.019360786724032,-0.471112476951444,0.0242303000083837
2022-04-26,2022-04-29,ETH,CME Ether,3745,0.00934579439252336,-0.0336448598130841,-0.368758344459279,-0.0992356753399015
2022-05-03,2022-05-06,ETH,CME Ether,2981,0.00570278430057028,-0.0429386112042939,-0.427037906742704,-0.0103254554493137
2022-05-10,2022-05-13,ETH,CME Ether,3443,-0.0136508858553587,-0.072320650595411,-0.438280569270985,-0.171987754604363
2022-05-17,2022-05-20,ETH,CME Ether,3646,-0.0117937465715853,-0.0691168403730115,-0.436368623148656,-0.114289267608876
2022-05-24,2022-05-27,ETH,CME Ether,3443,-0.0153935521347662,-0.0795817600929422,-0.331977926227128,-0.054577621626092
2022-05-31,2022-06-03,ETH,CME Ether,3086,-0.0301360985093973,-0.104342190537913,-0.360661049902787,-0.0179158184126571
2022-06-07,2022-06-10,ETH,CME Ether,3072,0.00651041666666667,-0.119140625,-0.261067708333333,-0.0685928579027602
2022-06-14,2022-06-17,ETH,CME Ether,3476,0.0161104718066743,-0.176639815880322,-0.254890678941312,-0.406415259210068
2022-06-21,2022-06-24,ETH,CME Ether,3615,0.00387275242047026,-0.157399723374827,-0.218533886583679,-0.0711713366497531
2022-06-28,2022-07-01,ETH,CME Ether,3967,-0.0511721704058482,-0.113183766070078,-0.170405848248046,0.0159455112241016
2022-07-05,2022-07-08,ETH,CME Ether,3905,-0.0535211267605634,-0.149039692701665,-0.185659411011524,-0.0102457023748981
2022-07-12,2022-07-15,ETH,CME Ether,4312,-0.0616883116883117,-0.147031539888683,-0.0837198515769944,-0.0865301232775781
2022-07-19,2022-07-22,ETH,CME Ether,3608,-0.082039911308204,-0.122228381374723,-0.107261640798226,0.396413478816157
2022-07-26,2022-07-29,ETH,CME Ether,3533,-0.0860458533823946,-0.111519954712709,-0.077271440701953,-0.0621607727487179
2022-08-02,2022-08-05,ETH,CME Ether,3485,-0.0522238163558106,-0.0688665710186514,-0.293830703012912,0.118074054187725
2022-08-09,2022-08-12,ETH,CME Ether,3481,-0.00603274920999713,-0.027578282102844,-0.245906348750359,0.0433017403104357
2022-08-16,2022-08-19,ETH,CME Ether,4014,0,0.0714997508719482,-0.241903338315894,0.0971119523011241
2022-08-23,2022-08-26,ETH,CME Ether,3978,-0.000502765208647562,0.0349421820010055,-0.275012569130216,-0.119365874708836
2022-08-30,2022-09-02,ETH,CME Ether,4155,0.0385078219013237,0.0271961492178099,-0.260890493381468,-0.0884611433743343
2022-09-06,2022-09-09,ETH,CME Ether,4452,0.0287511230907457,0.057277628032345,-0.242587601078167,0.0222538248944186
2022-09-13,2022-09-16,ETH,CME Ether,4125,0.0201212121212121,0.0467878787878788,-0.303515151515152,0.00997093204055677
2022-09-20,2022-09-23,ETH,CME Ether,4359,0.00206469373709566,-0.012388162422574,-0.158063776095435,-0.174156977894893
2022-09-27,2022-09-30,ETH,CME Ether,4687,0.00405376573501173,-0.0324301258800939,-0.170258160870493,0.00396027528639564
2022-10-04,2022-10-07,ETH,CME Ether,3812,0.00262329485834208,-0.0440713536201469,0.0194123819517314,0.0250429370878091
2022-10-11,2022-10-14,ETH,CME Ether,3871,0.000774993541720486,-0.0994575045207957,-0.0805993283389305,-0.0620183800103096
2022-10-18,2022-10-21,ETH,CME Ether,4052,0.0069101678183613,-0.120681145113524,-0.25172754195459,0.0238589305401806
2022-10-25,2022-10-28,ETH,CME Ether,4808,0.00228785357737105,-0.0532445923460899,-0.241888519134775,0.107904784293748
2022-11-01,2022-11-04,ETH,CME Ether,3279,-0.0137236962488564,0.0146386093321134,-0.184202500762428,0.0777269055817307
2022-11-08,2022-11-11,ETH,CME Ether,3246,0.0360443622920518,-0.13154651879236,0.0942698706099815,-0.167198630099707
2022-11-15,2022-11-18,ETH,CME Ether,5653,0.0240580222890501,-0.139041217052892,0.170882717141341,-0.0635144131425793
2022-11-22,2022-11-25,ETH,CME Ether,6592,-0.0323118932038835,-0.147906553398058,0.130916262135922,-0.0949062331095245
2022-11-29,2022-12-02,ETH,CME Ether,5647,-0.0377191429077386,-0.138657694350983,0.0462192314503276,0.0652581669605823
2022-12-06,2022-12-09,ETH,CME Ether,5272,-0.0477996965098634,-0.108877086494689,0.0132776934749621,0.0439950972101695
2022-12-13,2022-12-16,ETH,CME Ether,4736,-0.0933277027027027,-0.102407094594595,0.078125,0.0382132632629339
2022-12-20,2022-12-23,ETH,CME Ether,5698,-0.0773955773955774,-0.108985608985609,0.028957528957529,-0.0818187065626237
2022-12-27,2022-12-30,ETH,CME Ether,6199,-0.0763026294563639,-0.0882400387159219,0.0440393611872883,-0.00473044725853189
2023-01-03,2023-01-06,ETH,CME Ether,5977,-0.0821482349004517,-0.103563660699347,0.096369416095031,0.00250362020640349
2023-01-10,2023-01-13,ETH,CME Ether,5442,-0.0977581771407571,-0.0183755972069092,0.0740536567438442,0.0952575665997095
2023-01-17,2023-01-20,ETH,CME Ether,5585,-0.11727842435094,0.0519247985675918,0.182990152193375,0.15916313923037
2023-01-24,2023-01-27,ETH,CME Ether,5047,-0.122647117099267,0.068357440063404,0.111947691698038,-0.00655203015002304
2023-01-31,2023-02-03,ETH,CME Ether,4331,-0.14500115446779,0.0286308012006465,-0.0320942045716925,0.0188459972674995
2023-02-07,2023-02-10,ETH,CME Ether,4659,-0.0558059669456965,0.0852114187593904,-0.094440867138871,0.0525580242737966
2023-02-14,2023-02-17,ETH,CME Ether,4372,-0.0523787740164684,0.0933211344922232,-0.185956084172004,-0.0713886815331488
2023-02-21,2023-02-24,ETH,CME Ether,4700,-0.0491489361702128,0.15936170212766,-0.167659574468085,0.0646650271694691
2023-02-28,2023-03-03,ETH,CME Ether,4126,-0.056228793019874,0.210857973824527,-0.254726126999515,-0.0335702547120125
2023-03-07,2023-03-10,ETH,CME Ether,3588,-0.052396878483835,0.137959866220736,-0.117056856187291,-0.0271609738921024
2023-03-14,2023-03-17,ETH,CME Ether,4442,-0.0920756416028816,0.0907248986942819,-0.103556956325979,0.0826703356937619
2023-03-21,2023-03-24,ETH,CME Ether,4571,-0.0835703347188799,0.173922555239554,-0.130605994311967,0.0616535999874452
2023-03-28,2023-03-31,ETH,CME Ether,4119,-0.0910415149308084,0.172129157562515,-0.176984705025492,-0.0181129744003883
2023-04-04,2023-04-07,ETH,CME Ether,4730,-0.0780126849894292,0.162579281183932,-0.19323467230444,0.0544036609652325
2023-04-11,2023-04-14,ETH,CME Ether,4416,-0.0846920289855072,0.190896739130435,-0.134510869565217,0.0104137516302147
2023-04-18,2023-04-21,ETH,CME Ether,6248,-0.0865877080665813,0.158130601792574,-0.0276888604353393,0.10656675005898
2023-04-25,2023-04-28,ETH,CME Ether,3894,-0.0464817668207499,0.140215716486903,-0.0729327170005136,-0.119564103875479
2023-05-02,2023-05-05,ETH,CME Ether,3112,-0.0337403598971722,0.173843187660668,-0.269922879177378,-5.18946256180541e-05
2023-05-09,2023-05-12,ETH,CME Ether,3173,-0.0302552789158525,0.183737787582729,-0.323983611723921,-0.0105236117549987
2023-05-16,2023-05-19,ETH,CME Ether,3228,-0.0257125154894672,0.156753407682776,-0.170384138785626,-0.0120714222952323
2023-05-23,2023-05-26,ETH,CME Ether,3442,-0.0188843695525857,0.127832655432888,-0.160371876815805,0.0161272588840573
2023-05-30,2023-06-02,ETH,CME Ether,3076,-0.0126788036410923,0.214564369310793,-0.362808842652796,0.024885450601821
2023-06-06,2023-06-09,ETH,CME Ether,4124,0.0143064985451018,0.172162948593598,-0.408583899127061,-0.008332329190198
2023-06-13,2023-06-16,ETH,CME Ether,3211,0.00404858299595142,0.178137651821862,-0.388975397072563,-0.0793474695627099
2023-06-20,2023-06-23,ETH,CME Ether,3242,-0.0148056755089451,0.133251079580506,-0.455891425046268,0.0289690558319871
2023-06-27,2023-06-30,ETH,CME Ether,4493,-0.0413977298019141,0.200979301135099,-0.328065880258179,0.0543759631776721
2023-07-03,2023-07-06,ETH,CME Ether,4730,-0.00993657505285412,0.235517970401691,-0.388794926004228,0.0613431763686396
2023-07-11,2023-07-14,ETH,CME Ether,3709,-0.0447559989215422,0.246966837422486,-0.379617147479105,-0.0413737186008056
2023-07-18,2023-07-21,ETH,CME Ether,4096,-0.078125,0.27197265625,-0.390625,0.017277835657171
2023-07-25,2023-07-28,ETH,CME Ether,3632,-0.0435022026431718,0.288821585903084,-0.532764317180617,-0.0173637814188305
2023-08-01,2023-08-04,ETH,CME Ether,3016,-0.0626657824933687,0.277188328912467,-0.571618037135278,0.0106978639080717
2023-08-08,2023-08-11,ETH,CME Ether,3194,-0.0400751408891672,0.213212273011897,-0.515028177833438,-0.0111395140636974
2023-08-15,2023-08-18,ETH,CME Ether,3161,-0.0319519139512812,0.177791838025941,-0.492881999367289,-0.016135818833046
2023-08-22,2023-08-25,ETH,CME Ether,4433,0.074216106474171,-0.0342882923528085,-0.30475975637266,-0.111552245571008
2023-08-29,2023-09-01,ETH,CME Ether,4125,0.0678787878787879,-0.0896969696969697,-0.353454545454545,0.0562068586274753
2023-09-05,2023-09-08,ETH,CME Ether,4515,0.0713178294573643,-0.145514950166113,-0.179401993355482,-0.0562420944717914
2023-09-12,2023-09-15,ETH,CME Ether,5181,0.0619571511291256,-0.166570160200733,-0.135495078170237,-0.0255426618781378
2023-09-19,2023-09-22,ETH,CME Ether,4560,0.056140350877193,-0.150657894736842,-0.18969298245614,0.0311932123133083
2023-09-26,2023-09-29,ETH,CME Ether,4647,0.0507854529804175,-0.201205078545298,0.00236711857112115,-0.0309581318237582
2023-10-03,2023-10-06,ETH,CME Ether,3809,0.0204778156996587,-0.111315305854555,-0.220530322919401,0.0395139447530886
2023-10-10,2023-10-13,ETH,CME Ether,4766,0.0241292488459924,-0.128829206882081,-0.0308434746118338,-0.0559361237354601
2023-10-17,2023-10-20,ETH,CME Ether,5358,0.0162374020156775,-0.177864874953341,0.0179171332586786,-0.00112336330136742
2023-10-24,2023-10-27,ETH,CME Ether,4721,-0.0410929887735649,-0.0955306079220504,-0.120313492904046,0.13110794723231
2023-10-31,2023-11-03,ETH,CME Ether,4127,-0.0852919796462321,0.0772958565543979,-0.22897988853889,0.0166833671946129
2023-11-07,2023-11-10,ETH,CME Ether,4610,-0.165726681127983,0.168112798264642,-0.192190889370933,0.0384361030996363
2023-11-14,2023-11-17,ETH,CME Ether,5385,-0.143546889507892,0.252924791086351,-0.18644382544104,0.0487219025031687
2023-11-21,2023-11-24,ETH,CME Ether,5319,-0.161308516638466,0.263207369806355,-0.161684527166761,-0.0236244454276537
2023-11-28,2023-12-01,ETH,CME Ether,5748,-0.135873347251218,0.268267223382046,-0.276791927627001,0.0574069797074657
2023-12-05,2023-12-08,ETH,CME Ether,6373,-0.136827239918406,0.264082849521418,-0.209163659187196,0.113067873195766
2023-12-12,2023-12-15,ETH,CME Ether,5193,-0.175235894473329,0.299441555940689,-0.165414981706143,-0.040220272001652
2023-12-19,2023-12-22,ETH,CME Ether,5137,-0.177924858867043,0.331321783141912,-0.201284796573876,-0.0116837090865882
2023-12-26,2023-12-29,ETH,CME Ether,5621,-0.163494040206369,0.293364170076499,-0.115815691158157,0.0242117005669265
2024-01-02,2024-01-05,ETH,CME Ether,5548,-0.154470079307859,0.321016582552271,-0.220620043258832,0.0544315746346262
2024-01-09,2024-01-12,ETH,CME Ether,5853,-0.169998291474458,0.249615581752947,-0.236118229967538,-0.00473929234936321
2024-01-16,2024-01-19,ETH,CME Ether,6556,-0.158785845027456,0.242983526540574,-0.276693105552166,0.0985798010989072
2024-01-23,2024-01-26,ETH,CME Ether,6136,-0.189374185136897,0.210234680573664,-0.191492829204694,-0.14314070550585
2024-01-30,2024-02-02,ETH,CME Ether,5141,-0.152499513713285,0.241976269208325,-0.368410815016534,0.0441038931565725
2024-02-06,2024-02-09,ETH,CME Ether,5668,-0.113091037402964,0.218419195483416,-0.416901905434016,0.0122285024260398
2024-02-13,2024-02-16,ETH,CME Ether,6449,-0.145603969607691,0.237091021863855,-0.314777484881377,0.106983312057133
2024-02-20,2024-02-23,ETH,CME Ether,6749,-0.152318862053638,0.25885316343162,-0.272188472366276,0.131989651220978
2024-02-27,2024-03-01,ETH,CME Ether,6564,-0.191194393662401,0.263101767215113,-0.214198659354052,0.0739496757104376
2024-03-05,2024-03-08,ETH,CME Ether,7471,-0.173336902690403,0.249631910052202,-0.142818899745683,0.0914557470838453
2024-03-12,2024-03-15,ETH,CME Ether,7239,-0.140903439701616,0.257770410277663,-0.172952065202376,0.112569769409092
2024-03-19,2024-03-22,ETH,CME Ether,7366,-0.164811295139832,0.198751018191692,-0.0272875373336954,-0.230714803776486
2024-03-26,2024-03-29,ETH,CME Ether,7180,-0.149860724233983,0.208077994428969,-0.0420612813370474,0.127367937288655
2024-04-02,2024-04-05,ETH,CME Ether,6498,-0.145891043397969,0.214835333948907,-0.0704832256078793,-0.0898830765630656
2024-04-09,2024-04-12,ETH,CME Ether,5984,-0.140541443850267,0.244819518716578,-0.136196524064171,0.0669362905797559
2024-04-16,2024-04-19,ETH,CME Ether,5644,-0.145464209780298,0.220588235294118,-0.0960311835577605,-0.128191338396547
2024-04-23,2024-04-26,ETH,CME Ether,5126,-0.139094810768631,0.257315645727663,-0.175380413577838,0.0429000932835777
2024-04-30,2024-05-03,ETH,CME Ether,5155,-0.10533462657614,0.24015518913676,-0.104558680892338,-0.0659904603597727
2024-05-07,2024-05-10,ETH,CME Ether,4411,-0.109725685785536,0.278848333711177,-0.218771253683972,-0.00271289297384492
2024-05-14,2024-05-17,ETH,CME Ether,4326,-0.113268608414239,0.254045307443366,-0.211280628756357,-0.0421291588091046
2024-05-21,2024-05-24,ETH,CME Ether,5964,-0.15627095908786,0.200704225352113,-0.134641180415828,0.273900738127188
2024-05-28,2024-05-31,ETH,CME Ether,6544,-0.190097799511002,0.174969437652812,-0.0123777506112469,0.0140206527225804
2024-06-04,2024-06-07,ETH,CME Ether,6323,-0.198007275027677,0.210026885971849,0.0128103748220781,-0.00858438344952539
2024-06-11,2024-06-14,ETH,CME Ether,7088,-0.180304740406321,0.236455981941309,-0.0746331828442438,-0.0857106197607997
2024-06-18,2024-06-21,ETH,CME Ether,7327,-0.125972430735635,0.265047086119831,-0.137982803330149,-0.00410791553450984
2024-06-25,2024-06-28,ETH,CME Ether,7450,-0.0880536912751678,0.280671140939597,-0.151006711409396,-0.0257410558843834
2024-07-02,2024-07-05,ETH,CME Ether,6461,-0.081875870608265,0.306918433678997,-0.159263271939328,0.00767014528265619
2024-07-09,2024-07-12,ETH,CME Ether,6462,-0.0976477870628288,0.314298978644383,-0.255493655215104,-0.10926420296104
2024-07-16,2024-07-19,ETH,CME Ether,6772,-0.0912581216774956,0.371529828706438,-0.277613703484938,0.116651006208103
2024-07-23,2024-07-26,ETH,CME Ether,7661,-0.131053387286255,0.352956533089675,-0.210938519775486,0.0105547924700762
2024-07-30,2024-08-02,ETH,CME Ether,6243,-0.136312670190613,0.456190933845907,-0.316674675636713,-0.0602343336739892
2024-08-06,2024-08-09,ETH,CME Ether,6703,-0.142921080113382,0.421751454572579,-0.350738475309563,-0.28669541642934
2024-08-13,2024-08-16,ETH,CME Ether,6836,-0.124926857811586,0.433879461673493,-0.420860152135752,0.0933607890674786
2024-08-20,2024-08-23,ETH,CME Ether,7337,-0.102903093907592,0.422924901185771,-0.339784653127981,-0.049134298161662
2024-08-27,2024-08-30,ETH,CME Ether,6977,-0.108069370789738,0.419377956141608,-0.278916439730543,-0.0459518212439844
2024-09-03,2024-09-06,ETH,CME Ether,5939,-0.120727395184374,0.507324465398215,-0.352584610203738,-0.0132992465086605
2024-09-10,2024-09-13,ETH,CME Ether,6204,-0.122340425531915,0.459219858156028,-0.318181818181818,-0.0152121602921058
2024-09-17,2024-09-20,ETH,CME Ether,6718,-0.105239654659125,0.17951771360524,-0.313039595117595,-0.0196438027041275
2024-09-24,2024-09-27,ETH,CME Ether,6489,-0.112189859762675,0.218677762367083,-0.366004006780706,0.124843043339554
2024-10-01,2024-10-04,ETH,CME Ether,6087,-0.126006242812551,0.206177098735009,-0.303926400525711,-0.0805462538629502
2024-10-08,2024-10-11,ETH,CME Ether,6198,-0.103743142949338,0.198128428525331,-0.348015488867377,-0.00306613083716645
2024-10-15,2024-10-18,ETH,CME Ether,6413,0.19429284266334,0.187899578980196,-0.438328395446749,0.0661418290876217
2024-10-22,2024-10-25,ETH,CME Ether,7262,0.171991187000826,0.155191407325806,-0.341779124208207,0.00523544063624559
2024-10-29,2024-11-01,ETH,CME Ether,7031,0.214336509742569,0.181197553690798,-0.369364244062011,0.00614535477932066
2024-11-05,2024-11-08,ETH,CME Ether,7214,0.20266149154422,0.146243415580815,-0.269891876906016,-0.0847389432510548
2024-11-12,2024-11-15,ETH,CME Ether,10781,0.300528707912068,0.228642983025693,-0.335590390501809,0.292761173849367
2024-11-19,2024-11-22,ETH,CME Ether,11944,0.307853315472204,0.205375083724046,-0.259293369055593,-0.0428880517341117
2024-11-26,2024-11-29,ETH,CME Ether,14110,0.387101346562721,0.197661233167966,-0.322253720765415,0.066963548741489
2024-12-03,2024-12-06,ETH,CME Ether,14798,0.411271793485606,0.192255710231112,-0.357278010541965,0.0840043791758074
2024-12-10,2024-12-13,ETH,CME Ether,18762,0.424901396439612,0.18441530753651,-0.337757168745336,0.00354107071102661
2024-12-17,2024-12-20,ETH,CME Ether,22486,0.376100684870586,0.170861869607756,-0.30032019923508,0.0698311084071452
2024-12-24,2024-12-27,ETH,CME Ether,19754,0.317505315379164,0.17687556950491,-0.31467044649185,-0.108947978364391
2024-12-31,2025-01-03,ETH,CME Ether,17440,0.281536697247706,0.207339449541284,-0.291571100917431,-0.046986000959901
2025-01-07,2025-01-10,ETH,CME Ether,18026,0.253800066570509,0.166814601131699,-0.30272939087984,0.015085487237144
2025-01-14,2025-01-17,ETH,CME Ether,17427,0.228094336374591,0.178286566821599,-0.392150111895335,-0.0475783012879489
2025-01-21,2025-01-24,ETH,CME Ether,20128,0.265252384737679,0.172744435612083,-0.413801669316375,0.0315304942008421
2025-01-28,2025-01-31,ETH,CME Ether,19883,0.254891113011115,0.16395916109239,-0.407835839662023,-0.0787446149563831
2025-02-04,2025-02-07,ETH,CME Ether,22276,0.287349613934279,0.149622912551625,-0.515218172023703,-0.118431077529781
2025-02-11,2025-02-14,ETH,CME Ether,20262,0.277711973151713,0.153094462540717,-0.513868324943244,-0.0477326420257755
2025-02-18,2025-02-21,ETH,CME Ether,21214,0.257000094277364,0.126473083812577,-0.453144150089563,0.0248560766744514
2025-02-25,2025-02-28,ETH,CME Ether,20133,0.282868921670889,0.11731982317588,-0.502856007549794,-0.0688913417802297
2025-03-04,2025-03-07,ETH,CME Ether,18575,0.27650067294751,0.114670255720054,-0.419703903095559,-0.137261905756079
2025-03-11,2025-03-14,ETH,CME Ether,19269,0.201619181068037,0.0779490373138201,-0.330530904561731,-0.121500764218881
2025-03-18,2025-03-21,ETH,CME Ether,18806,0.216526640433904,0.0716792513027757,-0.286717005211103,0.0040946433104132
2025-03-25,2025-03-28,ETH,CME Ether,18842,0.258465131090118,0.0892155822099565,-0.342957223224711,0.0672923569404906
2025-04-01,2025-04-04,ETH,CME Ether,16906,0.301017390275642,0.0925706849639181,-0.343487519223944,-0.0813938460644845
2025-04-08,2025-04-11,ETH,CME Ether,14944,0.249732334047109,0.0186697002141328,-0.275227516059957,-0.25759849273138
2025-04-15,2025-04-18,ETH,CME Ether,14338,0.357302273678337,-0.00258055516808481,-0.35193192913935,0.0758958961963545
2025-04-22,2025-04-25,ETH,CME Ether,15457,0.374328783075629,0.00549912660930323,-0.327359772271463,0.100729645675238
2025-04-29,2025-05-02,ETH,CME Ether,13667,0.371771420209263,0.00914611838735641,-0.391966049608546,0.0232811533509727
2025-05-06,2025-05-09,ETH,CME Ether,13573,0.348928018860974,-0.00589405437265159,-0.315037206218227,0.0102924212972333
2025-05-13,2025-05-16,ETH,CME Ether,19714,0.471035812113219,0.0701024652531196,-0.473673531500457,0.388600047335368
2025-05-20,2025-05-23,ETH,CME Ether,20036,0.431223797165103,0.0831503294070673,-0.472299860251547,-0.0597043518869764
2025-05-27,2025-05-30,ETH,CME Ether,23392,0.423307113543092,0.101444938440492,-0.510174418604651,0.0524037801364194
2025-06-03,2025-06-06,ETH,CME Ether,22164,0.344973831438369,0.107426457318174,-0.453798953257535,-0.0254092836406477
2025-06-10,2025-06-13,ETH,CME Ether,23387,0.359302176422799,0.1100611450806,-0.470560567836832,0.0817031950499363
2025-06-17,2025-06-20,ETH,CME Ether,23715,0.338730761121653,0.104111321948134,-0.450432215897112,-0.113301627649973
2025-06-24,2025-06-27,ETH,CME Ether,27869,0.293731386127956,0.0913559869388927,-0.398471419857189,-0.0254602020353758
2025-07-01,2025-07-04,ETH,CME Ether,24314,0.319527844040471,0.102286748375422,-0.464711688738998,-0.0183227784653148
2025-07-08,2025-07-11,ETH,CME Ether,25914,0.366249903527051,0.12221193177433,-0.512001234853747,0.0842555605125943
2025-07-15,2025-07-18,ETH,CME Ether,30812,0.395852265351162,0.115149941581202,-0.50133065039595,0.182248594337416
2025-07-22,2025-07-25,ETH,CME Ether,38612,0.258002693463172,0.115663524292966,-0.341370558375635,0.177053571981901
2025-07-29,2025-08-01,ETH,CME Ether,33821,0.271872505248219,0.112563200378463,-0.364595961089264,0.011998590275212
2025-08-05,2025-08-08,ETH,CME Ether,30265,0.287460763257889,0.150503882372377,-0.422137782917562,-0.0490955044708059
2025-08-12,2025-08-15,ETH,CME Ether,36936,0.377138834741174,0.14462854667533,-0.495559887372753,0.23968390067599
2025-08-19,2025-08-22,ETH,CME Ether,37381,0.271688825874107,0.128193467269468,-0.373986784730211,-0.118884492689464
2025-08-26,2025-08-29,ETH,CME Ether,43853,0.33726312909037,0.131803981483593,-0.43301484505051,0.121922503609103
2025-09-02,2025-09-05,ETH,CME Ether,37915,0.307081629961757,0.125860477383621,-0.391269945931689,-0.0621257687607688
2025-09-09,2025-09-12,ETH,CME Ether,36993,0.300273024626281,0.122050117589814,-0.370151109669397,-0.00400446440351132
2025-09-16,2025-09-19,ETH,CME Ether,38209,0.355073412023345,0.123321730482347,-0.423329582035646,0.0438686713471732
2025-09-23,2025-09-26,ETH,CME Ether,42940,0.309431765253843,0.104098742431299,-0.373660922217047,-0.0778432478591196
2025-09-30,2025-10-03,ETH,CME Ether,43169,0.376311705158795,0.103870833236813,-0.439204058467882,-0.00476474528202431
2025-10-07,2025-10-10,ETH,CME Ether,43251,0.383228133453562,0.120320917435435,-0.463850546808166,0.0707941619383323
2025-10-14,2025-10-17,ETH,CME Ether,45830,0.397948941741218,0.100458215142919,-0.463713724634519,-0.0753333568886969
2025-10-21,2025-10-24,ETH,CME Ether,48616,0.363933684383742,0.0784926773078822,-0.421445614612473,-0.0630943515158009
2025-10-28,2025-10-31,ETH,CME Ether,53183,0.343643645525826,0.0518962826467104,-0.375439520147416,0.0272850869809211
2025-11-04,2025-11-07,ETH,CME Ether,43229,0.26482222582063,0.0539221356034144,-0.301348631705568,-0.191882633257302
2025-11-10,2025-11-13,ETH,CME Ether,43217,0.336904458893491,0.0599995372191499,-0.383899854224032,-0.0101817965921711
2025-11-18,2025-11-21,ETH,CME Ether,42864,0.250839865621501,0.0453994027622247,-0.293882978723404,-0.0899923445864488
2025-11-25,2025-11-28,ETH,CME Ether,41364,0.2030267865777,0.0329271830577314,-0.25316700512523,-0.0540003704308409
2025-12-02,2025-12-05,ETH,CME Ether,38895,0.220491065689677,0.0327291425633115,-0.267797917470112,0.0129986297392781
2025-12-09,2025-12-12,ETH,CME Ether,42332,0.293513181517528,0.0443399792119437,-0.353822167627327,0.101921277261319
2025-12-16,2025-12-19,ETH,CME Ether,41074,0.257535180406096,0.0336222427813215,-0.288235866971807,-0.113639025631413
2025-12-23,2025-12-26,ETH,CME Ether,39065,0.290515806988353,0.0244720337898374,-0.311762447203379,0.000393300941575525
2025-12-30,2026-01-02,ETH,CME Ether,33635,0.33807046231604,0.0266686487290025,-0.35269808235469,0.00241880233841574
2026-01-06,2026-01-09,ETH,CME Ether,37920,0.346123417721519,0.0555907172995781,-0.405353375527426,0.103480763274286
2026-01-13,2026-01-16,ETH,CME Ether,37336,0.343609385043925,0.0482911934861796,-0.40178380115706,0.00875117625026434
2026-01-20,2026-01-23,ETH,CME Ether,36570,0.296691277003008,0.0216844407984687,-0.313098167897183,-0.123695664607163
2026-01-27,2026-01-30,ETH,CME Ether,40419,0.288849303545362,0.0330785026843811,-0.319280536381405,0.0293085988279698
2026-02-03,2026-02-06,ETH,CME Ether,33723,0.235744150876257,0.0175844379207069,-0.244165702932717,-0.303919875104604
2026-02-10,2026-02-13,ETH,CME Ether,33814,0.170195776897143,0.0201395871532501,-0.170018335600639,-0.0986278099167386
2026-02-17,2026-02-20,ETH,CME Ether,33154,0.162303191168486,0.0252156602521566,-0.166646558484647,-0.0154400978258344
2026-02-24,2026-02-27,ETH,CME Ether,37088,0.125754961173425,-0.0315196289905091,-0.0728807161345988,-0.0715474028540193
2026-03-03,2026-03-06,ETH,CME Ether,34357,0.248479203655732,-0.00110603370492185,-0.226067468056,0.0675714974148498
2026-03-10,2026-03-13,ETH,CME Ether,35259,0.317394140503134,0.00136135454777504,-0.316174593720752,0.0268168462853771
2026-03-17,2026-03-20,ETH,CME Ether,38577,0.336184773310522,0.0181973714907847,-0.362625398553542,0.129330534847553
2026-03-24,2026-03-27,ETH,CME Ether,35846,0.311192322713831,0.00357083077609775,-0.306924064051777,-0.0726169270643657
2026-03-31,2026-04-03,ETH,CME Ether,28463,0.365878508941433,-0.00323226645118224,-0.362259775849348,-0.0243951781233056
2026-04-07,2026-04-10,ETH,CME Ether,28648,0.3536372521642,-0.00310667411337615,-0.350006981290142,0.0626760356942819
2026-04-14,2026-04-17,ETH,CME Ether,34354,0.315887524014671,0.0153402806077895,-0.347819758980031,0.0208119010646355
2026-04-21,2026-04-24,ETH,CME Ether,31005,0.336719883889695,-0.00158039025963554,-0.34455732946299,
2026-04-28,2026-05-01,ETH,CME Ether,27777,0.406523382654714,0.01602044857256,-0.419087734456565,
2026-05-05,2026-05-08,ETH,CME Ether,30408,0.38729939489608,0.0447250723493817,-0.447020520915549,
2026-05-12,2026-05-15,ETH,CME Ether,31749,0.261929509590853,-0.0168824214935904,-0.327695360483795,
2026-05-19,2026-05-22,ETH,CME Ether,33062,0.303006472687678,-0.0453693061520779,-0.252102111185046,
2026-05-26,2026-05-29,ETH,CME Ether,30856,0.334878143634949,-0.0515945035001296,-0.243194192377495,
2026-06-02,2026-06-05,ETH,CME Ether,25516,0.342255839473272,-0.129448189371375,-0.169344724878508,
2026-06-09,2026-06-12,ETH,CME Ether,25138,0.322261118625189,-0.128968096109476,-0.185018696793699,
2026-06-16,2026-06-19,ETH,CME Ether,26110,0.348716966679433,-0.0886250478743776,-0.258598238222903,
2026-06-23,2026-06-26,ETH,CME Ether,26007,0.317414542238628,-0.11596877763679,-0.191371553812435,
2026-06-30,2026-07-03,ETH,CME Ether,21475,0.378905704307334,-0.141466821885914,-0.218440046565774,
