claim_id,module_id,claim_text,sample,method,uncertainty,evidence_grade,source_table,source_figure,limitation,status,module,finding,outcome,feature_or_block,estimate_summary,uncertainty_summary,sample_summary,frequency,timing,sensitivity_summary,interpretation,alternative_explanation,source_model_ids
data_measurement_inventory_01,00_data_measurement_foundation,"The local inventory distinguishes 1,518 raw objects from 11 contracted logical series across 10 provider groups and 31 registered features.",Files currently present under data_local/raw plus config/feature_registry.yml.,"Filesystem inventory, feature-registry parse, and processed-panel coverage audit.","License status is release-risk classification, not legal permission.",A for local inventory; B for release-risk classification.,research/00_data_measurement_foundation/tables/provider_inventory.csv; research/00_data_measurement_foundation/tables/raw_file_inventory.csv; research/00_data_measurement_foundation/tables/logical_series_inventory.csv; research/00_data_measurement_foundation/tables/feature_inventory.csv,research/00_data_measurement_foundation/figures/data_governance_inventory.png,Provider files remain local and untracked.,accepted_qualified,00_data_measurement_foundation,"The local inventory distinguishes 1,518 raw objects from 11 contracted logical series across 10 provider groups and 31 registered features.",data and measurement governance,all local data,"The local inventory distinguishes 1,518 raw objects from 11 contracted logical series across 10 provider groups and 31 registered features.","License status is release-risk classification, not legal permission.",Files currently present under data_local/raw plus config/feature_registry.yml.,mixed,source-specific timing audited,"Filesystem inventory, feature-registry parse, and processed-panel coverage audit.","The local inventory distinguishes 1,518 raw objects from 11 contracted logical series across 10 provider groups and 31 registered features.",Provider files remain local and untracked.,table:provider_inventory; table:raw_file_inventory; table:logical_series_inventory; table:feature_inventory
data_measurement_usage_01,00_data_measurement_foundation,Every registered or discovered processed feature receives one usage status; 25 are marked primary_analysis.,Union of registered features and local processed-panel columns.,"Deterministic one-status taxonomy using coverage, registration, unit, timing, and measurement risk.",Automated status does not prove empirical strength.,B,research/00_data_measurement_foundation/tables/feature_usage_matrix.csv; research/00_data_measurement_foundation/tables/measurement_risk_audit.csv,research/00_data_measurement_foundation/figures/coverage_missingness_by_block.png,180 measurement-risk rows constrain later modules.,accepted_qualified,00_data_measurement_foundation,Every registered or discovered processed feature receives one usage status; 25 are marked primary_analysis.,data and measurement governance,all local data,Every registered or discovered processed feature receives one usage status; 25 are marked primary_analysis.,Automated status does not prove empirical strength.,Union of registered features and local processed-panel columns.,mixed,source-specific timing audited,"Deterministic one-status taxonomy using coverage, registration, unit, timing, and measurement risk.",Every registered or discovered processed feature receives one usage status; 25 are marked primary_analysis.,180 measurement-risk rows constrain later modules.,table:feature_usage_matrix; table:measurement_risk_audit
dependence_01,01_cross_asset_dependence_regimes,"Within S2, the median leave-one-out common-variance share is 61.0%, while median 5% lower-tail co-exceedance is 2.8% above the independence benchmark.","2021-01-02 to 2026-06-30, n=2006",Leave-one-out PCA/HAC factor regressions and moving-block tail inference.,"Intervals, diagnostics, and sensitivity specifications are reported in the linked source tables.",B,research/01_cross_asset_dependence_regimes/tables/common_factor_results.csv; research/01_cross_asset_dependence_regimes/tables/tail_dependence.csv,research/01_cross_asset_dependence_regimes/figures/01_common_factor_tail_dependence.png,"S2 is a fixed 2021 PIT-eligible universe; results do not establish causation, forecasting value, or investability.",accepted_qualified,01_cross_asset_dependence_regimes,"Within S2, the median leave-one-out common-variance share is 61.0%, while median 5% lower-tail co-exceedance is 2.8% above the independence benchmark.",module-level evidence,see source_table,"Within S2, the median leave-one-out common-variance share is 61.0%, while median 5% lower-tail co-exceedance is 2.8% above the independence benchmark.","Intervals, diagnostics, and sensitivity specifications are reported in the linked source tables.","2021-01-02 to 2026-06-30, n=2006",see source table,see source table,Leave-one-out PCA/HAC factor regressions and moving-block tail inference.,"Within S2, the median leave-one-out common-variance share is 61.0%, while median 5% lower-tail co-exceedance is 2.8% above the independence benchmark.","S2 is a fixed 2021 PIT-eligible universe; results do not establish causation, forecasting value, or investability.",table:common_factor_results; table:tail_dependence
tradfi_01,02_macro_tradfi_integration,Conditional QQQ exposure estimates differ across the predeclared BTC ETF-era split: BTC 1.03 to 0.93 (change p=0.611); ETH 1.33 to 1.51 (change p=0.520).,"2020-01-03 to 2026-04-14, n=1577",252-session multivariate HAC exposures and formal era interactions.,"Intervals, diagnostics, and sensitivity specifications are reported in the linked source tables.",B,research/02_macro_tradfi_integration/tables/dynamic_tradfi_exposures.csv; research/02_macro_tradfi_integration/tables/break_tests.csv,research/02_macro_tradfi_integration/figures/02_dynamic_tradfi_integration.png,The split is descriptive; contemporaneous exposures do not identify ETF effects or causal transmission.,accepted_qualified,02_macro_tradfi_integration,Conditional QQQ exposure estimates differ across the predeclared BTC ETF-era split: BTC 1.03 to 0.93 (change p=0.611); ETH 1.33 to 1.51 (change p=0.520).,module-level evidence,see source_table,Conditional QQQ exposure estimates differ across the predeclared BTC ETF-era split: BTC 1.03 to 0.93 (change p=0.611); ETH 1.33 to 1.51 (change p=0.520).,"Intervals, diagnostics, and sensitivity specifications are reported in the linked source tables.","2020-01-03 to 2026-04-14, n=1577",see source table,see source table,252-session multivariate HAC exposures and formal era interactions.,Conditional QQQ exposure estimates differ across the predeclared BTC ETF-era split: BTC 1.03 to 0.93 (change p=0.611); ETH 1.33 to 1.51 (change p=0.520).,The split is descriptive; contemporaneous exposures do not identify ETF effects or causal transmission.,table:dynamic_tradfi_exposures; table:break_tests
leverage_01,03_derivatives_leverage_liquidations,"Across observed support, lagged BTC leverage states coincide with fitted next-session lower-tail probabilities from 3.2% to 7.4%.","2020-02-01 to 2026-04-12, n=2263","Spline logistic association with HAC covariance, quantile/ES diagnostics, and generalized-FEVD connectedness.","Intervals, diagnostics, and sensitivity specifications are reported in the linked source tables.",B,research/03_derivatives_leverage_liquidations/tables/leverage_tail_model.csv; research/03_derivatives_leverage_liquidations/tables/quantile_es.csv; research/03_derivatives_leverage_liquidations/tables/connectedness.csv,research/03_derivatives_leverage_liquidations/figures/03_leverage_tail_connectedness.png,"The relationship is associational, nonlinear, and not a forecast, trading signal, or liquidation-cause estimate.",accepted_qualified,03_derivatives_leverage_liquidations,"Across observed support, lagged BTC leverage states coincide with fitted next-session lower-tail probabilities from 3.2% to 7.4%.",module-level evidence,see source_table,"Across observed support, lagged BTC leverage states coincide with fitted next-session lower-tail probabilities from 3.2% to 7.4%.","Intervals, diagnostics, and sensitivity specifications are reported in the linked source tables.","2020-02-01 to 2026-04-12, n=2263",see source table,see source table,"Spline logistic association with HAC covariance, quantile/ES diagnostics, and generalized-FEVD connectedness.","Across observed support, lagged BTC leverage states coincide with fitted next-session lower-tail probabilities from 3.2% to 7.4%.","The relationship is associational, nonlinear, and not a forecast, trading signal, or liquidation-cause estimate.",table:leverage_tail_model; table:quantile_es; table:connectedness
institutional_01,04_etf_institutional_flows,"Across 12 asset-lag return coefficients, 2 have 95% moving-block simultaneous intervals excluding zero under the reported-date convention. Simultaneity prevents a price-impact interpretation.","2024-01-22 to 2026-04-10, n=426-557",Distributed-lag HAC OLS with moving-block simultaneous bands; CFTC positioning is separate contemporaneous context.,"Intervals, diagnostics, and sensitivity specifications are reported in the linked source tables.",B,research/04_etf_institutional_flows/tables/etf_distributed_lags.csv; research/04_etf_institutional_flows/tables/etf_timing_sensitivity.csv; research/04_etf_institutional_flows/tables/institutional_positioning.csv,research/04_etf_institutional_flows/figures/04_institutional_market_plumbing.png,"ETF reporting time is unresolved, CFTC data is weekly and released after the as-of date, and neither design identifies causality.",accepted_qualified,04_etf_institutional_flows,"Across 12 asset-lag return coefficients, 2 have 95% moving-block simultaneous intervals excluding zero under the reported-date convention. Simultaneity prevents a price-impact interpretation.",module-level evidence,see source_table,"Across 12 asset-lag return coefficients, 2 have 95% moving-block simultaneous intervals excluding zero under the reported-date convention. Simultaneity prevents a price-impact interpretation.","Intervals, diagnostics, and sensitivity specifications are reported in the linked source tables.","2024-01-22 to 2026-04-10, n=426-557",see source table,see source table,Distributed-lag HAC OLS with moving-block simultaneous bands; CFTC positioning is separate contemporaneous context.,"Across 12 asset-lag return coefficients, 2 have 95% moving-block simultaneous intervals excluding zero under the reported-date convention. Simultaneity prevents a price-impact interpretation.","ETF reporting time is unresolved, CFTC data is weekly and released after the as-of date, and neither design identifies causality.",table:etf_distributed_lags; table:etf_timing_sensitivity; table:institutional_positioning
liquidity_01,05_stablecoin_defi_liquidity,Crypto-market return controls explain 0.4% of daily raw USD TVL growth in the stated HAC residualization; the remaining series is an endogenous liquidity-state proxy.,"2020-01-02 to 2026-04-14, n=2295",HAC residualization of USD TVL growth; MVRV identity audit is appendix measurement evidence.,"Intervals, diagnostics, and sensitivity specifications are reported in the linked source tables.",B,research/05_stablecoin_defi_liquidity/tables/liquidity_state.csv; research/05_stablecoin_defi_liquidity/tables/liquidity_state_coefficients.csv; research/05_stablecoin_defi_liquidity/tables/measurement_mechanics.csv,research/05_stablecoin_defi_liquidity/figures/05_liquidity_measurement_diagnostics.png,"USD TVL remains valuation-sensitive, stablecoin and TVL measures are endogenous, and same-day MVRV is mechanically price-linked.",accepted_qualified,05_stablecoin_defi_liquidity,Crypto-market return controls explain 0.4% of daily raw USD TVL growth in the stated HAC residualization; the remaining series is an endogenous liquidity-state proxy.,module-level evidence,see source_table,Crypto-market return controls explain 0.4% of daily raw USD TVL growth in the stated HAC residualization; the remaining series is an endogenous liquidity-state proxy.,"Intervals, diagnostics, and sensitivity specifications are reported in the linked source tables.","2020-01-02 to 2026-04-14, n=2295",see source table,see source table,HAC residualization of USD TVL growth; MVRV identity audit is appendix measurement evidence.,Crypto-market return controls explain 0.4% of daily raw USD TVL growth in the stated HAC residualization; the remaining series is an endogenous liquidity-state proxy.,"USD TVL remains valuation-sensitive, stablecoin and TVL measures are endogenous, and same-day MVRV is mechanically price-linked.",table:liquidity_state; table:liquidity_state_coefficients; table:measurement_mechanics
market_structure_01,07_chain_fundamentals_sector_dynamics,"Across complete monthly PIT snapshots, effective asset count changed from 5.1 to 7.6, while median one-month membership turnover was 14.8%.","January 2020 to May 2026; 77 complete monthly snapshots; 7,700 top-100 asset-months","Monthly point-in-time concentration, entropy, effective count, membership transition, and exact HHI decomposition.","Intervals, diagnostics, and sensitivity specifications are reported in the linked source tables.",B,research/07_chain_fundamentals_sector_dynamics/tables/pit_concentration.csv; research/07_chain_fundamentals_sector_dynamics/tables/pit_membership_transitions.csv; research/07_chain_fundamentals_sector_dynamics/tables/pit_concentration_decomposition.csv,research/07_chain_fundamentals_sector_dynamics/figures/07_pit_concentration_turnover.png,Monthly snapshots support market-structure statements only; they do not establish daily constituent performance or historical altseason behavior.,accepted_qualified,07_chain_fundamentals_sector_dynamics,"Across complete monthly PIT snapshots, effective asset count changed from 5.1 to 7.6, while median one-month membership turnover was 14.8%.",module-level evidence,see source_table,"Across complete monthly PIT snapshots, effective asset count changed from 5.1 to 7.6, while median one-month membership turnover was 14.8%.","Intervals, diagnostics, and sensitivity specifications are reported in the linked source tables.","January 2020 to May 2026; 77 complete monthly snapshots; 7,700 top-100 asset-months",see source table,see source table,"Monthly point-in-time concentration, entropy, effective count, membership transition, and exact HHI decomposition.","Across complete monthly PIT snapshots, effective asset count changed from 5.1 to 7.6, while median one-month membership turnover was 14.8%.",Monthly snapshots support market-structure statements only; they do not establish daily constituent performance or historical altseason behavior.,table:pit_concentration; table:pit_membership_transitions; table:pit_concentration_decomposition
synthesis_01,09_event_stress_cross_module_synthesis,Registered event-window responses vary substantially across events and assets and remain appendix sensitivity evidence rather than causal estimates.,8 events x 2 assets x 3 horizons = 48 event-asset-horizon estimates; BTC/ETH return support 2020-01-02 to 2026-04-14; placebo windows 212-2270,Fixed post-event windows with empirical non-event-window comparison and cross-module claim ledger.,"Intervals, diagnostics, and sensitivity specifications are reported in the linked source tables.",B,research/09_event_stress_cross_module_synthesis/tables/event_response_matrix.csv; research/09_event_stress_cross_module_synthesis/tables/evidence_ledger.csv,research/09_event_stress_cross_module_synthesis/figures/09_event_atlas_appendix.png,Event windows are not an identification design; overlapping market developments and event selection constrain interpretation.,accepted_qualified,09_event_stress_cross_module_synthesis,Registered event-window responses vary substantially across events and assets and remain appendix sensitivity evidence rather than causal estimates.,module-level evidence,see source_table,Registered event-window responses vary substantially across events and assets and remain appendix sensitivity evidence rather than causal estimates.,"Intervals, diagnostics, and sensitivity specifications are reported in the linked source tables.",8 events x 2 assets x 3 horizons = 48 event-asset-horizon estimates; BTC/ETH return support 2020-01-02 to 2026-04-14; placebo windows 212-2270,see source table,see source table,Fixed post-event windows with empirical non-event-window comparison and cross-module claim ledger.,Registered event-window responses vary substantially across events and assets and remain appendix sensitivity evidence rather than causal estimates.,Event windows are not an identification design; overlapping market developments and event selection constrain interpretation.,table:event_response_matrix; table:evidence_ledger
