figure_id,module,research_question,model_ids,source_tables,chart_type,x,y,interval,sample,figure_path,svg_path,title,subtitle,interpretation,limitation,root_readme,visual_qa_status,root_order
common_factor_tail_dependence,01_cross_asset_dependence_regimes,How broad are common variation and lower-tail co-exceedance within the fixed S2 crypto core?,table:common_factor_results; table:tail_dependence,research/01_cross_asset_dependence_regimes/tables/common_factor_results.csv; research/01_cross_asset_dependence_regimes/tables/tail_dependence.csv,leave_one_out_factor_and_tail_forest,see source table,see source table,"2,000-replication moving-block bootstrap intervals with block-length sensitivity","S2 fixed stable core, 2021-01-02 through 2026-06-30, n=2006 matched returns",research/01_cross_asset_dependence_regimes/figures/01_common_factor_tail_dependence.png,research/01_cross_asset_dependence_regimes/figures/01_common_factor_tail_dependence.svg,"Common variation is broad, and BTC lower-tail co-exceedance is above its independence benchmark for the shown pairs.",variance share and excess joint probability,"Common variation is broad, and BTC lower-tail co-exceedance is above its independence benchmark for the shown pairs.","Fixed PIT-eligible membership supports within-sample dependence statements, not forecasts, causal transmission, or investability claims.",True,pass_2026-07-20_full_size_thumbnail_svg_readme_pdf,1
dynamic_tradfi_integration,02_macro_tradfi_integration,How do conditional crypto-equity exposures vary over time and across a predeclared era split?,table:dynamic_tradfi_exposures; table:break_tests,research/02_macro_tradfi_integration/tables/dynamic_tradfi_exposures.csv; research/02_macro_tradfi_integration/tables/break_tests.csv,rolling_exposure_and_interaction_forest,see source table,see source table,HAC confidence intervals and multiplicity-adjusted formal interaction tests,"XNYS-aligned BTC/ETH and TradFi observations, 2020-01-03 through 2026-04-14, n=1577",research/02_macro_tradfi_integration/figures/02_dynamic_tradfi_integration.png,research/02_macro_tradfi_integration/figures/02_dynamic_tradfi_integration.svg,"Conditional QQQ exposure varies over time, while formal ETF-era interaction estimates are weak.",conditional QQQ beta,"Conditional QQQ exposure varies over time, while formal ETF-era interaction estimates are weak.",Contemporaneous period comparisons do not identify ETF effects or causal transmission.,True,pass_2026-07-20_full_size_thumbnail_svg_readme_pdf,2
institutional_market_plumbing,04_etf_institutional_flows,How do ETF flow-intensity lag associations and regulated-futures positioning line up with market outcomes?,table:etf_distributed_lags; table:institutional_positioning_eras,research/04_etf_institutional_flows/tables/etf_distributed_lags.csv; research/04_etf_institutional_flows/tables/institutional_positioning_eras.csv,simultaneous_lag_forest_and_positioning_eras,see source table,see source table,"2,000-replication moving-block simultaneous max-t intervals for ETF lags",Actual BTC/ETH ETF report dates through 2026-04-10 and CFTC standard contracts through 2026-06-30,research/04_etf_institutional_flows/figures/04_institutional_market_plumbing.png,research/04_etf_institutional_flows/figures/04_institutional_market_plumbing.svg,ETF lag evidence is mostly weak under simultaneous bands; CFTC positioning provides separate weekly context.,return coefficient per flow-intensity basis point and net share of open interest,ETF lag evidence is mostly weak under simultaneous bands; CFTC positioning provides separate weekly context.,Reporting-time uncertainty and simultaneity prevent a price-impact interpretation.,True,pass_2026-07-20_full_size_thumbnail_svg_readme_pdf,3
leverage_tail_connectedness,03_derivatives_leverage_liquidations,How do lagged leverage states coincide with conditional tail stress and cross-asset connectedness?,table:leverage_tail_model; table:connectedness,research/03_derivatives_leverage_liquidations/tables/leverage_tail_model.csv; research/03_derivatives_leverage_liquidations/tables/connectedness.csv,spline_marginal_association_and_generalized_fevd,see source table,see source table,Bootstrap intervals for state associations; FEVD stability and row-sum diagnostics,"BTC state model, 2020-02-01 through 2026-04-12; S2 connectedness from 2021",research/03_derivatives_leverage_liquidations/figures/03_leverage_tail_connectedness.png,research/03_derivatives_leverage_liquidations/figures/03_leverage_tail_connectedness.svg,"Tail probabilities vary nonlinearly over observed leverage support, while stable-core connectedness changes through time.",conditional probability and connectedness percent,"Tail probabilities vary nonlinearly over observed leverage support, while stable-core connectedness changes through time.","These are stress-state associations, not forecasts, trading signals, or liquidation-cause estimates.",True,pass_2026-07-20_full_size_thumbnail_svg_readme_pdf,4
pit_concentration_turnover,07_chain_fundamentals_sector_dynamics,How did point-in-time effective breadth and top-100 membership turnover change?,table:pit_concentration; table:pit_membership_transitions,research/07_chain_fundamentals_sector_dynamics/tables/pit_concentration.csv; research/07_chain_fundamentals_sector_dynamics/tables/pit_membership_transitions.csv,effective_breadth_and_membership_turnover,see source table,see source table,Descriptive monthly census; exact decomposition residual is reported as a diagnostic,"Complete monthly PIT top-100 snapshots, January 2020 through May 2026",research/07_chain_fundamentals_sector_dynamics/figures/07_pit_concentration_turnover.png,research/07_chain_fundamentals_sector_dynamics/figures/07_pit_concentration_turnover.svg,Effective market breadth and constituent turnover changed materially across complete monthly snapshots.,entropy-implied asset count and monthly turnover rate,Effective market breadth and constituent turnover changed materially across complete monthly snapshots.,"Monthly PIT evidence supports market-structure statements only, not daily historical constituent performance.",True,pass_2026-07-20_full_size_thumbnail_svg_readme_pdf,5
coverage_missingness_by_block,00_data_measurement_foundation,How do valid daily observations and missingness differ across registered data blocks?,table:coverage_missingness,research/00_data_measurement_foundation/tables/coverage_missingness.csv,coverage_and_missingness_bar,see source table,see source table,Deterministic coverage audit; no sampling interval applies,Contract-valid source coverage frozen at 2026-06-30,research/00_data_measurement_foundation/figures/coverage_missingness_by_block.png,research/00_data_measurement_foundation/figures/coverage_missingness_by_block.svg,Coverage differs across source blocks because their valid starts and native calendars differ.,observation counts and missing share,Coverage differs across source blocks because their valid starts and native calendars differ.,Missingness is evaluated against each source contract rather than a universal daily calendar.,False,pass_2026-07-20_full_size_thumbnail_svg_readme_pdf,89
data_governance_inventory,00_data_measurement_foundation,Which local provider and feature dispositions govern public claims?,table:provider_inventory; table:feature_usage_matrix,research/00_data_measurement_foundation/tables/provider_inventory.csv; research/00_data_measurement_foundation/tables/feature_usage_matrix.csv,governance_inventory_bar,see source table,see source table,Census of available local objects and registry rows; no sampling interval applies,Local-only provider inventory frozen at 2026-06-30,research/00_data_measurement_foundation/figures/data_governance_inventory.png,research/00_data_measurement_foundation/figures/data_governance_inventory.svg,Provider and feature dispositions define release and measurement boundaries.,counts,Provider and feature dispositions define release and measurement boundaries.,Release-risk labels are not legal permission.,False,pass_2026-07-20_full_size_thumbnail_svg_readme_pdf,90
liquidity_measurement_diagnostics,05_stablecoin_defi_liquidity,"What remains after price-adjusting USD TVL growth, and how mechanical is same-day MVRV?",table:liquidity_state; table:measurement_mechanics,research/05_stablecoin_defi_liquidity/tables/liquidity_state.csv; research/05_stablecoin_defi_liquidity/tables/measurement_mechanics.csv,residual_state_and_measurement_warning,see source table,see source table,HAC coefficient intervals; MVRV panel is a descriptive measurement-mechanics diagnostic,Daily BTC/ETH liquidity and measurement panel through 2026-04-14,research/05_stablecoin_defi_liquidity/figures/05_liquidity_measurement_diagnostics.png,research/05_stablecoin_defi_liquidity/figures/05_liquidity_measurement_diagnostics.svg,"The liquidity residual is endogenous, and MVRV mechanics remain an appendix warning.",rolling z-score and correlation,"The liquidity residual is endogenous, and MVRV mechanics remain an appendix warning.",Raw USD TVL is valuation-sensitive and same-day MVRV is not an independent factor.,False,pass_2026-07-20_full_size_thumbnail_svg_readme_pdf,91
event_atlas_appendix,09_event_stress_cross_module_synthesis,How do registered post-event windows vary across BTC and ETH?,table:event_response_matrix,research/09_event_stress_cross_module_synthesis/tables/event_response_matrix.csv,event_response_heatmap,see source table,see source table,Empirical placebo percentiles and two-sided placebo p-values; not an identification design,Registered events within the valid 2020-2026 BTC/ETH panel,research/09_event_stress_cross_module_synthesis/figures/09_event_atlas_appendix.png,research/09_event_stress_cross_module_synthesis/figures/09_event_atlas_appendix.svg,Event responses are retained as appendix sensitivity evidence.,cumulative log return,Event responses are retained as appendix sensitivity evidence.,Event windows are not an identification design.,False,pass_2026-07-20_full_size_thumbnail_svg_readme_pdf,92
