figure_id,module,finding,empirical_strength,robustness,economic_relevance,june_2026_relevance,cross_asset_breadth,visual_quality,weighted_score,hard_exclusion,selected,reason
common_factor_tail_dependence,01_cross_asset_dependence_regimes,"Common variation is broad, and BTC lower-tail co-exceedance is above its independence benchmark for the shown pairs.",5,3,5,5,5,5,4.6,,True,selected root evidence map figure
dynamic_tradfi_integration,02_macro_tradfi_integration,"Conditional QQQ exposure varies over time, while formal ETF-era interaction estimates are weak.",3,3,5,5,5,5,4.1,,True,selected root evidence map figure
institutional_market_plumbing,04_etf_institutional_flows,ETF lag evidence is mostly weak under simultaneous bands; CFTC positioning provides separate weekly context.,3,3,5,5,3,5,3.9,,True,selected root evidence map figure
leverage_tail_connectedness,03_derivatives_leverage_liquidations,"Tail probabilities vary nonlinearly over observed leverage support, while stable-core connectedness changes through time.",5,3,5,5,3,5,4.4,,True,selected root evidence map figure
pit_concentration_turnover,07_chain_fundamentals_sector_dynamics,Effective market breadth and constituent turnover changed materially across complete monthly snapshots.,3,3,3,3,3,5,3.2,,True,selected root evidence map figure
coverage_missingness_by_block,00_data_measurement_foundation,Coverage differs across source blocks because their valid starts and native calendars differ.,3,3,3,3,3,5,3.2,,False,module/appendix figure retained outside root selection
data_governance_inventory,00_data_measurement_foundation,Provider and feature dispositions define release and measurement boundaries.,3,3,3,3,3,5,3.2,,False,module/appendix figure retained outside root selection
liquidity_measurement_diagnostics,05_stablecoin_defi_liquidity,"The liquidity residual is endogenous, and MVRV mechanics remain an appendix warning.",3,3,3,3,3,5,3.2,,False,module/appendix figure retained outside root selection
event_atlas_appendix,09_event_stress_cross_module_synthesis,Event responses are retained as appendix sensitivity evidence.,3,3,3,3,3,5,3.2,,False,module/appendix figure retained outside root selection
