Datetime,Active Sending Addresses
2026-04-11T00:00:00Z,1477
2026-04-10T00:00:00Z,1835
2026-04-09T00:00:00Z,1949
2026-04-08T00:00:00Z,2155
2026-04-07T00:00:00Z,2035
2026-04-06T00:00:00Z,1985
2026-04-05T00:00:00Z,1632
2026-04-04T00:00:00Z,1274
2026-04-03T00:00:00Z,1451
2026-04-02T00:00:00Z,2024
2026-04-01T00:00:00Z,2033
2026-03-31T00:00:00Z,1765
2026-03-30T00:00:00Z,1802
2026-03-29T00:00:00Z,1489
2026-03-28T00:00:00Z,1492
2026-03-27T00:00:00Z,1964
2026-03-26T00:00:00Z,2062
2026-03-25T00:00:00Z,2062
2026-03-24T00:00:00Z,2031
2026-03-23T00:00:00Z,2025
2026-03-22T00:00:00Z,1738
2026-03-21T00:00:00Z,1500
2026-03-20T00:00:00Z,2065
2026-03-19T00:00:00Z,2140
2026-03-18T00:00:00Z,2050
2026-03-17T00:00:00Z,2334
2026-03-16T00:00:00Z,2834
2026-03-15T00:00:00Z,1780
2026-03-14T00:00:00Z,1570
2026-03-13T00:00:00Z,2395
2026-03-12T00:00:00Z,2228
2026-03-11T00:00:00Z,1937
2026-03-10T00:00:00Z,2271
2026-03-09T00:00:00Z,2323
2026-03-08T00:00:00Z,1776
2026-03-07T00:00:00Z,1694
2026-03-06T00:00:00Z,2418
2026-03-05T00:00:00Z,2615
2026-03-04T00:00:00Z,3059
2026-03-03T00:00:00Z,2246
2026-03-02T00:00:00Z,2245
2026-03-01T00:00:00Z,1969
2026-02-28T00:00:00Z,2102
2026-02-27T00:00:00Z,1959
2026-02-26T00:00:00Z,2276
2026-02-25T00:00:00Z,2499
2026-02-24T00:00:00Z,2455
2026-02-23T00:00:00Z,2578
2026-02-22T00:00:00Z,1650
2026-02-21T00:00:00Z,1569
2026-02-20T00:00:00Z,2164
2026-02-19T00:00:00Z,2704
2026-02-18T00:00:00Z,2202
2026-02-17T00:00:00Z,1652
2026-02-16T00:00:00Z,1789
2026-02-15T00:00:00Z,2017
2026-02-14T00:00:00Z,2041
2026-02-13T00:00:00Z,2086
2026-02-12T00:00:00Z,2112
2026-02-11T00:00:00Z,2400
2026-02-10T00:00:00Z,2044
2026-02-09T00:00:00Z,2377
2026-02-08T00:00:00Z,2127
2026-02-07T00:00:00Z,2612
2026-02-06T00:00:00Z,4694
2026-02-05T00:00:00Z,5859
2026-02-04T00:00:00Z,3165
2026-02-03T00:00:00Z,2970
2026-02-02T00:00:00Z,3034
2026-02-01T00:00:00Z,3216
2026-01-31T00:00:00Z,3485
2026-01-30T00:00:00Z,2735
2026-01-29T00:00:00Z,2460
2026-01-28T00:00:00Z,1813
2026-01-27T00:00:00Z,1859
2026-01-26T00:00:00Z,2031
2026-01-25T00:00:00Z,2007
2026-01-24T00:00:00Z,1519
2026-01-23T00:00:00Z,1778
2026-01-22T00:00:00Z,1978
2026-01-21T00:00:00Z,2872
2026-01-20T00:00:00Z,2877
2026-01-19T00:00:00Z,2453
2026-01-18T00:00:00Z,1587
2026-01-17T00:00:00Z,1726
2026-01-16T00:00:00Z,1859
2026-01-15T00:00:00Z,2442
2026-01-14T00:00:00Z,2804
2026-01-13T00:00:00Z,2326
2026-01-12T00:00:00Z,2082
2026-01-11T00:00:00Z,1610
2026-01-10T00:00:00Z,1534
2026-01-09T00:00:00Z,2152
2026-01-08T00:00:00Z,2081
2026-01-07T00:00:00Z,2323
2026-01-06T00:00:00Z,2406
2026-01-05T00:00:00Z,2455
2026-01-04T00:00:00Z,1909
2026-01-03T00:00:00Z,1837
2026-01-02T00:00:00Z,2017
2026-01-01T00:00:00Z,1898
2025-12-31T00:00:00Z,2508
2025-12-30T00:00:00Z,1983
2025-12-29T00:00:00Z,2302
2025-12-28T00:00:00Z,1482
2025-12-27T00:00:00Z,1581
2025-12-26T00:00:00Z,1548
2025-12-25T00:00:00Z,1223
2025-12-24T00:00:00Z,1317
2025-12-23T00:00:00Z,1675
2025-12-22T00:00:00Z,1689
2025-12-21T00:00:00Z,1266
2025-12-20T00:00:00Z,1364
2025-12-19T00:00:00Z,1760
2025-12-18T00:00:00Z,1969
2025-12-17T00:00:00Z,1867
2025-12-16T00:00:00Z,1842
2025-12-15T00:00:00Z,1948
2025-12-14T00:00:00Z,1388
2025-12-13T00:00:00Z,1265
2025-12-12T00:00:00Z,1784
2025-12-11T00:00:00Z,1986
2025-12-10T00:00:00Z,1678
2025-12-09T00:00:00Z,1768
2025-12-08T00:00:00Z,1332
2025-12-07T00:00:00Z,1266
2025-12-06T00:00:00Z,1178
2025-12-05T00:00:00Z,1752
2025-12-04T00:00:00Z,1804
2025-12-03T00:00:00Z,2386
2025-12-02T00:00:00Z,1880
2025-12-01T00:00:00Z,2291
2025-11-30T00:00:00Z,1279
2025-11-29T00:00:00Z,1632
2025-11-28T00:00:00Z,1998
2025-11-27T00:00:00Z,1856
2025-11-26T00:00:00Z,2357
2025-11-25T00:00:00Z,1900
2025-11-24T00:00:00Z,1808
2025-11-23T00:00:00Z,1651
2025-11-22T00:00:00Z,1992
2025-11-21T00:00:00Z,3584
2025-11-20T00:00:00Z,2372
2025-11-19T00:00:00Z,2295
2025-11-18T00:00:00Z,2767
2025-11-17T00:00:00Z,2210
2025-11-16T00:00:00Z,1821
2025-11-15T00:00:00Z,1860
2025-11-14T00:00:00Z,2580
2025-11-13T00:00:00Z,1939
2025-11-12T00:00:00Z,1772
2025-11-11T00:00:00Z,1592
2025-11-10T00:00:00Z,1800
2025-11-09T00:00:00Z,1471
2025-11-08T00:00:00Z,1686
2025-11-07T00:00:00Z,1773
2025-11-06T00:00:00Z,1620
2025-11-05T00:00:00Z,2325
2025-11-04T00:00:00Z,2645
2025-11-03T00:00:00Z,1878
2025-11-02T00:00:00Z,1317
2025-11-01T00:00:00Z,1328
2025-10-31T00:00:00Z,1746
2025-10-30T00:00:00Z,1851
2025-10-29T00:00:00Z,1604
2025-10-28T00:00:00Z,1638
2025-10-27T00:00:00Z,1745
2025-10-26T00:00:00Z,1520
2025-10-25T00:00:00Z,1470
2025-10-24T00:00:00Z,1472
2025-10-23T00:00:00Z,1728
2025-10-22T00:00:00Z,1831
2025-10-21T00:00:00Z,2009
2025-10-20T00:00:00Z,1891
2025-10-19T00:00:00Z,1932
2025-10-18T00:00:00Z,2329
2025-10-17T00:00:00Z,3472
2025-10-16T00:00:00Z,2561
2025-10-15T00:00:00Z,2077
2025-10-14T00:00:00Z,3292
2025-10-13T00:00:00Z,1903
2025-10-12T00:00:00Z,2268
2025-10-11T00:00:00Z,3137
2025-10-10T00:00:00Z,2704
2025-10-09T00:00:00Z,1646
2025-10-08T00:00:00Z,1989
2025-10-07T00:00:00Z,3073
2025-10-06T00:00:00Z,1936
2025-10-05T00:00:00Z,2163
2025-10-04T00:00:00Z,1561
2025-10-03T00:00:00Z,2402
2025-10-02T00:00:00Z,3128
2025-10-01T00:00:00Z,1951
2025-09-30T00:00:00Z,1776
2025-09-29T00:00:00Z,1757
2025-09-28T00:00:00Z,1485
2025-09-27T00:00:00Z,1240
2025-09-26T00:00:00Z,1729
2025-09-25T00:00:00Z,2007
2025-09-24T00:00:00Z,1671
2025-09-23T00:00:00Z,1599
2025-09-22T00:00:00Z,1781
2025-09-21T00:00:00Z,1506
2025-09-20T00:00:00Z,1386
2025-09-19T00:00:00Z,1542
2025-09-18T00:00:00Z,1479
2025-09-17T00:00:00Z,1611
2025-09-16T00:00:00Z,1475
2025-09-15T00:00:00Z,1370
2025-09-14T00:00:00Z,1165
2025-09-13T00:00:00Z,1485
2025-09-12T00:00:00Z,1572
2025-09-11T00:00:00Z,1375
2025-09-10T00:00:00Z,1434
2025-09-09T00:00:00Z,1290
2025-09-08T00:00:00Z,1365
2025-09-07T00:00:00Z,1257
2025-09-06T00:00:00Z,1492
2025-09-05T00:00:00Z,1681
2025-09-04T00:00:00Z,1370
2025-09-03T00:00:00Z,1563
2025-09-02T00:00:00Z,1892
2025-09-01T00:00:00Z,1702
2025-08-31T00:00:00Z,1269
2025-08-30T00:00:00Z,1447
2025-08-29T00:00:00Z,1648
2025-08-28T00:00:00Z,1527
2025-08-27T00:00:00Z,1448
2025-08-26T00:00:00Z,2284
2025-08-25T00:00:00Z,1841
2025-08-24T00:00:00Z,1539
2025-08-23T00:00:00Z,1515
2025-08-22T00:00:00Z,1718
2025-08-21T00:00:00Z,1420
2025-08-20T00:00:00Z,1545
2025-08-19T00:00:00Z,1606
2025-08-18T00:00:00Z,1780
2025-08-17T00:00:00Z,1634
2025-08-16T00:00:00Z,1499
2025-08-15T00:00:00Z,1818
2025-08-14T00:00:00Z,1838
2025-08-13T00:00:00Z,1841
2025-08-12T00:00:00Z,1663
2025-08-11T00:00:00Z,1931
2025-08-10T00:00:00Z,1587
2025-08-09T00:00:00Z,1662
2025-08-08T00:00:00Z,1675
2025-08-07T00:00:00Z,1575
2025-08-06T00:00:00Z,1377
2025-08-05T00:00:00Z,1360
2025-08-04T00:00:00Z,1466
2025-08-03T00:00:00Z,1357
2025-08-02T00:00:00Z,1560
2025-08-01T00:00:00Z,2058
2025-07-31T00:00:00Z,1499
2025-07-30T00:00:00Z,1238
2025-07-29T00:00:00Z,1461
2025-07-28T00:00:00Z,1648
2025-07-27T00:00:00Z,1519
2025-07-26T00:00:00Z,1380
2025-07-25T00:00:00Z,1854
2025-07-24T00:00:00Z,1634
2025-07-23T00:00:00Z,1678
2025-07-22T00:00:00Z,1646
2025-07-21T00:00:00Z,1796
2025-07-20T00:00:00Z,1912
2025-07-19T00:00:00Z,1707
2025-07-18T00:00:00Z,1841
2025-07-17T00:00:00Z,1638
2025-07-16T00:00:00Z,1648
2025-07-15T00:00:00Z,1759
2025-07-14T00:00:00Z,2184
2025-07-13T00:00:00Z,1573
2025-07-12T00:00:00Z,1655
2025-07-11T00:00:00Z,2171
2025-07-10T00:00:00Z,1931
2025-07-09T00:00:00Z,1551
2025-07-08T00:00:00Z,1313
2025-07-07T00:00:00Z,1322
2025-07-06T00:00:00Z,1088
2025-07-05T00:00:00Z,1114
2025-07-04T00:00:00Z,1506
2025-07-03T00:00:00Z,1550
2025-07-02T00:00:00Z,1748
2025-07-01T00:00:00Z,1712
2025-06-30T00:00:00Z,1506
2025-06-29T00:00:00Z,1391
2025-06-28T00:00:00Z,1276
2025-06-27T00:00:00Z,1734
2025-06-26T00:00:00Z,1505
2025-06-25T00:00:00Z,1374
2025-06-24T00:00:00Z,1471
2025-06-23T00:00:00Z,1749
2025-06-22T00:00:00Z,1998
2025-06-21T00:00:00Z,1591
2025-06-20T00:00:00Z,1610
2025-06-19T00:00:00Z,1379
2025-06-18T00:00:00Z,1681
2025-06-17T00:00:00Z,1542
2025-06-16T00:00:00Z,1450
2025-06-15T00:00:00Z,1346
2025-06-14T00:00:00Z,1354
2025-06-13T00:00:00Z,1962
2025-06-12T00:00:00Z,1605
2025-06-11T00:00:00Z,1769
2025-06-10T00:00:00Z,1679
2025-06-09T00:00:00Z,2381
2025-06-08T00:00:00Z,1862
2025-06-07T00:00:00Z,1712
2025-06-06T00:00:00Z,2215
2025-06-05T00:00:00Z,1762
2025-06-04T00:00:00Z,1493
2025-06-03T00:00:00Z,1587
2025-06-02T00:00:00Z,1555
2025-06-01T00:00:00Z,2155
2025-05-31T00:00:00Z,2069
2025-05-30T00:00:00Z,1653
2025-05-29T00:00:00Z,1668
2025-05-28T00:00:00Z,2071
2025-05-27T00:00:00Z,1867
2025-05-26T00:00:00Z,2047
2025-05-25T00:00:00Z,2009
2025-05-24T00:00:00Z,2222
2025-05-23T00:00:00Z,1931
2025-05-22T00:00:00Z,2360
2025-05-21T00:00:00Z,2362
2025-05-20T00:00:00Z,1727
2025-05-19T00:00:00Z,2148
2025-05-18T00:00:00Z,2092
2025-05-17T00:00:00Z,2314
2025-05-16T00:00:00Z,2152
2025-05-15T00:00:00Z,2096
2025-05-14T00:00:00Z,2137
2025-05-13T00:00:00Z,2281
2025-05-12T00:00:00Z,2575
2025-05-11T00:00:00Z,2406
2025-05-10T00:00:00Z,3084
2025-05-09T00:00:00Z,2651
2025-05-08T00:00:00Z,2177
2025-05-07T00:00:00Z,1908
2025-05-06T00:00:00Z,2000
2025-05-05T00:00:00Z,1668
2025-05-04T00:00:00Z,1387
2025-05-03T00:00:00Z,1310
2025-05-02T00:00:00Z,1634
2025-05-01T00:00:00Z,1743
2025-04-30T00:00:00Z,1487
2025-04-29T00:00:00Z,1601
2025-04-28T00:00:00Z,1538
2025-04-27T00:00:00Z,2098
2025-04-26T00:00:00Z,1697
2025-04-25T00:00:00Z,2099
2025-04-24T00:00:00Z,2240
2025-04-23T00:00:00Z,2210
2025-04-22T00:00:00Z,2036
2025-04-21T00:00:00Z,1919
2025-04-20T00:00:00Z,1231
2025-04-19T00:00:00Z,1424
2025-04-18T00:00:00Z,2012
2025-04-17T00:00:00Z,1744
2025-04-16T00:00:00Z,1947
2025-04-15T00:00:00Z,1642
2025-04-14T00:00:00Z,1666
2025-04-13T00:00:00Z,1361
2025-04-12T00:00:00Z,1562
2025-04-11T00:00:00Z,1867
2025-04-10T00:00:00Z,1985
2025-04-09T00:00:00Z,2588
2025-04-08T00:00:00Z,2586
2025-04-07T00:00:00Z,3169
2025-04-06T00:00:00Z,2056
2025-04-05T00:00:00Z,1262
2025-04-04T00:00:00Z,1577
2025-04-03T00:00:00Z,2207
2025-04-02T00:00:00Z,1645
2025-04-01T00:00:00Z,1501
2025-03-31T00:00:00Z,1638
2025-03-30T00:00:00Z,1299
2025-03-29T00:00:00Z,1627
2025-03-28T00:00:00Z,2012
2025-03-27T00:00:00Z,1475
2025-03-26T00:00:00Z,1399
2025-03-25T00:00:00Z,1510
2025-03-24T00:00:00Z,1559
2025-03-23T00:00:00Z,987
2025-03-22T00:00:00Z,952
2025-03-21T00:00:00Z,1266
2025-03-20T00:00:00Z,1601
2025-03-19T00:00:00Z,1674
2025-03-18T00:00:00Z,1291
2025-03-17T00:00:00Z,1267
2025-03-16T00:00:00Z,1150
2025-03-15T00:00:00Z,1276
2025-03-14T00:00:00Z,1453
2025-03-13T00:00:00Z,1456
2025-03-12T00:00:00Z,1676
2025-03-11T00:00:00Z,2579
2025-03-10T00:00:00Z,2156
2025-03-09T00:00:00Z,1560
2025-03-08T00:00:00Z,1202
2025-03-07T00:00:00Z,1735
2025-03-06T00:00:00Z,1569
2025-03-05T00:00:00Z,1505
2025-03-04T00:00:00Z,1972
2025-03-03T00:00:00Z,2047
2025-03-02T00:00:00Z,1826
2025-03-01T00:00:00Z,1613
2025-02-28T00:00:00Z,2519
2025-02-27T00:00:00Z,1819
2025-02-26T00:00:00Z,1975
2025-02-25T00:00:00Z,2489
2025-02-24T00:00:00Z,1564
2025-02-23T00:00:00Z,1394
2025-02-22T00:00:00Z,1249
2025-02-21T00:00:00Z,1531
2025-02-20T00:00:00Z,1514
2025-02-19T00:00:00Z,1595
2025-02-18T00:00:00Z,1909
2025-02-17T00:00:00Z,1455
2025-02-16T00:00:00Z,1350
2025-02-15T00:00:00Z,3481
2025-02-14T00:00:00Z,1479
2025-02-13T00:00:00Z,1529
2025-02-12T00:00:00Z,1509
2025-02-11T00:00:00Z,1344
2025-02-10T00:00:00Z,1525
2025-02-09T00:00:00Z,1476
2025-02-08T00:00:00Z,1768
2025-02-07T00:00:00Z,1883
2025-02-06T00:00:00Z,1631
2025-02-05T00:00:00Z,1531
2025-02-04T00:00:00Z,1998
2025-02-03T00:00:00Z,2210
2025-02-02T00:00:00Z,3671
2025-02-01T00:00:00Z,1773
2025-01-31T00:00:00Z,1644
2025-01-30T00:00:00Z,1663
2025-01-29T00:00:00Z,1619
2025-01-28T00:00:00Z,1409
2025-01-27T00:00:00Z,1435
2025-01-26T00:00:00Z,1306
2025-01-25T00:00:00Z,2231
2025-01-24T00:00:00Z,1487
2025-01-23T00:00:00Z,1679
2025-01-22T00:00:00Z,1399
2025-01-21T00:00:00Z,1433
2025-01-20T00:00:00Z,1608
2025-01-19T00:00:00Z,1509
2025-01-18T00:00:00Z,1339
2025-01-17T00:00:00Z,1842
2025-01-16T00:00:00Z,1452
2025-01-15T00:00:00Z,1307
2025-01-14T00:00:00Z,1145
2025-01-13T00:00:00Z,1563
2025-01-12T00:00:00Z,1270
2025-01-11T00:00:00Z,1324
2025-01-10T00:00:00Z,1437
2025-01-09T00:00:00Z,1868
2025-01-08T00:00:00Z,2376
2025-01-07T00:00:00Z,1440
2025-01-06T00:00:00Z,1282
2025-01-05T00:00:00Z,1182
2025-01-04T00:00:00Z,1283
2025-01-03T00:00:00Z,1125
2025-01-02T00:00:00Z,1047
2025-01-01T00:00:00Z,1099
2024-12-31T00:00:00Z,1151
2024-12-30T00:00:00Z,1531
2024-12-29T00:00:00Z,2050
2024-12-28T00:00:00Z,2164
2024-12-27T00:00:00Z,2809
2024-12-26T00:00:00Z,2929
2024-12-25T00:00:00Z,1584
2024-12-24T00:00:00Z,1241
2024-12-23T00:00:00Z,1441
2024-12-22T00:00:00Z,1131
2024-12-21T00:00:00Z,1143
2024-12-20T00:00:00Z,1634
2024-12-19T00:00:00Z,1407
2024-12-18T00:00:00Z,1388
2024-12-17T00:00:00Z,1607
2024-12-16T00:00:00Z,1473
2024-12-15T00:00:00Z,1407
2024-12-14T00:00:00Z,1755
2024-12-13T00:00:00Z,1099
2024-12-12T00:00:00Z,1172
2024-12-11T00:00:00Z,1332
2024-12-10T00:00:00Z,1242
2024-12-09T00:00:00Z,1200
2024-12-08T00:00:00Z,1329
2024-12-07T00:00:00Z,1187
2024-12-06T00:00:00Z,1367
2024-12-05T00:00:00Z,1942
2024-12-04T00:00:00Z,1318
2024-12-03T00:00:00Z,1255
2024-12-02T00:00:00Z,1332
2024-12-01T00:00:00Z,1170
2024-11-30T00:00:00Z,1269
2024-11-29T00:00:00Z,1349
2024-11-28T00:00:00Z,1307
2024-11-27T00:00:00Z,1398
2024-11-26T00:00:00Z,1723
2024-11-25T00:00:00Z,1595
2024-11-24T00:00:00Z,1567
2024-11-23T00:00:00Z,1567
2024-11-22T00:00:00Z,1978
2024-11-21T00:00:00Z,2335
2024-11-20T00:00:00Z,1848
2024-11-19T00:00:00Z,1480
2024-11-18T00:00:00Z,1296
2024-11-17T00:00:00Z,1456
2024-11-16T00:00:00Z,1346
2024-11-15T00:00:00Z,1518
2024-11-14T00:00:00Z,1445
2024-11-13T00:00:00Z,1539
2024-11-12T00:00:00Z,1918
2024-11-11T00:00:00Z,1987
2024-11-10T00:00:00Z,1569
2024-11-09T00:00:00Z,1233
2024-11-08T00:00:00Z,1303
2024-11-07T00:00:00Z,1405
2024-11-06T00:00:00Z,1692
2024-11-05T00:00:00Z,1428
2024-11-04T00:00:00Z,1246
2024-11-03T00:00:00Z,1273
2024-11-02T00:00:00Z,1296
2024-11-01T00:00:00Z,1311
2024-10-31T00:00:00Z,1227
2024-10-30T00:00:00Z,1210
2024-10-29T00:00:00Z,1628
2024-10-28T00:00:00Z,1187
2024-10-27T00:00:00Z,1064
2024-10-26T00:00:00Z,1289
2024-10-25T00:00:00Z,1299
2024-10-24T00:00:00Z,1477
2024-10-23T00:00:00Z,1217
2024-10-22T00:00:00Z,1073
2024-10-21T00:00:00Z,1218
2024-10-20T00:00:00Z,1235
2024-10-19T00:00:00Z,1008
2024-10-18T00:00:00Z,991
2024-10-17T00:00:00Z,1065
2024-10-16T00:00:00Z,1278
2024-10-15T00:00:00Z,1123
2024-10-14T00:00:00Z,1071
2024-10-13T00:00:00Z,839
2024-10-12T00:00:00Z,923
2024-10-11T00:00:00Z,1007
2024-10-10T00:00:00Z,1025
2024-10-09T00:00:00Z,924
2024-10-08T00:00:00Z,1064
2024-10-07T00:00:00Z,1032
2024-10-06T00:00:00Z,975
2024-10-05T00:00:00Z,1022
2024-10-04T00:00:00Z,1245
2024-10-03T00:00:00Z,1180
2024-10-02T00:00:00Z,1243
2024-10-01T00:00:00Z,1092
2024-09-30T00:00:00Z,1414
2024-09-29T00:00:00Z,1241
2024-09-28T00:00:00Z,1599
2024-09-27T00:00:00Z,1135
2024-09-26T00:00:00Z,1024
2024-09-25T00:00:00Z,885
2024-09-24T00:00:00Z,923
2024-09-23T00:00:00Z,990
2024-09-22T00:00:00Z,983
2024-09-21T00:00:00Z,911
2024-09-20T00:00:00Z,1145
2024-09-19T00:00:00Z,1201
2024-09-18T00:00:00Z,1158
2024-09-17T00:00:00Z,1147
2024-09-16T00:00:00Z,1362
2024-09-15T00:00:00Z,2227
2024-09-14T00:00:00Z,2025
2024-09-13T00:00:00Z,1761
2024-09-12T00:00:00Z,1619
2024-09-11T00:00:00Z,1450
2024-09-10T00:00:00Z,1221
2024-09-09T00:00:00Z,1461
2024-09-08T00:00:00Z,2097
2024-09-07T00:00:00Z,2143
2024-09-06T00:00:00Z,2031
2024-09-05T00:00:00Z,1209
2024-09-04T00:00:00Z,1839
2024-09-03T00:00:00Z,1890
2024-09-02T00:00:00Z,1392
2024-09-01T00:00:00Z,1728
2024-08-31T00:00:00Z,1686
2024-08-30T00:00:00Z,2339
2024-08-29T00:00:00Z,1973
2024-08-28T00:00:00Z,1567
2024-08-27T00:00:00Z,1957
2024-08-26T00:00:00Z,1677
2024-08-25T00:00:00Z,1545
2024-08-24T00:00:00Z,1772
2024-08-23T00:00:00Z,2179
2024-08-22T00:00:00Z,1721
2024-08-21T00:00:00Z,1739
2024-08-20T00:00:00Z,1699
2024-08-19T00:00:00Z,1520
2024-08-18T00:00:00Z,1508
2024-08-17T00:00:00Z,1381
2024-08-16T00:00:00Z,1836
2024-08-15T00:00:00Z,2558
2024-08-14T00:00:00Z,1835
2024-08-13T00:00:00Z,1291
2024-08-12T00:00:00Z,1398
2024-08-11T00:00:00Z,1539
2024-08-10T00:00:00Z,1354
2024-08-09T00:00:00Z,1187
2024-08-08T00:00:00Z,1388
2024-08-07T00:00:00Z,1644
2024-08-06T00:00:00Z,1696
2024-08-05T00:00:00Z,2825
2024-08-04T00:00:00Z,1834
2024-08-03T00:00:00Z,1275
2024-08-02T00:00:00Z,1339
2024-08-01T00:00:00Z,1196
2024-07-31T00:00:00Z,951
2024-07-30T00:00:00Z,1070
2024-07-29T00:00:00Z,1680
2024-07-28T00:00:00Z,1322
2024-07-27T00:00:00Z,1327
2024-07-26T00:00:00Z,1336
2024-07-25T00:00:00Z,1294
2024-07-24T00:00:00Z,1034
2024-07-23T00:00:00Z,995
2024-07-22T00:00:00Z,1222
2024-07-21T00:00:00Z,1234
2024-07-20T00:00:00Z,1065
2024-07-19T00:00:00Z,1000
2024-07-18T00:00:00Z,840
2024-07-17T00:00:00Z,860
2024-07-16T00:00:00Z,1023
2024-07-15T00:00:00Z,1057
2024-07-14T00:00:00Z,984
2024-07-13T00:00:00Z,980
2024-07-12T00:00:00Z,1025
2024-07-11T00:00:00Z,998
2024-07-10T00:00:00Z,972
2024-07-09T00:00:00Z,1012
2024-07-08T00:00:00Z,1208
2024-07-07T00:00:00Z,1885
2024-07-06T00:00:00Z,5139
2024-07-05T00:00:00Z,1885
2024-07-04T00:00:00Z,1407
2024-07-03T00:00:00Z,950
2024-07-02T00:00:00Z,853
2024-07-01T00:00:00Z,1064
2024-06-30T00:00:00Z,1008
2024-06-29T00:00:00Z,914
2024-06-28T00:00:00Z,943
2024-06-27T00:00:00Z,1910
2024-06-26T00:00:00Z,1100
2024-06-25T00:00:00Z,1101
2024-06-24T00:00:00Z,1465
2024-06-23T00:00:00Z,986
2024-06-22T00:00:00Z,925
2024-06-21T00:00:00Z,955
2024-06-20T00:00:00Z,785
2024-06-19T00:00:00Z,861
2024-06-18T00:00:00Z,1117
2024-06-17T00:00:00Z,1038
2024-06-16T00:00:00Z,880
2024-06-15T00:00:00Z,884
2024-06-14T00:00:00Z,964
2024-06-13T00:00:00Z,846
2024-06-12T00:00:00Z,899
2024-06-11T00:00:00Z,1087
2024-06-10T00:00:00Z,1019
2024-06-09T00:00:00Z,983
2024-06-08T00:00:00Z,998
2024-06-07T00:00:00Z,990
2024-06-06T00:00:00Z,867
2024-06-05T00:00:00Z,1078
2024-06-04T00:00:00Z,1180
2024-06-03T00:00:00Z,1132
2024-06-02T00:00:00Z,891
2024-06-01T00:00:00Z,980
2024-05-31T00:00:00Z,1040
2024-05-30T00:00:00Z,938
2024-05-29T00:00:00Z,892
2024-05-28T00:00:00Z,842
2024-05-27T00:00:00Z,1016
2024-05-26T00:00:00Z,973
2024-05-25T00:00:00Z,1104
2024-05-24T00:00:00Z,1389
2024-05-23T00:00:00Z,1532
2024-05-22T00:00:00Z,1301
2024-05-21T00:00:00Z,2605
2024-05-20T00:00:00Z,1876
2024-05-19T00:00:00Z,1371
2024-05-18T00:00:00Z,1596
2024-05-17T00:00:00Z,1309
2024-05-16T00:00:00Z,1477
2024-05-15T00:00:00Z,1469
2024-05-14T00:00:00Z,1759
2024-05-13T00:00:00Z,1347
2024-05-12T00:00:00Z,1076
2024-05-11T00:00:00Z,2051
2024-05-10T00:00:00Z,1160
2024-05-09T00:00:00Z,1189
2024-05-08T00:00:00Z,1331
2024-05-07T00:00:00Z,1243
2024-05-06T00:00:00Z,1537
2024-05-05T00:00:00Z,1463
2024-05-04T00:00:00Z,1498
2024-05-03T00:00:00Z,1625
2024-05-02T00:00:00Z,1811
2024-05-01T00:00:00Z,2704
2024-04-30T00:00:00Z,1435
2024-04-29T00:00:00Z,1180
2024-04-28T00:00:00Z,1264
2024-04-27T00:00:00Z,1155
2024-04-26T00:00:00Z,1251
2024-04-25T00:00:00Z,1181
2024-04-24T00:00:00Z,1195
2024-04-23T00:00:00Z,1587
2024-04-22T00:00:00Z,1802
2024-04-21T00:00:00Z,1542
2024-04-20T00:00:00Z,1679
2024-04-19T00:00:00Z,2047
2024-04-18T00:00:00Z,2205
2024-04-17T00:00:00Z,1799
2024-04-16T00:00:00Z,1839
2024-04-15T00:00:00Z,1885
2024-04-14T00:00:00Z,1682
2024-04-13T00:00:00Z,1660
2024-04-12T00:00:00Z,1405
2024-04-11T00:00:00Z,1500
2024-04-10T00:00:00Z,1491
2024-04-09T00:00:00Z,1405
2024-04-08T00:00:00Z,1406
2024-04-07T00:00:00Z,1212
2024-04-06T00:00:00Z,1116
2024-04-05T00:00:00Z,1224
2024-04-04T00:00:00Z,1157
2024-04-03T00:00:00Z,1028
2024-04-02T00:00:00Z,1199
2024-04-01T00:00:00Z,1312
2024-03-31T00:00:00Z,1065
2024-03-30T00:00:00Z,970
2024-03-29T00:00:00Z,1032
2024-03-28T00:00:00Z,1216
2024-03-27T00:00:00Z,1031
2024-03-26T00:00:00Z,1061
2024-03-25T00:00:00Z,1107
2024-03-24T00:00:00Z,1052
2024-03-23T00:00:00Z,860
2024-03-22T00:00:00Z,949
2024-03-21T00:00:00Z,919
2024-03-20T00:00:00Z,1441
2024-03-19T00:00:00Z,1208
2024-03-18T00:00:00Z,981
2024-03-17T00:00:00Z,1104
2024-03-16T00:00:00Z,1084
2024-03-15T00:00:00Z,1344
2024-03-14T00:00:00Z,1148
2024-03-13T00:00:00Z,1048
2024-03-12T00:00:00Z,1399
2024-03-11T00:00:00Z,1326
2024-03-10T00:00:00Z,1068
2024-03-09T00:00:00Z,927
2024-03-08T00:00:00Z,1171
2024-03-07T00:00:00Z,1188
2024-03-06T00:00:00Z,1235
2024-03-05T00:00:00Z,1458
2024-03-04T00:00:00Z,1321
2024-03-03T00:00:00Z,891
2024-03-02T00:00:00Z,862
2024-03-01T00:00:00Z,1103
2024-02-29T00:00:00Z,1417
2024-02-28T00:00:00Z,1666
2024-02-27T00:00:00Z,1430
2024-02-26T00:00:00Z,1137
2024-02-25T00:00:00Z,1119
2024-02-24T00:00:00Z,988
2024-02-23T00:00:00Z,963
2024-02-22T00:00:00Z,765
2024-02-21T00:00:00Z,959
2024-02-20T00:00:00Z,1023
2024-02-19T00:00:00Z,906
2024-02-18T00:00:00Z,835
2024-02-17T00:00:00Z,863
2024-02-16T00:00:00Z,1002
2024-02-15T00:00:00Z,1047
2024-02-14T00:00:00Z,1097
2024-02-13T00:00:00Z,1070
2024-02-12T00:00:00Z,1099
2024-02-11T00:00:00Z,1065
2024-02-10T00:00:00Z,899
2024-02-09T00:00:00Z,1105
2024-02-08T00:00:00Z,992
2024-02-07T00:00:00Z,989
2024-02-06T00:00:00Z,1084
2024-02-05T00:00:00Z,987
2024-02-04T00:00:00Z,781
2024-02-03T00:00:00Z,725
2024-02-02T00:00:00Z,935
2024-02-01T00:00:00Z,879
2024-01-31T00:00:00Z,917
2024-01-30T00:00:00Z,1213
2024-01-29T00:00:00Z,903
2024-01-28T00:00:00Z,770
2024-01-27T00:00:00Z,856
2024-01-26T00:00:00Z,997
2024-01-25T00:00:00Z,792
2024-01-24T00:00:00Z,999
2024-01-23T00:00:00Z,1247
2024-01-22T00:00:00Z,1013
2024-01-21T00:00:00Z,584
2024-01-20T00:00:00Z,651
2024-01-19T00:00:00Z,956
2024-01-18T00:00:00Z,828
2024-01-17T00:00:00Z,838
2024-01-16T00:00:00Z,806
2024-01-15T00:00:00Z,966
2024-01-14T00:00:00Z,1013
2024-01-13T00:00:00Z,1322
2024-01-12T00:00:00Z,1731
2024-01-11T00:00:00Z,1982
2024-01-10T00:00:00Z,1519
2024-01-09T00:00:00Z,1553
2024-01-08T00:00:00Z,1322
2024-01-07T00:00:00Z,762
2024-01-06T00:00:00Z,808
2024-01-05T00:00:00Z,960
2024-01-04T00:00:00Z,1094
2024-01-03T00:00:00Z,1039
2024-01-02T00:00:00Z,1190
2024-01-01T00:00:00Z,831
2023-12-31T00:00:00Z,716
2023-12-30T00:00:00Z,795
2023-12-29T00:00:00Z,846
2023-12-28T00:00:00Z,961
2023-12-27T00:00:00Z,918
2023-12-26T00:00:00Z,876
2023-12-25T00:00:00Z,743
2023-12-24T00:00:00Z,939
2023-12-23T00:00:00Z,725
2023-12-22T00:00:00Z,900
2023-12-21T00:00:00Z,843
2023-12-20T00:00:00Z,805
2023-12-19T00:00:00Z,814
2023-12-18T00:00:00Z,1116
2023-12-17T00:00:00Z,660
2023-12-16T00:00:00Z,568
2023-12-15T00:00:00Z,652
2023-12-14T00:00:00Z,792
2023-12-13T00:00:00Z,794
2023-12-12T00:00:00Z,860
2023-12-11T00:00:00Z,1057
2023-12-10T00:00:00Z,798
2023-12-09T00:00:00Z,935
2023-12-08T00:00:00Z,1171
2023-12-07T00:00:00Z,1038
2023-12-06T00:00:00Z,1047
2023-12-05T00:00:00Z,1160
2023-12-04T00:00:00Z,1275
2023-12-03T00:00:00Z,756
2023-12-02T00:00:00Z,702
2023-12-01T00:00:00Z,767
2023-11-30T00:00:00Z,566
2023-11-29T00:00:00Z,848
2023-11-28T00:00:00Z,702
2023-11-27T00:00:00Z,636
2023-11-26T00:00:00Z,661
2023-11-25T00:00:00Z,623
2023-11-24T00:00:00Z,783
2023-11-23T00:00:00Z,756
2023-11-22T00:00:00Z,879
2023-11-21T00:00:00Z,797
2023-11-20T00:00:00Z,741
2023-11-19T00:00:00Z,657
2023-11-18T00:00:00Z,723
2023-11-17T00:00:00Z,896
2023-11-16T00:00:00Z,971
2023-11-15T00:00:00Z,915
2023-11-14T00:00:00Z,922
2023-11-13T00:00:00Z,821
2023-11-12T00:00:00Z,865
2023-11-11T00:00:00Z,930
2023-11-10T00:00:00Z,1017
2023-11-09T00:00:00Z,1644
2023-11-08T00:00:00Z,837
2023-11-07T00:00:00Z,818
2023-11-06T00:00:00Z,796
2023-11-05T00:00:00Z,787
2023-11-04T00:00:00Z,796
2023-11-03T00:00:00Z,858
2023-11-02T00:00:00Z,1021
2023-11-01T00:00:00Z,1072
2023-10-31T00:00:00Z,745
2023-10-30T00:00:00Z,1004
2023-10-29T00:00:00Z,732
2023-10-28T00:00:00Z,714
2023-10-27T00:00:00Z,825
2023-10-26T00:00:00Z,1004
2023-10-25T00:00:00Z,1156
2023-10-24T00:00:00Z,1657
2023-10-23T00:00:00Z,1250
2023-10-22T00:00:00Z,832
2023-10-21T00:00:00Z,750
2023-10-20T00:00:00Z,962
2023-10-19T00:00:00Z,793
2023-10-18T00:00:00Z,715
2023-10-17T00:00:00Z,920
2023-10-16T00:00:00Z,1047
2023-10-15T00:00:00Z,708
2023-10-14T00:00:00Z,692
2023-10-13T00:00:00Z,674
2023-10-12T00:00:00Z,861
2023-10-11T00:00:00Z,719
2023-10-10T00:00:00Z,702
2023-10-09T00:00:00Z,1034
2023-10-08T00:00:00Z,1288
2023-10-07T00:00:00Z,1308
2023-10-06T00:00:00Z,1076
2023-10-05T00:00:00Z,711
2023-10-04T00:00:00Z,647
2023-10-03T00:00:00Z,688
2023-10-02T00:00:00Z,811
2023-10-01T00:00:00Z,600
2023-09-30T00:00:00Z,509
2023-09-29T00:00:00Z,599
2023-09-28T00:00:00Z,605
2023-09-27T00:00:00Z,635
2023-09-26T00:00:00Z,509
2023-09-25T00:00:00Z,532
2023-09-24T00:00:00Z,489
2023-09-23T00:00:00Z,427
2023-09-22T00:00:00Z,718
2023-09-21T00:00:00Z,644
2023-09-20T00:00:00Z,589
2023-09-19T00:00:00Z,667
2023-09-18T00:00:00Z,672
2023-09-17T00:00:00Z,449
2023-09-16T00:00:00Z,454
2023-09-15T00:00:00Z,592
2023-09-14T00:00:00Z,574
2023-09-13T00:00:00Z,527
2023-09-12T00:00:00Z,655
2023-09-11T00:00:00Z,678
2023-09-10T00:00:00Z,508
2023-09-09T00:00:00Z,364
2023-09-08T00:00:00Z,522
2023-09-07T00:00:00Z,598
2023-09-06T00:00:00Z,583
2023-09-05T00:00:00Z,531
2023-09-04T00:00:00Z,518
2023-09-03T00:00:00Z,516
2023-09-02T00:00:00Z,616
2023-09-01T00:00:00Z,772
2023-08-31T00:00:00Z,653
2023-08-30T00:00:00Z,692
2023-08-29T00:00:00Z,765
2023-08-28T00:00:00Z,532
2023-08-27T00:00:00Z,412
2023-08-26T00:00:00Z,402
2023-08-25T00:00:00Z,572
2023-08-24T00:00:00Z,602
2023-08-23T00:00:00Z,659
2023-08-22T00:00:00Z,670
2023-08-21T00:00:00Z,622
2023-08-20T00:00:00Z,594
2023-08-19T00:00:00Z,600
2023-08-18T00:00:00Z,1021
2023-08-17T00:00:00Z,915
2023-08-16T00:00:00Z,591
2023-08-15T00:00:00Z,646
2023-08-14T00:00:00Z,559
2023-08-13T00:00:00Z,508
2023-08-12T00:00:00Z,534
2023-08-11T00:00:00Z,591
2023-08-10T00:00:00Z,599
2023-08-09T00:00:00Z,758
2023-08-08T00:00:00Z,695
2023-08-07T00:00:00Z,602
2023-08-06T00:00:00Z,545
2023-08-05T00:00:00Z,564
2023-08-04T00:00:00Z,650
2023-08-03T00:00:00Z,622
2023-08-02T00:00:00Z,724
2023-08-01T00:00:00Z,802
2023-07-31T00:00:00Z,712
2023-07-30T00:00:00Z,581
2023-07-29T00:00:00Z,487
2023-07-28T00:00:00Z,530
2023-07-27T00:00:00Z,558
2023-07-26T00:00:00Z,834
2023-07-25T00:00:00Z,571
2023-07-24T00:00:00Z,561
2023-07-23T00:00:00Z,507
2023-07-22T00:00:00Z,498
2023-07-21T00:00:00Z,542
2023-07-20T00:00:00Z,642
2023-07-19T00:00:00Z,607
2023-07-18T00:00:00Z,609
2023-07-17T00:00:00Z,697
2023-07-16T00:00:00Z,637
2023-07-15T00:00:00Z,619
2023-07-14T00:00:00Z,1045
2023-07-13T00:00:00Z,819
2023-07-12T00:00:00Z,565
2023-07-11T00:00:00Z,675
2023-07-10T00:00:00Z,741
2023-07-09T00:00:00Z,583
2023-07-08T00:00:00Z,561
2023-07-07T00:00:00Z,656
2023-07-06T00:00:00Z,713
2023-07-05T00:00:00Z,516
2023-07-04T00:00:00Z,651
2023-07-03T00:00:00Z,894
2023-07-02T00:00:00Z,591
2023-07-01T00:00:00Z,775
2023-06-30T00:00:00Z,892
2023-06-29T00:00:00Z,634
2023-06-28T00:00:00Z,696
2023-06-27T00:00:00Z,756
2023-06-26T00:00:00Z,727
2023-06-25T00:00:00Z,710
2023-06-24T00:00:00Z,652
2023-06-23T00:00:00Z,934
2023-06-22T00:00:00Z,1000
2023-06-21T00:00:00Z,1240
2023-06-20T00:00:00Z,886
2023-06-19T00:00:00Z,583
2023-06-18T00:00:00Z,438
2023-06-17T00:00:00Z,578
2023-06-16T00:00:00Z,623
2023-06-15T00:00:00Z,804
2023-06-14T00:00:00Z,672
2023-06-13T00:00:00Z,612
2023-06-12T00:00:00Z,627
2023-06-11T00:00:00Z,528
2023-06-10T00:00:00Z,1085
2023-06-09T00:00:00Z,597
2023-06-08T00:00:00Z,550
2023-06-07T00:00:00Z,649
2023-06-06T00:00:00Z,700
2023-06-05T00:00:00Z,616
2023-06-04T00:00:00Z,447
2023-06-03T00:00:00Z,475
2023-06-02T00:00:00Z,577
2023-06-01T00:00:00Z,568
2023-05-31T00:00:00Z,544
2023-05-30T00:00:00Z,482
2023-05-29T00:00:00Z,542
2023-05-28T00:00:00Z,620
2023-05-27T00:00:00Z,463
2023-05-26T00:00:00Z,625
2023-05-25T00:00:00Z,632
2023-05-24T00:00:00Z,845
2023-05-23T00:00:00Z,526
2023-05-22T00:00:00Z,554
2023-05-21T00:00:00Z,450
2023-05-20T00:00:00Z,449
2023-05-19T00:00:00Z,419
2023-05-18T00:00:00Z,458
2023-05-17T00:00:00Z,482
2023-05-16T00:00:00Z,429
2023-05-15T00:00:00Z,481
2023-05-14T00:00:00Z,453
2023-05-13T00:00:00Z,480
2023-05-12T00:00:00Z,678
2023-05-11T00:00:00Z,498
2023-05-10T00:00:00Z,513
2023-05-09T00:00:00Z,461
2023-05-08T00:00:00Z,513
2023-05-07T00:00:00Z,432
2023-05-06T00:00:00Z,467
2023-05-05T00:00:00Z,527
2023-05-04T00:00:00Z,502
2023-05-03T00:00:00Z,561
2023-05-02T00:00:00Z,500
2023-05-01T00:00:00Z,627
2023-04-30T00:00:00Z,488
2023-04-29T00:00:00Z,468
2023-04-28T00:00:00Z,622
2023-04-27T00:00:00Z,797
2023-04-26T00:00:00Z,815
2023-04-25T00:00:00Z,634
2023-04-24T00:00:00Z,620
2023-04-23T00:00:00Z,485
2023-04-22T00:00:00Z,555
2023-04-21T00:00:00Z,879
2023-04-20T00:00:00Z,746
2023-04-19T00:00:00Z,741
2023-04-18T00:00:00Z,727
2023-04-17T00:00:00Z,781
2023-04-16T00:00:00Z,666
2023-04-15T00:00:00Z,708
2023-04-14T00:00:00Z,1135
2023-04-13T00:00:00Z,813
2023-04-12T00:00:00Z,1000
2023-04-11T00:00:00Z,1077
2023-04-10T00:00:00Z,845
2023-04-09T00:00:00Z,660
2023-04-08T00:00:00Z,607
2023-04-07T00:00:00Z,653
2023-04-06T00:00:00Z,778
2023-04-05T00:00:00Z,893
2023-04-04T00:00:00Z,816
2023-04-03T00:00:00Z,774
2023-04-02T00:00:00Z,675
2023-04-01T00:00:00Z,721
2023-03-31T00:00:00Z,831
2023-03-30T00:00:00Z,831
2023-03-29T00:00:00Z,900
2023-03-28T00:00:00Z,920
2023-03-27T00:00:00Z,926
2023-03-26T00:00:00Z,728
2023-03-25T00:00:00Z,697
2023-03-24T00:00:00Z,892
2023-03-23T00:00:00Z,968
2023-03-22T00:00:00Z,1254
2023-03-21T00:00:00Z,1063
2023-03-20T00:00:00Z,1301
2023-03-19T00:00:00Z,1082
2023-03-18T00:00:00Z,1194
2023-03-17T00:00:00Z,1352
2023-03-16T00:00:00Z,877
2023-03-15T00:00:00Z,1029
2023-03-14T00:00:00Z,1464
2023-03-13T00:00:00Z,1491
2023-03-12T00:00:00Z,1064
2023-03-11T00:00:00Z,1416
2023-03-10T00:00:00Z,911
2023-03-09T00:00:00Z,813
2023-03-08T00:00:00Z,600
2023-03-07T00:00:00Z,590
2023-03-06T00:00:00Z,476
2023-03-05T00:00:00Z,561
2023-03-04T00:00:00Z,504
2023-03-03T00:00:00Z,674
2023-03-02T00:00:00Z,579
2023-03-01T00:00:00Z,602
2023-02-28T00:00:00Z,667
2023-02-27T00:00:00Z,616
2023-02-26T00:00:00Z,540
2023-02-25T00:00:00Z,656
2023-02-24T00:00:00Z,646
2023-02-23T00:00:00Z,573
2023-02-22T00:00:00Z,683
2023-02-21T00:00:00Z,712
2023-02-20T00:00:00Z,721
2023-02-19T00:00:00Z,704
2023-02-18T00:00:00Z,651
2023-02-17T00:00:00Z,763
2023-02-16T00:00:00Z,938
2023-02-15T00:00:00Z,710
2023-02-14T00:00:00Z,672
2023-02-13T00:00:00Z,724
2023-02-12T00:00:00Z,613
2023-02-11T00:00:00Z,678
2023-02-10T00:00:00Z,883
2023-02-09T00:00:00Z,733
2023-02-08T00:00:00Z,680
2023-02-07T00:00:00Z,771
2023-02-06T00:00:00Z,711
2023-02-05T00:00:00Z,696
2023-02-04T00:00:00Z,801
2023-02-03T00:00:00Z,665
2023-02-02T00:00:00Z,854
2023-02-01T00:00:00Z,787
2023-01-31T00:00:00Z,729
2023-01-30T00:00:00Z,849
2023-01-29T00:00:00Z,813
2023-01-28T00:00:00Z,790
2023-01-27T00:00:00Z,774
2023-01-26T00:00:00Z,850
2023-01-25T00:00:00Z,895
2023-01-24T00:00:00Z,782
2023-01-23T00:00:00Z,1004
2023-01-22T00:00:00Z,768
2023-01-21T00:00:00Z,1051
2023-01-20T00:00:00Z,1053
2023-01-19T00:00:00Z,743
2023-01-18T00:00:00Z,907
2023-01-17T00:00:00Z,642
2023-01-16T00:00:00Z,780
2023-01-15T00:00:00Z,734
2023-01-14T00:00:00Z,1181
2023-01-13T00:00:00Z,901
2023-01-12T00:00:00Z,935
2023-01-11T00:00:00Z,674
2023-01-10T00:00:00Z,642
2023-01-09T00:00:00Z,720
2023-01-08T00:00:00Z,464
2023-01-07T00:00:00Z,569
2023-01-06T00:00:00Z,598
2023-01-05T00:00:00Z,623
2023-01-04T00:00:00Z,760
2023-01-03T00:00:00Z,526
2023-01-02T00:00:00Z,591
2023-01-01T00:00:00Z,522
2022-12-31T00:00:00Z,561
2022-12-30T00:00:00Z,633
2022-12-29T00:00:00Z,668
2022-12-28T00:00:00Z,962
2022-12-27T00:00:00Z,1252
2022-12-26T00:00:00Z,577
2022-12-25T00:00:00Z,594
2022-12-24T00:00:00Z,664
2022-12-23T00:00:00Z,643
2022-12-22T00:00:00Z,680
2022-12-21T00:00:00Z,645
2022-12-20T00:00:00Z,695
2022-12-19T00:00:00Z,657
2022-12-18T00:00:00Z,580
2022-12-17T00:00:00Z,696
2022-12-16T00:00:00Z,773
2022-12-15T00:00:00Z,691
2022-12-14T00:00:00Z,870
2022-12-13T00:00:00Z,911
2022-12-12T00:00:00Z,649
2022-12-11T00:00:00Z,500
2022-12-10T00:00:00Z,524
2022-12-09T00:00:00Z,540
2022-12-08T00:00:00Z,683
2022-12-07T00:00:00Z,696
2022-12-06T00:00:00Z,614
2022-12-05T00:00:00Z,748
2022-12-04T00:00:00Z,566
2022-12-03T00:00:00Z,609
2022-12-02T00:00:00Z,701
2022-12-01T00:00:00Z,860
2022-11-30T00:00:00Z,932
2022-11-29T00:00:00Z,819
2022-11-28T00:00:00Z,1056
2022-11-27T00:00:00Z,874
2022-11-26T00:00:00Z,1519
2022-11-25T00:00:00Z,2503
2022-11-24T00:00:00Z,1215
2022-11-23T00:00:00Z,987
2022-11-22T00:00:00Z,1103
2022-11-21T00:00:00Z,1279
2022-11-20T00:00:00Z,1110
2022-11-19T00:00:00Z,888
2022-11-18T00:00:00Z,1020
2022-11-17T00:00:00Z,975
2022-11-16T00:00:00Z,1058
2022-11-15T00:00:00Z,1011
2022-11-14T00:00:00Z,1144
2022-11-13T00:00:00Z,1097
2022-11-12T00:00:00Z,1205
2022-11-11T00:00:00Z,1264
2022-11-10T00:00:00Z,1524
2022-11-09T00:00:00Z,1671
2022-11-08T00:00:00Z,1141
2022-11-07T00:00:00Z,702
2022-11-06T00:00:00Z,630
2022-11-05T00:00:00Z,643
2022-11-04T00:00:00Z,709
2022-11-03T00:00:00Z,609
2022-11-02T00:00:00Z,715
2022-11-01T00:00:00Z,686
2022-10-31T00:00:00Z,710
2022-10-30T00:00:00Z,691
2022-10-29T00:00:00Z,819
2022-10-28T00:00:00Z,766
2022-10-27T00:00:00Z,736
2022-10-26T00:00:00Z,911
2022-10-25T00:00:00Z,754
2022-10-24T00:00:00Z,653
2022-10-23T00:00:00Z,563
2022-10-22T00:00:00Z,485
2022-10-21T00:00:00Z,565
2022-10-20T00:00:00Z,547
2022-10-19T00:00:00Z,585
2022-10-18T00:00:00Z,625
2022-10-17T00:00:00Z,656
2022-10-16T00:00:00Z,517
2022-10-15T00:00:00Z,490
2022-10-14T00:00:00Z,703
2022-10-13T00:00:00Z,767
2022-10-12T00:00:00Z,543
2022-10-11T00:00:00Z,659
2022-10-10T00:00:00Z,575
2022-10-09T00:00:00Z,430
2022-10-08T00:00:00Z,576
2022-10-07T00:00:00Z,836
2022-10-06T00:00:00Z,724
2022-10-05T00:00:00Z,832
2022-10-04T00:00:00Z,804
2022-10-03T00:00:00Z,664
2022-10-02T00:00:00Z,936
2022-10-01T00:00:00Z,704
2022-09-30T00:00:00Z,795
2022-09-29T00:00:00Z,736
2022-09-28T00:00:00Z,845
2022-09-27T00:00:00Z,899
2022-09-26T00:00:00Z,874
2022-09-25T00:00:00Z,666
2022-09-24T00:00:00Z,689
2022-09-23T00:00:00Z,789
2022-09-22T00:00:00Z,908
2022-09-21T00:00:00Z,919
2022-09-20T00:00:00Z,693
2022-09-19T00:00:00Z,962
2022-09-18T00:00:00Z,761
2022-09-17T00:00:00Z,717
2022-09-16T00:00:00Z,857
2022-09-15T00:00:00Z,977
2022-09-14T00:00:00Z,835
2022-09-13T00:00:00Z,971
2022-09-12T00:00:00Z,910
2022-09-11T00:00:00Z,671
2022-09-10T00:00:00Z,781
2022-09-09T00:00:00Z,944
2022-09-08T00:00:00Z,742
2022-09-07T00:00:00Z,905
2022-09-06T00:00:00Z,913
2022-09-05T00:00:00Z,738
2022-09-04T00:00:00Z,582
2022-09-03T00:00:00Z,616
2022-09-02T00:00:00Z,692
2022-09-01T00:00:00Z,594
2022-08-31T00:00:00Z,634
2022-08-30T00:00:00Z,682
2022-08-29T00:00:00Z,751
2022-08-28T00:00:00Z,573
2022-08-27T00:00:00Z,769
2022-08-26T00:00:00Z,738
2022-08-25T00:00:00Z,635
2022-08-24T00:00:00Z,686
2022-08-23T00:00:00Z,619
2022-08-22T00:00:00Z,623
2022-08-21T00:00:00Z,696
2022-08-20T00:00:00Z,771
2022-08-19T00:00:00Z,949
2022-08-18T00:00:00Z,641
2022-08-17T00:00:00Z,792
2022-08-16T00:00:00Z,723
2022-08-15T00:00:00Z,769
2022-08-14T00:00:00Z,770
2022-08-13T00:00:00Z,886
2022-08-12T00:00:00Z,752
2022-08-11T00:00:00Z,910
2022-08-10T00:00:00Z,765
2022-08-09T00:00:00Z,845
2022-08-08T00:00:00Z,859
2022-08-07T00:00:00Z,638
2022-08-06T00:00:00Z,680
2022-08-05T00:00:00Z,729
2022-08-04T00:00:00Z,682
2022-08-03T00:00:00Z,658
2022-08-02T00:00:00Z,734
2022-08-01T00:00:00Z,677
2022-07-31T00:00:00Z,657
2022-07-30T00:00:00Z,780
2022-07-29T00:00:00Z,777
2022-07-28T00:00:00Z,911
2022-07-27T00:00:00Z,752
2022-07-26T00:00:00Z,767
2022-07-25T00:00:00Z,753
2022-07-24T00:00:00Z,692
2022-07-23T00:00:00Z,687
2022-07-22T00:00:00Z,833
2022-07-21T00:00:00Z,793
2022-07-20T00:00:00Z,1002
2022-07-19T00:00:00Z,919
2022-07-18T00:00:00Z,894
2022-07-17T00:00:00Z,673
2022-07-16T00:00:00Z,709
2022-07-15T00:00:00Z,693
2022-07-14T00:00:00Z,712
2022-07-13T00:00:00Z,721
2022-07-12T00:00:00Z,740
2022-07-11T00:00:00Z,617
2022-07-10T00:00:00Z,544
2022-07-09T00:00:00Z,647
2022-07-08T00:00:00Z,755
2022-07-07T00:00:00Z,716
2022-07-06T00:00:00Z,651
2022-07-05T00:00:00Z,723
2022-07-04T00:00:00Z,685
2022-07-03T00:00:00Z,581
2022-07-02T00:00:00Z,615
2022-07-01T00:00:00Z,765
2022-06-30T00:00:00Z,758
2022-06-29T00:00:00Z,630
2022-06-28T00:00:00Z,623
2022-06-27T00:00:00Z,683
2022-06-26T00:00:00Z,612
2022-06-25T00:00:00Z,585
2022-06-24T00:00:00Z,1003
2022-06-23T00:00:00Z,640
2022-06-22T00:00:00Z,766
2022-06-21T00:00:00Z,842
2022-06-20T00:00:00Z,926
2022-06-19T00:00:00Z,1142
2022-06-18T00:00:00Z,1519
2022-06-17T00:00:00Z,953
2022-06-16T00:00:00Z,1030
2022-06-15T00:00:00Z,1373
2022-06-14T00:00:00Z,1479
2022-06-13T00:00:00Z,1941
2022-06-12T00:00:00Z,1122
2022-06-11T00:00:00Z,889
2022-06-10T00:00:00Z,665
2022-06-09T00:00:00Z,477
2022-06-08T00:00:00Z,523
2022-06-07T00:00:00Z,668
2022-06-06T00:00:00Z,626
2022-06-05T00:00:00Z,436
2022-06-04T00:00:00Z,426
2022-06-03T00:00:00Z,586
2022-06-02T00:00:00Z,528
2022-06-01T00:00:00Z,656
2022-05-31T00:00:00Z,652
2022-05-30T00:00:00Z,779
2022-05-29T00:00:00Z,580
2022-05-28T00:00:00Z,675
2022-05-27T00:00:00Z,883
2022-05-26T00:00:00Z,802
2022-05-25T00:00:00Z,636
2022-05-24T00:00:00Z,641
2022-05-23T00:00:00Z,712
2022-05-22T00:00:00Z,709
2022-05-21T00:00:00Z,622
2022-05-20T00:00:00Z,740
2022-05-19T00:00:00Z,839
2022-05-18T00:00:00Z,805
2022-05-17T00:00:00Z,729
2022-05-16T00:00:00Z,852
2022-05-15T00:00:00Z,879
2022-05-14T00:00:00Z,847
2022-05-13T00:00:00Z,1044
2022-05-12T00:00:00Z,1584
2022-05-11T00:00:00Z,1211
2022-05-10T00:00:00Z,1032
2022-05-09T00:00:00Z,1258
2022-05-08T00:00:00Z,873
2022-05-07T00:00:00Z,634
2022-05-06T00:00:00Z,734
2022-05-05T00:00:00Z,744
2022-05-04T00:00:00Z,676
2022-05-03T00:00:00Z,618
2022-05-02T00:00:00Z,517
2022-05-01T00:00:00Z,552
2022-04-30T00:00:00Z,645
2022-04-29T00:00:00Z,608
2022-04-28T00:00:00Z,612
2022-04-27T00:00:00Z,574
2022-04-26T00:00:00Z,678
2022-04-25T00:00:00Z,630
2022-04-24T00:00:00Z,513
2022-04-23T00:00:00Z,526
2022-04-22T00:00:00Z,630
2022-04-21T00:00:00Z,588
2022-04-20T00:00:00Z,592
2022-04-19T00:00:00Z,600
2022-04-18T00:00:00Z,701
2022-04-17T00:00:00Z,580
2022-04-16T00:00:00Z,470
2022-04-15T00:00:00Z,562
2022-04-14T00:00:00Z,570
2022-04-13T00:00:00Z,581
2022-04-12T00:00:00Z,687
2022-04-11T00:00:00Z,788
2022-04-10T00:00:00Z,593
2022-04-09T00:00:00Z,610
2022-04-08T00:00:00Z,604
2022-04-07T00:00:00Z,619
2022-04-06T00:00:00Z,728
2022-04-05T00:00:00Z,570
2022-04-04T00:00:00Z,584
2022-04-03T00:00:00Z,616
2022-04-02T00:00:00Z,666
2022-04-01T00:00:00Z,678
2022-03-31T00:00:00Z,665
2022-03-30T00:00:00Z,687
2022-03-29T00:00:00Z,788
2022-03-28T00:00:00Z,787
2022-03-27T00:00:00Z,737
2022-03-26T00:00:00Z,554
2022-03-25T00:00:00Z,660
2022-03-24T00:00:00Z,704
2022-03-23T00:00:00Z,632
2022-03-22T00:00:00Z,717
2022-03-21T00:00:00Z,579
2022-03-20T00:00:00Z,625
2022-03-19T00:00:00Z,647
2022-03-18T00:00:00Z,686
2022-03-17T00:00:00Z,648
2022-03-16T00:00:00Z,735
2022-03-15T00:00:00Z,682
2022-03-14T00:00:00Z,647
2022-03-13T00:00:00Z,552
2022-03-12T00:00:00Z,669
2022-03-11T00:00:00Z,706
2022-03-10T00:00:00Z,664
2022-03-09T00:00:00Z,807
2022-03-08T00:00:00Z,659
2022-03-07T00:00:00Z,748
2022-03-06T00:00:00Z,670
2022-03-05T00:00:00Z,597
2022-03-04T00:00:00Z,722
2022-03-03T00:00:00Z,668
2022-03-02T00:00:00Z,703
2022-03-01T00:00:00Z,842
2022-02-28T00:00:00Z,734
2022-02-27T00:00:00Z,595
2022-02-26T00:00:00Z,582
2022-02-25T00:00:00Z,762
2022-02-24T00:00:00Z,959
2022-02-23T00:00:00Z,593
2022-02-22T00:00:00Z,619
2022-02-21T00:00:00Z,575
2022-02-20T00:00:00Z,612
2022-02-19T00:00:00Z,482
2022-02-18T00:00:00Z,558
2022-02-17T00:00:00Z,595
2022-02-16T00:00:00Z,492
2022-02-15T00:00:00Z,626
2022-02-14T00:00:00Z,626
2022-02-13T00:00:00Z,631
2022-02-12T00:00:00Z,575
2022-02-11T00:00:00Z,690
2022-02-10T00:00:00Z,682
2022-02-09T00:00:00Z,646
2022-02-08T00:00:00Z,699
2022-02-07T00:00:00Z,642
2022-02-06T00:00:00Z,530
2022-02-05T00:00:00Z,710
2022-02-04T00:00:00Z,693
2022-02-03T00:00:00Z,556
2022-02-02T00:00:00Z,562
2022-02-01T00:00:00Z,574
2022-01-31T00:00:00Z,546
2022-01-30T00:00:00Z,516
2022-01-29T00:00:00Z,529
2022-01-28T00:00:00Z,662
2022-01-27T00:00:00Z,642
2022-01-26T00:00:00Z,771
2022-01-25T00:00:00Z,846
2022-01-24T00:00:00Z,1118
2022-01-23T00:00:00Z,850
2022-01-22T00:00:00Z,1504
2022-01-21T00:00:00Z,1099
2022-01-20T00:00:00Z,716
2022-01-19T00:00:00Z,726
2022-01-18T00:00:00Z,670
2022-01-17T00:00:00Z,586
2022-01-16T00:00:00Z,641
2022-01-15T00:00:00Z,879
2022-01-14T00:00:00Z,558
2022-01-13T00:00:00Z,603
2022-01-12T00:00:00Z,651
2022-01-11T00:00:00Z,641
2022-01-10T00:00:00Z,592
2022-01-09T00:00:00Z,579
2022-01-08T00:00:00Z,755
2022-01-07T00:00:00Z,1013
2022-01-06T00:00:00Z,898
2022-01-05T00:00:00Z,681
2022-01-04T00:00:00Z,598
2022-01-03T00:00:00Z,565
2022-01-02T00:00:00Z,562
2022-01-01T00:00:00Z,613
2021-12-31T00:00:00Z,658
2021-12-30T00:00:00Z,640
2021-12-29T00:00:00Z,570
2021-12-28T00:00:00Z,622
2021-12-27T00:00:00Z,621
2021-12-26T00:00:00Z,597
2021-12-25T00:00:00Z,531
2021-12-24T00:00:00Z,701
2021-12-23T00:00:00Z,692
2021-12-22T00:00:00Z,661
2021-12-21T00:00:00Z,710
2021-12-20T00:00:00Z,745
2021-12-19T00:00:00Z,748
2021-12-18T00:00:00Z,802
2021-12-17T00:00:00Z,688
2021-12-16T00:00:00Z,585
2021-12-15T00:00:00Z,794
2021-12-14T00:00:00Z,761
2021-12-13T00:00:00Z,793
2021-12-12T00:00:00Z,721
2021-12-11T00:00:00Z,829
2021-12-10T00:00:00Z,906
2021-12-09T00:00:00Z,723
2021-12-08T00:00:00Z,970
2021-12-07T00:00:00Z,848
2021-12-06T00:00:00Z,960
2021-12-05T00:00:00Z,857
2021-12-04T00:00:00Z,1114
2021-12-03T00:00:00Z,763
2021-12-02T00:00:00Z,795
2021-12-01T00:00:00Z,765
2021-11-30T00:00:00Z,831
2021-11-29T00:00:00Z,809
2021-11-28T00:00:00Z,779
2021-11-27T00:00:00Z,748
2021-11-26T00:00:00Z,951
2021-11-25T00:00:00Z,833
2021-11-24T00:00:00Z,861
2021-11-23T00:00:00Z,820
2021-11-22T00:00:00Z,879
2021-11-21T00:00:00Z,948
2021-11-20T00:00:00Z,875
2021-11-19T00:00:00Z,982
2021-11-18T00:00:00Z,926
2021-11-17T00:00:00Z,935
2021-11-16T00:00:00Z,973
2021-11-15T00:00:00Z,809
2021-11-14T00:00:00Z,876
2021-11-13T00:00:00Z,755
2021-11-12T00:00:00Z,882
2021-11-11T00:00:00Z,705
2021-11-10T00:00:00Z,827
2021-11-09T00:00:00Z,805
2021-11-08T00:00:00Z,1016
2021-11-07T00:00:00Z,884
2021-11-06T00:00:00Z,766
2021-11-05T00:00:00Z,770
2021-11-04T00:00:00Z,865
2021-11-03T00:00:00Z,832
2021-11-02T00:00:00Z,853
2021-11-01T00:00:00Z,798
2021-10-31T00:00:00Z,714
2021-10-30T00:00:00Z,621
2021-10-29T00:00:00Z,888
2021-10-28T00:00:00Z,833
2021-10-27T00:00:00Z,821
2021-10-26T00:00:00Z,962
2021-10-25T00:00:00Z,1000
2021-10-24T00:00:00Z,1013
2021-10-23T00:00:00Z,1081
2021-10-22T00:00:00Z,1230
2021-10-21T00:00:00Z,1309
2021-10-20T00:00:00Z,1523
2021-10-19T00:00:00Z,1317
2021-10-18T00:00:00Z,1099
2021-10-17T00:00:00Z,1160
2021-10-16T00:00:00Z,1170
2021-10-15T00:00:00Z,1367
2021-10-14T00:00:00Z,1093
2021-10-13T00:00:00Z,1125
2021-10-12T00:00:00Z,1285
2021-10-11T00:00:00Z,1199
2021-10-10T00:00:00Z,1164
2021-10-09T00:00:00Z,1246
2021-10-08T00:00:00Z,1348
2021-10-07T00:00:00Z,1118
2021-10-06T00:00:00Z,1278
2021-10-05T00:00:00Z,1262
2021-10-04T00:00:00Z,900
2021-10-03T00:00:00Z,914
2021-10-02T00:00:00Z,893
2021-10-01T00:00:00Z,1022
2021-09-30T00:00:00Z,858
2021-09-29T00:00:00Z,787
2021-09-28T00:00:00Z,726
2021-09-27T00:00:00Z,740
2021-09-26T00:00:00Z,829
2021-09-25T00:00:00Z,996
2021-09-24T00:00:00Z,945
2021-09-23T00:00:00Z,875
2021-09-22T00:00:00Z,978
2021-09-21T00:00:00Z,978
2021-09-20T00:00:00Z,1035
2021-09-19T00:00:00Z,954
2021-09-18T00:00:00Z,919
2021-09-17T00:00:00Z,814
2021-09-16T00:00:00Z,1020
2021-09-15T00:00:00Z,959
2021-09-14T00:00:00Z,998
2021-09-13T00:00:00Z,925
2021-09-12T00:00:00Z,969
2021-09-11T00:00:00Z,1121
2021-09-10T00:00:00Z,1055
2021-09-09T00:00:00Z,813
2021-09-08T00:00:00Z,916
2021-09-07T00:00:00Z,1168
2021-09-06T00:00:00Z,989
2021-09-05T00:00:00Z,764
2021-09-04T00:00:00Z,746
2021-09-03T00:00:00Z,760
2021-09-02T00:00:00Z,962
2021-09-01T00:00:00Z,976
2021-08-31T00:00:00Z,847
2021-08-30T00:00:00Z,813
2021-08-29T00:00:00Z,728
2021-08-28T00:00:00Z,804
2021-08-27T00:00:00Z,791
2021-08-26T00:00:00Z,812
2021-08-25T00:00:00Z,821
2021-08-24T00:00:00Z,917
2021-08-23T00:00:00Z,1093
2021-08-22T00:00:00Z,1189
2021-08-21T00:00:00Z,1280
2021-08-20T00:00:00Z,1217
2021-08-19T00:00:00Z,1141
2021-08-18T00:00:00Z,1041
2021-08-17T00:00:00Z,1003
2021-08-16T00:00:00Z,985
2021-08-15T00:00:00Z,939
2021-08-14T00:00:00Z,963
2021-08-13T00:00:00Z,1000
2021-08-12T00:00:00Z,1036
2021-08-11T00:00:00Z,1012
2021-08-10T00:00:00Z,1038
2021-08-09T00:00:00Z,1118
2021-08-08T00:00:00Z,1257
2021-08-07T00:00:00Z,1276
2021-08-06T00:00:00Z,1272
2021-08-05T00:00:00Z,1152
2021-08-04T00:00:00Z,1077
2021-08-03T00:00:00Z,1020
2021-08-02T00:00:00Z,1253
2021-08-01T00:00:00Z,1160
2021-07-31T00:00:00Z,1171
2021-07-30T00:00:00Z,1195
2021-07-29T00:00:00Z,1156
2021-07-28T00:00:00Z,1263
2021-07-27T00:00:00Z,1123
2021-07-26T00:00:00Z,1526
2021-07-25T00:00:00Z,1048
2021-07-24T00:00:00Z,1154
2021-07-23T00:00:00Z,1188
2021-07-22T00:00:00Z,1229
2021-07-21T00:00:00Z,1221
2021-07-20T00:00:00Z,1399
2021-07-19T00:00:00Z,1164
2021-07-18T00:00:00Z,964
2021-07-17T00:00:00Z,1007
2021-07-16T00:00:00Z,1063
2021-07-15T00:00:00Z,1055
2021-07-14T00:00:00Z,1038
2021-07-13T00:00:00Z,1042
2021-07-12T00:00:00Z,1092
2021-07-11T00:00:00Z,1047
2021-07-10T00:00:00Z,1159
2021-07-09T00:00:00Z,1089
2021-07-08T00:00:00Z,1150
2021-07-07T00:00:00Z,1087
2021-07-06T00:00:00Z,1136
2021-07-05T00:00:00Z,1194
2021-07-04T00:00:00Z,1264
2021-07-03T00:00:00Z,1263
2021-07-02T00:00:00Z,1343
2021-07-01T00:00:00Z,1418
2021-06-30T00:00:00Z,1371
2021-06-29T00:00:00Z,1531
2021-06-28T00:00:00Z,1358
2021-06-27T00:00:00Z,1320
2021-06-26T00:00:00Z,1493
2021-06-25T00:00:00Z,1426
2021-06-24T00:00:00Z,1388
2021-06-23T00:00:00Z,1584
2021-06-22T00:00:00Z,1826
2021-06-21T00:00:00Z,1619
2021-06-20T00:00:00Z,1455
2021-06-19T00:00:00Z,1437
2021-06-18T00:00:00Z,1467
2021-06-17T00:00:00Z,1493
2021-06-16T00:00:00Z,1549
2021-06-15T00:00:00Z,1533
2021-06-14T00:00:00Z,1712
2021-06-13T00:00:00Z,1569
2021-06-12T00:00:00Z,1496
2021-06-11T00:00:00Z,1467
2021-06-10T00:00:00Z,1858
2021-06-09T00:00:00Z,1717
2021-06-08T00:00:00Z,1442
2021-06-07T00:00:00Z,1249
2021-06-06T00:00:00Z,1239
2021-06-05T00:00:00Z,1205
2021-06-04T00:00:00Z,1192
2021-06-03T00:00:00Z,1278
2021-06-02T00:00:00Z,1195
2021-06-01T00:00:00Z,1179
2021-05-31T00:00:00Z,1212
2021-05-30T00:00:00Z,1153
2021-05-29T00:00:00Z,1300
2021-05-28T00:00:00Z,1406
2021-05-27T00:00:00Z,1383
2021-05-26T00:00:00Z,1536
2021-05-25T00:00:00Z,1582
2021-05-24T00:00:00Z,1779
2021-05-23T00:00:00Z,1932
2021-05-22T00:00:00Z,1776
2021-05-21T00:00:00Z,1767
2021-05-20T00:00:00Z,1916
2021-05-19T00:00:00Z,2052
2021-05-18T00:00:00Z,1327
2021-05-17T00:00:00Z,1759
2021-05-16T00:00:00Z,1612
2021-05-15T00:00:00Z,1479
2021-05-14T00:00:00Z,1292
2021-05-13T00:00:00Z,1755
2021-05-12T00:00:00Z,958
2021-05-11T00:00:00Z,732
2021-05-10T00:00:00Z,1049
2021-05-09T00:00:00Z,1067
2021-05-08T00:00:00Z,1019
2021-05-07T00:00:00Z,1474
2021-05-06T00:00:00Z,1560
2021-05-05T00:00:00Z,1477
2021-05-04T00:00:00Z,1602
2021-05-03T00:00:00Z,1668
2021-05-02T00:00:00Z,1597
2021-05-01T00:00:00Z,1933
2021-04-30T00:00:00Z,2105
2021-04-29T00:00:00Z,3289
2021-04-28T00:00:00Z,2815
2021-04-27T00:00:00Z,1508
2021-04-26T00:00:00Z,1577
2021-04-25T00:00:00Z,1703
2021-04-24T00:00:00Z,1518
2021-04-23T00:00:00Z,1763
2021-04-22T00:00:00Z,1474
2021-04-21T00:00:00Z,1066
2021-04-20T00:00:00Z,830
2021-04-19T00:00:00Z,978
2021-04-18T00:00:00Z,1339
2021-04-17T00:00:00Z,998
2021-04-16T00:00:00Z,1143
2021-04-15T00:00:00Z,1399
2021-04-14T00:00:00Z,1475
2021-04-13T00:00:00Z,1309
2021-04-12T00:00:00Z,1136
2021-04-11T00:00:00Z,1350
2021-04-10T00:00:00Z,1430
2021-04-09T00:00:00Z,1094
2021-04-08T00:00:00Z,1281
2021-04-07T00:00:00Z,1153
2021-04-06T00:00:00Z,1153
2021-04-05T00:00:00Z,1132
2021-04-04T00:00:00Z,1128
2021-04-03T00:00:00Z,1377
2021-04-02T00:00:00Z,1161
2021-04-01T00:00:00Z,1088
2021-03-31T00:00:00Z,1107
2021-03-30T00:00:00Z,1274
2021-03-29T00:00:00Z,1514
2021-03-28T00:00:00Z,1074
2021-03-27T00:00:00Z,1174
2021-03-26T00:00:00Z,1220
2021-03-25T00:00:00Z,1324
2021-03-24T00:00:00Z,1416
2021-03-23T00:00:00Z,1378
2021-03-22T00:00:00Z,1013
2021-03-21T00:00:00Z,1344
2021-03-20T00:00:00Z,1220
2021-03-19T00:00:00Z,1098
2021-03-18T00:00:00Z,1169
2021-03-17T00:00:00Z,1114
2021-03-16T00:00:00Z,1251
2021-03-15T00:00:00Z,1109
2021-03-14T00:00:00Z,1195
2021-03-13T00:00:00Z,1373
2021-03-12T00:00:00Z,1343
2021-03-11T00:00:00Z,1187
2021-03-10T00:00:00Z,1428
2021-03-09T00:00:00Z,1390
2021-03-08T00:00:00Z,1484
2021-03-07T00:00:00Z,2119
2021-03-06T00:00:00Z,1466
2021-03-05T00:00:00Z,1356
2021-03-04T00:00:00Z,1369
2021-03-03T00:00:00Z,1465
2021-03-02T00:00:00Z,1472
2021-03-01T00:00:00Z,1470
2021-02-28T00:00:00Z,1711
2021-02-27T00:00:00Z,1555
2021-02-26T00:00:00Z,1545
2021-02-25T00:00:00Z,1413
2021-02-24T00:00:00Z,1549
2021-02-23T00:00:00Z,1696
2021-02-22T00:00:00Z,1558
2021-02-21T00:00:00Z,1759
2021-02-20T00:00:00Z,1676
2021-02-19T00:00:00Z,1700
2021-02-18T00:00:00Z,1685
2021-02-17T00:00:00Z,1821
2021-02-16T00:00:00Z,1529
2021-02-15T00:00:00Z,1537
2021-02-14T00:00:00Z,1619
2021-02-13T00:00:00Z,1409
2021-02-12T00:00:00Z,1705
2021-02-11T00:00:00Z,1655
2021-02-10T00:00:00Z,1736
2021-02-09T00:00:00Z,1943
2021-02-08T00:00:00Z,1939
2021-02-07T00:00:00Z,1833
2021-02-06T00:00:00Z,2017
2021-02-05T00:00:00Z,1443
2021-02-04T00:00:00Z,1389
2021-02-03T00:00:00Z,1691
2021-02-02T00:00:00Z,1411
2021-02-01T00:00:00Z,1499
2021-01-31T00:00:00Z,1598
2021-01-30T00:00:00Z,1646
2021-01-29T00:00:00Z,2205
2021-01-28T00:00:00Z,1857
2021-01-27T00:00:00Z,2034
2021-01-26T00:00:00Z,1917
2021-01-25T00:00:00Z,2119
2021-01-24T00:00:00Z,2068
2021-01-23T00:00:00Z,2630
2021-01-22T00:00:00Z,1785
2021-01-21T00:00:00Z,1511
2021-01-20T00:00:00Z,1470
2021-01-19T00:00:00Z,1679
2021-01-18T00:00:00Z,1393
2021-01-17T00:00:00Z,1431
2021-01-16T00:00:00Z,1372
2021-01-15T00:00:00Z,1405
2021-01-14T00:00:00Z,1573
2021-01-13T00:00:00Z,1545
2021-01-12T00:00:00Z,1593
2021-01-11T00:00:00Z,1698
2021-01-10T00:00:00Z,1834
2021-01-09T00:00:00Z,1798
2021-01-08T00:00:00Z,1847
2021-01-07T00:00:00Z,1754
2021-01-06T00:00:00Z,1510
2021-01-05T00:00:00Z,1459
2021-01-04T00:00:00Z,1561
2021-01-03T00:00:00Z,1913
2021-01-02T00:00:00Z,1946
2021-01-01T00:00:00Z,1572
2020-12-31T00:00:00Z,1554
2020-12-30T00:00:00Z,1699
2020-12-29T00:00:00Z,1759
2020-12-28T00:00:00Z,1555
2020-12-27T00:00:00Z,2122
2020-12-26T00:00:00Z,1935
2020-12-25T00:00:00Z,1482
2020-12-24T00:00:00Z,1306
2020-12-23T00:00:00Z,1124
2020-12-22T00:00:00Z,1162
2020-12-21T00:00:00Z,1277
2020-12-20T00:00:00Z,1312
2020-12-19T00:00:00Z,1406
2020-12-18T00:00:00Z,1421
2020-12-17T00:00:00Z,1579
2020-12-16T00:00:00Z,1471
2020-12-15T00:00:00Z,1106
2020-12-14T00:00:00Z,1065
2020-12-13T00:00:00Z,1286
2020-12-12T00:00:00Z,1163
2020-12-11T00:00:00Z,1156
2020-12-10T00:00:00Z,1305
2020-12-09T00:00:00Z,1302
2020-12-08T00:00:00Z,1375
2020-12-07T00:00:00Z,1403
2020-12-06T00:00:00Z,1640
2020-12-05T00:00:00Z,1440
2020-12-04T00:00:00Z,2192
2020-12-03T00:00:00Z,1653
2020-12-02T00:00:00Z,1738
2020-12-01T00:00:00Z,1103
2020-11-30T00:00:00Z,1192
2020-11-29T00:00:00Z,1122
2020-11-28T00:00:00Z,1049
2020-11-27T00:00:00Z,1216
2020-11-26T00:00:00Z,1581
2020-11-25T00:00:00Z,1229
2020-11-24T00:00:00Z,1484
2020-11-23T00:00:00Z,1356
2020-11-22T00:00:00Z,1430
2020-11-21T00:00:00Z,1501
2020-11-20T00:00:00Z,1509
2020-11-19T00:00:00Z,1627
2020-11-18T00:00:00Z,2243
2020-11-17T00:00:00Z,1830
2020-11-16T00:00:00Z,1289
2020-11-15T00:00:00Z,1058
2020-11-14T00:00:00Z,1186
2020-11-13T00:00:00Z,1203
2020-11-12T00:00:00Z,1110
2020-11-11T00:00:00Z,1100
2020-11-10T00:00:00Z,1136
2020-11-09T00:00:00Z,1073
2020-11-08T00:00:00Z,1086
2020-11-07T00:00:00Z,1424
2020-11-06T00:00:00Z,1708
2020-11-05T00:00:00Z,1641
2020-11-04T00:00:00Z,1218
2020-11-03T00:00:00Z,1155
2020-11-02T00:00:00Z,1090
2020-11-01T00:00:00Z,1064
2020-10-31T00:00:00Z,1087
2020-10-30T00:00:00Z,1178
2020-10-29T00:00:00Z,1173
2020-10-28T00:00:00Z,1282
2020-10-27T00:00:00Z,1163
2020-10-26T00:00:00Z,1168
2020-10-25T00:00:00Z,942
2020-10-24T00:00:00Z,1100
2020-10-23T00:00:00Z,1139
2020-10-22T00:00:00Z,1406
2020-10-21T00:00:00Z,1577
2020-10-20T00:00:00Z,1312
2020-10-19T00:00:00Z,906
2020-10-18T00:00:00Z,921
2020-10-17T00:00:00Z,1024
2020-10-16T00:00:00Z,1138
2020-10-15T00:00:00Z,828
2020-10-14T00:00:00Z,826
2020-10-13T00:00:00Z,761
2020-10-12T00:00:00Z,885
2020-10-11T00:00:00Z,771
2020-10-10T00:00:00Z,831
2020-10-09T00:00:00Z,792
2020-10-08T00:00:00Z,744
2020-10-07T00:00:00Z,806
2020-10-06T00:00:00Z,803
2020-10-05T00:00:00Z,784
2020-10-04T00:00:00Z,677
2020-10-03T00:00:00Z,667
2020-10-02T00:00:00Z,818
2020-10-01T00:00:00Z,851
2020-09-30T00:00:00Z,857
2020-09-29T00:00:00Z,825
2020-09-28T00:00:00Z,921
2020-09-27T00:00:00Z,948
2020-09-26T00:00:00Z,1122
2020-09-25T00:00:00Z,1242
2020-09-24T00:00:00Z,1037
2020-09-23T00:00:00Z,1055
2020-09-22T00:00:00Z,933
2020-09-21T00:00:00Z,1099
2020-09-20T00:00:00Z,1236
2020-09-19T00:00:00Z,1711
2020-09-18T00:00:00Z,2314
2020-09-17T00:00:00Z,1922
2020-09-16T00:00:00Z,704
2020-09-15T00:00:00Z,532
2020-09-14T00:00:00Z,519
2020-09-13T00:00:00Z,598
2020-09-12T00:00:00Z,681
2020-09-11T00:00:00Z,787
2020-09-10T00:00:00Z,869
2020-09-09T00:00:00Z,578
2020-09-08T00:00:00Z,624
2020-09-07T00:00:00Z,535
2020-09-06T00:00:00Z,478
2020-09-05T00:00:00Z,600
2020-09-04T00:00:00Z,516
2020-09-03T00:00:00Z,519
2020-09-02T00:00:00Z,449
2020-09-01T00:00:00Z,541
2020-08-31T00:00:00Z,615
2020-08-30T00:00:00Z,468
2020-08-29T00:00:00Z,390
2020-08-28T00:00:00Z,421
2020-08-27T00:00:00Z,487
2020-08-26T00:00:00Z,440
2020-08-25T00:00:00Z,414
2020-08-24T00:00:00Z,403
2020-08-23T00:00:00Z,411
2020-08-22T00:00:00Z,462
2020-08-21T00:00:00Z,361
2020-08-20T00:00:00Z,440
2020-08-19T00:00:00Z,468
2020-08-18T00:00:00Z,372
2020-08-17T00:00:00Z,439
2020-08-16T00:00:00Z,469
2020-08-15T00:00:00Z,480
2020-08-14T00:00:00Z,419
2020-08-13T00:00:00Z,246
2020-08-12T00:00:00Z,214
2020-08-11T00:00:00Z,257
2020-08-10T00:00:00Z,345
2020-08-09T00:00:00Z,252
2020-08-08T00:00:00Z,243
2020-08-07T00:00:00Z,274
2020-08-06T00:00:00Z,295
2020-08-05T00:00:00Z,304
2020-08-04T00:00:00Z,264
2020-08-03T00:00:00Z,276
2020-08-02T00:00:00Z,319
2020-08-01T00:00:00Z,288
2020-07-31T00:00:00Z,237
2020-07-30T00:00:00Z,323
2020-07-29T00:00:00Z,315
2020-07-28T00:00:00Z,377
2020-07-27T00:00:00Z,340
2020-07-26T00:00:00Z,328
2020-07-25T00:00:00Z,283
2020-07-24T00:00:00Z,232
2020-07-23T00:00:00Z,260
2020-07-22T00:00:00Z,238
2020-07-21T00:00:00Z,224
2020-07-20T00:00:00Z,255
2020-07-19T00:00:00Z,236
2020-07-18T00:00:00Z,213
2020-07-17T00:00:00Z,218
2020-07-16T00:00:00Z,202
2020-07-15T00:00:00Z,228
2020-07-14T00:00:00Z,233
2020-07-13T00:00:00Z,221
2020-07-12T00:00:00Z,281
2020-07-11T00:00:00Z,222
2020-07-10T00:00:00Z,231
2020-07-09T00:00:00Z,265
2020-07-08T00:00:00Z,304
2020-07-07T00:00:00Z,284
2020-07-06T00:00:00Z,301
2020-07-05T00:00:00Z,286
2020-07-04T00:00:00Z,335
2020-07-03T00:00:00Z,365
2020-07-02T00:00:00Z,375
2020-07-01T00:00:00Z,310
2020-06-30T00:00:00Z,311
2020-06-29T00:00:00Z,346
2020-06-28T00:00:00Z,414
2020-06-27T00:00:00Z,469
2020-06-26T00:00:00Z,474
2020-06-25T00:00:00Z,520
2020-06-24T00:00:00Z,568
2020-06-23T00:00:00Z,638
2020-06-22T00:00:00Z,845
2020-06-21T00:00:00Z,606
2020-06-20T00:00:00Z,420
2020-06-19T00:00:00Z,374
2020-06-18T00:00:00Z,178
2020-06-17T00:00:00Z,150
2020-06-16T00:00:00Z,200
2020-06-15T00:00:00Z,201
2020-06-14T00:00:00Z,146
2020-06-13T00:00:00Z,138
2020-06-12T00:00:00Z,193
2020-06-11T00:00:00Z,208
2020-06-10T00:00:00Z,159
2020-06-09T00:00:00Z,129
2020-06-08T00:00:00Z,144
2020-06-07T00:00:00Z,136
2020-06-06T00:00:00Z,153
2020-06-05T00:00:00Z,175
2020-06-04T00:00:00Z,177
2020-06-03T00:00:00Z,161
2020-06-02T00:00:00Z,214
2020-06-01T00:00:00Z,192
2020-05-31T00:00:00Z,173
2020-05-30T00:00:00Z,183
2020-05-29T00:00:00Z,237
2020-05-28T00:00:00Z,160
2020-05-27T00:00:00Z,111
2020-05-26T00:00:00Z,121
2020-05-25T00:00:00Z,146
2020-05-24T00:00:00Z,145
2020-05-23T00:00:00Z,142
2020-05-22T00:00:00Z,160
2020-05-21T00:00:00Z,129
2020-05-20T00:00:00Z,148
2020-05-19T00:00:00Z,151
2020-05-18T00:00:00Z,157
2020-05-17T00:00:00Z,150
2020-05-16T00:00:00Z,115
2020-05-15T00:00:00Z,136
2020-05-14T00:00:00Z,166
2020-05-13T00:00:00Z,154
2020-05-12T00:00:00Z,140
2020-05-11T00:00:00Z,178
2020-05-10T00:00:00Z,202
2020-05-09T00:00:00Z,180
2020-05-08T00:00:00Z,179
2020-05-07T00:00:00Z,243
2020-05-06T00:00:00Z,155
2020-05-05T00:00:00Z,130
2020-05-04T00:00:00Z,155
2020-05-03T00:00:00Z,171
2020-05-02T00:00:00Z,86
2020-05-01T00:00:00Z,113
2020-04-30T00:00:00Z,171
2020-04-29T00:00:00Z,168
2020-04-28T00:00:00Z,92
2020-04-27T00:00:00Z,99
2020-04-26T00:00:00Z,89
2020-04-25T00:00:00Z,79
2020-04-24T00:00:00Z,104
2020-04-23T00:00:00Z,120
2020-04-22T00:00:00Z,71
2020-04-21T00:00:00Z,72
2020-04-20T00:00:00Z,96
2020-04-19T00:00:00Z,106
2020-04-18T00:00:00Z,87
2020-04-17T00:00:00Z,90
2020-04-16T00:00:00Z,104
2020-04-15T00:00:00Z,90
2020-04-14T00:00:00Z,53
2020-04-13T00:00:00Z,85
2020-04-12T00:00:00Z,84
2020-04-11T00:00:00Z,71
2020-04-10T00:00:00Z,99
2020-04-09T00:00:00Z,78
2020-04-08T00:00:00Z,93
2020-04-07T00:00:00Z,110
2020-04-06T00:00:00Z,127
2020-04-05T00:00:00Z,47
2020-04-04T00:00:00Z,67
2020-04-03T00:00:00Z,95
2020-04-02T00:00:00Z,95
2020-04-01T00:00:00Z,78
2020-03-31T00:00:00Z,77
2020-03-30T00:00:00Z,80
2020-03-29T00:00:00Z,61
2020-03-28T00:00:00Z,75
2020-03-27T00:00:00Z,79
2020-03-26T00:00:00Z,81
2020-03-25T00:00:00Z,79
2020-03-24T00:00:00Z,86
2020-03-23T00:00:00Z,83
2020-03-22T00:00:00Z,63
2020-03-21T00:00:00Z,73
2020-03-20T00:00:00Z,97
2020-03-19T00:00:00Z,103
2020-03-18T00:00:00Z,74
2020-03-17T00:00:00Z,95
2020-03-16T00:00:00Z,133
2020-03-15T00:00:00Z,75
2020-03-14T00:00:00Z,195
2020-03-13T00:00:00Z,145
2020-03-12T00:00:00Z,171
2020-03-11T00:00:00Z,97
2020-03-10T00:00:00Z,99
2020-03-09T00:00:00Z,119
2020-03-08T00:00:00Z,95
2020-03-07T00:00:00Z,69
2020-03-06T00:00:00Z,55
2020-03-05T00:00:00Z,88
2020-03-04T00:00:00Z,75
2020-03-03T00:00:00Z,83
2020-03-02T00:00:00Z,78
2020-03-01T00:00:00Z,72
2020-02-29T00:00:00Z,86
2020-02-28T00:00:00Z,93
2020-02-27T00:00:00Z,88
2020-02-26T00:00:00Z,106
2020-02-25T00:00:00Z,82
2020-02-24T00:00:00Z,76
2020-02-23T00:00:00Z,63
2020-02-22T00:00:00Z,72
2020-02-21T00:00:00Z,57
2020-02-20T00:00:00Z,99
2020-02-19T00:00:00Z,108
2020-02-18T00:00:00Z,112
2020-02-17T00:00:00Z,128
2020-02-16T00:00:00Z,184
2020-02-15T00:00:00Z,198
2020-02-14T00:00:00Z,105
2020-02-13T00:00:00Z,119
2020-02-12T00:00:00Z,144
2020-02-11T00:00:00Z,94
2020-02-10T00:00:00Z,95
2020-02-09T00:00:00Z,101
2020-02-08T00:00:00Z,97
2020-02-07T00:00:00Z,96
2020-02-06T00:00:00Z,98
2020-02-05T00:00:00Z,99
2020-02-04T00:00:00Z,66
2020-02-03T00:00:00Z,94
2020-02-02T00:00:00Z,94
2020-02-01T00:00:00Z,90
2020-01-31T00:00:00Z,76
2020-01-30T00:00:00Z,88
2020-01-29T00:00:00Z,99
2020-01-28T00:00:00Z,83
2020-01-27T00:00:00Z,72
2020-01-26T00:00:00Z,46
2020-01-25T00:00:00Z,58
2020-01-24T00:00:00Z,75
2020-01-23T00:00:00Z,72
2020-01-22T00:00:00Z,65
2020-01-21T00:00:00Z,93
2020-01-20T00:00:00Z,58
2020-01-19T00:00:00Z,90
2020-01-18T00:00:00Z,81
2020-01-17T00:00:00Z,75
2020-01-16T00:00:00Z,82
2020-01-15T00:00:00Z,85
2020-01-14T00:00:00Z,102
2020-01-13T00:00:00Z,54
2020-01-12T00:00:00Z,59
2020-01-11T00:00:00Z,80
2020-01-10T00:00:00Z,59
2020-01-09T00:00:00Z,70
2020-01-08T00:00:00Z,118
2020-01-07T00:00:00Z,93
2020-01-06T00:00:00Z,80
2020-01-05T00:00:00Z,69
2020-01-04T00:00:00Z,45
2020-01-03T00:00:00Z,74
2020-01-02T00:00:00Z,72
2020-01-01T00:00:00Z,74
2019-12-31T00:00:00Z,60
2019-12-30T00:00:00Z,61
2019-12-29T00:00:00Z,52
2019-12-28T00:00:00Z,53
2019-12-27T00:00:00Z,39
2019-12-26T00:00:00Z,44
2019-12-25T00:00:00Z,52
2019-12-24T00:00:00Z,66
2019-12-23T00:00:00Z,64
2019-12-22T00:00:00Z,55
2019-12-21T00:00:00Z,38
2019-12-20T00:00:00Z,41
2019-12-19T00:00:00Z,57
2019-12-18T00:00:00Z,77
2019-12-17T00:00:00Z,75
2019-12-16T00:00:00Z,71
2019-12-15T00:00:00Z,39
2019-12-14T00:00:00Z,39
2019-12-13T00:00:00Z,48
2019-12-12T00:00:00Z,48
2019-12-11T00:00:00Z,49
2019-12-10T00:00:00Z,68
2019-12-09T00:00:00Z,52
2019-12-08T00:00:00Z,48
2019-12-07T00:00:00Z,46
2019-12-06T00:00:00Z,50
2019-12-05T00:00:00Z,47
2019-12-04T00:00:00Z,58
2019-12-03T00:00:00Z,37
2019-12-02T00:00:00Z,51
2019-12-01T00:00:00Z,52
2019-11-30T00:00:00Z,50
2019-11-29T00:00:00Z,47
2019-11-28T00:00:00Z,55
2019-11-27T00:00:00Z,74
2019-11-26T00:00:00Z,65
2019-11-25T00:00:00Z,85
2019-11-24T00:00:00Z,75
2019-11-23T00:00:00Z,57
2019-11-22T00:00:00Z,96
2019-11-21T00:00:00Z,84
2019-11-20T00:00:00Z,52
2019-11-19T00:00:00Z,54
2019-11-18T00:00:00Z,70
2019-11-17T00:00:00Z,52
2019-11-16T00:00:00Z,48
2019-11-15T00:00:00Z,51
2019-11-14T00:00:00Z,52
2019-11-13T00:00:00Z,57
2019-11-12T00:00:00Z,35
2019-11-11T00:00:00Z,47
2019-11-10T00:00:00Z,55
2019-11-09T00:00:00Z,43
2019-11-08T00:00:00Z,59
2019-11-07T00:00:00Z,46
2019-11-06T00:00:00Z,64
2019-11-05T00:00:00Z,50
2019-11-04T00:00:00Z,52
2019-11-03T00:00:00Z,37
2019-11-02T00:00:00Z,42
2019-11-01T00:00:00Z,55
2019-10-31T00:00:00Z,60
2019-10-30T00:00:00Z,55
2019-10-29T00:00:00Z,67
2019-10-28T00:00:00Z,68
2019-10-27T00:00:00Z,82
2019-10-26T00:00:00Z,126
2019-10-25T00:00:00Z,86
2019-10-24T00:00:00Z,78
2019-10-23T00:00:00Z,91
2019-10-22T00:00:00Z,41
2019-10-21T00:00:00Z,55
2019-10-20T00:00:00Z,40
2019-10-19T00:00:00Z,45
2019-10-18T00:00:00Z,56
2019-10-17T00:00:00Z,37
2019-10-16T00:00:00Z,54
2019-10-15T00:00:00Z,44
2019-10-14T00:00:00Z,43
2019-10-13T00:00:00Z,30
2019-10-12T00:00:00Z,41
2019-10-11T00:00:00Z,49
2019-10-10T00:00:00Z,57
2019-10-09T00:00:00Z,68
2019-10-08T00:00:00Z,58
2019-10-07T00:00:00Z,63
2019-10-06T00:00:00Z,47
2019-10-05T00:00:00Z,42
2019-10-04T00:00:00Z,52
2019-10-03T00:00:00Z,57
2019-10-02T00:00:00Z,53
2019-10-01T00:00:00Z,58
2019-09-30T00:00:00Z,74
2019-09-29T00:00:00Z,74
2019-09-28T00:00:00Z,103
2019-09-27T00:00:00Z,56
2019-09-26T00:00:00Z,65
2019-09-25T00:00:00Z,81
2019-09-24T00:00:00Z,83
2019-09-23T00:00:00Z,57
2019-09-22T00:00:00Z,41
2019-09-21T00:00:00Z,41
2019-09-20T00:00:00Z,51
2019-09-19T00:00:00Z,77
2019-09-18T00:00:00Z,55
2019-09-17T00:00:00Z,77
2019-09-16T00:00:00Z,68
2019-09-15T00:00:00Z,48
2019-09-14T00:00:00Z,42
2019-09-13T00:00:00Z,46
2019-09-12T00:00:00Z,45
2019-09-11T00:00:00Z,51
2019-09-10T00:00:00Z,35
2019-09-09T00:00:00Z,46
2019-09-08T00:00:00Z,64
2019-09-07T00:00:00Z,54
2019-09-06T00:00:00Z,61
2019-09-05T00:00:00Z,69
2019-09-04T00:00:00Z,42
2019-09-03T00:00:00Z,73
2019-09-02T00:00:00Z,64
2019-09-01T00:00:00Z,28
2019-08-31T00:00:00Z,42
2019-08-30T00:00:00Z,53
2019-08-29T00:00:00Z,71
2019-08-28T00:00:00Z,74
2019-08-27T00:00:00Z,50
2019-08-26T00:00:00Z,46
2019-08-25T00:00:00Z,50
2019-08-24T00:00:00Z,60
2019-08-23T00:00:00Z,56
2019-08-22T00:00:00Z,59
2019-08-21T00:00:00Z,66
2019-08-20T00:00:00Z,64
2019-08-19T00:00:00Z,53
2019-08-18T00:00:00Z,66
2019-08-17T00:00:00Z,50
2019-08-16T00:00:00Z,79
2019-08-15T00:00:00Z,94
2019-08-14T00:00:00Z,86
2019-08-13T00:00:00Z,68
2019-08-12T00:00:00Z,64
2019-08-11T00:00:00Z,70
2019-08-10T00:00:00Z,78
2019-08-09T00:00:00Z,76
2019-08-08T00:00:00Z,74
2019-08-07T00:00:00Z,61
2019-08-06T00:00:00Z,107
2019-08-05T00:00:00Z,107
2019-08-04T00:00:00Z,62
2019-08-03T00:00:00Z,62
2019-08-02T00:00:00Z,69
2019-08-01T00:00:00Z,78
2019-07-31T00:00:00Z,63
2019-07-30T00:00:00Z,42
2019-07-29T00:00:00Z,36
2019-07-28T00:00:00Z,53
2019-07-27T00:00:00Z,54
2019-07-26T00:00:00Z,52
2019-07-25T00:00:00Z,50
2019-07-24T00:00:00Z,67
2019-07-23T00:00:00Z,52
2019-07-22T00:00:00Z,48
2019-07-21T00:00:00Z,48
2019-07-20T00:00:00Z,61
2019-07-19T00:00:00Z,53
2019-07-18T00:00:00Z,101
2019-07-17T00:00:00Z,95
2019-07-16T00:00:00Z,56
2019-07-15T00:00:00Z,82
2019-07-14T00:00:00Z,55
2019-07-13T00:00:00Z,47
2019-07-12T00:00:00Z,64
2019-07-11T00:00:00Z,61
2019-07-10T00:00:00Z,82
2019-07-09T00:00:00Z,68
2019-07-08T00:00:00Z,48
2019-07-07T00:00:00Z,30
2019-07-06T00:00:00Z,26
2019-07-05T00:00:00Z,42
2019-07-04T00:00:00Z,55
2019-07-03T00:00:00Z,49
2019-07-02T00:00:00Z,53
2019-07-01T00:00:00Z,42
2019-06-30T00:00:00Z,39
2019-06-29T00:00:00Z,42
2019-06-28T00:00:00Z,51
2019-06-27T00:00:00Z,53
2019-06-26T00:00:00Z,102
2019-06-25T00:00:00Z,37
2019-06-24T00:00:00Z,45
2019-06-23T00:00:00Z,40
2019-06-22T00:00:00Z,63
2019-06-21T00:00:00Z,50
2019-06-20T00:00:00Z,31
2019-06-19T00:00:00Z,23
2019-06-18T00:00:00Z,28
2019-06-17T00:00:00Z,34
2019-06-16T00:00:00Z,45
2019-06-15T00:00:00Z,38
2019-06-14T00:00:00Z,48
2019-06-13T00:00:00Z,35
2019-06-12T00:00:00Z,35
2019-06-11T00:00:00Z,22
2019-06-10T00:00:00Z,19
2019-06-09T00:00:00Z,23
2019-06-08T00:00:00Z,17
2019-06-07T00:00:00Z,22
2019-06-06T00:00:00Z,20
2019-06-05T00:00:00Z,24
2019-06-04T00:00:00Z,29
2019-06-03T00:00:00Z,27
2019-06-02T00:00:00Z,27
2019-06-01T00:00:00Z,22
2019-05-31T00:00:00Z,19
2019-05-30T00:00:00Z,42
2019-05-29T00:00:00Z,26
2019-05-28T00:00:00Z,20
2019-05-27T00:00:00Z,36
2019-05-26T00:00:00Z,38
2019-05-25T00:00:00Z,23
2019-05-24T00:00:00Z,30
2019-05-23T00:00:00Z,40
2019-05-22T00:00:00Z,26
2019-05-21T00:00:00Z,25
2019-05-20T00:00:00Z,24
2019-05-19T00:00:00Z,17
2019-05-18T00:00:00Z,25
2019-05-17T00:00:00Z,35
2019-05-16T00:00:00Z,48
2019-05-15T00:00:00Z,44
2019-05-14T00:00:00Z,45
2019-05-13T00:00:00Z,34
2019-05-12T00:00:00Z,41
2019-05-11T00:00:00Z,41
2019-05-10T00:00:00Z,52
2019-05-09T00:00:00Z,22
2019-05-08T00:00:00Z,27
2019-05-07T00:00:00Z,32
2019-05-06T00:00:00Z,55
2019-05-05T00:00:00Z,23
2019-05-04T00:00:00Z,36
2019-05-03T00:00:00Z,46
2019-05-02T00:00:00Z,27
2019-05-01T00:00:00Z,21
2019-04-30T00:00:00Z,27
2019-04-29T00:00:00Z,30
2019-04-28T00:00:00Z,25
2019-04-27T00:00:00Z,21
2019-04-26T00:00:00Z,28
2019-04-25T00:00:00Z,28
2019-04-24T00:00:00Z,34
2019-04-23T00:00:00Z,35
2019-04-22T00:00:00Z,21
2019-04-21T00:00:00Z,30
2019-04-20T00:00:00Z,16
2019-04-19T00:00:00Z,22
2019-04-18T00:00:00Z,20
2019-04-17T00:00:00Z,20
2019-04-16T00:00:00Z,15
2019-04-15T00:00:00Z,26
2019-04-14T00:00:00Z,14
2019-04-13T00:00:00Z,20
2019-04-12T00:00:00Z,27
2019-04-11T00:00:00Z,33
2019-04-10T00:00:00Z,31
2019-04-09T00:00:00Z,27
2019-04-08T00:00:00Z,24
2019-04-07T00:00:00Z,16
2019-04-06T00:00:00Z,19
2019-04-05T00:00:00Z,21
2019-04-04T00:00:00Z,26
2019-04-03T00:00:00Z,32
2019-04-02T00:00:00Z,34
2019-04-01T00:00:00Z,21
2019-03-31T00:00:00Z,17
2019-03-30T00:00:00Z,15
2019-03-29T00:00:00Z,14
2019-03-28T00:00:00Z,20
2019-03-27T00:00:00Z,21
2019-03-26T00:00:00Z,20
2019-03-25T00:00:00Z,19
2019-03-24T00:00:00Z,20
2019-03-23T00:00:00Z,16
2019-03-22T00:00:00Z,24
2019-03-21T00:00:00Z,30
2019-03-20T00:00:00Z,61
2019-03-19T00:00:00Z,19
2019-03-18T00:00:00Z,15
2019-03-17T00:00:00Z,15
2019-03-16T00:00:00Z,11
2019-03-15T00:00:00Z,17
2019-03-14T00:00:00Z,15
2019-03-13T00:00:00Z,17
2019-03-12T00:00:00Z,13
2019-03-11T00:00:00Z,14
2019-03-10T00:00:00Z,10
2019-03-09T00:00:00Z,18
2019-03-08T00:00:00Z,15
2019-03-07T00:00:00Z,22
2019-03-06T00:00:00Z,18
2019-03-05T00:00:00Z,20
2019-03-04T00:00:00Z,21
2019-03-03T00:00:00Z,17
2019-03-02T00:00:00Z,20
2019-03-01T00:00:00Z,9
2019-02-28T00:00:00Z,11
2019-02-27T00:00:00Z,23
2019-02-26T00:00:00Z,12
2019-02-25T00:00:00Z,24
2019-02-24T00:00:00Z,18
2019-02-23T00:00:00Z,16
2019-02-22T00:00:00Z,14
2019-02-21T00:00:00Z,20
2019-02-20T00:00:00Z,22
2019-02-19T00:00:00Z,15
2019-02-18T00:00:00Z,17
2019-02-17T00:00:00Z,6
2019-02-16T00:00:00Z,12
2019-02-15T00:00:00Z,10
2019-02-14T00:00:00Z,9
2019-02-13T00:00:00Z,13
2019-02-12T00:00:00Z,9
2019-02-11T00:00:00Z,16
2019-02-10T00:00:00Z,11
2019-02-09T00:00:00Z,9
2019-02-08T00:00:00Z,14
2019-02-07T00:00:00Z,9
2019-02-06T00:00:00Z,16
2019-02-05T00:00:00Z,13
2019-02-04T00:00:00Z,22
2019-02-03T00:00:00Z,13
2019-02-02T00:00:00Z,15
2019-02-01T00:00:00Z,23
2019-01-31T00:00:00Z,39
2019-01-30T00:00:00Z,18
2019-01-29T00:00:00Z,4
2019-01-28T00:00:00Z,1
2019-01-27T00:00:00Z,0
2019-01-26T00:00:00Z,1
2019-01-25T00:00:00Z,3
2019-01-24T00:00:00Z,4
2019-01-23T00:00:00Z,4
2019-01-22T00:00:00Z,0
2019-01-21T00:00:00Z,0
2019-01-20T00:00:00Z,0
2019-01-19T00:00:00Z,0
2019-01-18T00:00:00Z,0
2019-01-17T00:00:00Z,0
2019-01-16T00:00:00Z,0
2019-01-15T00:00:00Z,0
2019-01-14T00:00:00Z,0
2019-01-13T00:00:00Z,0
2019-01-12T00:00:00Z,0
2019-01-11T00:00:00Z,1
2019-01-10T00:00:00Z,0
2019-01-09T00:00:00Z,0
2019-01-08T00:00:00Z,0
2019-01-07T00:00:00Z,1
2019-01-06T00:00:00Z,0
2019-01-05T00:00:00Z,0
2019-01-04T00:00:00Z,0
2019-01-03T00:00:00Z,0
2019-01-02T00:00:00Z,0
2019-01-01T00:00:00Z,0
2018-12-31T00:00:00Z,0
2018-12-30T00:00:00Z,0
2018-12-29T00:00:00Z,0
2018-12-28T00:00:00Z,0
2018-12-27T00:00:00Z,0
2018-12-26T00:00:00Z,0
2018-12-25T00:00:00Z,0
2018-12-24T00:00:00Z,0
2018-12-23T00:00:00Z,0
2018-12-22T00:00:00Z,0
2018-12-21T00:00:00Z,0
2018-12-20T00:00:00Z,0
2018-12-19T00:00:00Z,0
2018-12-18T00:00:00Z,0
2018-12-17T00:00:00Z,0
2018-12-16T00:00:00Z,0
2018-12-15T00:00:00Z,0
2018-12-14T00:00:00Z,0
2018-12-13T00:00:00Z,0
2018-12-12T00:00:00Z,0
2018-12-11T00:00:00Z,0
2018-12-10T00:00:00Z,0
2018-12-09T00:00:00Z,0
2018-12-08T00:00:00Z,0
2018-12-07T00:00:00Z,0
2018-12-06T00:00:00Z,0
2018-12-05T00:00:00Z,0
2018-12-04T00:00:00Z,0
2018-12-03T00:00:00Z,0
2018-12-02T00:00:00Z,0
2018-12-01T00:00:00Z,0
2018-11-30T00:00:00Z,0
2018-11-29T00:00:00Z,0
2018-11-28T00:00:00Z,4
2018-11-27T00:00:00Z,3
2018-11-26T00:00:00Z,0
2018-11-25T00:00:00Z,0
2018-11-24T00:00:00Z,0
