date,Long Liquidations
2018-12-20,0.0
2018-12-21,3.11874701
2018-12-22,4.84973716
2018-12-23,17.74326823
2018-12-24,98.23274674
2018-12-25,265.5871958
2018-12-26,132.24424083
2018-12-27,274.28885879
2018-12-28,57.3781941
2018-12-29,238.74058057
2018-12-30,20.00398705
2018-12-31,80.61504771
2019-01-01,35.26779891
2019-01-02,22.61807465
2019-01-03,115.81639913
2019-01-04,39.99340658
2019-01-05,18.0997387
2019-01-06,10.06993476
2019-01-07,66.87294523
2019-01-08,70.69718941
2019-01-09,145.85246871
2019-01-10,336.4478418
2019-01-11,40.7170857
2019-01-12,68.84199352
2019-01-13,96.07432843
2019-01-14,40.03057231
2019-01-15,152.06017593
2019-01-16,31.01179308
2019-01-17,17.50817094
2019-01-18,43.8240086
2019-01-19,55.26738059
2019-01-20,247.38635137
2019-01-21,141.32644616
2019-01-22,151.54755576
2019-01-23,136.30318673
2019-01-24,28.47171138
2019-01-25,125.9303103
2019-01-26,103.7402324
2019-01-27,232.41494252
2019-01-28,236.99268331
2019-01-29,157.90225238
2019-01-30,83.09783813
2019-01-31,47.99137522
2019-02-01,94.66915432
2019-02-02,10.37462942
2019-02-03,245.10479294
2019-02-04,16.68023702
2019-02-05,4.68575247
2019-02-06,163.82920269
2019-02-07,5.00387953
2019-02-08,96.2678879
2019-02-09,52.64896285
2019-02-10,12.58314341
2019-02-11,43.64295135
2019-02-12,118.6960357
2019-02-13,21.84064473
2019-02-14,44.80472683
2019-02-15,36.64795061
2019-02-16,12.6814835
2019-02-17,43.08160502
2019-02-18,145.29611413
2019-02-19,167.94927983
2019-02-20,9.4742618
2019-02-21,64.68594765
2019-02-22,4.85622627
2019-02-23,10.66580049
2019-02-24,796.49935535
2019-02-25,22.25852685
2019-02-26,33.58576502
2019-02-27,104.57654313
2019-02-28,47.31447588
2019-03-01,71.46179534
2019-03-02,73.98694122
2019-03-03,92.38167582
2019-03-04,148.35939747
2019-03-05,33.106796
2019-03-06,2.19314021
2019-03-07,28.90284479
2019-03-08,161.42528899
2019-03-09,12.31381243
2019-03-10,153.76151738
2019-03-11,294.78782817
2019-03-12,138.1645268
2019-03-13,26.35816788
2019-03-14,238.23999698
2019-03-15,0.0
2019-03-16,81.06404882
2019-03-17,95.39223301
2019-03-18,182.82317061
2019-03-19,0.05813264
2019-03-20,21.94246142
2019-03-21,134.73069653
2019-03-22,3.40101119
2019-03-23,86.66696678
2019-03-24,65.42184963
2019-03-25,333.9894262
2019-03-26,0.93698487
2019-03-27,0.0
2019-03-28,6.74779665
2019-03-29,2.48570306
2019-03-30,113.76907572
2019-03-31,0.0736377
2019-04-01,53.11610716
2019-04-02,6252.09506109
2019-04-03,24058.33678056
2019-04-04,8113.00956953
2019-04-05,2045.74398136
2019-04-06,7212.73387564
2019-04-07,3970.51555546
2019-04-08,4004.10736593
2019-04-09,3006.78017158
2019-04-10,5094.5841502
2019-04-11,13345.63435795
2019-04-12,3016.35660313
2019-04-13,1511.89648693
2019-04-14,760.1856852
2019-04-15,8075.4108218
2019-04-16,677.41330661
2019-04-17,1125.8937156
2019-04-18,597.65131661
2019-04-19,2461.12781797
2019-04-20,1422.66896737
2019-04-21,2748.34712537
2019-04-22,801.88513984
2019-04-23,1293.73098808
2019-04-24,7365.77605698
2019-04-25,41064.63965613
2019-04-26,5104.10740704
2019-04-27,639.21347492
2019-04-28,2485.15524611
2019-04-29,2246.82904224
2019-04-30,219.18488326
2019-05-01,806.87274552
2019-05-02,86.55071423
2019-05-03,4927.76084757
2019-05-04,8630.28493616
2019-05-05,3556.77351441
2019-05-06,5512.35141001
2019-05-07,8730.00324428
2019-05-08,3330.5823948
2019-05-09,1057.00165
2019-05-10,3781.78913017
2019-05-11,7879.5060892
2019-05-12,23325.42965893
2019-05-13,7414.20285282
2019-05-14,16044.0366451
2019-05-15,5038.85770481
2019-05-16,9276.15830677
2019-05-17,35887.09543244
2019-05-18,4220.20676639
2019-05-19,5958.95079508
2019-05-20,11814.67657951
2019-05-21,1711.96727824
2019-05-22,10303.0771703
2019-05-23,3590.11034573
2019-05-24,1386.97833978
2019-05-25,1021.00863122
2019-05-26,2251.10605686
2019-05-27,3805.29801047
2019-05-28,3448.02834387
2019-05-29,3971.51159239
2019-05-30,27827.1646667
2019-05-31,2205.02681881
2019-06-01,436.31734614
2019-06-02,2398.97516703
2019-06-03,14432.39535462
2019-06-04,29477.13828226
2019-06-05,2612.87213456
2019-06-06,4644.67154914
2019-06-07,2330.39283416
2019-06-08,1947.92198513
2019-06-09,5932.81379083
2019-06-10,997.71144569
2019-06-11,4233.27547299
2019-06-12,1505.15637784
2019-06-13,973.13579554
2019-06-14,402.16295895
2019-06-15,434.74648417
2019-06-16,12437.27953913
2019-06-17,4504.53335968
2019-06-18,8022.57096314
2019-06-19,519.60648196
2019-06-20,1379.45488549
2019-06-21,2410.39959529
2019-06-22,16819.17491422
2019-06-23,5748.12965845
2019-06-24,4130.42403346
2019-06-25,4870.33325236
2019-06-26,31788.69285749
2019-06-27,26357.85584691
2019-06-28,5429.34818267
2019-06-29,8508.15445348
2019-06-30,14966.08347833
2019-07-01,12881.96040917
2019-07-02,7944.86755354
2019-07-03,4209.09638491
2019-07-04,10648.05055275
2019-07-05,7036.78615286
2019-07-06,3484.96260483
2019-07-07,1752.8399098
2019-07-08,431.36432061
2019-07-09,8828.79446534
2019-07-10,23250.65546635
2019-07-11,15945.33211731
2019-07-12,1565.13525564
2019-07-13,10536.3881711
2019-07-14,17734.67891287
2019-07-15,5069.26599979
2019-07-16,27174.29176206
2019-07-17,5657.83764569
2019-07-18,3211.74374222
2019-07-19,3237.42626368
2019-07-20,2383.76913747
2019-07-21,2880.03012075
2019-07-22,3738.16966826
2019-07-23,4389.80013947
2019-07-24,5538.37486053
2019-07-25,2091.21390291
2019-07-26,3106.70185093
2019-07-27,13638.10353521
2019-07-28,5407.22979282
2019-07-29,2328.18371874
2019-07-30,988.59675288
2019-07-31,201.51270623
2019-08-01,179.31618734
2019-08-02,1423.93917863
2019-08-03,448.60664094
2019-08-04,1912.32414669
2019-08-05,1043.49453869
2019-08-06,11557.59462513
2019-08-07,4965.72830214
2019-08-08,3336.15794695
2019-08-09,896.15040873
2019-08-10,10696.0389892
2019-08-11,3284.83076368
2019-08-12,958.5198712
2019-08-13,4335.51245934
2019-08-14,14307.30420382
2019-08-15,8291.69918481
2019-08-16,4827.84296674
2019-08-17,3469.06382995
2019-08-18,336.22586784
2019-08-19,968.88888283
2019-08-20,1292.94443855
2019-08-21,11998.94734612
2019-08-22,2150.35708415
2019-08-23,677.3735695
2019-08-24,7135.48877938
2019-08-25,2598.76329705
2019-08-26,1697.93610302
2019-08-27,1824.53529048
2019-08-28,16067.47608845
2019-08-29,5542.57553926
2019-08-30,936.20596415
2019-08-31,953.17337714
2019-09-01,245.22302581
2019-09-02,125.80094481
2019-09-03,1835.13944601
2019-09-04,2145.24620294
2019-09-05,959.21409136
2019-09-06,9874.06498982
2019-09-07,183.24153444
2019-09-08,2961.8848935
2019-09-09,3659.08311239
2019-09-10,8504.98709406
2019-09-11,1910.67699424
2019-09-12,297.72648058
2019-09-13,1331.94657127
2019-09-14,250.31319933
2019-09-15,148.09610506
2019-09-16,4798.57491504
2019-09-17,532.10765755
2019-09-18,1049.61563143
2019-09-19,17205.21106854
2019-09-20,880.60564863
2019-09-21,2378.03969969
2019-09-22,1685.77839202
2019-09-23,8287.23144861
2019-09-24,76090.38080053
2019-09-25,3304.52626002
2019-09-26,13224.25610188
2019-09-27,1272.38924115
2019-09-28,1612.82711767
2019-09-29,1845.63573539
2019-09-30,3916.1351362
2019-10-01,1304.58776259
2019-10-02,1191.69849363
2019-10-03,3034.41700988
2019-10-04,1264.96667522
2019-10-05,790.35376235
2019-10-06,6370.29295131
2019-10-07,472.51935154
2019-10-08,899.18247564
2019-10-09,544.10347326
2019-10-10,156.17498958
2019-10-11,6777.5418782
2019-10-12,161.26320752
2019-10-13,3636.7016261
2019-10-14,590.97738686
2019-10-15,3623.17469153
2019-10-16,4897.22918093
2019-10-17,576.86124674
2019-10-18,4377.50528787
2019-10-19,1323.88431276
2019-10-20,105.99212978
2019-10-21,452.63470951
2019-10-22,3987.25170816
2019-10-23,33498.79379439
2019-10-24,336.35349555
2019-10-25,1466.83413592
2019-10-26,9579.81490868
2019-10-27,3095.13430928
2019-10-28,4153.68647095
2019-10-29,3462.9840085
2019-10-30,3348.79249869
2019-10-31,3578.36062315
2019-11-01,814.29464601
2019-11-02,63.27396743
2019-11-03,2029.73098328
2019-11-04,242.16758676
2019-11-05,2175.4704271
2019-11-06,397.95351652
2019-11-07,2979.03199925
2019-11-08,10342.89125662
2019-11-09,574.65454958
2019-11-10,246.35040453
2019-11-11,6687.37829494
2019-11-12,4530.95140786
2019-11-13,61.6202517
2019-11-14,1423.38475762
2019-11-15,9057.39756407
2019-11-16,150.12913524
2019-11-17,955.46870097
2019-11-18,12793.32715401
2019-11-19,2724.29609116
2019-11-20,499.02683585
2019-11-21,29091.50697632
2019-11-22,27163.30997512
2019-11-23,584.81326616
2019-11-24,5491.53715727
2019-11-25,10689.61287364
2019-11-26,1626.48992955
2019-11-27,2763.89152148
2019-11-28,2156.50150398
2019-11-29,883.8369341
2019-11-30,2347.48114353
2019-12-01,3365.15466059
2019-12-02,1454.36532332
2019-12-03,186.05393739
2019-12-04,7308.11455028
2019-12-05,904.13817514
2019-12-06,866.52191025
2019-12-07,228.10299185
2019-12-08,1224.65381604
2019-12-09,4943.32833314
2019-12-10,3715.33263101
2019-12-11,1486.58595746
2019-12-12,1652.05414789
2019-12-13,112.99190291
2019-12-14,5326.35682011
2019-12-15,652.66686577
2019-12-16,8835.13139
2019-12-17,14487.24100155
2019-12-18,7828.48891353
2019-12-19,1949.62653077
2019-12-20,341.34857825
2019-12-21,199.65702614
2019-12-22,264.58223647
2019-12-23,6681.81920983
2019-12-24,3363.82100816
2019-12-25,1546.61198993
2019-12-26,1935.45689795
2019-12-27,2594.02898162
2019-12-28,223.73542631
2019-12-29,610.06143305
2019-12-30,1954.21825089
2019-12-31,2540.14589975
2020-01-01,253.44482011
2020-01-02,8812.78275926
2020-01-03,2422.38794665
2020-01-04,466.86763431
2020-01-05,1873.95567233
2020-01-06,438.95519259
2020-01-07,3461.41915822
2020-01-08,7376.34015828
2020-01-09,4013.21914335
2020-01-10,2266.0501164
2020-01-11,1820.30442575
2020-01-12,821.5373403
2020-01-13,303.68527857
2020-01-14,2070.63294487
2020-01-15,2817.99848716
2020-01-16,1286.33219844
2020-01-17,1979.40765869
2020-01-18,634.29595243
2020-01-19,20372.34031541
2020-01-20,1151.21702557
2020-01-21,3018.78849487
2020-01-22,1601.64763778
2020-01-23,6423.58582563
2020-01-24,1828.11671031
2020-01-25,1520.26347062
2020-01-26,131.97384269
2020-01-27,421.27468275
2020-01-28,3151.99820544
2020-01-29,1309.06957366
2020-01-30,3529.31823595
2020-01-31,2336.30970194
2020-02-01,359.30798231
2020-02-02,3160.95118982
2020-02-03,3579.60622813
2020-02-04,2959.26319362
2020-02-05,379.40248834
2020-02-06,1980.17676428
2020-02-07,920.89051257
2020-02-08,760.77493082
2020-02-09,534.37831846
2020-02-10,9802.57303669
2020-02-11,1471.72817633
2020-02-12,922.22542707
2020-02-13,7714.33731088
2020-02-14,532.2782482
2020-02-15,16270.08441887
2020-02-16,4389.25234826
2020-02-17,5056.84693064
2020-02-18,1316.69394065
2020-02-19,19234.95039894
2020-02-20,3676.36554791
2020-02-21,1419.5177095
2020-02-22,336.99669167
2020-02-23,249.32622139
2020-02-24,6568.21818609
2020-02-25,7699.1845865
2020-02-26,26013.53764893
2020-02-27,6145.69579581
2020-02-28,4874.8261465
2020-02-29,1354.40190832
2020-03-01,3239.59751394
2020-03-02,427.66815202
2020-03-03,2633.84192941
2020-03-04,747.73092807
2020-03-05,359.55014673
2020-03-06,469.27304888
2020-03-07,3729.60499224
2020-03-08,30273.83721818
2020-03-09,11433.95776263
2020-03-10,6180.37567881
2020-03-11,2581.20231891
2020-03-12,165375.95573324
2020-03-13,179189.65727022
2020-03-14,13799.00874522
2020-03-15,5336.07539788
2020-03-16,34372.21108343
2020-03-17,3736.74328971
2020-03-18,5487.32408803
2020-03-19,4359.01728302
2020-03-20,17042.47062219
2020-03-21,5154.75893537
2020-03-22,7114.65777611
2020-03-23,3055.50444083
2020-03-24,3952.79224813
2020-03-25,4126.65842165
2020-03-26,1517.0939311
2020-03-27,5906.67225446
2020-03-28,5229.63844682
2020-03-29,4255.60985563
2020-03-30,1595.47334751
2020-03-31,1294.95143107
2020-04-01,3854.38195966
2020-04-02,4866.37744671
2020-04-03,5451.0832694
2020-04-04,2388.03870631
2020-04-05,1869.38295151
2020-04-06,1399.93309252
2020-04-07,5095.89988442
2020-04-08,1691.40097837
2020-04-09,2582.64569033
2020-04-10,8662.74958052
2020-04-11,1013.12259011
2020-04-12,2904.23430706
2020-04-13,6829.72215874
2020-04-14,1339.12513568
2020-04-15,4654.81127389
2020-04-16,4723.74455325
2020-04-17,1199.89842008
2020-04-18,470.04743076
2020-04-19,3406.03217951
2020-04-20,11057.28522218
2020-04-21,975.63163444
2020-04-22,148.71259188
2020-04-23,2714.23028397
2020-04-24,1789.59273954
2020-04-25,705.44362374
2020-04-26,2051.93372175
2020-04-27,823.05600685
2020-04-28,430.60928196
2020-04-29,4247.05647987
2020-04-30,15339.80540582
2020-05-01,2972.73723987
2020-05-02,988.58609443
2020-05-03,5737.61753173
2020-05-04,4729.49456629
2020-05-05,2238.72196056
2020-05-06,2229.4420728
2020-05-07,2482.72138714
2020-05-08,5289.64520872
2020-05-09,4927.24498719
2020-05-10,41716.51550702
2020-05-11,10695.58022508
2020-05-12,1985.29005975
2020-05-13,599.0294
2020-05-14,3641.80447081
2020-05-15,11360.13381662
2020-05-16,1714.60873752
2020-05-17,1361.06296044
2020-05-18,4894.0788418
2020-05-19,3424.69276423
2020-05-20,8207.00881284
2020-05-21,12640.22024562
2020-05-22,1069.68285812
2020-05-23,872.66218737
2020-05-24,7650.49314968
2020-05-25,2273.6796338
2020-05-26,1665.71036544
2020-05-27,887.30030723
2020-05-28,426.91219644
2020-05-29,2124.66936885
2020-05-30,1094.599867
2020-05-31,2018.59708865
2020-06-01,418.04660874
2020-06-02,20092.72860291
2020-06-03,1308.29780779
2020-06-04,2170.64018178
2020-06-05,3039.28152543
2020-06-06,1413.17559918
2020-06-07,3802.43172029
2020-06-08,577.56064205
2020-06-09,2363.40558096
2020-06-10,779.3630132
2020-06-11,16443.05894594
2020-06-12,887.98809182
2020-06-13,306.21479644
2020-06-14,1808.93571437
2020-06-15,7033.53002586
2020-06-16,913.97563284
2020-06-17,2259.90243525
2020-06-18,776.97199204
2020-06-19,998.06495091
2020-06-20,2696.39682715
2020-06-21,256.83926351
2020-06-22,198.53317044
2020-06-23,420.6798141
2020-06-24,7821.40308199
2020-06-25,4787.22216104
2020-06-26,2550.35267031
2020-06-27,9257.24449784
2020-06-28,282.55114325
2020-06-29,439.89067989
2020-06-30,907.25813708
2020-07-01,216.00011146
2020-07-02,7501.50245831
2020-07-03,288.37911699
2020-07-04,88.69749077
2020-07-05,3588.14003708
2020-07-06,136.59573446
2020-07-07,665.74579612
2020-07-08,90.95215316
2020-07-09,4818.23501487
2020-07-10,1580.24268136
2020-07-11,329.41016287
2020-07-12,685.42737501
2020-07-13,609.45729889
2020-07-14,1608.65973351
2020-07-15,405.35650529
2020-07-16,2988.69548889
2020-07-17,13.94594004
2020-07-18,54.8238854
2020-07-19,229.09713004
2020-07-20,245.28555493
2020-07-21,165.81243935
2020-07-22,785.35196927
2020-07-23,463.07381913
2020-07-24,891.52846306
2020-07-25,30.66858617
2020-07-26,1545.07819264
2020-07-27,6916.15183557
2020-07-28,6894.57301403
2020-07-29,2824.44298297
2020-07-30,2932.72272532
2020-07-31,1148.49129129
2020-08-01,2283.76650646
2020-08-02,39573.41585652
2020-08-03,2508.8083441
2020-08-04,2267.59573087
2020-08-05,1601.85329796
2020-08-06,2202.98649328
2020-08-07,7367.78450204
2020-08-08,654.08419047
2020-08-09,1136.9791894
2020-08-10,6759.02762055
2020-08-11,11613.98652689
2020-08-12,1180.32813185
2020-08-13,1524.4224571
2020-08-14,388.90694883
2020-08-15,2036.94008464
2020-08-16,528.68282186
2020-08-17,1537.38312021
2020-08-18,6926.90611234
2020-08-19,6407.25002757
2020-08-20,160.64680547
2020-08-21,3373.20305584
2020-08-22,1576.23156158
2020-08-23,221.93769022
2020-08-24,126.51734487
2020-08-25,9748.37235103
2020-08-26,720.22353323
2020-08-27,3027.39730616
2020-08-28,49.24410323
2020-08-29,284.21032227
2020-08-30,92.33677282
2020-08-31,442.56325034
2020-09-01,1473.00745568
2020-09-02,14014.92718743
2020-09-03,39186.25673493
2020-09-04,5446.71953728
2020-09-05,8488.13626986
2020-09-06,472.59799658
2020-09-07,1958.10886685
2020-09-08,3077.78575322
2020-09-09,260.6227103
2020-09-10,749.62395638
2020-09-11,276.97636243
2020-09-12,115.28242498
2020-09-13,1904.75945697
2020-09-14,205.4142876
2020-09-15,1045.22057873
2020-09-16,607.41745446
2020-09-17,1061.62222304
2020-09-18,560.32508751
2020-09-19,128.07296021
2020-09-20,2077.79866682
2020-09-21,6679.17548468
2020-09-22,296.04155839
2020-09-23,3499.802106
2020-09-24,113.83808915
2020-09-25,379.19202838
2020-09-26,133.61188907
2020-09-27,646.72659542
2020-09-28,1802.94032786
2020-09-29,271.4339371
2020-09-30,257.61579042
2020-10-01,3279.2149898
2020-10-02,1446.75667641
2020-10-03,66.91442374
2020-10-04,15.32002156
2020-10-05,104.54378328
2020-10-06,1427.61638762
2020-10-07,28.67358731
2020-10-08,327.25441039
2020-10-09,121.32022256
2020-10-10,827.76883278
2020-10-11,586.71118464
2020-10-12,2347.53028638
2020-10-13,1574.25222654
2020-10-14,772.95917046
2020-10-15,516.25029978
2020-10-16,2039.8974813
2020-10-17,173.678395
2020-10-18,7.86362437
2020-10-19,167.76119277
2020-10-20,663.56217481
2020-10-21,3480.17607067
2020-10-22,1678.05551118
2020-10-23,1978.94064163
2020-10-24,322.11051852
2020-10-25,2710.9283375
2020-10-26,3272.66718564
2020-10-27,621.06244215
2020-10-28,6653.75680511
2020-10-29,1334.74189077
2020-10-30,1484.37641255
2020-10-31,1938.02238837
2020-11-01,834.10821566
2020-11-02,3783.38420144
2020-11-03,1207.1550871
2020-11-04,2338.34961839
2020-11-05,2777.58183293
2020-11-06,3998.80786732
2020-11-07,8265.48863617
2020-11-08,540.30251427
2020-11-09,2849.53023493
2020-11-10,588.70342251
2020-11-11,745.57380104
2020-11-12,2658.06937346
2020-11-13,1149.88989163
2020-11-14,2342.89936192
2020-11-15,576.57708245
2020-11-16,583.29764795
2020-11-17,1206.75717187
2020-11-18,8443.32458274
2020-11-19,1571.20576645
2020-11-20,819.34142181
2020-11-21,1728.20959142
2020-11-22,4037.34045829
2020-11-23,1928.74859339
2020-11-24,2331.03915329
2020-11-25,4107.59479556
2020-11-26,33194.49205625
2020-11-27,2227.7588343
2020-11-28,526.34266095
2020-11-29,933.42282172
2020-11-30,2349.07880889
2020-12-01,10227.88786798
2020-12-02,1820.29795829
2020-12-03,990.04023387
2020-12-04,3301.32553368
2020-12-05,398.93371471
2020-12-06,632.88058331
2020-12-07,1056.3428919
2020-12-08,7801.92795448
2020-12-09,4548.36561178
2020-12-10,1261.06831907
2020-12-11,2992.22845349
2020-12-12,395.01237861
2020-12-13,894.72469655
2020-12-14,407.93179374
2020-12-15,997.2748933
2020-12-16,1324.31111782
2020-12-17,9409.93808761
2020-12-18,2042.39729706
2020-12-19,1834.59374407
2020-12-20,5019.81700637
2020-12-21,11703.17561139
2020-12-22,1936.979666
2020-12-23,6188.81760799
2020-12-24,1066.30097872
2020-12-25,2357.4639938
2020-12-26,2197.13740823
2020-12-27,10650.69893626
2020-12-28,3326.49716498
2020-12-29,2995.00242841
2020-12-30,3150.82580169
2020-12-31,4458.75763086
2021-01-01,1944.60778711
2021-01-02,7425.82625275
2021-01-03,7692.57273524
2021-01-04,25900.04446089
2021-01-05,4929.04052414
2021-01-06,5305.43418222
2021-01-07,9201.4564291
2021-01-08,8390.68203343
2021-01-09,2620.56304121
2021-01-10,16526.50687681
2021-01-11,23793.09874738
2021-01-12,6545.48703881
2021-01-13,3368.41165368
2021-01-14,4345.97666014
2021-01-15,11663.33522586
2021-01-16,4102.89936452
2021-01-17,4145.77442457
2021-01-18,3031.33590823
2021-01-19,3542.60970067
2021-01-20,7969.39279347
2021-01-21,14808.22168038
2021-01-22,6821.22378384
2021-01-23,2627.91847285
2021-01-24,3323.62878697
2021-01-25,4333.92899656
2021-01-26,4076.40956298
2021-01-27,7159.64941435
2021-01-28,1324.19538073
2021-01-29,12834.73666258
2021-01-30,4217.42167736
2021-01-31,4138.5587407
2021-02-01,1550.14153134
2021-02-02,1144.31123492
2021-02-03,1329.40118188
2021-02-04,4266.14421847
2021-02-05,1422.02791184
2021-02-06,3784.4125589
2021-02-07,6837.68835815
2021-02-08,5598.78527315
2021-02-09,4479.49572816
2021-02-10,6809.76006644
2021-02-11,3170.07430391
2021-02-12,3174.01250171
2021-02-13,1701.85875088
2021-02-14,2199.93094495
2021-02-15,8242.86780991
2021-02-16,4595.08764582
2021-02-17,1618.51530535
2021-02-18,2212.54817355
2021-02-19,2028.74868449
2021-02-20,6491.22621598
2021-02-21,1569.6752592
2021-02-22,26425.09643218
2021-02-23,17053.87970429
2021-02-24,3823.9799262
2021-02-25,6103.68097047
2021-02-26,9037.82051985
2021-02-27,2512.01564094
2021-02-28,6337.76751248
2021-03-01,1595.95216674
2021-03-02,3796.50235918
2021-03-03,2356.94397821
2021-03-04,7761.22601406
2021-03-05,4892.81677155
2021-03-06,1977.91724471
2021-03-07,1444.7878061
2021-03-08,3028.09640481
2021-03-09,1648.6182591
2021-03-10,5094.39178591
2021-03-11,5333.05749867
2021-03-12,5622.11192062
2021-03-13,2477.18733073
2021-03-14,3983.93619706
2021-03-15,22572.645824
2021-03-16,7896.66598866
2021-03-17,3353.87771745
2021-03-18,4112.68843805
2021-03-19,3238.10108684
2021-03-20,2095.8469987
2021-03-21,7306.55421421
2021-03-22,10418.80359625
2021-03-23,4581.4945339
2021-03-24,10596.71710085
2021-03-25,7510.91492461
2021-03-26,1085.55234098
2021-03-27,1644.01080722
2021-03-28,2045.62883315
2021-03-29,1588.12937877
2021-03-30,962.74161171
2021-03-31,5953.1787074
2021-04-01,1778.3100026
2021-04-02,2024.66064757
2021-04-03,5434.31818516
2021-04-04,2369.20499983
2021-04-05,1558.80708748
2021-04-06,1867.96039452
2021-04-07,7592.71406831
2021-04-08,486.77330768
2021-04-09,623.65576103
2021-04-10,3447.62158338
2021-04-11,726.38382131
2021-04-12,1471.65839892
2021-04-13,849.07075092
2021-04-14,5571.31700124
2021-04-15,754.70332516
2021-04-16,5373.94135156
2021-04-17,3078.25447504
2021-04-18,40729.40530453
2021-04-19,2906.98485308
2021-04-20,2805.66785424
2021-04-21,3202.68488526
2021-04-22,8959.4234179
2021-04-23,12602.89529079
2021-04-24,2351.64036371
2021-04-25,5221.9658121
2021-04-26,1503.65109675
2021-04-27,530.37436991
2021-04-28,1235.95757595
2021-04-29,1938.24383668
2021-04-30,483.76090514
2021-05-01,1202.60926222
2021-05-02,954.97917149
2021-05-03,1529.26074511
2021-05-04,5563.03744133
2021-05-05,626.93956987
2021-05-06,1540.45701496
2021-05-07,816.11930357
2021-05-08,825.74660671
2021-05-09,1572.51745448
2021-05-10,4122.01337106
2021-05-11,813.80314623
2021-05-12,10939.7006558
2021-05-13,6344.02903226
2021-05-14,986.5472735
2021-05-15,3122.78992936
2021-05-16,6575.57238037
2021-05-17,6700.57865881
2021-05-18,2243.0899791
2021-05-19,50377.39156818
2021-05-20,3380.15693432
2021-05-21,6698.65489881
2021-05-22,1416.69444887
2021-05-23,6230.79876722
2021-05-24,1593.74099464
2021-05-25,1491.23572493
2021-05-26,1365.10772265
2021-05-27,1515.73312539
2021-05-28,5017.15105195
2021-05-29,2816.70151658
2021-05-30,1320.11281843
2021-05-31,1188.56458777
2021-06-01,1443.40802128
2021-06-02,499.91644695
2021-06-03,630.28427784
2021-06-04,4224.73658227
2021-06-05,3055.40072941
2021-06-06,859.10102559
2021-06-07,4713.22829746
2021-06-08,5964.31380577
2021-06-09,1685.06969582
2021-06-10,2287.31302622
2021-06-11,1582.90853678
2021-06-12,3387.27715932
2021-06-13,982.40898684
2021-06-14,1748.7860913
2021-06-15,1589.46921784
2021-06-16,3613.90557433
2021-06-17,2630.10895056
2021-06-18,6101.10645418
2021-06-19,1740.06665028
2021-06-20,4644.42654348
2021-06-21,7975.37836464
2021-06-22,7425.53752921
2021-06-23,2141.03879119
2021-06-24,1370.39260508
2021-06-25,5380.38925915
2021-06-26,3349.87945463
2021-06-27,1375.36616406
2021-06-28,1341.80925769
2021-06-29,819.73748487
2021-06-30,2662.9178555
2021-07-01,3794.38038957
2021-07-02,1142.50190751
2021-07-03,804.90230514
2021-07-04,507.3002914
2021-07-05,3920.65112381
2021-07-06,1349.00758786
2021-07-07,1177.82991251
2021-07-08,3250.25480369
2021-07-09,498.35836029
2021-07-10,850.32020439
2021-07-11,197.05458367
2021-07-12,2296.06792657
2021-07-13,1651.63592731
2021-07-14,2084.07851086
2021-07-15,3627.03990079
2021-07-16,1338.78649123
2021-07-17,499.13715308
2021-07-18,695.96520943
2021-07-19,2473.63279978
2021-07-20,4561.49043674
2021-07-21,707.64004277
2021-07-22,524.952096
2021-07-23,551.51339664
2021-07-24,531.0387657
2021-07-25,663.9928922
2021-07-26,4827.25079492
2021-07-27,1676.20810504
2021-07-28,1914.03552103
2021-07-29,753.11554378
2021-07-30,1376.92087755
2021-07-31,774.13891035
2021-08-01,3045.33906063
2021-08-02,2091.36637968
2021-08-03,3499.64786179
2021-08-04,648.75757946
2021-08-05,2387.64681333
2021-08-06,977.27112635
2021-08-07,1411.93620061
2021-08-08,1395.40117588
2021-08-09,1099.96491554
2021-08-10,966.3720487
2021-08-11,586.58612534
2021-08-12,2491.44702565
2021-08-13,192.14598035
2021-08-14,1215.09837381
2021-08-15,1292.56097209
2021-08-16,1381.03047347
2021-08-17,3035.85330965
2021-08-18,1205.72469789
2021-08-19,888.81915341
2021-08-20,489.28952173
2021-08-21,766.50576855
2021-08-22,945.50707889
2021-08-23,862.66671398
2021-08-24,2699.85944858
2021-08-25,1157.20613223
2021-08-26,2994.63419111
2021-08-27,663.86650811
2021-08-28,700.53985933
2021-08-29,1296.81314753
2021-08-30,2668.03304382
2021-08-31,1417.01028026
2021-09-01,681.69850233
2021-09-02,825.64518009
2021-09-03,1488.83187631
2021-09-04,820.64859767
2021-09-05,293.61650657
2021-09-06,427.80090359
2021-09-07,11780.42553422
2021-09-08,1940.3754489
2021-09-09,687.39418242
2021-09-10,2515.76587076
2021-09-11,473.11008972
2021-09-12,751.92594053
2021-09-13,2293.6569782
2021-09-14,370.21636314
2021-09-15,223.3615257
2021-09-16,1167.52245596
2021-09-17,859.44270553
2021-09-18,303.63264097
2021-09-19,1069.43363921
2021-09-20,8664.64633013
2021-09-21,8153.06535217
2021-09-22,448.71147121
2021-09-23,429.05407672
2021-09-24,3837.58351684
2021-09-25,496.42562359
2021-09-26,1468.30792539
2021-09-27,955.75403373
2021-09-28,1102.15503135
2021-09-29,406.73660639
2021-09-30,343.34543354
2021-10-01,1196.5310475
2021-10-02,307.03959341
2021-10-03,433.12715952
2021-10-04,503.01118995
2021-10-05,217.39286048
2021-10-06,673.63247255
2021-10-07,684.02516624
2021-10-08,321.54671907
2021-10-09,181.14755604
2021-10-10,504.89149853
2021-10-11,245.21055214
2021-10-12,1315.85176403
2021-10-13,699.04746278
2021-10-14,550.49000389
2021-10-15,597.43799822
2021-10-16,428.6890707
2021-10-17,702.42662851
2021-10-18,654.41693073
2021-10-19,367.70298255
2021-10-20,714.65235794
2021-10-21,2283.25494148
2021-10-22,1232.73949795
2021-10-23,427.90194628
2021-10-24,655.87982732
2021-10-25,246.30150016
2021-10-26,1190.68764863
2021-10-27,1609.92755559
2021-10-28,756.2094459
2021-10-29,256.65340409
2021-10-30,351.18862947
2021-10-31,478.86132757
2021-11-01,545.49320878
2021-11-02,983.69338859
2021-11-03,639.18554679
2021-11-04,450.52303848
2021-11-05,198.76297171
2021-11-06,427.2126572
2021-11-07,141.37153217
2021-11-08,517.51630234
2021-11-09,697.87607245
2021-11-10,1863.13235904
2021-11-11,306.43599136
2021-11-12,947.73943362
2021-11-13,226.79419983
2021-11-14,216.70159684
2021-11-15,749.12899048
2021-11-16,3538.02886402
2021-11-17,873.1480991
2021-11-18,2817.21134945
2021-11-19,1028.53728861
2021-11-20,194.94080952
2021-11-21,512.94081421
2021-11-22,1699.19185998
2021-11-23,725.30802791
2021-11-24,923.69635504
2021-11-25,338.45362266
2021-11-26,3052.53762088
2021-11-27,270.78278764
2021-11-28,727.48779077
2021-11-29,435.16440233
2021-11-30,1210.75388473
2021-12-01,753.11866412
2021-12-02,643.28884014
2021-12-03,3569.17457392
2021-12-04,6793.4314122
2021-12-05,835.19837185
2021-12-06,880.34987658
2021-12-07,509.52681417
2021-12-08,749.99906708
2021-12-09,1339.81066967
2021-12-10,863.01505005
2021-12-11,303.7547051
2021-12-12,287.43618412
2021-12-13,1869.18578837
2021-12-14,370.25654758
2021-12-15,797.55931665
2021-12-16,451.53285346
2021-12-17,1552.69176264
2021-12-18,260.20008518
2021-12-19,482.65887956
2021-12-20,640.19010965
2021-12-21,152.23827852
2021-12-22,245.80217754
2021-12-23,355.56686407
2021-12-24,370.32253563
2021-12-25,275.27416383
2021-12-26,602.08097403
2021-12-27,290.49248234
2021-12-28,2833.9848189
2021-12-29,1945.25131516
2021-12-30,402.08612262
2021-12-31,1169.75934114
2022-01-01,176.55827603
2022-01-02,398.07156302
2022-01-03,728.36604921
2022-01-04,1098.89700212
2022-01-05,4550.47338805
2022-01-06,1227.25589202
2022-01-07,3155.66780676
2022-01-08,940.82836546
2022-01-09,338.15104647
2022-01-10,1837.42144636
2022-01-11,446.30342487
2022-01-12,158.89011869
2022-01-13,604.52433871
2022-01-14,454.21539826
2022-01-15,187.38691269
2022-01-16,269.75015861
2022-01-17,920.93229753
2022-01-18,597.33774751
2022-01-19,783.07024957
2022-01-20,1415.76629138
2022-01-21,7683.61950978
2022-01-22,3564.40008606
2022-01-23,667.66926763
2022-01-24,2457.01728538
2022-01-25,557.85324636
2022-01-26,1082.52467769
2022-01-27,1000.3583398
2022-01-28,401.14773932
2022-01-29,370.844286
2022-01-30,287.57345332
2022-01-31,414.08641648
2022-02-01,373.0593034
2022-02-02,1229.17617998
2022-02-03,453.41413932
2022-02-04,274.10823965
2022-02-05,305.93636806
2022-02-06,345.9519827
2022-02-07,405.82624581
2022-02-08,994.25324069
2022-02-09,508.83903201
2022-02-10,1051.86987053
2022-02-11,1123.89326388
2022-02-12,476.96864647
2022-02-13,193.17371979
2022-02-14,376.18587074
2022-02-15,84.47609303
2022-02-16,477.97760959
2022-02-17,2740.43843258
2022-02-18,1155.0912965
2022-02-19,214.81256519
2022-02-20,1942.95033073
2022-02-21,2090.85292047
2022-02-22,755.58523664
2022-02-23,941.57804866
2022-02-24,3232.61772016
2022-02-25,547.52013471
2022-02-26,450.5091494
2022-02-27,1443.14457773
2022-02-28,524.65917224
2022-03-01,853.02651954
2022-03-02,715.32370257
2022-03-03,1144.10285796
2022-03-04,2996.26566713
2022-03-05,140.27369253
2022-03-06,1071.11241566
2022-03-07,1428.79787625
2022-03-08,572.91902851
2022-03-09,322.92526924
2022-03-10,1771.33513108
2022-03-11,906.5147336
2022-03-12,135.17431884
2022-03-13,1120.63291997
2022-03-14,546.60056117
2022-03-15,501.67938087
2022-03-16,1010.93547565
2022-03-17,241.50498195
2022-03-18,259.15922138
2022-03-19,115.23710649
2022-03-20,535.73356584
2022-03-21,811.05216249
2022-03-22,455.07987195
2022-03-23,297.10998853
2022-03-24,312.90913333
2022-03-25,422.14556996
2022-03-26,82.12245703
2022-03-27,553.13194758
2022-03-28,851.1809222
2022-03-29,489.89413528
2022-03-30,543.52402056
2022-03-31,1375.92841133
2022-04-01,1281.49200114
2022-04-02,561.62370804
2022-04-03,204.43591543
2022-04-04,736.07547122
2022-04-05,514.09176679
2022-04-06,2411.17672746
2022-04-07,415.66054979
2022-04-08,1100.03805606
2022-04-09,93.90421852
2022-04-10,445.80216836
2022-04-11,3530.24786774
2022-04-12,564.70703031
2022-04-13,537.28519261
2022-04-14,644.36563493
2022-04-15,156.33041136
2022-04-16,145.719691
2022-04-17,670.14723749
2022-04-18,898.74592441
2022-04-19,110.18961338
2022-04-20,402.09940819
2022-04-21,1554.94415832
2022-04-22,799.40888137
2022-04-23,215.18493096
2022-04-24,523.93967888
2022-04-25,1216.31410402
2022-04-26,2398.68908668
2022-04-27,520.50840109
2022-04-28,476.13743154
2022-04-29,1421.28546376
2022-04-30,978.8773831
2022-05-01,344.00299747
2022-05-02,399.43019838
2022-05-03,684.46253177
2022-05-04,256.89724639
2022-05-05,2950.39407814
2022-05-06,1415.3604811
2022-05-07,794.70329359
2022-05-08,2403.55642494
2022-05-09,7116.13335227
2022-05-10,2380.18564957
2022-05-11,5132.58222976
2022-05-12,4840.10842479
2022-05-13,1331.80831877
2022-05-14,749.03154768
2022-05-15,461.88525576
2022-05-16,1566.13132444
2022-05-17,730.70021846
2022-05-18,1342.35916355
2022-05-19,438.99736379
2022-05-20,1382.27789233
2022-05-21,174.60603377
2022-05-22,292.74336177
2022-05-23,1790.69725365
2022-05-24,824.14085236
2022-05-25,517.01391751
2022-05-26,1596.35735583
2022-05-27,1543.03345408
2022-05-28,72.2584321
2022-05-29,118.35606861
2022-05-30,503.62743342
2022-05-31,583.97363181
2022-06-01,3311.88248696
2022-06-02,410.31081651
2022-06-03,908.2708508
2022-06-04,155.271353
2022-06-05,171.94711475
2022-06-06,282.07365283
2022-06-07,1962.38944716
2022-06-08,1020.89679676
2022-06-09,372.42789403
2022-06-10,1236.27865104
2022-06-11,1590.0206791
2022-06-12,2862.34116016
2022-06-13,13453.12400796
2022-06-14,5574.56339012
2022-06-15,4295.85260655
2022-06-16,2465.79082296
2022-06-17,1057.63905196
2022-06-18,5860.82503063
2022-06-19,1869.09712412
2022-06-20,1434.21386366
2022-06-21,938.91164757
2022-06-22,1910.05398686
2022-06-23,478.89056572
2022-06-24,849.11290115
2022-06-25,688.53632026
2022-06-26,545.34445033
2022-06-27,1311.33228576
2022-06-28,1270.03204737
2022-06-29,1309.19068703
2022-06-30,3465.88205569
2022-07-01,1183.65537758
2022-07-02,453.33027042
2022-07-03,878.252024
2022-07-04,327.57222091
2022-07-05,1222.34666948
2022-07-06,657.9348619
2022-07-07,631.24088613
2022-07-08,1349.50073691
2022-07-09,455.10136568
2022-07-10,1380.62189253
2022-07-11,1805.95340693
2022-07-12,2032.47806491
2022-07-13,1516.60625599
2022-07-14,616.54184212
2022-07-15,545.46962991
2022-07-16,924.14792026
2022-07-17,773.69534156
2022-07-18,2131.73603404
2022-07-19,3650.74271468
2022-07-20,2960.9056371
2022-07-21,1488.83324602
2022-07-22,1087.63707012
2022-07-23,990.14585723
2022-07-24,387.1577164
2022-07-25,2187.7952906
2022-07-26,1291.6448817
2022-07-27,1095.35817029
2022-07-28,1437.55376216
2022-07-29,827.21747762
2022-07-30,1166.51461774
2022-07-31,580.671898
2022-08-01,776.49463494
2022-08-02,791.88405732
2022-08-03,696.76392667
2022-08-04,739.72085766
2022-08-05,412.63308787
2022-08-06,130.47350166
2022-08-07,101.50575847
2022-08-08,463.84140276
2022-08-09,1539.2551974
2022-08-10,1602.53771106
2022-08-11,3189.99407216
2022-08-12,814.61538089
2022-08-13,745.42426153
2022-08-14,919.14958012
2022-08-15,1686.85406049
2022-08-16,647.87657093
2022-08-17,1370.36958525
2022-08-18,539.7177826
2022-08-19,4847.14625111
2022-08-20,719.74046865
2022-08-21,273.46602475
2022-08-22,600.3129619
2022-08-23,452.27312026
2022-08-24,424.23412419
2022-08-25,201.37728435
2022-08-26,3189.94568328
2022-08-27,1117.55577414
2022-08-28,788.1969052
2022-08-29,162.62714548
2022-08-30,1879.64351855
2022-08-31,699.31672029
2022-09-01,1032.38160256
2022-09-02,970.61929757
2022-09-03,286.2950108
2022-09-04,191.54015415
2022-09-05,412.80959305
2022-09-06,3588.97480412
2022-09-07,805.13784132
2022-09-08,909.96619303
2022-09-09,1333.73531912
2022-09-10,779.97424948
2022-09-11,907.57726831
2022-09-12,1319.35438383
2022-09-13,4828.78315765
2022-09-14,1714.23410791
2022-09-15,1373.35846799
2022-09-16,909.04776418
2022-09-17,179.40913844
2022-09-18,1529.92752951
2022-09-19,4087.0067229
2022-09-20,1338.96317392
2022-09-21,2730.07269893
2022-09-22,460.80972256
2022-09-23,1093.7323793
2022-09-24,390.4017988
2022-09-25,597.9304829
2022-09-26,361.50606217
2022-09-27,1651.52628426
2022-09-28,1274.30944317
2022-09-29,993.36333486
2022-09-30,1007.69378865
2022-10-01,149.53249446
2022-10-02,577.75334513
2022-10-03,219.68871245
2022-10-04,385.56889979
2022-10-05,425.44195312
2022-10-06,335.79221475
2022-10-07,1156.49121364
2022-10-08,293.80538576
2022-10-09,74.53467734
2022-10-10,1084.6884915
2022-10-11,796.65485634
2022-10-12,119.20802622
2022-10-13,2378.20555788
2022-10-14,1151.62085112
2022-10-15,365.90602064
2022-10-16,116.7963555
2022-10-17,148.52277084
2022-10-18,801.12432262
2022-10-19,268.25912276
2022-10-20,682.95470453
2022-10-21,858.37923177
2022-10-22,36.46114455
2022-10-23,74.50457886
2022-10-24,284.41605221
2022-10-25,1916.60748717
2022-10-26,3097.27076492
2022-10-27,739.5354382
2022-10-28,431.31610962
2022-10-29,1052.32631479
2022-10-30,239.07334752
2022-10-31,685.75382484
2022-11-01,198.76768461
2022-11-02,985.72684186
2022-11-03,322.14051831
2022-11-04,302.47269753
2022-11-05,144.57475574
2022-11-06,661.159355
2022-11-07,1088.76896262
2022-11-08,10598.52180959
2022-11-09,7759.2772578
2022-11-10,2348.57591448
2022-11-11,1807.03162067
2022-11-12,262.61963457
2022-11-13,754.20434149
2022-11-14,1567.64668673
2022-11-15,570.02193733
2022-11-16,488.2402478
2022-11-17,283.92224585
2022-11-18,220.77650123
2022-11-19,94.39739561
2022-11-20,911.275754
2022-11-21,1622.75731377
2022-11-22,338.76629007
2022-11-23,315.13852713
2022-11-24,174.75696227
2022-11-25,366.52577161
2022-11-26,217.59934222
2022-11-27,70.13163238
2022-11-28,892.22690413
2022-11-29,125.90091704
2022-11-30,284.48653076
2022-12-01,307.17397961
2022-12-02,379.55482709
2022-12-03,229.48724985
2022-12-04,54.60653771
2022-12-05,517.14597807
2022-12-06,154.66031407
2022-12-07,564.09145477
2022-12-08,91.16216348
2022-12-09,160.80596245
2022-12-10,20.64653042
2022-12-11,109.43951683
2022-12-12,319.39401433
2022-12-13,227.16228477
2022-12-14,635.11306941
2022-12-15,869.56989898
2022-12-16,2116.36206088
2022-12-17,58.80124569
2022-12-18,63.22931046
2022-12-19,1022.14044116
2022-12-20,101.40110878
2022-12-21,152.05653605
2022-12-22,317.07743981
2022-12-23,79.09286984
2022-12-24,1.63705887
2022-12-25,69.91107634
2022-12-26,17.74048534
2022-12-27,368.73168368
2022-12-28,678.39239881
2022-12-29,112.36066337
2022-12-30,377.82831276
2022-12-31,214.75858246
2023-01-01,2.59605987
2023-01-02,80.91759881
2023-01-03,115.4590115
2023-01-04,109.97409356
2023-01-05,16.49578004
2023-01-06,162.73089517
2023-01-07,1.36
2023-01-08,61.5794136
2023-01-09,143.49507699
2023-01-10,27.99649256
2023-01-11,29.993
2023-01-12,1075.05864912
2023-01-13,421.10025016
2023-01-14,1653.83965648
2023-01-15,376.7578107
2023-01-16,826.08116549
2023-01-17,571.63539825
2023-01-18,2153.94550155
2023-01-19,131.99102114
2023-01-20,281.32312519
2023-01-21,996.48158274
2023-01-22,776.69629084
2023-01-23,598.6894351
2023-01-24,1296.54463372
2023-01-25,1091.70798486
2023-01-26,417.33446509
2023-01-27,731.11637339
2023-01-28,193.22873223
2023-01-29,178.82303126
2023-01-30,1902.87676778
2023-01-31,192.97114861
2023-02-01,308.17435636
2023-02-02,741.0394355
2023-02-03,516.51259317
2023-02-04,128.65335462
2023-02-05,641.15892656
2023-02-06,665.09332155
2023-02-07,243.35698256
2023-02-08,581.85204676
2023-02-09,2524.0895367
2023-02-10,622.09414039
2023-02-11,11.61626795
2023-02-12,358.60247514
2023-02-13,865.1320419
2023-02-14,389.17215803
2023-02-15,203.94917156
2023-02-16,1742.01630389
2023-02-17,931.70298863
2023-02-18,124.92551772
2023-02-19,592.46120549
2023-02-20,927.98013956
2023-02-21,1150.92612031
2023-02-22,1579.36778203
2023-02-23,1030.36559658
2023-02-24,2208.30876657
2023-02-25,394.82419205
2023-02-26,148.26658789
2023-02-27,697.49915205
2023-02-28,669.03240368
2023-03-01,523.08136639
2023-03-02,419.89204158
2023-03-03,2196.75374768
2023-03-04,148.99953863
2023-03-05,121.9248439
2023-03-06,249.80077982
2023-03-07,715.52705637
2023-03-08,1025.96175834
2023-03-09,100.92948391
2023-03-10,1106.49138247
2023-03-11,789.36913597
2023-03-12,405.91618923
2023-03-13,1141.81478727
2023-03-14,2314.67840544
2023-03-15,1541.31287887
2023-03-16,571.70008393
2023-03-17,1108.16576019
2023-03-18,1049.80643497
2023-03-19,493.55328474
2023-03-20,1319.65509271
2023-03-21,607.72925682
2023-03-22,2458.52203898
2023-03-23,770.84851874
2023-03-24,1518.6605408
2023-03-25,334.31236252
2023-03-26,161.57303694
2023-03-27,1373.62182397
2023-03-28,534.79024103
2023-03-29,267.9840301
2023-03-30,865.64983072
2023-03-31,484.72163506
2023-04-01,216.81975356
2023-04-02,548.86254346
2023-04-03,1426.92425512
2023-04-04,325.24723893
2023-04-05,534.40667666
2023-04-06,285.72091707
2023-04-07,119.57209826
2023-04-08,81.63412667
2023-04-09,161.42784744
2023-04-10,157.97284995
2023-04-11,557.19502585
2023-04-12,664.64304996
2023-04-13,218.31203677
2023-04-14,828.30202809
2023-04-15,79.01253847
2023-04-16,132.76009129
2023-04-17,1152.7948069
2023-04-18,543.76261416
2023-04-19,1557.93734609
2023-04-20,1597.85455637
2023-04-21,1837.66585371
2023-04-22,143.07658755
2023-04-23,305.32984767
2023-04-24,806.00021458
2023-04-25,268.75616684
2023-04-26,2434.71124356
2023-04-27,767.10339527
2023-04-28,438.46673743
2023-04-29,146.57585908
2023-04-30,511.13067323
2023-05-01,1876.20212931
2023-05-02,225.91411852
2023-05-03,608.17947303
2023-05-04,349.25727569
2023-05-05,314.19619211
2023-05-06,700.7877296
2023-05-07,361.3865777
2023-05-08,1606.84847371
2023-05-09,273.70400546
2023-05-10,1727.34548758
2023-05-11,972.83760822
2023-05-12,1445.80859399
2023-05-13,120.22599157
2023-05-14,178.23311988
2023-05-15,229.97707937
2023-05-16,389.21835056
2023-05-17,356.33756577
2023-05-18,1025.27165161
2023-05-19,221.81045751
2023-05-20,47.79499883
2023-05-21,234.83966576
2023-05-22,282.77737183
2023-05-23,145.18581222
2023-05-24,1105.47792333
2023-05-25,447.24132262
2023-05-26,113.21766443
2023-05-27,52.40564414
2023-05-28,117.15448257
2023-05-29,556.17014173
2023-05-30,291.90497752
2023-05-31,699.27207078
2023-06-01,621.9564954
2023-06-02,310.78480192
2023-06-03,168.23242657
2023-06-04,108.54516627
2023-06-05,3332.9997593
2023-06-06,484.10367203
2023-06-07,1150.71603992
2023-06-08,233.56726615
2023-06-09,176.85746232
2023-06-10,1402.77099724
2023-06-11,134.70819707
2023-06-12,379.82739357
2023-06-13,404.25447337
2023-06-14,997.18546506
2023-06-15,347.32301166
2023-06-16,254.08449368
2023-06-17,129.26317061
2023-06-18,195.8958786
2023-06-19,342.00888463
2023-06-20,470.33594717
2023-06-21,806.49335597
2023-06-22,796.24848996
2023-06-23,632.57352279
2023-06-24,371.03663802
2023-06-25,306.21556882
2023-06-26,647.90297431
2023-06-27,311.20830281
2023-06-28,762.14523189
2023-06-29,170.92237228
2023-06-30,1060.7489752
2023-07-01,20.64284278
2023-07-02,176.97643469
2023-07-03,109.13316921
2023-07-04,333.27645598
2023-07-05,438.65380945
2023-07-06,1136.86006193
2023-07-07,369.16855073
2023-07-08,85.6595461
2023-07-09,141.17584434
2023-07-10,368.81933794
2023-07-11,143.25594237
2023-07-12,396.47000162
2023-07-13,398.51317383
2023-07-14,1375.54660409
2023-07-15,22.72579443
2023-07-16,176.78327941
2023-07-17,947.96970369
2023-07-18,478.59749292
2023-07-19,164.38578168
2023-07-20,484.15249839
2023-07-21,95.03799207
2023-07-22,145.70319292
2023-07-23,144.11230576
2023-07-24,853.09661935
2023-07-25,38.20056677
2023-07-26,177.50841321
2023-07-27,334.52929095
2023-07-28,104.47975765
2023-07-29,15.12841962
2023-07-30,179.96466174
2023-07-31,113.56145932
2023-08-01,550.29102526
2023-08-02,659.47800598
2023-08-03,179.91799234
2023-08-04,279.83735593
2023-08-05,86.47948904
2023-08-06,38.54627073
2023-08-07,412.05749458
2023-08-08,157.74331954
2023-08-09,444.76910745
2023-08-10,154.55612134
2023-08-11,84.98258871
2023-08-12,7.504
2023-08-13,122.19925935
2023-08-14,477.19808898
2023-08-15,279.91502255
2023-08-16,874.98474342
2023-08-17,5694.44893357
2023-08-18,1085.91525064
2023-08-19,218.25469528
2023-08-20,65.89184989
2023-08-21,372.10525291
2023-08-22,650.34767165
2023-08-23,351.23822522
2023-08-24,489.66210786
2023-08-25,429.58728982
2023-08-26,5.93110742
2023-08-27,20.52762418
2023-08-28,226.33406511
2023-08-29,680.44351892
2023-08-30,579.30958056
2023-08-31,1452.44467908
2023-09-01,862.41691367
2023-09-02,41.63789943
2023-09-03,137.87821811
2023-09-04,502.56279865
2023-09-05,138.70416576
2023-09-06,339.56184043
2023-09-07,114.73544625
2023-09-08,352.30026242
2023-09-09,6.29463947
2023-09-10,290.27404552
2023-09-11,2671.27179312
2023-09-12,498.2135494
2023-09-13,164.0918023
2023-09-14,176.19345482
2023-09-15,377.65459304
2023-09-16,131.74498153
2023-09-17,154.56545667
2023-09-18,456.12816652
2023-09-19,633.17295852
2023-09-20,460.7453845
2023-09-21,567.99994302
2023-09-22,74.56000311
2023-09-23,5.50102227
2023-09-24,748.70134591
2023-09-25,362.20059831
2023-09-26,116.98627595
2023-09-27,258.16688103
2023-09-28,148.55201024
2023-09-29,141.14222721
2023-09-30,14.79917464
2023-10-01,94.37037174
2023-10-02,948.97929669
2023-10-03,278.80800574
2023-10-04,146.83239999
2023-10-05,367.57948192
2023-10-06,354.28440143
2023-10-07,27.24929421
2023-10-08,253.59482731
2023-10-09,506.42289064
2023-10-10,298.49591939
2023-10-11,740.71444077
2023-10-12,243.40399604
2023-10-13,228.14918361
2023-10-14,9.45856672
2023-10-15,68.28109782
2023-10-16,872.86986506
2023-10-17,246.79051572
2023-10-18,72.68481355
2023-10-19,62.04235781
2023-10-20,96.36659485
2023-10-21,61.62331855
2023-10-22,50.43328866
2023-10-23,226.0908579
2023-10-24,293.7034223
2023-10-25,429.01676007
2023-10-26,688.18205321
2023-10-27,704.85767173
2023-10-28,136.65363165
2023-10-29,114.59119688
2023-10-30,435.1873153
2023-10-31,318.83231135
2023-11-01,345.30501953
2023-11-02,775.26354033
2023-11-03,580.41215508
2023-11-04,34.8589479
2023-11-05,493.03668061
2023-11-06,157.09924884
2023-11-07,437.5365656
2023-11-08,194.47030229
2023-11-09,815.105136
2023-11-10,213.47305919
2023-11-11,210.98715807
2023-11-12,163.07841405
2023-11-13,481.3829824
2023-11-14,2572.11486646
2023-11-15,236.99206266
2023-11-16,1144.46695484
2023-11-17,422.01364188
2023-11-18,112.50041932
2023-11-19,54.30791558
2023-11-20,314.97649326
2023-11-21,978.77993962
2023-11-22,210.34240319
2023-11-23,131.70235573
2023-11-24,196.28958297
2023-11-25,16.9542201
2023-11-26,181.48885213
2023-11-27,261.10760467
2023-11-28,136.8580854
2023-11-29,248.62536095
2023-11-30,113.97539199
2023-12-01,135.2129735
2023-12-02,74.52904995
2023-12-03,209.5269769
2023-12-04,471.78960716
2023-12-05,497.99437704
2023-12-06,534.577666
2023-12-07,597.52866013
2023-12-08,151.62654946
2023-12-09,366.17981161
2023-12-10,90.0113791
2023-12-11,1995.83899023
2023-12-12,473.98970652
2023-12-13,318.98480325
2023-12-14,481.54125024
2023-12-15,421.60724324
2023-12-16,177.07146736
2023-12-17,797.83931325
2023-12-18,890.81971978
2023-12-19,460.51086051
2023-12-20,331.25493868
2023-12-21,245.35285897
2023-12-22,367.24904183
2023-12-23,118.75894477
2023-12-24,579.48999746
2023-12-25,146.42201919
2023-12-26,740.98847299
2023-12-27,179.07685517
2023-12-28,504.53940519
2023-12-29,816.79564318
2023-12-30,261.34934942
2023-12-31,234.85772306
2024-01-01,83.93446741
2024-01-02,488.30385538
2024-01-03,1735.30202069
2024-01-04,200.04136969
2024-01-05,578.38282396
2024-01-06,181.18357345
2024-01-07,253.2669752
2024-01-08,384.78765403
2024-01-09,942.29065062
2024-01-10,1197.27025522
2024-01-11,967.0764069
2024-01-12,2264.095616
2024-01-13,192.19232769
2024-01-14,479.08291799
2024-01-15,226.05702559
2024-01-16,239.95395674
2024-01-17,426.28028272
2024-01-18,1546.08131752
2024-01-19,702.19408072
2024-01-20,30.04749648
2024-01-21,66.09412748
2024-01-22,1096.02487501
2024-01-23,1060.1587563
2024-01-24,289.98572799
2024-01-25,143.75515465
2024-01-26,92.94003333
2024-01-27,94.50204623
2024-01-28,219.60799346
2024-01-29,119.23251871
2024-01-30,267.93869024
2024-01-31,497.27897877
2024-02-01,513.62568317
2024-02-02,199.79436831
2024-02-03,47.17206694
2024-02-04,191.83688137
2024-02-05,297.68791059
2024-02-06,177.34889366
2024-02-07,72.72215357
2024-02-08,73.53856892
2024-02-09,289.2600704
2024-02-10,155.28575951
2024-02-11,142.57226753
2024-02-12,406.57227326
2024-02-13,378.15229627
2024-02-14,227.52691813
2024-02-15,404.64305977
2024-02-16,118.83227274
2024-02-17,403.9986448
2024-02-18,81.00745788
2024-02-19,216.89902928
2024-02-20,615.1146017
2024-02-21,328.88704619
2024-02-22,161.94745381
2024-02-23,253.31384845
2024-02-24,16.99429615
2024-02-25,65.12218147
2024-02-26,180.55856146
2024-02-27,672.51551759
2024-02-28,848.99688317
2024-02-29,922.66370131
2024-03-01,200.80294253
2024-03-02,142.32815145
2024-03-03,128.82733163
2024-03-04,368.93816337
2024-03-05,2320.87210197
2024-03-06,683.24528514
2024-03-07,167.74274643
2024-03-08,618.42144889
2024-03-09,53.96158598
2024-03-10,194.03466718
2024-03-11,484.1150633
2024-03-12,635.86575751
2024-03-13,240.67270563
2024-03-14,1293.77450923
2024-03-15,2098.54469014
2024-03-16,1645.16889385
2024-03-17,500.28366215
2024-03-18,822.90941762
2024-03-19,2616.96760944
2024-03-20,1066.32923326
2024-03-21,579.01279297
2024-03-22,818.54234754
2024-03-23,231.71705203
2024-03-24,157.40278407
2024-03-25,298.80708747
2024-03-26,489.00534175
2024-03-27,448.69324228
2024-03-28,130.83702244
2024-03-29,293.1080014
2024-03-30,63.76807149
2024-03-31,23.95845913
2024-04-01,544.40209667
2024-04-02,1282.45846462
2024-04-03,420.70825534
2024-04-04,603.28813883
2024-04-05,404.75190872
2024-04-06,46.15400557
2024-04-07,145.29028797
2024-04-08,266.04930029
2024-04-09,756.93778496
2024-04-10,446.36843768
2024-04-11,255.1874872
2024-04-12,1416.36713678
2024-04-13,2020.63431739
2024-04-14,630.67256028
2024-04-15,794.48474224
2024-04-16,578.23489525
2024-04-17,1035.38094322
2024-04-18,305.79798945
2024-04-19,950.99424865
2024-04-20,126.5707839
2024-04-21,125.93483616
2024-04-22,134.6195211
2024-04-23,178.515235
2024-04-24,648.18689469
2024-04-25,479.04884397
2024-04-26,205.70217231
2024-04-27,821.88536643
2024-04-28,120.39102704
2024-04-29,267.42991949
2024-04-30,1543.52002304
2024-05-01,2154.0456196
2024-05-02,322.08094971
2024-05-03,163.21243579
2024-05-04,107.96323445
2024-05-05,222.73737667
2024-05-06,422.53888324
2024-05-07,426.30390079
2024-05-08,421.07650096
2024-05-09,130.6736665
2024-05-10,622.89949858
2024-05-11,56.52363067
2024-05-12,91.51858621
2024-05-13,200.12309814
2024-05-14,496.55952757
2024-05-15,119.37000871
2024-05-16,298.43991361
2024-05-17,164.22865038
2024-05-18,47.2971195
2024-05-19,157.33012789
2024-05-20,173.9765257
2024-05-21,299.06572504
2024-05-22,223.37554819
2024-05-23,728.24070394
2024-05-24,116.97530792
2024-05-25,23.27569064
2024-05-26,66.78816251
2024-05-27,107.18098463
2024-05-28,311.13109818
2024-05-29,223.31806487
2024-05-30,178.89716704
2024-05-31,289.52237839
2024-06-01,7.3304
2024-06-02,140.25381605
2024-06-03,140.54736541
2024-06-04,100.29123403
2024-06-05,112.30742276
2024-06-06,197.0967293
2024-06-07,579.98100977
2024-06-08,22.84803339
2024-06-09,16.85074575
2024-06-10,133.63379749
2024-06-11,695.41130119
2024-06-12,384.5011802
2024-06-13,609.11209706
2024-06-14,440.35413266
2024-06-15,20.24608999
2024-06-16,20.72192491
2024-06-17,174.60636817
2024-06-18,398.10166865
2024-06-19,56.48291566
2024-06-20,137.99788316
2024-06-21,229.51985767
2024-06-22,3.45232878
2024-06-23,143.51456464
2024-06-24,1663.64028825
2024-06-25,173.05390018
2024-06-26,117.72505628
2024-06-27,57.05652168
2024-06-28,266.33676129
2024-06-29,4.92861453
2024-06-30,47.01792123
2024-07-01,104.91926431
2024-07-02,172.74844634
2024-07-03,716.79422638
2024-07-04,2307.6787806
2024-07-05,1126.625105
2024-07-06,84.64224147
2024-07-07,480.80022534
2024-07-08,1127.44181003
2024-07-09,210.2404742
2024-07-10,332.2267108
2024-07-11,332.15605064
2024-07-12,434.34904875
2024-07-13,39.61379865
2024-07-14,97.51484215
2024-07-15,160.81532384
2024-07-16,478.5527844
2024-07-17,403.2033835
2024-07-18,396.29427064
2024-07-19,217.10731757
2024-07-20,245.93269803
2024-07-21,394.16610671
2024-07-22,219.10239246
2024-07-23,383.59115729
2024-07-24,350.31540007
2024-07-25,1085.62420426
2024-07-26,97.58762314
2024-07-27,603.96754028
2024-07-28,155.23200355
2024-07-29,792.35778479
2024-07-30,435.18974944
2024-07-31,424.95081101
2024-08-01,1036.27482188
2024-08-02,1194.34910143
2024-08-03,685.17259662
2024-08-04,1813.63628992
2024-08-05,4363.58475588
2024-08-06,667.9732504
2024-08-07,525.14733966
2024-08-08,325.734396
2024-08-09,412.50275692
2024-08-10,77.72201137
2024-08-11,561.56316034
2024-08-12,592.12794011
2024-08-13,201.30886813
2024-08-14,598.36681158
2024-08-15,1088.75543216
2024-08-16,210.55504762
2024-08-17,22.36636042
2024-08-18,196.79204612
2024-08-19,165.45727332
2024-08-20,468.6819459
2024-08-21,241.22033522
2024-08-22,233.48153237
2024-08-23,133.03286157
2024-08-24,103.25034451
2024-08-25,47.99480297
2024-08-26,197.49869449
2024-08-27,1766.37560191
2024-08-28,603.12066518
2024-08-29,512.79986489
2024-08-30,449.09284127
2024-08-31,51.74607882
2024-09-01,642.02665817
2024-09-02,263.57052567
2024-09-03,484.25959423
2024-09-04,630.05043137
2024-09-05,542.69633606
2024-09-06,2186.59729744
2024-09-07,86.12093056
2024-09-08,263.55066935
2024-09-09,153.55351511
2024-09-10,158.45390734
2024-09-11,538.16915401
2024-09-12,146.9237673
2024-09-13,85.73299092
2024-09-14,250.97324332
2024-09-15,303.98329744
2024-09-16,1115.50293844
2024-09-17,306.07961513
2024-09-18,334.64173517
2024-09-19,199.4562027
2024-09-20,439.93473301
2024-09-21,20.95858519
2024-09-22,262.67505926
2024-09-23,284.97146836
2024-09-24,145.12935631
2024-09-25,398.11588443
2024-09-26,224.10293472
2024-09-27,87.05767298
2024-09-28,91.35997707
2024-09-29,35.18505357
2024-09-30,1033.71381711
2024-10-01,4041.45665407
2024-10-02,1300.79241144
2024-10-03,915.78844698
2024-10-04,265.49069894
2024-10-05,99.80403986
2024-10-06,55.20523071
2024-10-07,723.79134189
2024-10-08,373.94674537
2024-10-09,2593.49400057
2024-10-10,2566.78511325
2024-10-11,87.5941421
2024-10-12,96.31003321
2024-10-13,477.29646469
2024-10-14,190.60836311
2024-10-15,1360.64137745
2024-10-16,218.87399639
2024-10-17,327.27430445
2024-10-18,86.8544154
2024-10-19,40.69136877
2024-10-20,23.65348574
2024-10-21,1128.86065119
2024-10-22,622.2909626
2024-10-23,476.69362017
2024-10-24,124.43142046
2024-10-25,3675.2210625
2024-10-26,22.38212169
2024-10-27,22.77178346
2024-10-28,118.95724858
2024-10-29,302.42589414
2024-10-30,210.04195091
2024-10-31,1043.50597289
2024-11-01,798.40506561
2024-11-02,70.36585503
2024-11-03,933.83180783
2024-11-04,892.95991637
2024-11-05,296.33641763
2024-11-06,970.45877777
2024-11-07,436.1444205
2024-11-08,150.35243647
2024-11-09,173.14582949
2024-11-10,435.38134196
2024-11-11,445.17131474
2024-11-12,1714.38788089
2024-11-13,1638.11195617
2024-11-14,1185.49707666
2024-11-15,368.8652384
2024-11-16,287.65337556
2024-11-17,522.68468674
2024-11-18,457.22361834
2024-11-19,402.49895639
2024-11-20,183.73894744
2024-11-21,430.81663769
2024-11-22,292.29965458
2024-11-23,373.63340982
2024-11-24,787.37904696
2024-11-25,2037.50402157
2024-11-26,1027.75479598
2024-11-27,129.86127297
2024-11-28,227.90733749
2024-11-29,204.25540093
2024-11-30,194.109229
2024-12-01,220.11964954
2024-12-02,596.79763858
2024-12-03,596.03249667
2024-12-04,475.81911614
2024-12-05,2826.26131672
2024-12-06,421.52751978
2024-12-07,73.82876786
2024-12-08,302.17171946
2024-12-09,1637.90038431
2024-12-10,790.63018591
2024-12-11,161.96050834
2024-12-12,433.23747107
2024-12-13,123.22182661
2024-12-14,135.94962956
2024-12-15,52.11649974
2024-12-16,306.80019255
2024-12-17,289.30844864
2024-12-18,1199.63293199
2024-12-19,2177.83284489
2024-12-20,1629.17563988
2024-12-21,250.58869856
2024-12-22,484.96314732
2024-12-23,678.69945041
2024-12-24,302.25452782
2024-12-25,153.03533944
2024-12-26,606.1658738
2024-12-27,1366.47963885
2024-12-28,32.22236182
2024-12-29,191.37164346
2024-12-30,738.33800939
2024-12-31,249.73946093
2025-01-01,88.43059707
2025-01-02,166.6236144
2025-01-03,182.08705581
2025-01-04,62.86196974
2025-01-05,91.34052686
2025-01-06,137.10717989
2025-01-07,1822.73080216
2025-01-08,1910.43661389
2025-01-09,1000.49129854
2025-01-10,439.35504528
2025-01-11,82.60689863
2025-01-12,276.6917426
2025-01-13,1867.6863717
2025-01-14,225.12426328
2025-01-15,185.15986404
2025-01-16,559.82320213
2025-01-17,152.20214067
2025-01-18,411.1008187
2025-01-19,1105.66091977
2025-01-20,2915.77719003
2025-01-21,318.00880141
2025-01-22,218.67554293
2025-01-23,1424.65456347
2025-01-24,207.78200358
2025-01-25,50.29146998
2025-01-26,1188.76487502
2025-01-27,2767.59507655
2025-01-28,478.94672729
2025-01-29,194.27945039
2025-01-30,80.67271785
2025-01-31,609.78281388
2025-02-01,650.39200089
2025-02-02,2209.87134431
2025-02-03,5783.16505753
2025-02-04,1588.62538617
2025-02-05,371.66302027
2025-02-06,299.1308049
2025-02-07,444.00087467
2025-02-08,102.64879355
2025-02-09,250.72430063
2025-02-10,113.90296277
2025-02-11,381.84754283
2025-02-12,633.59685232
2025-02-13,198.91791625
2025-02-14,125.44273962
2025-02-15,25.17169679
2025-02-16,121.84659713
2025-02-17,217.20130201
2025-02-18,1930.65850144
2025-02-19,84.5484119
2025-02-20,48.40019606
2025-02-21,1029.58184145
2025-02-22,13.11106499
2025-02-23,98.98917749
2025-02-24,2371.56764307
2025-02-25,5990.91387912
2025-02-26,3663.51886936
2025-02-27,1484.45200503
2025-02-28,3395.42037182
2025-03-01,261.66495105
2025-03-02,752.10764391
2025-03-03,2621.02301389
2025-03-04,1693.74185744
2025-03-05,432.98368816
2025-03-06,1156.70312652
2025-03-07,4697.48712618
2025-03-08,546.60519143
2025-03-09,2135.14908073
2025-03-10,1988.88902755
2025-03-11,1128.97011044
2025-03-12,916.80017806
2025-03-13,691.82876578
2025-03-14,281.75308356
2025-03-15,49.2103001
2025-03-16,925.73803228
2025-03-17,187.19511925
2025-03-18,788.65709118
2025-03-19,248.06159671
2025-03-20,676.76990999
2025-03-21,244.65513661
2025-03-22,42.20457558
2025-03-23,21.95345905
2025-03-24,286.79673926
2025-03-25,214.08479119
2025-03-26,4709.45973627
2025-03-27,230.84887392
2025-03-28,2171.18514178
2025-03-29,647.64151761
2025-03-30,421.56513472
2025-03-31,435.17047682
2025-04-01,366.04193051
2025-04-02,826.27004878
2025-04-03,490.34674704
2025-04-04,672.28737867
2025-04-05,788.61451907
2025-04-06,7448.27617031
2025-04-07,3224.90852651
2025-04-08,962.09495658
2025-04-09,1182.46960281
2025-04-10,1124.19746119
2025-04-11,355.08048906
2025-04-12,92.99159172
2025-04-13,594.11866835
2025-04-14,386.31931598
2025-04-15,559.90366242
2025-04-16,663.00248468
2025-04-17,166.43092225
2025-04-18,377.43163578
2025-04-19,37.50058739
2025-04-20,157.13186065
2025-04-21,299.16341874
2025-04-22,186.61223935
2025-04-23,542.11763191
2025-04-24,720.61436563
2025-04-25,205.80577476
2025-04-26,76.7263381
2025-04-27,149.39325603
2025-04-28,575.8845191
2025-04-29,253.51277639
2025-04-30,531.49983612
2025-05-01,99.86130154
2025-05-02,124.37007997
2025-05-03,189.78041877
2025-05-04,1072.86322114
2025-05-05,345.82519019
2025-05-06,205.79715763
2025-05-07,266.87968135
2025-05-08,229.88203345
2025-05-09,272.38723731
2025-05-10,52.29412706
2025-05-11,225.24902683
2025-05-12,2072.76474134
2025-05-13,179.54462936
2025-05-14,262.42061976
2025-05-15,543.9371708
2025-05-16,115.90053108
2025-05-17,202.35115499
2025-05-18,327.08914831
2025-05-19,434.10696963
2025-05-20,273.82871951
2025-05-21,452.58376812
2025-05-22,180.5149113
2025-05-23,2560.49190044
2025-05-24,131.2501967
2025-05-25,232.92160196
2025-05-26,96.22567124
2025-05-27,774.78821681
2025-05-28,386.60120433
2025-05-29,1483.47025663
2025-05-30,1939.19852987
2025-05-31,314.02168256
2025-06-01,107.61363531
2025-06-02,197.72382618
2025-06-03,138.49859845
2025-06-04,524.77102331
2025-06-05,3179.5046393
2025-06-06,73.23011303
2025-06-07,28.179883
2025-06-08,55.25596451
2025-06-09,55.39804465
2025-06-10,393.49965088
2025-06-11,252.35048671
2025-06-12,3447.43875432
2025-06-13,1234.47494691
2025-06-14,179.69637923
2025-06-15,79.45852872
2025-06-16,162.51500364
2025-06-17,896.61792906
2025-06-18,428.29589018
2025-06-19,78.40245677
2025-06-20,2215.63720183
2025-06-21,1936.04406473
2025-06-22,2656.41184472
2025-06-23,303.3591036
2025-06-24,99.55141105
2025-06-25,91.76046965
2025-06-26,180.96663601
2025-06-27,168.74726417
2025-06-28,1.61605152
2025-06-29,37.79793128
2025-06-30,204.25713695
2025-07-01,610.92439739
2025-07-02,87.25101073
2025-07-03,154.17374457
2025-07-04,271.65427715
2025-07-05,3.70324757
2025-07-06,34.01669054
2025-07-07,562.5706333
2025-07-08,43.45602474
2025-07-09,78.79840043
2025-07-10,75.28804144
2025-07-11,541.72598247
2025-07-12,61.34182838
2025-07-13,43.41370714
2025-07-14,435.14547423
2025-07-15,964.33730414
2025-07-16,142.3161808
2025-07-17,229.20828786
2025-07-18,1151.21912728
2025-07-19,52.15667463
2025-07-20,179.48915367
2025-07-21,273.07933769
2025-07-22,188.15704473
2025-07-23,2383.35474622
2025-07-24,1916.42512309
2025-07-25,913.65336026
2025-07-26,5.97724284
2025-07-27,14.91249383
2025-07-28,368.26312759
2025-07-29,185.4485589
2025-07-30,595.48485218
2025-07-31,765.31421249
2025-08-01,1971.06499148
2025-08-02,1392.77367239
2025-08-03,264.46975559
2025-08-04,67.12446772
2025-08-05,473.68779246
2025-08-06,43.22600319
2025-08-07,66.59164749
2025-08-08,82.19631943
2025-08-09,134.31173931
2025-08-10,76.89849279
2025-08-11,540.72900765
2025-08-12,99.47020757
2025-08-13,127.63109655
2025-08-14,1342.81876404
2025-08-15,319.64975073
2025-08-16,15.39978454
2025-08-17,101.84331261
2025-08-18,772.07290878
2025-08-19,1137.58698605
2025-08-20,235.18905104
2025-08-21,633.79058561
2025-08-22,755.5790341
2025-08-23,211.84942025
2025-08-24,1062.42098489
2025-08-25,4320.14953573
2025-08-26,1184.18506758
2025-08-27,174.20418713
2025-08-28,218.71326438
2025-08-29,2397.01180684
2025-08-30,92.67361286
2025-08-31,213.44486001
2025-09-01,671.48286506
2025-09-02,175.66016753
2025-09-03,48.73048835
2025-09-04,300.95743691
2025-09-05,508.05292742
2025-09-06,73.51659763
2025-09-07,13.6595706
2025-09-08,59.69555438
2025-09-09,3055.43559691
2025-09-10,56.54238715
2025-09-11,90.20475041
2025-09-12,49.86867176
2025-09-13,85.32438359
2025-09-14,90.27128531
2025-09-15,1018.44661766
2025-09-16,62.5158498
2025-09-17,518.54161719
2025-09-18,60.5366999
2025-09-19,673.7966994
2025-09-20,13.35898268
2025-09-21,110.2145567
2025-09-22,2759.22348831
2025-09-23,287.65280357
2025-09-24,276.73586003
2025-09-25,3271.59466491
2025-09-26,140.83582816
2025-09-27,13.54860492
2025-09-28,12.21889335
2025-09-29,33.93110108
2025-09-30,220.96192267
2025-10-01,61.38141583
2025-10-02,328.37814526
2025-10-03,950.56676904
2025-10-04,400.93412002
2025-10-05,275.77247475
2025-10-06,79.62222321
2025-10-07,901.02171028
2025-10-08,147.30051148
2025-10-09,1091.34256645
2025-10-10,9307.42415621
2025-10-11,3992.24168635
2025-10-12,288.75802035
2025-10-13,174.1998555
2025-10-14,1304.86504742
2025-10-15,796.71730869
2025-10-16,1618.53266834
2025-10-17,2474.07284996
2025-10-18,53.6415401
2025-10-19,120.65189544
2025-10-20,316.98673119
2025-10-21,3481.96907086
2025-10-22,1170.00499043
2025-10-23,123.64329697
2025-10-24,149.80204227
2025-10-25,17.33142794
2025-10-26,33.43470528
2025-10-27,981.51835996
2025-10-28,634.55479844
2025-10-29,1505.29414133
2025-10-30,2559.87833521
2025-10-31,316.87340313
2025-11-01,25.33776101
2025-11-02,87.08976506
2025-11-03,2022.02816435
2025-11-04,5739.18647583
2025-11-05,292.46820425
2025-11-06,559.48678883
2025-11-07,483.41136305
2025-11-08,227.03483787
2025-11-09,106.41209877
2025-11-10,1075.35782357
2025-11-11,3017.94385805
2025-11-12,771.69626571
2025-11-13,3137.04723119
2025-11-14,10420.57935546
2025-11-15,319.18856633
2025-11-16,1078.3586387
2025-11-17,7626.86126618
2025-11-18,2292.42041673
2025-11-19,2440.31798073
2025-11-20,4370.86073243
2025-11-21,9454.91442782
2025-11-22,169.61167667
2025-11-23,1658.50011304
2025-11-24,572.952858
2025-11-25,425.89025317
2025-11-26,213.05445205
2025-11-27,1578.88197652
2025-11-28,427.70256596
2025-11-29,88.54443098
2025-11-30,142.4532247
2025-12-01,7951.41542683
2025-12-02,1635.76229261
2025-12-03,401.18793664
2025-12-04,394.89441607
2025-12-05,2390.51648605
2025-12-06,77.83762277
2025-12-07,1745.90363715
2025-12-08,261.9699327
2025-12-09,1696.83582711
2025-12-10,237.60994194
2025-12-11,601.12784006
2025-12-12,408.30925552
2025-12-13,51.7894106
2025-12-14,440.88664798
2025-12-15,1184.80235422
2025-12-16,165.12316826
2025-12-17,1951.01550318
2025-12-18,2126.62334228
2025-12-19,183.41851616
2025-12-20,11.1307104
2025-12-21,150.03929292
2025-12-22,1691.99037832
2025-12-23,336.59747686
2025-12-24,6372.23999773
2025-12-25,91.39672886
2025-12-26,177.88345968
2025-12-27,44.2654
2025-12-28,23.3483951
2025-12-29,387.38753455
2025-12-30,77.47825131
2025-12-31,197.94211936
2026-01-01,17.73960448
2026-01-02,175.69806723
2026-01-03,58.41298352
2026-01-04,44.45809807
2026-01-05,1552.18887004
2026-01-06,1881.41701694
2026-01-07,2723.97165394
2026-01-08,840.05545756
2026-01-09,219.3210302
2026-01-10,16.64748328
2026-01-11,49.13330442
2026-01-12,227.62678442
2026-01-13,3036.54169931
2026-01-14,1559.73334429
2026-01-15,1717.09356135
2026-01-16,1569.88818764
2026-01-17,13.99205779
2026-01-18,307.8315159
2026-01-19,2043.43472062
2026-01-20,5412.99350733
2026-01-21,2149.31482502
2026-01-22,1699.74521212
2026-01-23,187.13143604
2026-01-24,15.21799432
2026-01-25,2426.52719668
2026-01-26,139.93830974
2026-01-27,106.50934183
2026-01-28,114.04908306
2026-01-29,5318.2787604
2026-01-30,4022.32187344
2026-01-31,6025.47186594
2026-02-01,688.43508889
2026-02-02,2903.50463523
2026-02-03,5401.93888255
2026-02-04,1353.74956132
2026-02-05,10286.41337413
2026-02-06,7020.85365233
2026-02-07,1638.23224097
2026-02-08,2247.59825372
2026-02-09,974.042695
2026-02-10,1828.8330647
2026-02-11,1473.22113841
2026-02-12,1003.69199671
2026-02-13,164.71297365
2026-02-14,204.28804959
2026-02-15,682.16377738
2026-02-16,594.7396967
2026-02-17,701.83107773
2026-02-18,816.70706059
2026-02-19,361.08590912
2026-02-20,382.55328337
2026-02-21,61.56082122
2026-02-22,190.03650035
2026-02-23,2201.81063437
2026-02-24,945.23060375
2026-02-25,4228.30162467
2026-02-26,657.4235456
2026-02-27,940.25974265
2026-02-28,1716.4442526
2026-03-01,822.281015
2026-03-02,2360.57426613
2026-03-03,838.97686617
2026-03-04,2390.49123364
2026-03-05,684.59184744
2026-03-06,1392.84886171
2026-03-07,489.05932748
2026-03-08,1139.70519163
2026-03-09,287.64195397
2026-03-10,549.23412194
2026-03-11,296.10498329
2026-03-12,303.0350545
2026-03-13,915.78726456
2026-03-14,88.78941633
2026-03-15,76.76119489
2026-03-16,2051.01150115
2026-03-17,374.17920623
2026-03-18,1460.03988457
2026-03-19,1177.02043197
2026-03-20,390.90046913
2026-03-21,787.95670895
2026-03-22,3192.33334092
2026-03-23,612.61962802
2026-03-24,2183.78043533
2026-03-25,1933.68503881
2026-03-26,1188.21817072
2026-03-27,5207.28493944
2026-03-28,222.04015484
2026-03-29,1193.30644048
2026-03-30,368.49520495
2026-03-31,826.7502554
2026-04-01,227.25865092
2026-04-02,835.54612016
2026-04-03,142.87423569
2026-04-04,13.38091399
2026-04-05,183.51697427
2026-04-06,532.86354682
2026-04-07,499.9916564
2026-04-08,398.49169338
2026-04-09,2044.86081823
2026-04-10,110.20927806
2026-04-11,0.0
