date,Exchange Outflow (Mean)
2018-09-12,0.4
2018-09-13,0.0
2018-09-14,0.0
2018-09-15,0.0
2018-09-16,0.0
2018-09-17,0.0
2018-09-18,0.0
2018-09-19,0.0
2018-09-20,0.0
2018-09-21,0.0
2018-09-22,0.0
2018-09-23,0.0
2018-09-24,0.0
2018-09-25,0.0
2018-09-26,1.46666667
2018-09-27,72.683905
2018-09-28,25.0928906
2018-09-29,317.26139885
2018-09-30,3133.74829965
2018-10-01,16.85625
2018-10-02,31251.79412313
2018-10-03,829.30336736
2018-10-04,5112.891685
2018-10-05,705.36666667
2018-10-06,24999.0
2018-10-07,1039.5
2018-10-08,100.0
2018-10-09,1706.90165
2018-10-10,9441.189333
2018-10-11,10440.63959914
2018-10-12,5201.17898342
2018-10-13,7784.5263406
2018-10-14,11305.942049
2018-10-15,19849.41459503
2018-10-16,8113.23457509
2018-10-17,17203.10685721
2018-10-18,20133.43735142
2018-10-19,57668.363377
2018-10-20,60004.085198
2018-10-21,4758.05498978
2018-10-22,105728.305472
2018-10-23,15044.1158012
2018-10-24,23299.14952671
2018-10-25,8236.04657422
2018-10-26,23028.35958981
2018-10-27,24266.05373979
2018-10-28,8729.35441967
2018-10-29,32699.29138341
2018-10-30,98930.54533926
2018-10-31,27644.02643561
2018-11-01,6598.53441469
2018-11-02,32962.53685677
2018-11-03,10822.766936
2018-11-04,6325.68015613
2018-11-05,11467.62357344
2018-11-06,14680.24293998
2018-11-07,7152.12449835
2018-11-08,66174.01823258
2018-11-09,13735.24644431
2018-11-10,8855.95185629
2018-11-11,13034.47063245
2018-11-12,29065.60291381
2018-11-13,12218.00907431
2018-11-14,17050.17281579
2018-11-15,68084.55798151
2018-11-16,24812.00072415
2018-11-17,12533.03725103
2018-11-18,8150.59938975
2018-11-19,15817.01545434
2018-11-20,18647.29096335
2018-11-21,24562.42900115
2018-11-22,59344.57269851
2018-11-23,10672.6707789
2018-11-24,13747.81937118
2018-11-25,14969.04788895
2018-11-26,17199.97460118
2018-11-27,14388.08719907
2018-11-28,39256.44850479
2018-11-29,15522.58502151
2018-11-30,15400.72936467
2018-12-01,31279.16950896
2018-12-02,10808.06506175
2018-12-03,20068.45695967
2018-12-04,37139.89499661
2018-12-05,19712.14720236
2018-12-06,13573.33229496
2018-12-07,17854.94595448
2018-12-08,16032.6720194
2018-12-09,31124.16390649
2018-12-10,14840.11986366
2018-12-11,13545.33328642
2018-12-12,20305.98854155
2018-12-13,43579.21377614
2018-12-14,48966.05528312
2018-12-15,23766.12537412
2018-12-16,12286.87747927
2018-12-17,27411.12105599
2018-12-18,27626.8436923
2018-12-19,22130.53663773
2018-12-20,30561.05260889
2018-12-21,46499.60854328
2018-12-22,43240.63060379
2018-12-23,19087.59725296
2018-12-24,26381.94820374
2018-12-25,13128.33977613
2018-12-26,31932.29376359
2018-12-27,73061.39088257
2018-12-28,17191.54662139
2018-12-29,22093.18443199
2018-12-30,12341.81436369
2018-12-31,26757.44071797
2019-01-01,18607.75937952
2019-01-02,32741.44235269
2019-01-03,21616.29793274
2019-01-04,18141.07765494
2019-01-05,30175.98449036
2019-01-06,4370.31872688
2019-01-07,17977.27789439
2019-01-08,22682.54770037
2019-01-09,58479.73323021
2019-01-10,28688.50719468
2019-01-11,42942.22759065
2019-01-12,22153.11917425
2019-01-13,14542.86224234
2019-01-14,15316.67202718
2019-01-15,21175.00806196
2019-01-16,32437.37858404
2019-01-17,40496.06464652
2019-01-18,70932.52267598
2019-01-19,33673.62312517
2019-01-20,30535.9557244
2019-01-21,48941.40483714
2019-01-22,43566.55250612
2019-01-23,54624.28928954
2019-01-24,65133.74428271
2019-01-25,79331.8452369
2019-01-26,31647.94367343
2019-01-27,11701.4194699
2019-01-28,47603.73736403
2019-01-29,53555.29863438
2019-01-30,65534.64798954
2019-01-31,26533.10159901
2019-02-01,28178.00571077
2019-02-02,25988.68504809
2019-02-03,13613.39548217
2019-02-04,39225.15852037
2019-02-05,37199.84153761
2019-02-06,22055.58726742
2019-02-07,19008.3179986
2019-02-08,18088.63982763
2019-02-09,10417.22365352
2019-02-10,11504.09412071
2019-02-11,28199.99470155
2019-02-12,9274.11094957
2019-02-13,9971.73356175
2019-02-14,14933.8371598
2019-02-15,13321.36685901
2019-02-16,13531.77095632
2019-02-17,9161.90021229
2019-02-18,9627.44957776
2019-02-19,11490.18806143
2019-02-20,33323.30174038
2019-02-21,27947.75485338
2019-02-22,6154.71327948
2019-02-23,3943.44200414
2019-02-24,4073.59522723
2019-02-25,12244.76132553
2019-02-26,12095.7405317
2019-02-27,11617.31033408
2019-02-28,20504.74792916
2019-03-01,13564.63419671
2019-03-02,5485.91998935
2019-03-03,6573.90189862
2019-03-04,15210.42245082
2019-03-05,13092.08462453
2019-03-06,17564.03569765
2019-03-07,17925.79514728
2019-03-08,7966.72283614
2019-03-09,9003.20657605
2019-03-10,13988.52356911
2019-03-11,11741.14192261
2019-03-12,10377.22690604
2019-03-13,8362.34215031
2019-03-14,19875.72836064
2019-03-15,19241.61149312
2019-03-16,8780.5398428
2019-03-17,14388.06781028
2019-03-18,15163.03591598
2019-03-19,10145.85352255
2019-03-20,9048.95711566
2019-03-21,24990.84286397
2019-03-22,13558.80979009
2019-03-23,13199.87394075
2019-03-24,5428.0219728
2019-03-25,25676.21828634
2019-03-26,9954.16288261
2019-03-27,25008.39556882
2019-03-28,5998.98510549
2019-03-29,8423.75681154
2019-03-30,8613.53361201
2019-03-31,8403.9538621
2019-04-01,16617.23605341
2019-04-02,34468.43065516
2019-04-03,15104.20444009
2019-04-04,13506.93060339
2019-04-05,11526.21674815
2019-04-06,12431.30801113
2019-04-07,6351.76494033
2019-04-08,23110.26896411
2019-04-09,20162.54136144
2019-04-10,36935.51929612
2019-04-11,14604.22398123
2019-04-12,19642.1150962
2019-04-13,19032.60263973
2019-04-14,7269.21842866
2019-04-15,16311.92701242
2019-04-16,14829.81858975
2019-04-17,11605.88007183
2019-04-18,13994.81357385
2019-04-19,10612.06658445
2019-04-20,7250.31282046
2019-04-21,29108.72833595
2019-04-22,14546.49155778
2019-04-23,17027.8110578
2019-04-24,21590.15715358
2019-04-25,15822.90801021
2019-04-26,18646.60602365
2019-04-27,10828.41908591
2019-04-28,25417.22228198
2019-04-29,22954.36281649
2019-04-30,26609.56886141
2019-05-01,7952.68334136
2019-05-02,20967.59359513
2019-05-03,16720.80966639
2019-05-04,15708.5768446
2019-05-05,8170.99505197
2019-05-06,19367.23496356
2019-05-07,8903.92312967
2019-05-08,21677.65412739
2019-05-09,12205.0848748
2019-05-10,30506.17562626
2019-05-11,9934.00986203
2019-05-12,12504.15299178
2019-05-13,19839.29666061
2019-05-14,15292.59283645
2019-05-15,15582.7098348
2019-05-16,15879.04578774
2019-05-17,18074.46353461
2019-05-18,18428.33814869
2019-05-19,14602.20460657
2019-05-20,17924.93902838
2019-05-21,17115.60812509
2019-05-22,22626.85627803
2019-05-23,13253.27595276
2019-05-24,23847.20605015
2019-05-25,16313.79862091
2019-05-26,13707.38242091
2019-05-27,23469.87398788
2019-05-28,19717.67702217
2019-05-29,18616.87716264
2019-05-30,16356.22078438
2019-05-31,15094.10284287
2019-06-01,7463.7075345
2019-06-02,7083.48454127
2019-06-03,18737.5814897
2019-06-04,13287.77213804
2019-06-05,11696.96812021
2019-06-06,16048.04087905
2019-06-07,10001.96648367
2019-06-08,5394.13195547
2019-06-09,8561.16151892
2019-06-10,13808.61396123
2019-06-11,14814.55264999
2019-06-12,27091.15384713
2019-06-13,18833.66633201
2019-06-14,8710.51204755
2019-06-15,12631.94658369
2019-06-16,19872.38926281
2019-06-17,16633.53755635
2019-06-18,13771.28038684
2019-06-19,22558.49668855
2019-06-20,21817.20328035
2019-06-21,15939.66678721
2019-06-22,15259.60991072
2019-06-23,26896.58930768
2019-06-24,28762.11931775
2019-06-25,29241.83174512
2019-06-26,17927.36353421
2019-06-27,18918.58201635
2019-06-28,25904.64112785
2019-06-29,16846.13274605
2019-06-30,15172.48777899
2019-07-01,14627.05003793
2019-07-02,18945.67477519
2019-07-03,29986.52320453
2019-07-04,11774.45305152
2019-07-05,26784.46762667
2019-07-06,9087.42690769
2019-07-07,11826.04190369
2019-07-08,25012.06751514
2019-07-09,13179.55625282
2019-07-10,22014.47189337
2019-07-11,21611.83728997
2019-07-12,40290.90581226
2019-07-13,11928.38596607
2019-07-14,11878.04465318
2019-07-15,33682.9461392
2019-07-16,21376.18692398
2019-07-17,41313.02546185
2019-07-18,35016.55387411
2019-07-19,59970.86041081
2019-07-20,14840.28455763
2019-07-21,11965.06569257
2019-07-22,22172.626643
2019-07-23,15101.74640914
2019-07-24,11194.95368055
2019-07-25,14336.92530313
2019-07-26,18518.1821425
2019-07-27,14012.53515807
2019-07-28,8182.6551576
2019-07-29,24272.34627114
2019-07-30,15641.72391194
2019-07-31,14939.07080723
2019-08-01,23155.99301846
2019-08-02,34932.88112654
2019-08-03,12541.33110757
2019-08-04,10638.33616387
2019-08-05,25958.37746586
2019-08-06,24366.4179007
2019-08-07,27186.20595912
2019-08-08,24982.01548503
2019-08-09,40193.45247116
2019-08-10,11830.09074883
2019-08-11,8410.69251722
2019-08-12,20527.15807059
2019-08-13,16156.74684308
2019-08-14,19166.09328075
2019-08-15,16897.52571565
2019-08-16,21561.09510589
2019-08-17,18780.17544617
2019-08-18,28364.89795351
2019-08-19,18713.11796472
2019-08-20,21118.81018485
2019-08-21,27381.16915173
2019-08-22,13886.36664131
2019-08-23,20572.31450609
2019-08-24,12828.49949109
2019-08-25,8760.76641426
2019-08-26,40279.7198228
2019-08-27,21369.95711704
2019-08-28,21420.65107235
2019-08-29,25632.39699685
2019-08-30,23839.27137122
2019-08-31,13747.76487632
2019-09-01,6249.10862961
2019-09-02,35788.78656075
2019-09-03,24095.71493274
2019-09-04,50110.60444515
2019-09-05,17058.91249358
2019-09-06,30686.90255084
2019-09-07,10973.83826828
2019-09-08,9326.3775276
2019-09-09,17077.54725014
2019-09-10,13781.18860385
2019-09-11,25398.99676804
2019-09-12,8891.18456093
2019-09-13,25499.41047186
2019-09-14,9418.91871875
2019-09-15,5754.69860525
2019-09-16,34306.57481032
2019-09-17,31890.7316499
2019-09-18,30811.93845204
2019-09-19,19451.13858556
2019-09-20,33804.05496043
2019-09-21,9300.0540621
2019-09-22,9360.79967344
2019-09-23,23499.51304345
2019-09-24,13922.46653796
2019-09-25,20607.51454685
2019-09-26,17152.65329415
2019-09-27,37592.05677797
2019-09-28,10851.7202222
2019-09-29,15543.30861564
2019-09-30,17809.16797518
2019-10-01,15564.62582129
2019-10-02,26991.22277591
2019-10-03,24804.73585302
2019-10-04,18514.68860525
2019-10-05,19318.24961845
2019-10-06,17395.07081232
2019-10-07,19017.08440013
2019-10-08,21245.98020211
2019-10-09,26703.27426053
2019-10-10,28069.58974903
2019-10-11,20560.61473638
2019-10-12,21621.38666956
2019-10-13,16946.11064943
2019-10-14,12876.95943693
2019-10-15,26866.90149751
2019-10-16,34028.82574203
2019-10-17,27987.50976392
2019-10-18,15049.65972112
2019-10-19,8865.96002098
2019-10-20,10003.49920369
2019-10-21,23273.86949154
2019-10-22,45164.2904824
2019-10-23,34876.98022178
2019-10-24,22525.58884776
2019-10-25,24014.22357834
2019-10-26,21676.25798398
2019-10-27,27486.41751838
2019-10-28,31535.08759739
2019-10-29,17478.77959287
2019-10-30,23185.72544504
2019-10-31,20100.28164529
2019-11-01,29232.40694509
2019-11-02,22651.03528949
2019-11-03,15955.97230005
2019-11-04,74421.41318154
2019-11-05,25343.7126975
2019-11-06,39177.95762156
2019-11-07,25670.4725197
2019-11-08,34279.81803312
2019-11-09,8795.97261943
2019-11-10,10877.13426156
2019-11-11,23153.65055173
2019-11-12,24564.53484781
2019-11-13,32542.50240068
2019-11-14,39870.27605462
2019-11-15,21476.67278904
2019-11-16,17574.35103259
2019-11-17,22050.72464151
2019-11-18,32238.15958788
2019-11-19,22589.08800943
2019-11-20,33498.0403629
2019-11-21,29124.13242268
2019-11-22,15635.63518052
2019-11-23,19339.11665731
2019-11-24,12177.58190136
2019-11-25,22557.90652515
2019-11-26,17174.44337405
2019-11-27,43326.16521151
2019-11-28,51884.63050924
2019-11-29,24768.63043139
2019-11-30,15907.3980644
2019-12-01,14678.66087924
2019-12-02,20160.92283882
2019-12-03,46136.81281054
2019-12-04,18697.19997592
2019-12-05,23122.77634561
2019-12-06,22333.26758463
2019-12-07,17055.43905118
2019-12-08,12127.09710278
2019-12-09,33058.37548065
2019-12-10,32866.489955
2019-12-11,30622.35520953
2019-12-12,15001.24283765
2019-12-13,20136.90538631
2019-12-14,8915.35849996
2019-12-15,11556.35922628
2019-12-16,43397.6676921
2019-12-17,22570.22111251
2019-12-18,25682.51253964
2019-12-19,16661.52964727
2019-12-20,39168.83748517
2019-12-21,15522.5309241
2019-12-22,13996.72520961
2019-12-23,33644.75714506
2019-12-24,29272.07975743
2019-12-25,18087.69534915
2019-12-26,23551.26423613
2019-12-27,32876.78057228
2019-12-28,14038.82641334
2019-12-29,16287.01047752
2019-12-30,39752.21100521
2019-12-31,27763.27928385
2020-01-01,20039.01354433
2020-01-02,26025.7745198
2020-01-03,19425.84415897
2020-01-04,21594.16827775
2020-01-05,14038.72197662
2020-01-06,25279.79130773
2020-01-07,39751.47215401
2020-01-08,46358.32092868
2020-01-09,39699.13615606
2020-01-10,47920.92573672
2020-01-11,38515.73214624
2020-01-12,7712.64549443
2020-01-13,37191.47913693
2020-01-14,29837.09575344
2020-01-15,19847.59392504
2020-01-16,33872.80561826
2020-01-17,28455.09572195
2020-01-18,23277.90773009
2020-01-19,15933.20460016
2020-01-20,18491.25621615
2020-01-21,33989.63286871
2020-01-22,25724.84957479
2020-01-23,22248.34299783
2020-01-24,15269.46872313
2020-01-25,7078.17116913
2020-01-26,16438.75687783
2020-01-27,19173.38603539
2020-01-28,26987.72256487
2020-01-29,26248.89477753
2020-01-30,25761.41659673
2020-01-31,21089.87700106
2020-02-01,13245.26594237
2020-02-02,11061.98461104
2020-02-03,23507.05095512
2020-02-04,16889.60744317
2020-02-05,19353.63483342
2020-02-06,22993.45953129
2020-02-07,22865.51413159
2020-02-08,18688.81440255
2020-02-09,18973.1050449
2020-02-10,15429.69119135
2020-02-11,22614.29457908
2020-02-12,20874.62736699
2020-02-13,15492.55834155
2020-02-14,15588.71192637
2020-02-15,20508.77051068
2020-02-16,19590.04703451
2020-02-17,29205.43786956
2020-02-18,40722.57898944
2020-02-19,28722.44621982
2020-02-20,46479.9117221
2020-02-21,38315.64404811
2020-02-22,14114.26688648
2020-02-23,21785.79529602
2020-02-24,38784.22854725
2020-02-25,24708.98069664
2020-02-26,19471.7660213
2020-02-27,26011.98647375
2020-02-28,24293.61329245
2020-02-29,10314.41578566
2020-03-01,28615.86688935
2020-03-02,21115.92866423
2020-03-03,22075.70304818
2020-03-04,44636.78255443
2020-03-05,33382.67501397
2020-03-06,40695.2915624
2020-03-07,8320.99499684
2020-03-08,16329.70227809
2020-03-09,38148.4424808
2020-03-10,30940.52366568
2020-03-11,27939.85016273
2020-03-12,24662.62497314
2020-03-13,28073.44054648
2020-03-14,29115.79875618
2020-03-15,26810.54746385
2020-03-16,36077.55127029
2020-03-17,42092.11318773
2020-03-18,32761.15161867
2020-03-19,29326.84963812
2020-03-20,35372.79800129
2020-03-21,26006.17173735
2020-03-22,13091.96624252
2020-03-23,42512.69545901
2020-03-24,44487.36366467
2020-03-25,30996.96860818
2020-03-26,41991.23581343
2020-03-27,37488.16099349
2020-03-28,18794.57064306
2020-03-29,31252.44020652
2020-03-30,32644.48465805
2020-03-31,24379.55958946
2020-04-01,20250.51412807
2020-04-02,25293.23426595
2020-04-03,25611.6340796
2020-04-04,14418.9333818
2020-04-05,23494.31376422
2020-04-06,24079.48395586
2020-04-07,16361.43649405
2020-04-08,15460.06806044
2020-04-09,24858.62130065
2020-04-10,26400.31547078
2020-04-11,16706.96475884
2020-04-12,15787.59641976
2020-04-13,20380.8641365
2020-04-14,29300.4274665
2020-04-15,34302.44252322
2020-04-16,27322.57886686
2020-04-17,32732.89081864
2020-04-18,7088.80620508
2020-04-19,21147.70077273
2020-04-20,29618.15647469
2020-04-21,35155.02051911
2020-04-22,32984.36524204
2020-04-23,24849.30352617
2020-04-24,29327.59049459
2020-04-25,19426.87488167
2020-04-26,15009.8966321
2020-04-27,26868.6294899
2020-04-28,44229.51560222
2020-04-29,35423.48070417
2020-04-30,30172.38777861
2020-05-01,32743.53904008
2020-05-02,12408.2722373
2020-05-03,25519.28784524
2020-05-04,31880.09219618
2020-05-05,46159.448689
2020-05-06,34709.958547
2020-05-07,30104.10504622
2020-05-08,35754.08158876
2020-05-09,18493.59223243
2020-05-10,31921.12564897
2020-05-11,29479.37473484
2020-05-12,18276.21852254
2020-05-13,17713.7920003
2020-05-14,27636.28363856
2020-05-15,14115.67044368
2020-05-16,18350.63041351
2020-05-17,8719.07029681
2020-05-18,27624.36039899
2020-05-19,19554.94610147
2020-05-20,30306.98375972
2020-05-21,29265.18657694
2020-05-22,16902.95587527
2020-05-23,13782.42409118
2020-05-24,15100.43544606
2020-05-25,25780.34498039
2020-05-26,18264.03236921
2020-05-27,11498.09295123
2020-05-28,20279.18888264
2020-05-29,23655.72750922
2020-05-30,13155.9383795
2020-05-31,14110.5171541
2020-06-01,25440.66963704
2020-06-02,37681.48679473
2020-06-03,30241.61459401
2020-06-04,20629.2274432
2020-06-05,31884.16266977
2020-06-06,10546.33377832
2020-06-07,8656.96200133
2020-06-08,27644.35437165
2020-06-09,16068.36330097
2020-06-10,30953.77254174
2020-06-11,29230.22769357
2020-06-12,24666.70713149
2020-06-13,15645.5889596
2020-06-14,14914.48762161
2020-06-15,26818.34470984
2020-06-16,25393.99734253
2020-06-17,36514.03141532
2020-06-18,28326.86845136
2020-06-19,31149.78683895
2020-06-20,27197.426801
2020-06-21,24853.39091841
2020-06-22,27945.26521283
2020-06-23,38488.15243
2020-06-24,26104.4703705
2020-06-25,24189.44486564
2020-06-26,30046.84278207
2020-06-27,14944.64180122
2020-06-28,20837.60325049
2020-06-29,16981.7640454
2020-06-30,21180.61190684
2020-07-01,18430.00650712
2020-07-02,35520.19013862
2020-07-03,25882.93792868
2020-07-04,18625.35265585
2020-07-05,9452.37191368
2020-07-06,25834.50092892
2020-07-07,18899.63777801
2020-07-08,35489.08203249
2020-07-09,27025.15956673
2020-07-10,27254.83077086
2020-07-11,17897.28760152
2020-07-12,12793.32260981
2020-07-13,22209.32700622
2020-07-14,20049.4275032
2020-07-15,27270.41044655
2020-07-16,24342.402415
2020-07-17,22576.27296437
2020-07-18,22497.07842861
2020-07-19,37318.95544313
2020-07-20,22306.53042117
2020-07-21,54278.5035675
2020-07-22,27540.81117541
2020-07-23,42310.96816978
2020-07-24,30192.57744068
2020-07-25,12539.07700449
2020-07-26,46323.59243624
2020-07-27,50411.6574006
2020-07-28,32325.59406605
2020-07-29,34433.76902594
2020-07-30,40642.10946979
2020-07-31,63113.68723395
2020-08-01,20750.07596721
2020-08-02,18649.21812304
2020-08-03,21343.02617409
2020-08-04,44934.68632684
2020-08-05,22311.68220399
2020-08-06,23700.77874086
2020-08-07,17021.20799598
2020-08-08,18791.81989212
2020-08-09,21096.69349533
2020-08-10,37085.36389321
2020-08-11,19495.78712166
2020-08-12,23737.66978335
2020-08-13,19463.09267615
2020-08-14,39294.82263051
2020-08-15,17045.34579755
2020-08-16,35256.19329773
2020-08-17,34079.38046456
2020-08-18,34888.36648968
2020-08-19,27874.99952863
2020-08-20,26231.10073381
2020-08-21,26341.40335148
2020-08-22,13383.66341734
2020-08-23,21846.59986663
2020-08-24,21027.09912037
2020-08-25,20025.21516103
2020-08-26,23061.39880441
2020-08-27,36390.72271497
2020-08-28,71752.54364786
2020-08-29,37722.7431206
2020-08-30,19661.03271788
2020-08-31,70515.23611822
2020-09-01,42741.73057997
2020-09-02,34938.48920056
2020-09-03,39558.53158959
2020-09-04,43891.9368597
2020-09-05,44443.13553523
2020-09-06,66270.37742851
2020-09-07,52984.82874038
2020-09-08,98792.14399629
2020-09-09,45945.1565149
2020-09-10,33990.49695008
2020-09-11,70636.92304154
2020-09-12,31815.12564837
2020-09-13,62165.41485108
2020-09-14,79506.7704101
2020-09-15,55737.60100268
2020-09-16,70037.82785739
2020-09-17,44688.05260838
2020-09-18,42008.23929029
2020-09-19,63207.27470825
2020-09-20,42105.57050565
2020-09-21,53516.41666514
2020-09-22,24793.60270363
2020-09-23,33814.68946845
2020-09-24,20153.69800364
2020-09-25,22973.092585
2020-09-26,29992.98622625
2020-09-27,32645.05749304
2020-09-28,60893.68710019
2020-09-29,36258.28023951
2020-09-30,36619.35309959
2020-10-01,32559.92903887
2020-10-02,21080.88364681
2020-10-03,23911.73700794
2020-10-04,32330.5393184
2020-10-05,43766.24207734
2020-10-06,29771.76351401
2020-10-07,57787.0417198
2020-10-08,50085.2969077
2020-10-09,50233.18043819
2020-10-10,59146.86236067
2020-10-11,21295.33963653
2020-10-12,58230.32516518
2020-10-13,112377.36042277
2020-10-14,41533.39219003
2020-10-15,67185.10539446
2020-10-16,52810.12450212
2020-10-17,23355.8667484
2020-10-18,37798.86166296
2020-10-19,38258.54399276
2020-10-20,30334.857629
2020-10-21,100020.1006796
2020-10-22,56963.30900874
2020-10-23,56880.63289961
2020-10-24,59675.83582672
2020-10-25,50050.56661144
2020-10-26,90238.9488228
2020-10-27,52088.43313645
2020-10-28,38225.65022479
2020-10-29,47396.02627931
2020-10-30,64438.4565934
2020-10-31,31633.50601367
2020-11-01,18984.79742649
2020-11-02,83414.84708276
2020-11-03,34202.3033426
2020-11-04,38522.19019765
2020-11-05,51033.93716559
2020-11-06,47122.86690555
2020-11-07,37221.65983061
2020-11-08,23428.94502303
2020-11-09,61198.21862034
2020-11-10,43043.42847048
2020-11-11,30997.17143601
2020-11-12,50909.3622391
2020-11-13,50927.42552696
2020-11-14,26597.9185291
2020-11-15,31937.13649345
2020-11-16,46193.29086204
2020-11-17,93435.25695982
2020-11-18,52653.20721175
2020-11-19,66260.76071935
2020-11-20,31387.70832463
2020-11-21,25876.29866877
2020-11-22,61250.38365174
2020-11-23,66060.84592329
2020-11-24,41590.95972599
2020-11-25,46304.28217412
2020-11-26,72025.52003379
2020-11-27,60507.31420252
2020-11-28,24049.62135851
2020-11-29,22163.4322701
2020-11-30,42092.89197188
2020-12-01,49381.60608606
2020-12-02,48783.59422348
2020-12-03,32931.30484774
2020-12-04,33785.78337447
2020-12-05,41521.34574697
2020-12-06,21579.00635853
2020-12-07,72743.86653476
2020-12-08,56937.42690752
2020-12-09,40247.03833022
2020-12-10,45458.48220254
2020-12-11,56481.17572734
2020-12-12,47905.16622056
2020-12-13,47652.36715632
2020-12-14,52056.3608696
2020-12-15,29330.18893916
2020-12-16,47117.76644579
2020-12-17,49317.11126804
2020-12-18,61429.59792997
2020-12-19,40551.29536596
2020-12-20,34696.8931263
2020-12-21,64821.66898829
2020-12-22,56844.90359856
2020-12-23,49162.06821076
2020-12-24,47470.08588126
2020-12-25,27201.49090497
2020-12-26,22274.91119715
2020-12-27,26694.56410171
2020-12-28,47342.00548314
2020-12-29,38356.48272214
2020-12-30,100351.06273284
2020-12-31,53681.30464041
2021-01-01,46733.3238895
2021-01-02,90306.39242631
2021-01-03,35870.33401503
2021-01-04,81370.08365768
2021-01-05,50014.39147836
2021-01-06,72315.44417454
2021-01-07,77488.7606469
2021-01-08,68763.65333925
2021-01-09,39096.06835002
2021-01-10,43313.80851447
2021-01-11,96772.38248416
2021-01-12,98729.91131249
2021-01-13,70499.64390202
2021-01-14,87676.50792062
2021-01-15,50625.26899522
2021-01-16,76788.22360207
2021-01-17,59767.68912837
2021-01-18,43800.51274401
2021-01-19,72050.34991594
2021-01-20,64087.78273293
2021-01-21,77210.41223086
2021-01-22,74663.03554075
2021-01-23,38759.63126889
2021-01-24,44693.15604497
2021-01-25,98336.55688384
2021-01-26,89297.66318978
2021-01-27,68573.01711318
2021-01-28,67574.67019785
2021-01-29,87887.58699581
2021-01-30,48060.20480191
2021-01-31,59067.64972927
2021-02-01,39185.80605327
2021-02-02,54436.49188931
2021-02-03,56215.84502893
2021-02-04,42561.86045241
2021-02-05,50359.35095659
2021-02-06,31569.52839098
2021-02-07,46823.27586111
2021-02-08,56399.10513928
2021-02-09,64918.52685533
2021-02-10,54053.98502741
2021-02-11,39887.74640677
2021-02-12,40143.47647133
2021-02-13,38506.12734124
2021-02-14,46549.65948642
2021-02-15,79832.99435602
2021-02-16,81434.42573318
2021-02-17,92891.39152704
2021-02-18,65883.22264839
2021-02-19,82512.9137918
2021-02-20,36114.24370303
2021-02-21,46192.99978645
2021-02-22,62631.02615289
2021-02-23,82063.44467425
2021-02-24,62945.12503568
2021-02-25,71188.55253771
2021-02-26,78270.51020342
2021-02-27,45135.6288572
2021-02-28,60142.23394354
2021-03-01,115266.53196184
2021-03-02,70405.6207462
2021-03-03,72378.05440217
2021-03-04,64666.68762338
2021-03-05,86007.00688653
2021-03-06,71196.66801469
2021-03-07,91415.81338522
2021-03-08,97295.09281065
2021-03-09,51689.20174898
2021-03-10,93939.93255935
2021-03-11,70763.90398318
2021-03-12,83327.59328842
2021-03-13,95020.07600644
2021-03-14,51547.7861753
2021-03-15,63414.99621492
2021-03-16,89046.84826559
2021-03-17,51466.19265446
2021-03-18,41144.47599425
2021-03-19,77251.49882772
2021-03-20,44033.22185633
2021-03-21,34766.13166799
2021-03-22,24659.73853251
2021-03-23,55077.5096278
2021-03-24,43277.09421304
2021-03-25,37124.47028615
2021-03-26,71514.15604303
2021-03-27,64086.54748594
2021-03-28,52234.54046649
2021-03-29,180810.27517064
2021-03-30,53812.70946798
2021-03-31,96839.16107903
2021-04-01,33647.94349057
2021-04-02,63917.13997805
2021-04-03,42791.83732358
2021-04-04,52338.39778646
2021-04-05,132015.42764187
2021-04-06,64634.47879401
2021-04-07,64804.32919309
2021-04-08,45280.34784549
2021-04-09,75920.2700064
2021-04-10,45694.97858489
2021-04-11,18643.03740021
2021-04-12,54026.42846424
2021-04-13,21800.5054894
2021-04-14,72909.07931522
2021-04-15,45412.75129024
2021-04-16,79043.49696376
2021-04-17,62553.32181436
2021-04-18,87526.34948936
2021-04-19,101657.806748
2021-04-20,43601.08827993
2021-04-21,48533.66871907
2021-04-22,59701.15133381
2021-04-23,107299.9670415
2021-04-24,98772.84137048
2021-04-25,43841.33003723
2021-04-26,84206.99142559
2021-04-27,77760.88648984
2021-04-28,70024.271497
2021-04-29,38316.3508951
2021-04-30,40011.75983088
2021-05-01,40280.77460119
2021-05-02,35601.14365613
2021-05-03,87651.12466587
2021-05-04,61953.13526089
2021-05-05,52670.1859496
2021-05-06,53918.82790443
2021-05-07,42283.53316652
2021-05-08,36420.20124198
2021-05-09,40137.87538288
2021-05-10,55288.99621183
2021-05-11,54978.83741933
2021-05-12,55693.85327637
2021-05-13,57617.23803117
2021-05-14,82344.41121247
2021-05-15,58180.74479854
2021-05-16,44814.1515941
2021-05-17,86890.67043338
2021-05-18,80552.92784665
2021-05-19,99418.60124819
2021-05-20,121679.76940295
2021-05-21,92050.35693453
2021-05-22,73203.89717178
2021-05-23,75665.83836913
2021-05-24,99912.62131109
2021-05-25,90624.13589378
2021-05-26,64052.35163621
2021-05-27,58845.79380663
2021-05-28,54576.76755502
2021-05-29,59641.15524371
2021-05-30,148342.44842835
2021-05-31,65765.80734411
2021-06-01,47975.14498274
2021-06-02,33718.90820635
2021-06-03,51385.64610721
2021-06-04,33751.49613343
2021-06-05,32382.81903486
2021-06-06,26181.12337075
2021-06-07,48752.57389817
2021-06-08,61775.88729258
2021-06-09,112771.59503559
2021-06-10,48857.08697613
2021-06-11,47708.64012903
2021-06-12,31394.08791332
2021-06-13,34322.70795316
2021-06-14,43235.8738697
2021-06-15,33953.67523371
2021-06-16,36069.01136155
2021-06-17,30849.38735861
2021-06-18,40340.18742323
2021-06-19,35306.22553877
2021-06-20,25948.5715974
2021-06-21,82415.42426439
2021-06-22,85172.88747391
2021-06-23,71625.84335944
2021-06-24,33411.93393801
2021-06-25,111290.17379504
2021-06-26,43717.25973239
2021-06-27,29393.57590937
2021-06-28,142201.57177917
2021-06-29,58389.65644797
2021-06-30,79479.22995247
2021-07-01,50602.26498225
2021-07-02,41044.65454066
2021-07-03,23348.43151874
2021-07-04,18824.4265136
2021-07-05,44670.1926404
2021-07-06,46641.19980528
2021-07-07,51498.46486127
2021-07-08,44918.76615251
2021-07-09,32105.42130926
2021-07-10,27565.78529213
2021-07-11,20409.98038535
2021-07-12,77281.14175464
2021-07-13,62736.27545141
2021-07-14,28516.40092319
2021-07-15,89366.38842838
2021-07-16,52922.41711055
2021-07-17,36969.99469352
2021-07-18,30172.96794159
2021-07-19,67564.56349486
2021-07-20,48084.39186037
2021-07-21,69382.27281248
2021-07-22,44867.5358462
2021-07-23,54843.72109178
2021-07-24,76598.00900067
2021-07-25,56921.61632999
2021-07-26,91932.77014038
2021-07-27,78694.49524112
2021-07-28,70722.37368586
2021-07-29,55350.84355379
2021-07-30,38258.184222
2021-07-31,34421.45199438
2021-08-01,37386.00074741
2021-08-02,49047.75236271
2021-08-03,72735.38468775
2021-08-04,43760.17520982
2021-08-05,68935.98686129
2021-08-06,65076.71273539
2021-08-07,51396.60839523
2021-08-08,39147.36011442
2021-08-09,66788.66205585
2021-08-10,80560.23364521
2021-08-11,42548.27461404
2021-08-12,55801.2737236
2021-08-13,40805.69867584
2021-08-14,23225.14526575
2021-08-15,39269.35013242
2021-08-16,43168.55449356
2021-08-17,42448.40107302
2021-08-18,38371.58594383
2021-08-19,56622.82206385
2021-08-20,75636.21751983
2021-08-21,36722.1322455
2021-08-22,38766.08465276
2021-08-23,60708.99697766
2021-08-24,39264.32421784
2021-08-25,51825.5228633
2021-08-26,60599.97891262
2021-08-27,44814.46564788
2021-08-28,26946.42753949
2021-08-29,30431.73268715
2021-08-30,59309.99391372
2021-08-31,81606.98787571
2021-09-01,55632.23939943
2021-09-02,59322.53123014
2021-09-03,73353.62540456
2021-09-04,37669.29590237
2021-09-05,36936.546348
2021-09-06,50368.32273625
2021-09-07,64328.95258122
2021-09-08,85440.66443403
2021-09-09,45507.94366738
2021-09-10,61450.57104823
2021-09-11,25593.41414969
2021-09-12,23745.64583723
2021-09-13,59044.38687315
2021-09-14,49544.18922558
2021-09-15,48300.56604092
2021-09-16,53279.49228487
2021-09-17,38042.16173823
2021-09-18,25601.76003968
2021-09-19,31091.44561573
2021-09-20,49732.0932893
2021-09-21,58237.3824067
2021-09-22,57212.86691235
2021-09-23,55758.50545516
2021-09-24,86645.8119189
2021-09-25,35785.71398175
2021-09-26,72880.01818446
2021-09-27,84009.60793397
2021-09-28,95288.42143482
2021-09-29,57499.87914739
2021-09-30,63748.59430164
2021-10-01,56813.60119773
2021-10-02,51658.51696794
2021-10-03,55899.65093726
2021-10-04,82198.19979098
2021-10-05,55290.80283423
2021-10-06,61521.68410022
2021-10-07,93140.5866894
2021-10-08,64826.89144888
2021-10-09,45963.19802209
2021-10-10,36792.21233352
2021-10-11,51314.18146553
2021-10-12,76070.31675514
2021-10-13,77628.20632004
2021-10-14,46370.65748918
2021-10-15,53717.56325628
2021-10-16,32808.99090947
2021-10-17,23505.67207441
2021-10-18,88522.09658864
2021-10-19,53715.57460066
2021-10-20,56114.9764924
2021-10-21,87060.48469358
2021-10-22,70445.97057093
2021-10-23,36145.48308429
2021-10-24,32542.09194589
2021-10-25,57951.7380987
2021-10-26,43548.41119598
2021-10-27,56605.10006765
2021-10-28,61174.0282747
2021-10-29,52877.57929765
2021-10-30,29010.97817425
2021-10-31,41164.90153577
2021-11-01,77239.55330607
2021-11-02,59394.60873911
2021-11-03,55753.32661469
2021-11-04,75699.58914818
2021-11-05,46228.1225395
2021-11-06,39657.58785661
2021-11-07,32696.78750576
2021-11-08,86106.02701695
2021-11-09,60971.35442753
2021-11-10,87191.8737581
2021-11-11,59657.23163414
2021-11-12,81299.3535167
2021-11-13,32905.56507531
2021-11-14,28785.75629837
2021-11-15,59050.97134651
2021-11-16,66676.75090695
2021-11-17,57928.41420572
2021-11-18,80062.28559297
2021-11-19,77936.41674133
2021-11-20,65344.93744404
2021-11-21,43184.64845099
2021-11-22,68099.36678062
2021-11-23,52921.59490796
2021-11-24,56699.75991336
2021-11-25,57688.38846416
2021-11-26,67966.74411818
2021-11-27,41185.75290695
2021-11-28,37723.18191962
2021-11-29,52205.4563309
2021-11-30,76893.037907
2021-12-01,47733.26101072
2021-12-02,39971.98843913
2021-12-03,45555.57678153
2021-12-04,85985.15569262
2021-12-05,72922.64238835
2021-12-06,78349.10125773
2021-12-07,62026.11281841
2021-12-08,57514.3813666
2021-12-09,57313.15427493
2021-12-10,62757.66046771
2021-12-11,54669.35736508
2021-12-12,42171.59355796
2021-12-13,62202.18889654
2021-12-14,52968.49489606
2021-12-15,82058.15232937
2021-12-16,63137.32245189
2021-12-17,65453.15485573
2021-12-18,38940.88251243
2021-12-19,34564.67900006
2021-12-20,61984.54215166
2021-12-21,54805.66497947
2021-12-22,65442.8775648
2021-12-23,94771.65698182
2021-12-24,66877.09895387
2021-12-25,57669.13369176
2021-12-26,33250.25587387
2021-12-27,55042.9754381
2021-12-28,72531.06098397
2021-12-29,90498.162392
2021-12-30,52201.15019776
2021-12-31,91363.71361234
2022-01-01,139601.65785137
2022-01-02,30460.09157964
2022-01-03,61975.09929986
2022-01-04,65091.31070803
2022-01-05,42817.85595301
2022-01-06,73577.29738652
2022-01-07,74822.65661077
2022-01-08,41653.26882872
2022-01-09,45363.42547691
2022-01-10,77151.341547
2022-01-11,71060.83904652
2022-01-12,79266.6117026
2022-01-13,68810.85373068
2022-01-14,75589.79509908
2022-01-15,39214.35183764
2022-01-16,48426.65085368
2022-01-17,52615.49289242
2022-01-18,108605.5911547
2022-01-19,77775.78218872
2022-01-20,82120.8676592
2022-01-21,108964.38689118
2022-01-22,106162.34773196
2022-01-23,52875.80076693
2022-01-24,102112.04108618
2022-01-25,86861.87199483
2022-01-26,114677.6419559
2022-01-27,89178.32161956
2022-01-28,100007.91425453
2022-01-29,55540.86103689
2022-01-30,31502.22452118
2022-01-31,67575.82766698
2022-02-01,66391.50995693
2022-02-02,88614.38694446
2022-02-03,94505.64087503
2022-02-04,93509.46810171
2022-02-05,80184.61327274
2022-02-06,37665.0071044
2022-02-07,109988.5722142
2022-02-08,61358.10514368
2022-02-09,53396.93006169
2022-02-10,68705.76898087
2022-02-11,65566.68070163
2022-02-12,35915.68482363
2022-02-13,26760.51093485
2022-02-14,85766.32033736
2022-02-15,51497.82923491
2022-02-16,52897.29290972
2022-02-17,64962.33158714
2022-02-18,89665.70715998
2022-02-19,26231.82517991
2022-02-20,36062.29897497
2022-02-21,72406.77630747
2022-02-22,94894.40995555
2022-02-23,58621.54569179
2022-02-24,96891.64394273
2022-02-25,102682.4162241
2022-02-26,32960.55043291
2022-02-27,49781.35427347
2022-02-28,80337.86703827
2022-03-01,95343.13355466
2022-03-02,105040.14051024
2022-03-03,111367.42322083
2022-03-04,116537.06156195
2022-03-05,54664.03905182
2022-03-06,72034.46307773
2022-03-07,156450.50322999
2022-03-08,128355.65052069
2022-03-09,106874.11835978
2022-03-10,117066.79301612
2022-03-11,109255.80921528
2022-03-12,35538.74917083
2022-03-13,31989.37017186
2022-03-14,118216.93789136
2022-03-15,90284.93944564
2022-03-16,83050.21419088
2022-03-17,117304.66447266
2022-03-18,99088.3358449
2022-03-19,75945.8815524
2022-03-20,74983.92187772
2022-03-21,117622.35378802
2022-03-22,185698.39395591
2022-03-23,162266.87970629
2022-03-24,114186.1122361
2022-03-25,264493.96825731
2022-03-26,119038.47461711
2022-03-27,43510.62338327
2022-03-28,135330.87782569
2022-03-29,176157.56022295
2022-03-30,128512.0250435
2022-03-31,139159.71032857
2022-04-01,108931.71075
2022-04-02,44491.35874451
2022-04-03,36440.98168789
2022-04-04,191521.35270025
2022-04-05,151869.50502109
2022-04-06,138856.75000854
2022-04-07,140389.54669864
2022-04-08,123707.32130969
2022-04-09,55235.75888442
2022-04-10,49028.38003971
2022-04-11,196431.49284928
2022-04-12,126274.78719262
2022-04-13,198160.45424459
2022-04-14,130737.17832279
2022-04-15,101065.58584757
2022-04-16,41088.47529258
2022-04-17,78080.29480069
2022-04-18,176051.5469369
2022-04-19,148250.76583509
2022-04-20,143522.36378157
2022-04-21,123239.61694178
2022-04-22,120815.58861829
2022-04-23,44291.07223873
2022-04-24,67248.8779122
2022-04-25,225820.65802255
2022-04-26,200440.01878253
2022-04-27,111255.59751572
2022-04-28,120661.81097399
2022-04-29,123294.99138856
2022-04-30,57059.45084109
2022-05-01,73796.42665869
2022-05-02,200335.09258536
2022-05-03,163468.28470832
2022-05-04,178203.50795319
2022-05-05,173343.8276787
2022-05-06,152867.6316394
2022-05-07,62888.12341489
2022-05-08,167229.59467482
2022-05-09,242390.92901832
2022-05-10,219615.38932824
2022-05-11,195149.70711641
2022-05-12,183464.68176835
2022-05-13,190703.42668868
2022-05-14,128932.96033437
2022-05-15,58454.87615932
2022-05-16,246206.85575016
2022-05-17,186395.29214221
2022-05-18,208681.83794812
2022-05-19,235735.8827617
2022-05-20,227918.00010834
2022-05-21,60962.64084525
2022-05-22,127783.41362843
2022-05-23,325114.46411092
2022-05-24,188532.69561769
2022-05-25,192480.51961061
2022-05-26,175680.1834228
2022-05-27,192418.94786229
2022-05-28,61914.31177764
2022-05-29,42145.71010003
2022-05-30,223556.52373157
2022-05-31,87018.48680284
2022-06-01,108377.06921154
2022-06-02,133136.81510034
2022-06-03,93042.43157122
2022-06-04,52444.62274406
2022-06-05,96188.1308498
2022-06-06,165959.74339296
2022-06-07,133002.34665318
2022-06-08,136427.45277892
2022-06-09,137978.68890402
2022-06-10,113172.1486604
2022-06-11,59333.33795002
2022-06-12,99948.1169783
2022-06-13,206197.27967749
2022-06-14,193769.12104965
2022-06-15,244475.90247226
2022-06-16,194732.04994004
2022-06-17,207975.67829324
2022-06-18,133712.54082595
2022-06-19,120004.47645608
2022-06-20,193918.3878899
2022-06-21,118324.44555452
2022-06-22,165520.06282627
2022-06-23,134464.40606606
2022-06-24,125790.38239066
2022-06-25,49656.51092157
2022-06-26,46651.6280449
2022-06-27,152088.66803952
2022-06-28,129305.13008433
2022-06-29,116092.65170141
2022-06-30,101912.32516292
2022-07-01,112939.58328888
2022-07-02,76437.23684348
2022-07-03,62971.73601351
2022-07-04,240226.70348739
2022-07-05,103467.78366822
2022-07-06,121985.43823069
2022-07-07,129261.42767652
2022-07-08,120754.10669061
2022-07-09,110205.1255867
2022-07-10,61980.54770023
2022-07-11,215396.31641491
2022-07-12,89081.52966952
2022-07-13,150792.03907278
2022-07-14,148915.50626635
2022-07-15,168389.31488021
2022-07-16,61114.59359547
2022-07-17,45154.66754988
2022-07-18,139896.8180895
2022-07-19,93720.64852953
2022-07-20,136177.27713692
2022-07-21,103184.11902521
2022-07-22,102260.79070712
2022-07-23,42555.60483351
2022-07-24,34679.60554966
2022-07-25,105139.0392372
2022-07-26,118007.48512828
2022-07-27,109899.74008751
2022-07-28,104289.6884063
2022-07-29,109526.81846283
2022-07-30,59863.94378342
2022-07-31,55427.67218305
2022-08-01,121976.41513072
2022-08-02,94568.51940203
2022-08-03,85135.27214012
2022-08-04,94311.30922456
2022-08-05,87554.38042131
2022-08-06,43752.44127549
2022-08-07,47636.83153432
2022-08-08,104693.11368626
2022-08-09,98517.90370787
2022-08-10,83394.40222782
2022-08-11,84969.14847505
2022-08-12,72845.16978733
2022-08-13,59718.01718577
2022-08-14,97114.27837432
2022-08-15,140886.11945184
2022-08-16,178145.3891369
2022-08-17,143228.09193374
2022-08-18,164449.83561317
2022-08-19,162237.69571391
2022-08-20,60470.1007987
2022-08-21,55522.43603803
2022-08-22,251682.12196135
2022-08-23,123740.33076388
2022-08-24,134944.04441508
2022-08-25,97861.36544678
2022-08-26,110192.90275835
2022-08-27,54002.05214768
2022-08-28,84417.13189634
2022-08-29,124077.57453371
2022-08-30,96170.87096695
2022-08-31,113350.5224427
2022-09-01,86277.23450196
2022-09-02,173011.63562582
2022-09-03,28469.52120011
2022-09-04,35723.96446521
2022-09-05,206667.95330964
2022-09-06,114913.62269475
2022-09-07,160900.20352228
2022-09-08,134621.1769415
2022-09-09,149913.18765086
2022-09-10,84047.07923321
2022-09-11,39168.62267279
2022-09-12,229167.97738569
2022-09-13,144341.09014415
2022-09-14,226962.45522829
2022-09-15,275105.67407694
2022-09-16,199154.6353078
2022-09-17,34714.52747328
2022-09-18,32529.22559574
2022-09-19,80377.49918571
2022-09-20,209277.06612427
2022-09-21,119935.95041114
2022-09-22,107745.03118552
2022-09-23,72867.21801559
2022-09-24,34943.96514948
2022-09-25,74709.91386708
2022-09-26,119950.52649769
2022-09-27,94736.77638633
2022-09-28,102165.93739173
2022-09-29,128195.121527
2022-09-30,164586.27186366
2022-10-01,28370.91673194
2022-10-02,34455.80102081
2022-10-03,151881.239679
2022-10-04,103482.31171985
2022-10-05,118881.427286
2022-10-06,200878.41043125
2022-10-07,120650.18943991
2022-10-08,40683.10931329
2022-10-09,25294.91893954
2022-10-10,178108.75549706
2022-10-11,138985.31086958
2022-10-12,164313.46132693
2022-10-13,180228.91544427
2022-10-14,189967.43624549
2022-10-15,33968.53680987
2022-10-16,34965.4301143
2022-10-17,273327.64870401
2022-10-18,166237.93207181
2022-10-19,192480.56751942
2022-10-20,279976.43197567
2022-10-21,94204.72514799
2022-10-22,82394.6358391
2022-10-23,67760.43066132
2022-10-24,190878.36399603
2022-10-25,198473.06867503
2022-10-26,162870.54452131
2022-10-27,275271.48576099
2022-10-28,221229.32687559
2022-10-29,82464.25621221
2022-10-30,53923.50399974
2022-10-31,274340.06544097
2022-11-01,221593.91566661
2022-11-02,253863.2052144
2022-11-03,263232.67230142
2022-11-04,122869.9793141
2022-11-05,80508.95936742
2022-11-06,118469.95771911
2022-11-07,128394.52031167
2022-11-08,182920.57665944
2022-11-09,133730.11449972
2022-11-10,184942.99485329
2022-11-11,162356.66664992
2022-11-12,142889.5849199
2022-11-13,63210.38063306
2022-11-14,242162.59915988
2022-11-15,137145.77291259
2022-11-16,157778.18697967
2022-11-17,186599.67964
2022-11-18,130404.2472287
2022-11-19,94330.99723854
2022-11-20,76575.36250503
2022-11-21,217096.54323739
2022-11-22,167923.5772245
2022-11-23,179788.21810986
2022-11-24,152049.88795922
2022-11-25,266691.59014307
2022-11-26,62002.71742412
2022-11-27,66431.08963593
2022-11-28,298912.75554959
2022-11-29,271326.62330002
2022-11-30,165361.03410005
2022-12-01,152342.24684784
2022-12-02,159800.54578879
2022-12-03,69684.86189942
2022-12-04,71127.10993782
2022-12-05,251401.34912218
2022-12-06,165972.84322962
2022-12-07,146709.04592448
2022-12-08,116919.12266141
2022-12-09,114554.38929971
2022-12-10,44772.10025877
2022-12-11,47801.49297072
2022-12-12,177427.53126961
2022-12-13,149851.72572688
2022-12-14,133312.6319376
2022-12-15,123842.0164613
2022-12-16,526430.14208817
2022-12-17,65947.29379056
2022-12-18,59185.06459568
2022-12-19,274162.04774947
2022-12-20,130530.49485022
2022-12-21,105806.12639709
2022-12-22,114151.20699443
2022-12-23,105166.94204489
2022-12-24,40932.09899499
2022-12-25,92135.75154574
2022-12-26,157048.1643747
2022-12-27,206563.54444567
2022-12-28,182007.75828489
2022-12-29,423786.98869943
2022-12-30,142036.78799756
2022-12-31,65467.38488328
2023-01-01,58876.41432527
2023-01-02,65931.60017
2023-01-03,370172.78985727
2023-01-04,343067.94963725
2023-01-05,292746.80806804
2023-01-06,170237.49162369
2023-01-07,47911.85804803
2023-01-08,76534.19037807
2023-01-09,685625.54131788
2023-01-10,249156.54891749
2023-01-11,548914.62573383
2023-01-12,212195.91275451
2023-01-13,390863.10017489
2023-01-14,103363.22957652
2023-01-15,60441.95795819
2023-01-16,439586.6199984
2023-01-17,228502.41140752
2023-01-18,229348.11012739
2023-01-19,317273.75150861
2023-01-20,226688.9676218
2023-01-21,86467.94527314
2023-01-22,148030.73146478
2023-01-23,334294.34540699
2023-01-24,171596.26465463
2023-01-25,222109.1591458
2023-01-26,240315.91071406
2023-01-27,318458.351044
2023-01-28,81412.44746265
2023-01-29,88709.97860555
2023-01-30,179743.55282114
2023-01-31,159167.81422208
2023-02-01,97441.62453344
2023-02-02,80181.36707354
2023-02-03,387672.88047138
2023-02-04,36455.44634416
2023-02-05,34853.85480356
2023-02-06,132999.99450476
2023-02-07,108680.63014438
2023-02-08,129260.93889494
2023-02-09,158911.67757527
2023-02-10,844567.27279135
2023-02-11,76219.13956525
2023-02-12,79948.27631785
2023-02-13,257065.8928875
2023-02-14,514294.76357979
2023-02-15,172918.51853001
2023-02-16,101819.02118101
2023-02-17,94712.43994167
2023-02-18,39954.05764706
2023-02-19,37261.44932594
2023-02-20,53208.63299223
2023-02-21,76490.84213925
2023-02-22,134193.97070903
2023-02-23,112492.69673307
2023-02-24,114684.99797633
2023-02-25,45233.94999158
2023-02-26,46994.03138298
2023-02-27,128959.00575875
2023-02-28,91237.56480759
2023-03-01,99172.47186823
2023-03-02,107301.13090215
2023-03-03,216188.1681172
2023-03-04,106011.37624329
2023-03-05,47240.66452491
2023-03-06,160774.88490987
2023-03-07,181224.36994166
2023-03-08,101689.74944326
2023-03-09,101202.25758987
2023-03-10,309502.04484173
2023-03-11,208317.37360257
2023-03-12,263252.10440451
2023-03-13,520383.7540678
2023-03-14,459387.61923371
2023-03-15,412824.12958461
2023-03-16,332520.21875463
2023-03-17,263982.88481045
2023-03-18,68311.61376354
2023-03-19,77877.13484138
2023-03-20,282678.71137742
2023-03-21,195768.84994523
2023-03-22,219325.83385071
2023-03-23,210544.60872776
2023-03-24,181117.13290357
2023-03-25,52229.94762808
2023-03-26,40450.19392484
2023-03-27,130839.04611388
2023-03-28,91244.51012454
2023-03-29,80077.50138054
2023-03-30,107384.27561634
2023-03-31,99013.2575599
2023-04-01,38806.03272664
2023-04-02,26656.09817356
2023-04-03,66340.37276723
2023-04-04,68159.95771463
2023-04-05,38150.60357043
2023-04-06,40511.61063488
2023-04-07,29169.51029709
2023-04-08,39622.73106817
2023-04-09,40352.86871369
2023-04-10,57694.09047228
2023-04-11,83967.13044278
2023-04-12,127768.35411536
2023-04-13,107030.46608812
2023-04-14,83838.83219631
2023-04-15,43258.9775377
2023-04-16,40194.91290398
2023-04-17,92090.30565134
2023-04-18,90753.93829463
2023-04-19,90262.90085803
2023-04-20,90571.48185144
2023-04-21,121486.06322912
2023-04-22,45691.71075147
2023-04-23,32685.2335826
2023-04-24,65841.2181683
2023-04-25,72435.74456176
2023-04-26,74678.91213432
2023-04-27,127560.36623698
2023-04-28,86298.95552379
2023-04-29,38820.47897093
2023-04-30,44465.63344469
2023-05-01,72134.93232755
2023-05-02,87262.47580689
2023-05-03,86220.08816985
2023-05-04,60387.55366926
2023-05-05,73495.33658586
2023-05-06,47199.47788991
2023-05-07,25200.62975613
2023-05-08,71278.60647891
2023-05-09,87456.36645406
2023-05-10,101384.30001153
2023-05-11,93869.03076092
2023-05-12,77573.95379674
2023-05-13,28517.32430118
2023-05-14,23551.89509251
2023-05-15,103779.70391862
2023-05-16,153050.77245573
2023-05-17,119657.37433882
2023-05-18,54655.38355067
2023-05-19,41567.16005951
2023-05-20,20346.61847024
2023-05-21,38549.99416123
2023-05-22,96315.99915889
2023-05-23,102875.42627415
2023-05-24,211103.89970839
2023-05-25,97855.4075634
2023-05-26,101721.25223356
2023-05-27,33961.65299724
2023-05-28,58694.8929879
2023-05-29,75527.05246753
2023-05-30,104434.46141101
2023-05-31,112470.99430626
2023-06-01,66348.54557368
2023-06-02,81866.14385043
2023-06-03,48981.87370983
2023-06-04,39451.46740132
2023-06-05,140976.13966024
2023-06-06,133336.78823339
2023-06-07,135371.7813105
2023-06-08,66580.30929025
2023-06-09,87590.93
2023-06-10,72575.10922106
2023-06-11,47039.35091224
2023-06-12,99860.06268356
2023-06-13,92856.73899128
2023-06-14,83849.76979262
2023-06-15,132047.48904416
2023-06-16,114261.02279425
2023-06-17,65721.16509491
2023-06-18,51971.06498426
2023-06-19,72354.02231975
2023-06-20,124791.04112029
2023-06-21,121418.13141582
2023-06-22,137034.52542915
2023-06-23,140484.53354097
2023-06-24,43759.83873189
2023-06-25,62088.98643314
2023-06-26,86626.33361184
2023-06-27,111455.35010837
2023-06-28,89001.34324077
2023-06-29,127326.48227719
2023-06-30,216847.06496857
2023-07-01,46298.60858272
2023-07-02,36506.31449344
2023-07-03,77709.1951733
2023-07-04,55143.08093266
2023-07-05,84664.40206034
2023-07-06,123625.39438845
2023-07-07,100428.1455232
2023-07-08,30636.95464825
2023-07-09,28980.55541356
2023-07-10,84318.34500786
2023-07-11,79315.33841616
2023-07-12,241943.76064951
2023-07-13,124663.09990008
2023-07-14,124335.22588179
2023-07-15,52423.09860648
2023-07-16,36990.00830284
2023-07-17,269611.18077017
2023-07-18,108307.9694085
2023-07-19,99814.71691671
2023-07-20,108358.88842659
2023-07-21,102471.06952928
2023-07-22,46113.92631307
2023-07-23,46616.90637334
2023-07-24,170011.62868961
2023-07-25,93447.91665908
2023-07-26,127715.52230257
2023-07-27,95148.49782824
2023-07-28,92788.48618823
2023-07-29,27612.09350885
2023-07-30,35815.72794616
2023-07-31,130934.63459165
2023-08-01,141282.87970303
2023-08-02,92033.41440127
2023-08-03,126475.87459791
2023-08-04,104504.49365338
2023-08-05,33398.99143195
2023-08-06,34870.97474474
2023-08-07,156571.60686472
2023-08-08,145085.25027347
2023-08-09,79236.14083574
2023-08-10,118980.34159312
2023-08-11,129191.22770545
2023-08-12,67154.42240971
2023-08-13,34943.94487672
2023-08-14,175796.07586678
2023-08-15,93653.84709124
2023-08-16,100207.0556488
2023-08-17,164461.46423418
2023-08-18,118041.3289677
2023-08-19,78047.88692095
2023-08-20,44633.68144076
2023-08-21,80449.18321149
2023-08-22,99791.72254097
2023-08-23,104050.59792146
2023-08-24,78576.73149613
2023-08-25,107229.37485428
2023-08-26,52255.71130037
2023-08-27,29361.97940973
2023-08-28,71057.32101874
2023-08-29,150759.94429394
2023-08-30,71314.38340858
2023-08-31,85691.24363407
2023-09-01,91988.12185724
2023-09-02,52907.57983432
2023-09-03,43106.39138134
2023-09-04,85959.2874566
2023-09-05,106989.96038203
2023-09-06,87017.45475443
2023-09-07,109459.48535781
2023-09-08,83833.41260344
2023-09-09,29456.41853008
2023-09-10,44182.32239076
2023-09-11,101611.10979281
2023-09-12,111628.50976622
2023-09-13,96936.39823213
2023-09-14,106911.41316971
2023-09-15,83522.60279939
2023-09-16,35051.46070847
2023-09-17,25179.06673303
2023-09-18,96015.89268056
2023-09-19,98892.26277599
2023-09-20,96779.28353772
2023-09-21,81966.53691841
2023-09-22,46997.99605823
2023-09-23,20394.16985778
2023-09-24,21203.49798157
2023-09-25,102577.66523127
2023-09-26,68282.41424974
2023-09-27,89697.35996897
2023-09-28,104649.75419273
2023-09-29,112134.69249334
2023-09-30,43314.72089536
2023-10-01,44442.09702717
2023-10-02,101415.2567797
2023-10-03,108391.90472475
2023-10-04,80957.94495003
2023-10-05,71269.27498502
2023-10-06,92395.85351595
2023-10-07,24180.75043378
2023-10-08,39922.93385135
2023-10-09,70246.53668286
2023-10-10,88724.77014414
2023-10-11,100798.32049958
2023-10-12,73780.40184615
2023-10-13,60483.82792253
2023-10-14,25485.05495342
2023-10-15,27707.38386335
2023-10-16,104073.44778121
2023-10-17,94342.09682517
2023-10-18,96878.40292085
2023-10-19,109754.17909405
2023-10-20,110154.80627562
2023-10-21,56272.10435375
2023-10-22,43219.02984967
2023-10-23,122731.46105955
2023-10-24,117220.5164011
2023-10-25,65205.05134585
2023-10-26,87504.95766547
2023-10-27,80922.77365489
2023-10-28,27818.04460468
2023-10-29,40055.80630999
2023-10-30,87232.95165863
2023-10-31,106298.67486173
2023-11-01,90584.73511974
2023-11-02,139772.18477453
2023-11-03,106195.0923892
2023-11-04,44342.67753765
2023-11-05,39687.69141617
2023-11-06,111674.72286238
2023-11-07,127319.42781788
2023-11-08,93702.73222798
2023-11-09,135652.58823062
2023-11-10,95313.85560846
2023-11-11,65567.39753683
2023-11-12,48305.8674193
2023-11-13,156334.87885798
2023-11-14,103924.8308989
2023-11-15,99858.42141597
2023-11-16,119047.22457321
2023-11-17,103440.0041049
2023-11-18,69357.50823105
2023-11-19,39781.81857155
2023-11-20,82602.6271867
2023-11-21,91677.29238968
2023-11-22,88648.08691295
2023-11-23,56349.93171826
2023-11-24,99217.69277173
2023-11-25,22988.4224944
2023-11-26,40511.57288498
2023-11-27,102615.41975319
2023-11-28,59370.54151097
2023-11-29,96921.60508157
2023-11-30,71042.06706541
2023-12-01,67767.51539402
2023-12-02,37445.24333978
2023-12-03,26439.24557457
2023-12-04,84578.21322908
2023-12-05,94611.73574004
2023-12-06,69051.69933417
2023-12-07,80424.39972114
2023-12-08,78744.88485137
2023-12-09,40327.70905849
2023-12-10,33625.20249486
2023-12-11,118148.28789564
2023-12-12,103814.81093115
2023-12-13,139470.59180439
2023-12-14,106476.02188388
2023-12-15,106281.25654801
2023-12-16,52098.01887366
2023-12-17,61592.01869886
2023-12-18,121077.75073295
2023-12-19,94638.96484307
2023-12-20,123292.73216029
2023-12-21,101413.00239726
2023-12-22,82398.582824
2023-12-23,39813.65443039
2023-12-24,36691.84001929
2023-12-25,48493.67765828
2023-12-26,115343.64987633
2023-12-27,95900.02418977
2023-12-28,99256.37633188
2023-12-29,114482.32059966
2023-12-30,62440.94369864
2023-12-31,62682.86198781
2024-01-01,86876.19596299
2024-01-02,107038.53882849
2024-01-03,111942.26649035
2024-01-04,110404.53288847
2024-01-05,92426.14482775
2024-01-06,29591.71934621
2024-01-07,30201.73086729
2024-01-08,105790.13303243
2024-01-09,100540.73323703
2024-01-10,128471.99212984
2024-01-11,187128.38696712
2024-01-12,145333.25526351
2024-01-13,55468.49716158
2024-01-14,29807.92505957
2024-01-15,76522.70321428
2024-01-16,145470.94640642
2024-01-17,163277.47189426
2024-01-18,151485.09639766
2024-01-19,208346.64857496
2024-01-20,106675.32643178
2024-01-21,28908.02628645
2024-01-22,88416.95658608
2024-01-23,102940.12220534
2024-01-24,87343.64906169
2024-01-25,78463.02166118
2024-01-26,100908.7419016
2024-01-27,34401.60695994
2024-01-28,41455.26050366
2024-01-29,108003.53351005
2024-01-30,202542.15823848
2024-01-31,99425.77445946
2024-02-01,94131.40870179
2024-02-02,79054.89060729
2024-02-03,23110.81833149
2024-02-04,17192.03514349
2024-02-05,74116.05020283
2024-02-06,110260.68561625
2024-02-07,101557.89354575
2024-02-08,145291.5255908
2024-02-09,255452.38479368
2024-02-10,88329.87839164
2024-02-11,48551.30289048
2024-02-12,154193.64319562
2024-02-13,163283.34876938
2024-02-14,92785.81103761
2024-02-15,88661.55303208
2024-02-16,86570.00208231
2024-02-17,32401.18985706
2024-02-18,34782.86079887
2024-02-19,65996.58724472
2024-02-20,99272.17065624
2024-02-21,112749.0689422
2024-02-22,131048.25532172
2024-02-23,97824.98551199
2024-02-24,25342.87511763
2024-02-25,34751.29722387
2024-02-26,106418.03291785
2024-02-27,110885.69199568
2024-02-28,142911.95964017
2024-02-29,150273.16174776
2024-03-01,103090.55829226
2024-03-02,51137.84429859
2024-03-03,42595.40572087
2024-03-04,130432.1979127
2024-03-05,168304.44818331
2024-03-06,128893.60601
2024-03-07,143405.51331929
2024-03-08,177879.71521096
2024-03-09,66472.74205077
2024-03-10,88029.80452204
2024-03-11,185415.08980788
2024-03-12,151781.88014974
2024-03-13,120566.97401275
2024-03-14,174390.60614157
2024-03-15,192406.33580905
2024-03-16,86571.95911798
2024-03-17,78407.8373261
2024-03-18,154552.47630344
2024-03-19,236093.10201679
2024-03-20,214637.0543873
2024-03-21,155665.0015124
2024-03-22,155045.61773658
2024-03-23,55250.91266835
2024-03-24,54296.99188534
2024-03-25,119368.19526458
2024-03-26,131845.3841096
2024-03-27,171379.00482261
2024-03-28,156074.10548136
2024-03-29,147533.08454152
2024-03-30,51472.84247954
2024-03-31,73368.63531237
2024-04-01,198482.73485422
2024-04-02,208632.27793687
2024-04-03,187866.10660535
2024-04-04,215384.71989651
2024-04-05,215817.87997501
2024-04-06,63382.94360916
2024-04-07,59911.61926738
2024-04-08,192070.07206457
2024-04-09,180104.44650038
2024-04-10,143188.90416075
2024-04-11,118985.99659856
2024-04-12,247546.24347196
2024-04-13,147436.61360072
2024-04-14,113582.79485321
2024-04-15,166580.67139622
2024-04-16,182529.39248613
2024-04-17,206244.60040503
2024-04-18,160306.37879118
2024-04-19,213989.7590438
2024-04-20,71051.65715446
2024-04-21,90780.32979103
2024-04-22,183238.31198165
2024-04-23,155144.13329332
2024-04-24,221597.57771636
2024-04-25,375735.75652893
2024-04-26,110427.57793334
2024-04-27,57284.82884706
2024-04-28,55194.3617807
2024-04-29,147097.15050836
2024-04-30,223774.75728355
2024-05-01,167083.06938959
2024-05-02,221877.93932146
2024-05-03,126022.74393782
2024-05-04,77332.43471425
2024-05-05,20680.54417094
2024-05-06,79006.29527488
2024-05-07,57988.77063704
2024-05-08,133812.10435938
2024-05-09,129299.85319656
2024-05-10,95575.66191177
2024-05-11,58649.45754478
2024-05-12,25162.60867156
2024-05-13,74904.48435278
2024-05-14,124656.66917445
2024-05-15,130196.64289248
2024-05-16,49927.81356767
2024-05-17,68065.07367895
2024-05-18,66108.89924778
2024-05-19,47808.13911183
2024-05-20,177599.52524155
2024-05-21,264825.90148251
2024-05-22,175643.54703594
2024-05-23,210718.69868792
2024-05-24,149343.36059949
2024-05-25,40398.88914709
2024-05-26,79431.15407881
2024-05-27,119329.91138744
2024-05-28,172951.3641629
2024-05-29,149882.11130868
2024-05-30,142229.82641084
2024-05-31,129335.11674091
2024-06-01,48434.43254588
2024-06-02,48247.97298955
2024-06-03,165219.70659862
2024-06-04,128270.51398251
2024-06-05,161178.50862205
2024-06-06,161593.75912006
2024-06-07,147478.08951019
2024-06-08,54791.94781397
2024-06-09,34430.32579476
2024-06-10,105740.0306481
2024-06-11,173249.67404235
2024-06-12,150425.95743896
2024-06-13,171028.40450065
2024-06-14,178657.6660831
2024-06-15,55199.80503556
2024-06-16,57024.16243205
2024-06-17,143584.22034795
2024-06-18,116742.36784806
2024-06-19,78764.43862587
2024-06-20,122778.90737643
2024-06-21,112579.41092555
2024-06-22,40024.38114612
2024-06-23,28200.32820016
2024-06-24,102700.71966572
2024-06-25,118102.16412519
2024-06-26,148552.16875854
2024-06-27,191670.48925478
2024-06-28,172571.84862184
2024-06-29,45255.82908411
2024-06-30,58431.20100697
2024-07-01,144345.88377017
2024-07-02,130422.87684956
2024-07-03,128126.17628764
2024-07-04,85008.15846262
2024-07-05,173804.22890433
2024-07-06,43948.29019482
2024-07-07,42380.63249708
2024-07-08,141373.84764002
2024-07-09,105832.47096122
2024-07-10,113581.03977808
2024-07-11,126664.41328257
2024-07-12,107273.3788473
2024-07-13,37729.94552814
2024-07-14,39463.97065689
2024-07-15,140567.87809935
2024-07-16,121264.20335879
2024-07-17,130435.47439295
2024-07-18,91883.0453933
2024-07-19,145918.06876089
2024-07-20,65875.19920132
2024-07-21,90466.69370265
2024-07-22,117876.08475357
2024-07-23,197993.86973698
2024-07-24,123423.56551603
2024-07-25,108447.50615469
2024-07-26,102406.08640497
2024-07-27,62705.23026623
2024-07-28,24043.61691206
2024-07-29,153057.83753133
2024-07-30,144126.11323087
2024-07-31,131661.80646952
2024-08-01,139213.67796902
2024-08-02,114728.85337826
2024-08-03,54706.45189573
2024-08-04,81847.5563327
2024-08-05,232346.82995551
2024-08-06,164810.24021233
2024-08-07,119031.98468072
2024-08-08,120610.47175786
2024-08-09,113535.44891116
2024-08-10,27557.39271428
2024-08-11,34907.41990624
2024-08-12,139447.04174916
2024-08-13,90643.9429449
2024-08-14,127529.81002022
2024-08-15,86089.890999
2024-08-16,107240.70585244
2024-08-17,36549.34986435
2024-08-18,35715.28598001
2024-08-19,102625.39334471
2024-08-20,138498.75949352
2024-08-21,112031.16542303
2024-08-22,117554.68514485
2024-08-23,141841.36199543
2024-08-24,49763.54548691
2024-08-25,47065.21235953
2024-08-26,110786.50160193
2024-08-27,119454.27270821
2024-08-28,98647.26998422
2024-08-29,98416.89104626
2024-08-30,84222.43564167
2024-08-31,29274.29737926
2024-09-01,29218.90215828
2024-09-02,56197.47283259
2024-09-03,74062.27127539
2024-09-04,77993.79549066
2024-09-05,87617.26952441
2024-09-06,120100.65792179
2024-09-07,37235.48032628
2024-09-08,29179.75997084
2024-09-09,102496.62866355
2024-09-10,73035.12378431
2024-09-11,83533.46432259
2024-09-12,82545.6542053
2024-09-13,125273.21617269
2024-09-14,35687.72215361
2024-09-15,46879.13033615
2024-09-16,127340.89000716
2024-09-17,92224.84381862
2024-09-18,106164.85725294
2024-09-19,152653.49157968
2024-09-20,140141.55897619
2024-09-21,32237.83816014
2024-09-22,46700.4491796
2024-09-23,104132.76007802
2024-09-24,97644.6670394
2024-09-25,108456.11770981
2024-09-26,104525.70064401
2024-09-27,112743.16929487
2024-09-28,24905.10484083
2024-09-29,24331.54525328
2024-09-30,167315.90428361
2024-10-01,144042.55240683
2024-10-02,95439.3743451
2024-10-03,94082.25738248
2024-10-04,94065.80967273
2024-10-05,17244.75605625
2024-10-06,23982.4307839
2024-10-07,138710.58399017
2024-10-08,152012.77221355
2024-10-09,148676.23230109
2024-10-10,83526.95516565
2024-10-11,81305.76581793
2024-10-12,21738.74486645
2024-10-13,18760.96028197
2024-10-14,113070.34652127
2024-10-15,155858.43092148
2024-10-16,138188.80400509
2024-10-17,117526.88025607
2024-10-18,102552.54493328
2024-10-19,34363.64456224
2024-10-20,37431.84753858
2024-10-21,152502.73811451
2024-10-22,107620.92641962
2024-10-23,186476.9386275
2024-10-24,151342.00433159
2024-10-25,152183.43455506
2024-10-26,62072.35319989
2024-10-27,38391.27040299
2024-10-28,118818.63510664
2024-10-29,148902.67044856
2024-10-30,123788.13587222
2024-10-31,132736.21775906
2024-11-01,143468.70811892
2024-11-02,30389.1439447
2024-11-03,33938.17335206
2024-11-04,107473.64438994
2024-11-05,92048.70896719
2024-11-06,262295.4149874
2024-11-07,234912.73027161
2024-11-08,196584.40129033
2024-11-09,123388.29753411
2024-11-10,96092.69688645
2024-11-11,169035.74527783
2024-11-12,227753.77350106
2024-11-13,201313.09402464
2024-11-14,176833.12404169
2024-11-15,161093.83417367
2024-11-16,48237.98553475
2024-11-17,56673.78593533
2024-11-18,159637.7807737
2024-11-19,162989.8599438
2024-11-20,163072.47804704
2024-11-21,222615.6728643
2024-11-22,209147.34981327
2024-11-23,78674.57153278
2024-11-24,61398.77345494
2024-11-25,200240.56750736
2024-11-26,200753.79417987
2024-11-27,210742.46758022
2024-11-28,113281.55017029
2024-11-29,168219.54936694
2024-11-30,67270.85852254
2024-12-01,61800.22455629
2024-12-02,184114.67099892
2024-12-03,165662.66641063
2024-12-04,176225.58858903
2024-12-05,265515.77477888
2024-12-06,168856.07016908
2024-12-07,68182.23252436
2024-12-08,83282.85200906
2024-12-09,233011.65484989
2024-12-10,153407.66139196
2024-12-11,190603.47598546
2024-12-12,151906.45741706
2024-12-13,160122.54657935
2024-12-14,54276.57141758
2024-12-15,59031.21359035
2024-12-16,175028.34530609
2024-12-17,176459.03460307
2024-12-18,131189.33840466
2024-12-19,156333.65222531
2024-12-20,188707.06824365
2024-12-21,84747.51166774
2024-12-22,50402.89219215
2024-12-23,161098.12288283
2024-12-24,193166.38649093
2024-12-25,69785.01116173
2024-12-26,129321.02454874
2024-12-27,121343.24326754
2024-12-28,37392.4135308
2024-12-29,44067.04502913
2024-12-30,181922.66026382
2024-12-31,136166.38466732
2025-01-01,154755.3588799
2025-01-02,151065.0015975
2025-01-03,160715.81848697
2025-01-04,45681.25964377
2025-01-05,32675.02708585
2025-01-06,153211.4560133
2025-01-07,217997.93583956
2025-01-08,151339.66396825
2025-01-09,126091.57238752
2025-01-10,105405.95775823
2025-01-11,34988.38655643
2025-01-12,24245.58645294
2025-01-13,147634.99270514
2025-01-14,109766.69647824
2025-01-15,134455.78601685
2025-01-16,140094.59097223
2025-01-17,165307.75509576
2025-01-18,101340.9061913
2025-01-19,130115.41131671
2025-01-20,222113.02011356
2025-01-21,327159.79338344
2025-01-22,205835.8826921
2025-01-23,207449.34885507
2025-01-24,149449.68282301
2025-01-25,48654.81366575
2025-01-26,45653.93544577
2025-01-27,199607.51063525
2025-01-28,103559.53034355
2025-01-29,90603.51318142
2025-01-30,135794.26842193
2025-01-31,158383.08179062
2025-02-01,46275.94587748
2025-02-02,75581.87544041
2025-02-03,257171.846082
2025-02-04,188289.1091591
2025-02-05,130015.07686056
2025-02-06,113142.73961528
2025-02-07,173613.13816349
2025-02-08,108145.58946918
2025-02-09,62768.74800164
2025-02-10,173792.64245158
2025-02-11,142014.51868825
2025-02-12,142141.80538497
2025-02-13,108818.07493465
2025-02-14,113212.9517526
2025-02-15,41444.38033035
2025-02-16,40721.29929557
2025-02-17,71332.80047552
2025-02-18,164459.58852658
2025-02-19,132630.38719036
2025-02-20,123857.33767014
2025-02-21,209415.36160563
2025-02-22,90332.32401189
2025-02-23,65017.14104934
2025-02-24,185417.66153208
2025-02-25,183503.70385027
2025-02-26,172909.08756621
2025-02-27,158622.58271005
2025-02-28,240610.33464197
2025-03-01,61024.92055326
2025-03-02,102887.81774066
2025-03-03,182548.08624817
2025-03-04,128360.50559823
2025-03-05,130909.57577283
2025-03-06,109552.12045697
2025-03-07,138531.51787654
2025-03-08,28279.46256361
2025-03-09,46372.32157192
2025-03-10,148210.21103451
2025-03-11,102891.25265898
2025-03-12,147700.7363008
2025-03-13,156076.36851611
2025-03-14,143638.86789206
2025-03-15,71790.96706885
2025-03-16,51853.47499491
2025-03-17,126630.82306125
2025-03-18,93843.51294308
2025-03-19,154272.82949903
2025-03-20,141971.39627474
2025-03-21,133143.43947201
2025-03-22,38807.32777381
2025-03-23,54745.00696762
2025-03-24,218585.43504998
2025-03-25,175607.25553654
2025-03-26,122155.81546616
2025-03-27,113968.71500548
2025-03-28,148407.71986949
2025-03-29,34184.52065578
2025-03-30,34969.1092583
2025-03-31,147539.8760369
2025-04-01,99207.69895172
2025-04-02,104916.98776304
2025-04-03,92048.5122443
2025-04-04,91334.38709683
2025-04-05,26179.62639075
2025-04-06,43812.88619338
2025-04-07,115546.11168955
2025-04-08,124615.52395558
2025-04-09,134625.69038175
2025-04-10,108877.6761598
2025-04-11,96894.47494763
2025-04-12,30416.6928277
2025-04-13,26976.28800935
2025-04-14,103781.97834192
2025-04-15,114222.3216873
2025-04-16,71425.30780898
2025-04-17,81183.6763378
2025-04-18,62208.15683995
2025-04-19,25947.91098394
2025-04-20,25884.16059619
2025-04-21,102333.07965725
2025-04-22,167260.60684555
2025-04-23,141569.26179215
2025-04-24,137310.51132275
2025-04-25,115535.88675706
2025-04-26,79804.74182561
2025-04-27,40404.42995929
2025-04-28,103870.2360331
2025-04-29,82570.40014128
2025-04-30,80929.1472524
2025-05-01,74382.94766176
2025-05-02,84434.96638494
2025-05-03,35351.7358619
2025-05-04,29041.72244631
2025-05-05,90247.27545123
2025-05-06,127932.44348983
2025-05-07,90794.8466629
2025-05-08,135437.2163962
2025-05-09,160155.25813598
2025-05-10,49343.22708324
2025-05-11,41138.7672669
2025-05-12,120114.33011452
2025-05-13,108562.61289425
2025-05-14,99800.31058369
2025-05-15,133522.35646757
2025-05-16,65313.50139343
2025-05-17,31092.32439743
2025-05-18,40030.35237634
2025-05-19,81870.56958655
2025-05-20,76821.71928088
2025-05-21,108538.82762731
2025-05-22,114802.76274526
2025-05-23,99176.90843722
2025-05-24,27876.45946693
2025-05-25,33448.81951049
2025-05-26,80692.00604356
2025-05-27,118193.55629152
2025-05-28,79440.76129601
2025-05-29,111813.57500465
2025-05-30,82342.51697924
2025-05-31,30797.87926897
2025-06-01,24525.2747882
2025-06-02,93907.09788521
2025-06-03,108423.59351772
2025-06-04,68531.40755879
2025-06-05,100120.61337553
2025-06-06,110245.26123672
2025-06-07,36837.28595512
2025-06-08,30474.89908119
2025-06-09,94646.92765697
2025-06-10,97285.38823665
2025-06-11,74179.25610583
2025-06-12,76921.17241633
2025-06-13,96277.87266686
2025-06-14,29574.86279906
2025-06-15,30683.15058525
2025-06-16,82545.84300059
2025-06-17,69194.17883796
2025-06-18,71355.70317453
2025-06-19,43220.78351005
2025-06-20,94150.23792821
2025-06-21,34363.61355373
2025-06-22,44623.25132026
2025-06-23,89276.48849364
2025-06-24,109981.35349473
2025-06-25,78239.08627236
2025-06-26,81402.56692663
2025-06-27,70373.82376539
2025-06-28,19712.85062904
2025-06-29,22686.26598907
2025-06-30,81647.89166097
2025-07-01,53167.68864263
2025-07-02,92729.56056065
2025-07-03,77306.76644985
2025-07-04,51088.63433297
2025-07-05,19637.99690983
2025-07-06,25574.19217274
2025-07-07,74626.75044264
2025-07-08,54208.96312339
2025-07-09,74920.67788031
2025-07-10,94556.62376527
2025-07-11,86147.58727115
2025-07-12,40302.83515403
2025-07-13,41931.24067535
2025-07-14,108201.94440737
2025-07-15,138548.01877415
2025-07-16,126242.42048676
2025-07-17,129288.73239334
2025-07-18,165367.78313182
2025-07-19,60466.5827642
2025-07-20,45911.02465077
2025-07-21,106165.10494397
2025-07-22,89057.18746078
2025-07-23,106010.09207116
2025-07-24,105900.86568634
2025-07-25,152080.07760301
2025-07-26,57512.76407717
2025-07-27,46021.24746369
2025-07-28,109455.21480927
2025-07-29,117283.02619834
2025-07-30,97780.60894279
2025-07-31,122461.41717722
2025-08-01,137716.67567896
2025-08-02,59582.69319108
2025-08-03,57312.26132937
2025-08-04,102180.91705548
2025-08-05,81454.53323856
2025-08-06,120591.37739948
2025-08-07,101432.62603061
2025-08-08,109000.93651526
2025-08-09,46017.14399075
2025-08-10,51973.03579496
2025-08-11,105396.45806497
2025-08-12,96487.76954164
2025-08-13,140321.90758932
2025-08-14,144039.16862619
2025-08-15,132393.97557093
2025-08-16,58997.44505515
2025-08-17,56634.9325011
2025-08-18,99239.1534819
2025-08-19,123481.49746703
2025-08-20,114830.79903671
2025-08-21,72151.32509596
2025-08-22,128188.46244954
2025-08-23,50644.8910844
2025-08-24,60701.61729594
2025-08-25,128856.10070695
2025-08-26,108180.00629909
2025-08-27,91206.89525422
2025-08-28,119382.40603055
2025-08-29,123135.12918329
2025-08-30,67571.35745439
2025-08-31,55132.05545672
2025-09-01,98775.83836863
2025-09-02,104045.12095523
2025-09-03,92815.40493916
2025-09-04,84625.64270543
2025-09-05,94583.95968682
2025-09-06,29010.1598717
2025-09-07,33028.45806655
2025-09-08,92527.56207642
2025-09-09,90149.75395533
2025-09-10,100286.86424174
2025-09-11,131638.29619062
2025-09-12,126873.57648217
2025-09-13,56723.15569507
2025-09-14,66439.0200348
2025-09-15,117092.4929425
2025-09-16,82662.69059122
2025-09-17,71864.99345364
2025-09-18,135928.73807582
2025-09-19,82823.02426654
2025-09-20,52601.08270673
2025-09-21,60468.34896398
2025-09-22,131670.16411743
2025-09-23,119547.96150741
2025-09-24,87620.69763215
2025-09-25,106155.69051807
2025-09-26,115929.68451416
2025-09-27,44521.40621637
2025-09-28,36088.71600326
2025-09-29,46660.21951771
2025-09-30,73908.1179644
2025-10-01,82920.5981345
2025-10-02,89535.54127952
2025-10-03,116143.85484558
2025-10-04,44104.0016173
2025-10-05,42837.68170002
2025-10-06,102875.38948998
2025-10-07,91301.10792762
2025-10-08,80296.16029931
2025-10-09,66894.13543543
2025-10-10,98844.42953491
2025-10-11,128278.39702531
2025-10-12,120401.5919188
2025-10-13,76641.62567848
2025-10-14,119022.74824921
2025-10-15,77428.26942102
2025-10-16,84858.65394
2025-10-17,89361.40253974
2025-10-18,31045.82914737
2025-10-19,42571.72982276
2025-10-20,80174.43252721
2025-10-21,95321.47205546
2025-10-22,102691.03163711
2025-10-23,72711.52994362
2025-10-24,80484.71844354
2025-10-25,25260.85853629
2025-10-26,29050.09229897
2025-10-27,76110.3965026
2025-10-28,86049.04599503
2025-10-29,98240.288953
2025-10-30,63918.12449379
2025-10-31,81474.11520798
2025-11-01,42029.14033264
2025-11-02,57931.86485754
2025-11-03,97038.07583847
2025-11-04,87510.149715
2025-11-05,104602.49471318
2025-11-06,68522.85471755
2025-11-07,92797.43173384
2025-11-08,42349.29346711
2025-11-09,45055.81729644
2025-11-10,83676.14780028
2025-11-11,65459.85072151
2025-11-12,83336.30208368
2025-11-13,74387.86878281
2025-11-14,70346.34015733
2025-11-15,32806.69907422
2025-11-16,66836.43525551
2025-11-17,77870.66551797
2025-11-18,79356.77783356
2025-11-19,107760.28309887
2025-11-20,95762.26457682
2025-11-21,133417.46913472
2025-11-22,43481.24552537
2025-11-23,97901.39805776
2025-11-24,131699.71903416
2025-11-25,121777.00362068
2025-11-26,100898.65666358
2025-11-27,67617.54953737
2025-11-28,95828.07781589
2025-11-29,41767.59372354
2025-11-30,24130.05780845
2025-12-01,103394.12621148
2025-12-02,77095.26985315
2025-12-03,70014.67300968
2025-12-04,61381.95222972
2025-12-05,74788.60270633
2025-12-06,24782.99368174
2025-12-07,20386.84097878
2025-12-08,81966.06015556
2025-12-09,68536.97539913
2025-12-10,56720.22418672
2025-12-11,57994.38463484
2025-12-12,62054.43670365
2025-12-13,18657.3126964
2025-12-14,17405.72205558
2025-12-15,58556.27248378
2025-12-16,56702.70207728
2025-12-17,55859.53289863
2025-12-18,69823.7326814
2025-12-19,70466.15137932
2025-12-20,13720.71843228
2025-12-21,12714.03448574
2025-12-22,55270.70429261
2025-12-23,66133.93929208
2025-12-24,66341.15557854
2025-12-25,30089.69225207
2025-12-26,57840.41000582
2025-12-27,21085.78274252
2025-12-28,24746.40844487
2025-12-29,94862.88056251
2025-12-30,79806.19983627
2025-12-31,102316.8561243
2026-01-01,40161.74070329
2026-01-02,96780.52869827
2026-01-03,21842.65387019
2026-01-04,23049.97841697
2026-01-05,85901.67557475
2026-01-06,80253.00559369
2026-01-07,68880.21092
2026-01-08,70248.14775837
2026-01-09,62092.44160268
2026-01-10,21628.08274428
2026-01-11,21284.55908016
2026-01-12,85920.7779357
2026-01-13,90063.55859722
2026-01-14,91153.72924291
2026-01-15,74591.70231673
2026-01-16,77134.58785506
2026-01-17,22052.22048385
2026-01-18,19852.88928824
2026-01-19,64079.29915733
2026-01-20,94151.4586889
2026-01-21,60304.62197373
2026-01-22,65032.56825678
2026-01-23,89430.85355395
2026-01-24,36316.50468116
2026-01-25,32524.61482674
2026-01-26,74957.17754293
2026-01-27,71395.82871143
2026-01-28,68372.79003241
2026-01-29,95191.56339619
2026-01-30,67994.18066679
2026-01-31,43664.78328942
2026-02-01,36667.56661183
2026-02-02,76807.2094673
2026-02-03,64303.51522705
2026-02-04,94448.67080413
2026-02-05,70643.71065255
2026-02-06,113638.44331451
2026-02-07,49602.98521556
2026-02-08,18928.34575111
2026-02-09,94336.04439869
2026-02-10,64869.14503876
2026-02-11,65079.89395547
2026-02-12,72803.3043902
2026-02-13,56772.61653063
2026-02-14,18298.48513079
2026-02-15,22393.53955037
2026-02-16,64695.02865733
2026-02-17,51293.78223514
2026-02-18,41418.99962798
2026-02-19,74025.75549763
2026-02-20,51867.80484094
2026-02-21,16234.374701
2026-02-22,13063.9334995
2026-02-23,66806.18035972
2026-02-24,54004.75564906
2026-02-25,66382.54104331
2026-02-26,54580.34874634
2026-02-27,54047.43548717
2026-02-28,20387.56909305
2026-03-01,16624.32100644
2026-03-02,74644.75974485
2026-03-03,72972.72213924
2026-03-04,64703.42793022
2026-03-05,100056.28328436
2026-03-06,68704.31244216
2026-03-07,28405.97886125
2026-03-08,30295.27792166
2026-03-09,57484.75603839
2026-03-10,62433.49595199
2026-03-11,66761.5154266
2026-03-12,67682.33028318
2026-03-13,49580.32188503
2026-03-14,14291.38023748
2026-03-15,15021.97190633
2026-03-16,56353.49904129
2026-03-17,58939.57462935
2026-03-18,57520.61868135
2026-03-19,49284.71107943
2026-03-20,70803.70448103
2026-03-21,15547.09348739
2026-03-22,15746.18372003
2026-03-23,51924.85686297
2026-03-24,62786.39067589
2026-03-25,48416.18162112
2026-03-26,73183.53311506
2026-03-27,70940.21113641
2026-03-28,10184.52041116
2026-03-29,23298.91762213
2026-03-30,65816.53801965
2026-03-31,64129.18795905
2026-04-01,67125.38563093
2026-04-02,77980.31526424
2026-04-03,29214.3694377
2026-04-04,10563.93932889
2026-04-05,12177.64856268
2026-04-06,56858.17544837
2026-04-07,73814.64593687
2026-04-08,84286.00462128
2026-04-09,50328.32444196
2026-04-10,59614.39269656
2026-04-11,19775.99549058
2026-04-12,10766.76582505
