date,ETH 2.0 Staking Rate (%)
2020-11-03,0.6
2020-11-04,0.6
2020-11-05,0.59
2020-11-06,0.59
2020-11-07,0.59
2020-11-08,0.59
2020-11-09,0.59
2020-11-10,0.59
2020-11-11,0.59
2020-11-12,0.59
2020-11-13,0.59
2020-11-14,0.59
2020-11-15,0.59
2020-11-16,0.59
2020-11-17,0.59
2020-11-18,0.59
2020-11-19,0.59
2020-11-20,0.59
2020-11-21,0.59
2020-11-22,0.59
2020-11-23,0.59
2020-11-24,0.59
2020-11-25,0.59
2020-11-26,0.59
2020-11-27,0.59
2020-11-28,0.59
2020-11-29,0.59
2020-11-30,0.59
2020-12-01,0.77
2020-12-02,0.82
2020-12-03,0.87
2020-12-04,0.88
2020-12-05,0.95
2020-12-06,0.99
2020-12-07,1.02
2020-12-08,1.05
2020-12-09,1.13
2020-12-10,1.16
2020-12-11,1.22
2020-12-12,1.25
2020-12-13,1.27
2020-12-14,1.29
2020-12-15,1.31
2020-12-16,1.33
2020-12-17,1.35
2020-12-18,1.36
2020-12-19,1.38
2020-12-20,1.47
2020-12-21,1.51
2020-12-22,1.59
2020-12-23,1.72
2020-12-24,1.77
2020-12-25,1.78
2020-12-26,1.79
2020-12-27,1.82
2020-12-28,1.85
2020-12-29,1.86
2020-12-30,1.88
2020-12-31,1.9
2021-01-01,1.92
2021-01-02,1.93
2021-01-03,1.94
2021-01-04,1.95
2021-01-05,1.98
2021-01-06,2.01
2021-01-07,2.03
2021-01-08,2.04
2021-01-09,2.07
2021-01-10,2.08
2021-01-11,2.09
2021-01-12,2.13
2021-01-13,2.15
2021-01-14,2.18
2021-01-15,2.22
2021-01-16,2.22
2021-01-17,2.24
2021-01-18,2.26
2021-01-19,2.31
2021-01-20,2.42
2021-01-21,2.45
2021-01-22,2.46
2021-01-23,2.47
2021-01-24,2.48
2021-01-25,2.5
2021-01-26,2.5
2021-01-27,2.51
2021-01-28,2.52
2021-01-29,2.53
2021-01-30,2.54
2021-01-31,2.54
2021-02-01,2.56
2021-02-02,2.56
2021-02-03,2.58
2021-02-04,2.59
2021-02-05,2.6
2021-02-06,2.61
2021-02-07,2.62
2021-02-08,2.63
2021-02-09,2.64
2021-02-10,2.65
2021-02-11,2.68
2021-02-12,2.69
2021-02-13,2.71
2021-02-14,2.71
2021-02-15,2.73
2021-02-16,2.74
2021-02-17,2.76
2021-02-18,2.77
2021-02-19,2.8
2021-02-20,2.8
2021-02-21,2.81
2021-02-22,2.83
2021-02-23,2.84
2021-02-24,2.86
2021-02-25,2.87
2021-02-26,2.92
2021-02-27,2.93
2021-02-28,2.93
2021-03-01,2.94
2021-03-02,2.95
2021-03-03,2.96
2021-03-04,2.97
2021-03-05,2.98
2021-03-06,3.02
2021-03-07,3.02
2021-03-08,3.04
2021-03-09,3.04
2021-03-10,3.07
2021-03-11,3.07
2021-03-12,3.08
2021-03-13,3.09
2021-03-14,3.1
2021-03-15,3.12
2021-03-16,3.12
2021-03-17,3.13
2021-03-18,3.13
2021-03-19,3.14
2021-03-20,3.15
2021-03-21,3.15
2021-03-22,3.15
2021-03-23,3.15
2021-03-24,3.16
2021-03-25,3.17
2021-03-26,3.17
2021-03-27,3.18
2021-03-28,3.19
2021-03-29,3.19
2021-03-30,3.2
2021-03-31,3.21
2021-04-01,3.21
2021-04-02,3.22
2021-04-03,3.23
2021-04-04,3.27
2021-04-05,3.28
2021-04-06,3.29
2021-04-07,3.3
2021-04-08,3.33
2021-04-09,3.33
2021-04-10,3.34
2021-04-11,3.35
2021-04-12,3.36
2021-04-13,3.38
2021-04-14,3.38
2021-04-15,3.39
2021-04-16,3.41
2021-04-17,3.42
2021-04-18,3.43
2021-04-19,3.43
2021-04-20,3.44
2021-04-21,3.46
2021-04-22,3.48
2021-04-23,3.49
2021-04-24,3.5
2021-04-25,3.51
2021-04-26,3.52
2021-04-27,3.54
2021-04-28,3.57
2021-04-29,3.58
2021-04-30,3.61
2021-05-01,3.61
2021-05-02,3.64
2021-05-03,3.66
2021-05-04,3.67
2021-05-05,3.72
2021-05-06,3.79
2021-05-07,3.83
2021-05-08,3.9
2021-05-09,3.91
2021-05-10,3.91
2021-05-11,3.92
2021-05-12,3.96
2021-05-13,4.0
2021-05-14,4.03
2021-05-15,4.06
2021-05-16,4.07
2021-05-17,4.08
2021-05-18,4.11
2021-05-19,4.15
2021-05-20,4.17
2021-05-21,4.19
2021-05-22,4.22
2021-05-23,4.25
2021-05-24,4.28
2021-05-25,4.32
2021-05-26,4.37
2021-05-27,4.51
2021-05-28,4.56
2021-05-29,4.57
2021-05-30,4.59
2021-05-31,4.59
2021-06-01,4.6
2021-06-02,4.61
2021-06-03,4.64
2021-06-04,4.68
2021-06-05,4.69
2021-06-06,4.71
2021-06-07,4.71
2021-06-08,4.72
2021-06-09,4.76
2021-06-10,4.79
2021-06-11,4.81
2021-06-12,4.83
2021-06-13,4.85
2021-06-14,4.88
2021-06-15,4.88
2021-06-16,4.9
2021-06-17,4.97
2021-06-18,4.99
2021-06-19,5.01
2021-06-20,5.02
2021-06-21,5.04
2021-06-22,5.05
2021-06-23,5.07
2021-06-24,5.18
2021-06-25,5.19
2021-06-26,5.21
2021-06-27,5.22
2021-06-28,5.23
2021-06-29,5.23
2021-06-30,5.28
2021-07-01,5.29
2021-07-02,5.34
2021-07-03,5.35
2021-07-04,5.36
2021-07-05,5.38
2021-07-06,5.39
2021-07-07,5.46
2021-07-08,5.48
2021-07-09,5.49
2021-07-10,5.5
2021-07-11,5.51
2021-07-12,5.51
2021-07-13,5.52
2021-07-14,5.53
2021-07-15,5.54
2021-07-16,5.55
2021-07-17,5.58
2021-07-18,5.59
2021-07-19,5.59
2021-07-20,5.59
2021-07-21,5.6
2021-07-22,5.61
2021-07-23,5.62
2021-07-24,5.64
2021-07-25,5.65
2021-07-26,5.65
2021-07-27,5.65
2021-07-28,5.66
2021-07-29,5.67
2021-07-30,5.68
2021-07-31,5.69
2021-08-01,5.7
2021-08-02,5.71
2021-08-03,5.71
2021-08-04,5.75
2021-08-05,5.76
2021-08-06,5.77
2021-08-07,5.78
2021-08-08,5.8
2021-08-09,5.8
2021-08-10,5.82
2021-08-11,5.84
2021-08-12,5.86
2021-08-13,5.87
2021-08-14,5.89
2021-08-15,5.91
2021-08-16,5.93
2021-08-17,5.97
2021-08-18,6.05
2021-08-19,6.12
2021-08-20,6.16
2021-08-21,6.18
2021-08-22,6.22
2021-08-23,6.24
2021-08-24,6.26
2021-08-25,6.28
2021-08-26,6.29
2021-08-27,6.29
2021-08-28,6.3
2021-08-29,6.33
2021-08-30,6.38
2021-08-31,6.39
2021-09-01,6.4
2021-09-02,6.46
2021-09-03,6.49
2021-09-04,6.51
2021-09-05,6.51
2021-09-06,6.58
2021-09-07,6.59
2021-09-08,6.61
2021-09-09,6.62
2021-09-10,6.64
2021-09-11,6.71
2021-09-12,6.71
2021-09-13,6.72
2021-09-14,6.73
2021-09-15,6.74
2021-09-16,6.75
2021-09-17,6.75
2021-09-18,6.76
2021-09-19,6.79
2021-09-20,6.8
2021-09-21,6.8
2021-09-22,6.81
2021-09-23,6.82
2021-09-24,6.83
2021-09-25,6.84
2021-09-26,6.84
2021-09-27,6.85
2021-09-28,6.86
2021-09-29,6.87
2021-09-30,6.88
2021-10-01,6.88
2021-10-02,6.88
2021-10-03,6.89
2021-10-04,6.9
2021-10-05,6.95
2021-10-06,6.95
2021-10-07,6.96
2021-10-08,6.97
2021-10-09,6.97
2021-10-10,6.98
2021-10-11,6.98
2021-10-12,6.99
2021-10-13,6.99
2021-10-14,6.99
2021-10-15,7.01
2021-10-16,7.02
2021-10-17,7.03
2021-10-18,7.03
2021-10-19,7.03
2021-10-20,7.04
2021-10-21,7.04
2021-10-22,7.05
2021-10-23,7.05
2021-10-24,7.06
2021-10-25,7.06
2021-10-26,7.06
2021-10-27,7.07
2021-10-28,7.08
2021-10-29,7.08
2021-10-30,7.12
2021-10-31,7.13
2021-11-01,7.14
2021-11-02,7.15
2021-11-03,7.17
2021-11-04,7.18
2021-11-05,7.18
2021-11-06,7.22
2021-11-07,7.23
2021-11-08,7.24
2021-11-09,7.24
2021-11-10,7.25
2021-11-11,7.25
2021-11-12,7.27
2021-11-13,7.27
2021-11-14,7.27
2021-11-15,7.28
2021-11-16,7.29
2021-11-17,7.33
2021-11-18,7.34
2021-11-19,7.35
2021-11-20,7.36
2021-11-21,7.36
2021-11-22,7.37
2021-11-23,7.39
2021-11-24,7.4
2021-11-25,7.41
2021-11-26,7.42
2021-11-27,7.43
2021-11-28,7.44
2021-11-29,7.45
2021-11-30,7.45
2021-12-01,7.47
2021-12-02,7.49
2021-12-03,7.51
2021-12-04,7.52
2021-12-05,7.53
2021-12-06,7.54
2021-12-07,7.55
2021-12-08,7.57
2021-12-09,7.58
2021-12-10,7.59
2021-12-11,7.6
2021-12-12,7.61
2021-12-13,7.62
2021-12-14,7.63
2021-12-15,7.66
2021-12-16,7.66
2021-12-17,7.67
2021-12-18,7.69
2021-12-19,7.7
2021-12-20,7.72
2021-12-21,7.73
2021-12-22,7.74
2021-12-23,7.75
2021-12-24,7.76
2021-12-25,7.77
2021-12-26,7.77
2021-12-27,7.78
2021-12-28,7.79
2021-12-29,7.79
2021-12-30,7.8
2021-12-31,7.81
2022-01-01,7.82
2022-01-02,7.83
2022-01-03,7.85
2022-01-04,7.87
2022-01-05,7.89
2022-01-06,7.9
2022-01-07,7.91
2022-01-08,7.93
2022-01-09,7.94
2022-01-10,7.95
2022-01-11,7.96
2022-01-12,7.97
2022-01-13,7.98
2022-01-14,7.99
2022-01-15,8.0
2022-01-16,8.01
2022-01-17,8.01
2022-01-18,8.02
2022-01-19,8.04
2022-01-20,8.05
2022-01-21,8.06
2022-01-22,8.07
2022-01-23,8.09
2022-01-24,8.14
2022-01-25,8.14
2022-01-26,8.16
2022-01-27,8.17
2022-01-28,8.18
2022-01-29,8.19
2022-01-30,8.2
2022-01-31,8.21
2022-02-01,8.21
2022-02-02,8.22
2022-02-03,8.23
2022-02-04,8.24
2022-02-05,8.26
2022-02-06,8.26
2022-02-07,8.27
2022-02-08,8.28
2022-02-09,8.3
2022-02-10,8.31
2022-02-11,8.32
2022-02-12,8.33
2022-02-13,8.34
2022-02-14,8.36
2022-02-15,8.37
2022-02-16,8.38
2022-02-17,8.4
2022-02-18,8.4
2022-02-19,8.41
2022-02-20,8.42
2022-02-21,8.42
2022-02-22,8.43
2022-02-23,8.48
2022-02-24,8.49
2022-02-25,8.5
2022-02-26,8.51
2022-02-27,8.52
2022-02-28,8.54
2022-03-01,8.56
2022-03-02,8.59
2022-03-03,8.62
2022-03-04,8.66
2022-03-05,8.68
2022-03-06,8.7
2022-03-07,8.71
2022-03-08,8.76
2022-03-09,8.8
2022-03-10,8.85
2022-03-11,8.89
2022-03-12,8.91
2022-03-13,8.93
2022-03-14,8.93
2022-03-15,9.12
2022-03-16,9.18
2022-03-17,9.22
2022-03-18,9.24
2022-03-19,9.34
2022-03-20,9.37
2022-03-21,9.39
2022-03-22,9.4
2022-03-23,9.44
2022-03-24,9.45
2022-03-25,9.47
2022-03-26,9.48
2022-03-27,9.49
2022-03-28,9.5
2022-03-29,9.52
2022-03-30,9.55
2022-03-31,9.63
2022-04-01,9.7
2022-04-02,9.73
2022-04-03,9.76
2022-04-04,9.79
2022-04-05,9.8
2022-04-06,9.86
2022-04-07,9.89
2022-04-08,9.93
2022-04-09,9.96
2022-04-10,9.98
2022-04-11,10.0
2022-04-12,10.02
2022-04-13,10.04
2022-04-14,10.11
2022-04-15,10.14
2022-04-16,10.18
2022-04-17,10.21
2022-04-18,10.21
2022-04-19,10.26
2022-04-20,10.27
2022-04-21,10.33
2022-04-22,10.36
2022-04-23,10.4
2022-04-24,10.41
2022-04-25,10.42
2022-04-26,10.44
2022-04-27,10.5
2022-04-28,10.55
2022-04-29,10.59
2022-04-30,10.6
2022-05-01,10.63
2022-05-02,10.68
2022-05-03,10.8
2022-05-04,10.83
2022-05-05,10.86
2022-05-06,10.88
2022-05-07,10.93
2022-05-08,10.94
2022-05-09,10.99
2022-05-10,11.0
2022-05-11,11.01
2022-05-12,11.03
2022-05-13,11.04
2022-05-14,11.05
2022-05-15,11.06
2022-05-16,11.06
2022-05-17,11.07
2022-05-18,11.07
2022-05-19,11.08
2022-05-20,11.1
2022-05-21,11.12
2022-05-22,11.12
2022-05-23,11.12
2022-05-24,11.12
2022-05-25,11.13
2022-05-26,11.14
2022-05-27,11.14
2022-05-28,11.15
2022-05-29,11.16
2022-05-30,11.17
2022-05-31,11.17
2022-06-01,11.19
2022-06-02,11.21
2022-06-03,11.22
2022-06-04,11.23
2022-06-05,11.23
2022-06-06,11.24
2022-06-07,11.24
2022-06-08,11.25
2022-06-09,11.25
2022-06-10,11.25
2022-06-11,11.26
2022-06-12,11.3
2022-06-13,11.3
2022-06-14,11.31
2022-06-15,11.31
2022-06-16,11.32
2022-06-17,11.34
2022-06-18,11.34
2022-06-19,11.35
2022-06-20,11.35
2022-06-21,11.36
2022-06-22,11.37
2022-06-23,11.38
2022-06-24,11.38
2022-06-25,11.38
2022-06-26,11.38
2022-06-27,11.39
2022-06-28,11.4
2022-06-29,11.4
2022-06-30,11.41
2022-07-01,11.41
2022-07-02,11.41
2022-07-03,11.41
2022-07-04,11.42
2022-07-05,11.42
2022-07-06,11.42
2022-07-07,11.42
2022-07-08,11.43
2022-07-09,11.43
2022-07-10,11.44
2022-07-11,11.44
2022-07-12,11.44
2022-07-13,11.44
2022-07-14,11.5
2022-07-15,11.5
2022-07-16,11.51
2022-07-17,11.51
2022-07-18,11.51
2022-07-19,11.52
2022-07-20,11.53
2022-07-21,11.54
2022-07-22,11.55
2022-07-23,11.55
2022-07-24,11.55
2022-07-25,11.55
2022-07-26,11.55
2022-07-27,11.56
2022-07-28,11.56
2022-07-29,11.57
2022-07-30,11.57
2022-07-31,11.58
2022-08-01,11.58
2022-08-02,11.58
2022-08-03,11.59
2022-08-04,11.59
2022-08-05,11.59
2022-08-06,11.6
2022-08-07,11.6
2022-08-08,11.6
2022-08-09,11.61
2022-08-10,11.62
2022-08-11,11.64
2022-08-12,11.67
2022-08-13,11.67
2022-08-14,11.68
2022-08-15,11.68
2022-08-16,11.68
2022-08-17,11.7
2022-08-18,11.7
2022-08-19,11.7
2022-08-20,11.7
2022-08-21,11.71
2022-08-22,11.71
2022-08-23,11.72
2022-08-24,11.72
2022-08-25,11.73
2022-08-26,11.74
2022-08-27,11.75
2022-08-28,11.75
2022-08-29,11.75
2022-08-30,11.76
2022-08-31,11.77
2022-09-01,11.84
2022-09-02,11.85
2022-09-03,11.85
2022-09-04,11.86
2022-09-05,11.86
2022-09-06,11.87
2022-09-07,11.87
2022-09-08,11.92
2022-09-09,11.94
2022-09-10,11.95
2022-09-11,11.95
2022-09-12,12.0
2022-09-13,12.01
2022-09-14,12.01
2022-09-15,12.02
2022-09-16,12.05
2022-09-17,12.06
2022-09-18,12.09
2022-09-19,12.1
2022-09-20,12.12
2022-09-21,12.14
2022-09-22,12.15
2022-09-23,12.2
2022-09-24,12.22
2022-09-25,12.23
2022-09-26,12.24
2022-09-27,12.28
2022-09-28,12.29
2022-09-29,12.31
2022-09-30,12.33
2022-10-01,12.35
2022-10-02,12.36
2022-10-03,12.37
2022-10-04,12.38
2022-10-05,12.39
2022-10-06,12.4
2022-10-07,12.42
2022-10-08,12.43
2022-10-09,12.43
2022-10-10,12.44
2022-10-11,12.45
2022-10-12,12.46
2022-10-13,12.48
2022-10-14,12.49
2022-10-15,12.5
2022-10-16,12.51
2022-10-17,12.52
2022-10-18,12.53
2022-10-19,12.57
2022-10-20,12.6
2022-10-21,12.61
2022-10-22,12.64
2022-10-23,12.65
2022-10-24,12.66
2022-10-25,12.67
2022-10-26,12.72
2022-10-27,12.74
2022-10-28,12.78
2022-10-29,12.82
2022-10-30,12.85
2022-10-31,12.87
2022-11-01,12.89
2022-11-02,12.92
2022-11-03,12.93
2022-11-04,12.96
2022-11-05,12.97
2022-11-06,12.98
2022-11-07,12.99
2022-11-08,13.0
2022-11-09,13.03
2022-11-10,13.05
2022-11-11,13.08
2022-11-12,13.11
2022-11-13,13.13
2022-11-14,13.16
2022-11-15,13.18
2022-11-16,13.2
2022-11-17,13.21
2022-11-18,13.24
2022-11-19,13.27
2022-11-20,13.29
2022-11-21,13.32
2022-11-22,13.34
2022-11-23,13.43
2022-11-24,13.46
2022-11-25,13.48
2022-11-26,13.5
2022-11-27,13.5
2022-11-28,13.52
2022-11-29,13.52
2022-11-30,13.55
2022-12-01,13.57
2022-12-02,13.61
2022-12-03,13.62
2022-12-04,13.63
2022-12-05,13.64
2022-12-06,13.65
2022-12-07,13.66
2022-12-08,13.68
2022-12-09,13.69
2022-12-10,13.71
2022-12-11,13.72
2022-12-12,13.73
2022-12-13,13.74
2022-12-14,13.75
2022-12-15,13.76
2022-12-16,13.77
2022-12-17,13.79
2022-12-18,13.8
2022-12-19,13.81
2022-12-20,13.82
2022-12-21,13.83
2022-12-22,13.84
2022-12-23,13.85
2022-12-24,13.86
2022-12-25,13.87
2022-12-26,13.87
2022-12-27,13.9
2022-12-28,13.91
2022-12-29,13.92
2022-12-30,13.93
2022-12-31,13.94
2023-01-01,13.95
2023-01-02,13.96
2023-01-03,13.96
2023-01-04,13.98
2023-01-05,13.98
2023-01-06,14.0
2023-01-07,14.02
2023-01-08,14.03
2023-01-09,14.04
2023-01-10,14.05
2023-01-11,14.06
2023-01-12,14.09
2023-01-13,14.1
2023-01-14,14.11
2023-01-15,14.13
2023-01-16,14.14
2023-01-17,14.16
2023-01-18,14.17
2023-01-19,14.2
2023-01-20,14.21
2023-01-21,14.22
2023-01-22,14.23
2023-01-23,14.24
2023-01-24,14.3
2023-01-25,14.31
2023-01-26,14.34
2023-01-27,14.35
2023-01-28,14.36
2023-01-29,14.37
2023-01-30,14.39
2023-01-31,14.41
2023-02-01,14.43
2023-02-02,14.45
2023-02-03,14.46
2023-02-04,14.48
2023-02-05,14.5
2023-02-06,14.51
2023-02-07,14.52
2023-02-08,14.54
2023-02-09,14.55
2023-02-10,14.58
2023-02-11,14.6
2023-02-12,14.62
2023-02-13,14.63
2023-02-14,14.66
2023-02-15,14.67
2023-02-16,14.69
2023-02-17,14.71
2023-02-18,14.73
2023-02-19,14.74
2023-02-20,14.76
2023-02-21,14.79
2023-02-22,14.82
2023-02-23,14.85
2023-02-24,14.87
2023-02-25,14.89
2023-02-26,15.1
2023-02-27,15.14
2023-02-28,15.29
2023-03-01,15.34
2023-03-02,15.35
2023-03-03,15.38
2023-03-04,15.39
2023-03-05,15.4
2023-03-06,15.41
2023-03-07,15.43
2023-03-08,15.44
2023-03-09,15.47
2023-03-10,15.48
2023-03-11,15.5
2023-03-12,15.51
2023-03-13,15.52
2023-03-14,15.54
2023-03-15,15.56
2023-03-16,15.58
2023-03-17,15.6
2023-03-18,15.62
2023-03-19,15.63
2023-03-20,15.64
2023-03-21,15.67
2023-03-22,15.68
2023-03-23,15.71
2023-03-24,15.72
2023-03-25,15.73
2023-03-26,15.74
2023-03-27,15.76
2023-03-28,15.77
2023-03-29,15.79
2023-03-30,15.81
2023-03-31,15.87
2023-04-01,15.89
2023-04-02,15.89
2023-04-03,15.9
2023-04-04,15.91
2023-04-05,15.93
2023-04-06,15.95
2023-04-07,15.96
2023-04-08,15.97
2023-04-09,15.99
2023-04-10,15.99
2023-04-11,16.01
2023-04-12,16.0
2023-04-13,15.87
2023-04-14,15.85
2023-04-15,15.62
2023-04-16,15.42
2023-04-17,15.47
2023-04-18,15.53
2023-04-19,15.56
2023-04-20,15.45
2023-04-21,15.56
2023-04-22,15.62
2023-04-23,15.67
2023-04-24,15.46
2023-04-25,15.55
2023-04-26,15.64
2023-04-27,15.71
2023-04-28,15.6
2023-04-29,15.65
2023-04-30,15.67
2023-05-01,15.71
2023-05-02,15.75
2023-05-03,15.77
2023-05-04,15.85
2023-05-05,15.86
2023-05-06,15.93
2023-05-07,15.99
2023-05-08,16.05
2023-05-09,16.11
2023-05-10,16.24
2023-05-11,16.4
2023-05-12,16.56
2023-05-13,16.61
2023-05-14,16.67
2023-05-15,16.71
2023-05-16,16.83
2023-05-17,16.91
2023-05-18,17.0
2023-05-19,17.18
2023-05-20,17.28
2023-05-21,17.34
2023-05-22,17.41
2023-05-23,17.49
2023-05-24,17.65
2023-05-25,17.69
2023-05-26,17.77
2023-05-27,17.86
2023-05-28,17.92
2023-05-29,17.96
2023-05-30,18.0
2023-05-31,18.04
2023-06-01,18.13
2023-06-02,18.49
2023-06-03,18.65
2023-06-04,18.68
2023-06-05,18.68
2023-06-06,18.77
2023-06-07,18.83
2023-06-08,18.92
2023-06-09,18.98
2023-06-10,18.97
2023-06-11,18.94
2023-06-12,18.97
2023-06-13,19.01
2023-06-14,19.05
2023-06-15,19.05
2023-06-16,19.1
2023-06-17,19.12
2023-06-18,19.14
2023-06-19,19.09
2023-06-20,19.12
2023-06-21,19.17
2023-06-22,19.24
2023-06-23,19.36
2023-06-24,19.4
2023-06-25,19.41
2023-06-26,19.43
2023-06-27,19.51
2023-06-28,19.57
2023-06-29,19.6
2023-06-30,19.62
2023-07-01,19.66
2023-07-02,19.7
2023-07-03,19.72
2023-07-04,19.75
2023-07-05,19.77
2023-07-06,19.79
2023-07-07,19.83
2023-07-08,19.87
2023-07-09,19.88
2023-07-10,19.89
2023-07-11,19.92
2023-07-12,19.91
2023-07-13,19.99
2023-07-14,20.1
2023-07-15,20.16
2023-07-16,20.18
2023-07-17,20.19
2023-07-18,20.22
2023-07-19,20.32
2023-07-20,20.38
2023-07-21,20.45
2023-07-22,20.47
2023-07-23,20.52
2023-07-24,20.54
2023-07-25,20.61
2023-07-26,20.65
2023-07-27,20.72
2023-07-28,20.74
2023-07-29,20.85
2023-07-30,20.86
2023-07-31,20.89
2023-08-01,20.91
2023-08-02,20.95
2023-08-03,20.95
2023-08-04,20.96
2023-08-05,20.99
2023-08-06,21.01
2023-08-07,21.02
2023-08-08,21.03
2023-08-09,21.07
2023-08-10,21.11
2023-08-11,21.18
2023-08-12,21.23
2023-08-13,21.25
2023-08-14,21.27
2023-08-15,21.31
2023-08-16,21.32
2023-08-17,21.34
2023-08-18,21.41
2023-08-19,21.45
2023-08-20,21.49
2023-08-21,21.56
2023-08-22,21.58
2023-08-23,21.65
2023-08-24,21.67
2023-08-25,21.72
2023-08-26,21.76
2023-08-27,21.78
2023-08-28,21.74
2023-08-29,21.83
2023-08-30,21.9
2023-08-31,21.96
2023-09-01,21.97
2023-09-02,22.02
2023-09-03,22.01
2023-09-04,22.02
2023-09-05,22.05
2023-09-06,22.07
2023-09-07,22.09
2023-09-08,22.12
2023-09-09,22.14
2023-09-10,22.11
2023-09-11,22.13
2023-09-12,22.16
2023-09-13,22.21
2023-09-14,22.29
2023-09-15,22.33
2023-09-16,22.35
2023-09-17,22.34
2023-09-18,22.36
2023-09-19,22.4
2023-09-20,22.45
2023-09-21,22.51
2023-09-22,22.53
2023-09-23,22.56
2023-09-24,22.51
2023-09-25,22.52
2023-09-26,22.54
2023-09-27,22.6
2023-09-28,22.62
2023-09-29,22.65
2023-09-30,22.72
2023-10-01,22.69
2023-10-02,22.69
2023-10-03,22.74
2023-10-04,22.77
2023-10-05,22.8
2023-10-06,22.83
2023-10-07,22.87
2023-10-08,22.81
2023-10-09,22.81
2023-10-10,22.92
2023-10-11,22.96
2023-10-12,22.99
2023-10-13,23.04
2023-10-14,23.09
2023-10-15,23.09
2023-10-16,23.08
2023-10-17,23.13
2023-10-18,23.16
2023-10-19,23.17
2023-10-20,23.2
2023-10-21,23.21
2023-10-22,23.22
2023-10-23,23.15
2023-10-24,23.19
2023-10-25,23.2
2023-10-26,23.24
2023-10-27,23.23
2023-10-28,23.26
2023-10-29,23.27
2023-10-30,23.34
2023-10-31,23.33
2023-11-01,23.34
2023-11-02,23.38
2023-11-03,23.44
2023-11-04,23.5
2023-11-05,23.54
2023-11-06,23.56
2023-11-07,23.57
2023-11-08,23.58
2023-11-09,23.66
2023-11-10,23.7
2023-11-11,23.74
2023-11-12,23.8
2023-11-13,23.82
2023-11-14,23.83
2023-11-15,23.71
2023-11-16,23.68
2023-11-17,23.69
2023-11-18,23.71
2023-11-19,23.71
2023-11-20,23.74
2023-11-21,23.77
2023-11-22,23.78
2023-11-23,23.85
2023-11-24,23.89
2023-11-25,23.92
2023-11-26,23.93
2023-11-27,23.9
2023-11-28,23.88
2023-11-29,23.86
2023-11-30,23.91
2023-12-01,23.81
2023-12-02,23.83
2023-12-03,23.95
2023-12-04,23.93
2023-12-05,23.95
2023-12-06,23.95
2023-12-07,23.97
2023-12-08,23.99
2023-12-09,23.98
2023-12-10,23.97
2023-12-11,23.95
2023-12-12,23.9
2023-12-13,23.97
2023-12-14,23.99
2023-12-15,24.01
2023-12-16,23.94
2023-12-17,23.94
2023-12-18,23.92
2023-12-19,23.96
2023-12-20,23.99
2023-12-21,24.03
2023-12-22,24.05
2023-12-23,24.1
2023-12-24,23.98
2023-12-25,23.96
2023-12-26,23.98
2023-12-27,23.97
2023-12-28,24.07
2023-12-29,24.11
2023-12-30,24.12
2023-12-31,24.16
2024-01-01,24.19
2024-01-02,24.19
2024-01-03,24.23
2024-01-04,24.28
2024-01-05,24.29
2024-01-06,24.33
2024-01-07,24.35
2024-01-08,24.35
2024-01-09,24.25
2024-01-10,24.32
2024-01-11,24.39
2024-01-12,24.13
2024-01-13,24.12
2024-01-14,24.11
2024-01-15,24.14
2024-01-16,24.13
2024-01-17,24.14
2024-01-18,24.12
2024-01-19,24.18
2024-01-20,24.22
2024-01-21,24.25
2024-01-22,24.28
2024-01-23,24.32
2024-01-24,24.37
2024-01-25,24.4
2024-01-26,24.4
2024-01-27,24.44
2024-01-28,24.46
2024-01-29,24.51
2024-01-30,24.53
2024-01-31,24.59
2024-02-01,24.69
2024-02-02,24.7
2024-02-03,24.81
2024-02-04,24.84
2024-02-05,24.87
2024-02-06,24.92
2024-02-07,24.98
2024-02-08,25.14
2024-02-09,25.19
2024-02-10,25.3
2024-02-11,25.29
2024-02-12,25.31
2024-02-13,25.4
2024-02-14,25.51
2024-02-15,25.6
2024-02-16,25.67
2024-02-17,25.71
2024-02-18,25.74
2024-02-19,25.76
2024-02-20,25.75
2024-02-21,25.81
2024-02-22,25.82
2024-02-23,25.89
2024-02-24,25.92
2024-02-25,25.85
2024-02-26,25.86
2024-02-27,25.98
2024-02-28,26.06
2024-02-29,26.12
2024-03-01,26.17
2024-03-02,26.24
2024-03-03,26.26
2024-03-04,26.32
2024-03-05,26.32
2024-03-06,26.4
2024-03-07,26.37
2024-03-08,26.35
2024-03-09,26.4
2024-03-10,26.4
2024-03-11,26.39
2024-03-12,26.43
2024-03-13,26.44
2024-03-14,26.46
2024-03-15,26.45
2024-03-16,26.41
2024-03-17,26.42
2024-03-18,26.43
2024-03-19,26.38
2024-03-20,26.44
2024-03-21,26.57
2024-03-22,26.62
2024-03-23,26.65
2024-03-24,26.58
2024-03-25,26.6
2024-03-26,26.61
2024-03-27,26.7
2024-03-28,26.76
2024-03-29,26.78
2024-03-30,26.76
2024-03-31,26.81
2024-04-01,26.78
2024-04-02,26.73
2024-04-03,26.74
2024-04-04,26.75
2024-04-05,26.74
2024-04-06,26.77
2024-04-07,26.77
2024-04-08,26.81
2024-04-09,26.77
2024-04-10,26.81
2024-04-11,26.81
2024-04-12,26.93
2024-04-13,26.94
2024-04-14,26.95
2024-04-15,26.97
2024-04-16,27.06
2024-04-17,27.08
2024-04-18,27.04
2024-04-19,27.05
2024-04-20,27.04
2024-04-21,27.04
2024-04-22,27.06
2024-04-23,27.08
2024-04-24,27.07
2024-04-25,27.11
2024-04-26,27.11
2024-04-27,27.14
2024-04-28,27.16
2024-04-29,27.16
2024-04-30,27.16
2024-05-01,27.13
2024-05-02,27.12
2024-05-03,27.11
2024-05-04,27.12
2024-05-05,27.12
2024-05-06,27.12
2024-05-07,27.11
2024-05-08,27.14
2024-05-09,27.13
2024-05-10,27.14
2024-05-11,27.16
2024-05-12,27.16
2024-05-13,27.17
2024-05-14,27.17
2024-05-15,27.18
2024-05-16,27.18
2024-05-17,27.19
2024-05-18,27.2
2024-05-19,27.08
2024-05-20,26.96
2024-05-21,27.05
2024-05-22,27.12
2024-05-23,27.11
2024-05-24,27.12
2024-05-25,27.1
2024-05-26,27.07
2024-05-27,27.05
2024-05-28,27.03
2024-05-29,27.13
2024-05-30,27.25
2024-05-31,27.23
2024-06-01,27.28
2024-06-02,27.29
2024-06-03,27.32
2024-06-04,27.3
2024-06-05,27.33
2024-06-06,27.36
2024-06-07,27.4
2024-06-08,27.42
2024-06-09,27.43
2024-06-10,27.45
2024-06-11,27.47
2024-06-12,27.51
2024-06-13,27.52
2024-06-14,27.58
2024-06-15,27.61
2024-06-16,27.55
2024-06-17,27.57
2024-06-18,27.57
2024-06-19,27.6
2024-06-20,27.65
2024-06-21,27.68
2024-06-22,27.73
2024-06-23,27.73
2024-06-24,27.75
2024-06-25,27.65
2024-06-26,27.62
2024-06-27,27.63
2024-06-28,27.72
2024-06-29,27.73
2024-06-30,27.74
2024-07-01,27.74
2024-07-02,27.77
2024-07-03,27.78
2024-07-04,27.73
2024-07-05,27.73
2024-07-06,27.74
2024-07-07,27.72
2024-07-08,27.72
2024-07-09,27.74
2024-07-10,27.73
2024-07-11,27.75
2024-07-12,27.8
2024-07-13,27.67
2024-07-14,27.65
2024-07-15,27.64
2024-07-16,27.68
2024-07-17,27.72
2024-07-18,27.76
2024-07-19,27.77
2024-07-20,27.9
2024-07-21,28.01
2024-07-22,28.01
2024-07-23,28.04
2024-07-24,28.07
2024-07-25,28.11
2024-07-26,28.09
2024-07-27,28.14
2024-07-28,28.15
2024-07-29,28.2
2024-07-30,28.25
2024-07-31,28.36
2024-08-01,28.35
2024-08-02,28.38
2024-08-03,28.37
2024-08-04,28.37
2024-08-05,28.36
2024-08-06,28.38
2024-08-07,28.38
2024-08-08,28.32
2024-08-09,28.31
2024-08-10,28.31
2024-08-11,28.28
2024-08-12,28.26
2024-08-13,28.28
2024-08-14,28.35
2024-08-15,28.36
2024-08-16,28.45
2024-08-17,28.43
2024-08-18,28.41
2024-08-19,28.39
2024-08-20,28.45
2024-08-21,28.45
2024-08-22,28.45
2024-08-23,28.45
2024-08-24,28.46
2024-08-25,28.46
2024-08-26,28.46
2024-08-27,28.47
2024-08-28,28.47
2024-08-29,28.52
2024-08-30,28.55
2024-08-31,28.55
2024-09-01,28.56
2024-09-02,28.56
2024-09-03,28.6
2024-09-04,28.65
2024-09-05,28.63
2024-09-06,28.62
2024-09-07,28.62
2024-09-08,28.62
2024-09-09,28.61
2024-09-10,28.61
2024-09-11,28.61
2024-09-12,28.68
2024-09-13,28.68
2024-09-14,28.74
2024-09-15,28.72
2024-09-16,28.72
2024-09-17,28.73
2024-09-18,28.73
2024-09-19,28.72
2024-09-20,28.71
2024-09-21,28.72
2024-09-22,28.72
2024-09-23,28.71
2024-09-24,28.73
2024-09-25,28.74
2024-09-26,28.77
2024-09-27,28.8
2024-09-28,28.82
2024-09-29,28.81
2024-09-30,28.82
2024-10-01,28.85
2024-10-02,28.9
2024-10-03,28.89
2024-10-04,28.93
2024-10-05,28.97
2024-10-06,28.95
2024-10-07,28.94
2024-10-08,28.91
2024-10-09,28.9
2024-10-10,28.89
2024-10-11,28.87
2024-10-12,28.81
2024-10-13,28.75
2024-10-14,28.77
2024-10-15,28.77
2024-10-16,28.78
2024-10-17,28.81
2024-10-18,28.79
2024-10-19,28.79
2024-10-20,28.77
2024-10-21,28.77
2024-10-22,28.78
2024-10-23,28.84
2024-10-24,28.84
2024-10-25,28.85
2024-10-26,28.86
2024-10-27,28.87
2024-10-28,28.88
2024-10-29,28.84
2024-10-30,29.0
2024-10-31,29.01
2024-11-01,29.04
2024-11-02,29.04
2024-11-03,28.97
2024-11-04,28.97
2024-11-05,28.99
2024-11-06,28.98
2024-11-07,29.05
2024-11-08,29.07
2024-11-09,29.08
2024-11-10,29.07
2024-11-11,29.05
2024-11-12,29.0
2024-11-13,28.97
2024-11-14,28.98
2024-11-15,28.98
2024-11-16,28.97
2024-11-17,28.91
2024-11-18,28.89
2024-11-19,28.9
2024-11-20,28.89
2024-11-21,28.84
2024-11-22,28.79
2024-11-23,28.86
2024-11-24,28.88
2024-11-25,28.85
2024-11-26,28.85
2024-11-27,28.8
2024-11-28,28.79
2024-11-29,28.79
2024-11-30,28.81
2024-12-01,28.82
2024-12-02,28.8
2024-12-03,28.83
2024-12-04,28.87
2024-12-05,28.88
2024-12-06,28.87
2024-12-07,28.85
2024-12-08,28.82
2024-12-09,28.8
2024-12-10,28.78
2024-12-11,28.74
2024-12-12,28.71
2024-12-13,28.7
2024-12-14,28.69
2024-12-15,28.63
2024-12-16,28.6
2024-12-17,28.55
2024-12-18,28.61
2024-12-19,28.61
2024-12-20,28.6
2024-12-21,28.47
2024-12-22,28.42
2024-12-23,28.42
2024-12-24,28.44
2024-12-25,28.4
2024-12-26,28.44
2024-12-27,28.44
2024-12-28,28.42
2024-12-29,28.43
2024-12-30,28.4
2024-12-31,28.43
2025-01-01,28.45
2025-01-02,28.46
2025-01-03,28.44
2025-01-04,28.43
2025-01-05,28.41
2025-01-06,28.43
2025-01-07,28.44
2025-01-08,28.44
2025-01-09,28.46
2025-01-10,28.5
2025-01-11,28.42
2025-01-12,28.41
2025-01-13,28.37
2025-01-14,28.4
2025-01-15,28.4
2025-01-16,28.4
2025-01-17,28.4
2025-01-18,28.39
2025-01-19,28.38
2025-01-20,28.39
2025-01-21,28.45
2025-01-22,28.41
2025-01-23,28.34
2025-01-24,28.33
2025-01-25,28.34
2025-01-26,28.32
2025-01-27,28.3
2025-01-28,28.31
2025-01-29,28.24
2025-01-30,28.22
2025-01-31,28.23
2025-02-01,28.26
2025-02-02,28.25
2025-02-03,28.25
2025-02-04,28.29
2025-02-05,28.29
2025-02-06,28.29
2025-02-07,28.24
2025-02-08,28.23
2025-02-09,28.17
2025-02-10,28.15
2025-02-11,28.1
2025-02-12,28.13
2025-02-13,28.11
2025-02-14,28.13
2025-02-15,28.09
2025-02-16,28.02
2025-02-17,28.04
2025-02-18,28.07
2025-02-19,28.08
2025-02-20,28.08
2025-02-21,28.08
2025-02-22,28.09
2025-02-23,28.11
2025-02-24,28.1
2025-02-25,28.09
2025-02-26,28.12
2025-02-27,28.1
2025-02-28,28.12
2025-03-01,28.12
2025-03-02,28.12
2025-03-03,28.12
2025-03-04,28.13
2025-03-05,28.22
2025-03-06,28.21
2025-03-07,28.21
2025-03-08,28.2
2025-03-09,28.13
2025-03-10,28.12
2025-03-11,28.16
2025-03-12,28.17
2025-03-13,28.21
2025-03-14,28.26
2025-03-15,28.25
2025-03-16,28.24
2025-03-17,28.25
2025-03-18,28.26
2025-03-19,28.29
2025-03-20,28.3
2025-03-21,28.35
2025-03-22,28.37
2025-03-23,28.39
2025-03-24,28.41
2025-03-25,28.46
2025-03-26,28.51
2025-03-27,28.49
2025-03-28,28.53
2025-03-29,28.54
2025-03-30,28.54
2025-03-31,28.54
2025-04-01,28.56
2025-04-02,28.56
2025-04-03,28.6
2025-04-04,28.6
2025-04-05,28.6
2025-04-06,28.58
2025-04-07,28.6
2025-04-08,28.62
2025-04-09,28.59
2025-04-10,28.65
2025-04-11,28.63
2025-04-12,28.6
2025-04-13,28.6
2025-04-14,28.54
2025-04-15,28.57
2025-04-16,28.49
2025-04-17,28.51
2025-04-18,28.51
2025-04-19,28.47
2025-04-20,28.46
2025-04-21,28.47
2025-04-22,28.45
2025-04-23,28.53
2025-04-24,28.5
2025-04-25,28.5
2025-04-26,28.49
2025-04-27,28.47
2025-04-28,28.46
2025-04-29,28.48
2025-04-30,28.46
2025-05-01,28.49
2025-05-02,28.49
2025-05-03,28.46
2025-05-04,28.46
2025-05-05,28.46
2025-05-06,28.49
2025-05-07,28.52
2025-05-08,28.56
2025-05-09,28.57
2025-05-10,28.57
2025-05-11,28.61
2025-05-12,28.61
2025-05-13,28.63
2025-05-14,28.64
2025-05-15,28.68
2025-05-16,28.59
2025-05-17,28.59
2025-05-18,28.61
2025-05-19,28.6
2025-05-20,28.61
2025-05-21,28.64
2025-05-22,28.58
2025-05-23,28.6
2025-05-24,28.61
2025-05-25,28.64
2025-05-26,28.54
2025-05-27,28.53
2025-05-28,28.55
2025-05-29,28.59
2025-05-30,28.6
2025-05-31,28.59
2025-06-01,28.59
2025-06-02,28.62
2025-06-03,28.65
2025-06-04,28.67
2025-06-05,28.7
2025-06-06,28.73
2025-06-07,28.76
2025-06-08,28.79
2025-06-09,28.82
2025-06-10,28.85
2025-06-11,28.87
2025-06-12,28.91
2025-06-13,28.94
2025-06-14,28.92
2025-06-15,28.95
2025-06-16,28.98
2025-06-17,29.02
2025-06-18,29.05
2025-06-19,29.06
2025-06-20,29.09
2025-06-21,29.13
2025-06-22,29.17
2025-06-23,29.2
2025-06-24,29.24
2025-06-25,29.26
2025-06-26,29.29
2025-06-27,29.33
2025-06-28,29.32
2025-06-29,29.35
2025-06-30,29.39
2025-07-01,29.42
2025-07-02,29.45
2025-07-03,29.49
2025-07-04,29.52
2025-07-05,29.56
2025-07-06,29.61
2025-07-07,29.64
2025-07-08,29.58
2025-07-09,29.62
2025-07-10,29.65
2025-07-11,29.69
2025-07-12,29.71
2025-07-13,29.74
2025-07-14,29.78
2025-07-15,29.81
2025-07-16,29.85
2025-07-17,29.84
2025-07-18,29.83
2025-07-19,29.86
2025-07-20,29.89
2025-07-21,29.88
2025-07-22,29.88
2025-07-23,29.9
2025-07-24,29.89
2025-07-25,29.9
2025-07-26,29.91
2025-07-27,29.89
2025-07-28,29.86
2025-07-29,29.88
2025-07-30,29.9
2025-07-31,29.91
2025-08-01,29.92
2025-08-02,29.92
2025-08-03,29.91
2025-08-04,29.92
2025-08-05,29.9
2025-08-06,29.89
2025-08-07,29.89
2025-08-08,29.92
2025-08-09,29.94
2025-08-10,29.88
2025-08-11,29.89
2025-08-12,29.87
2025-08-13,29.87
2025-08-14,29.88
2025-08-15,29.83
2025-08-16,29.77
2025-08-17,29.79
2025-08-18,29.82
2025-08-19,29.81
2025-08-20,29.83
2025-08-21,29.85
2025-08-22,29.84
2025-08-23,29.87
2025-08-24,29.86
2025-08-25,29.86
2025-08-26,29.86
2025-08-27,29.85
2025-08-28,29.83
2025-08-29,29.82
2025-08-30,29.83
2025-08-31,29.84
2025-09-01,29.85
2025-09-02,29.86
2025-09-03,29.81
2025-09-04,29.81
2025-09-05,29.83
2025-09-06,29.84
2025-09-07,29.84
2025-09-08,29.86
2025-09-09,29.85
2025-09-10,29.83
2025-09-11,29.83
2025-09-12,29.78
2025-09-13,29.75
2025-09-14,29.74
2025-09-15,29.74
2025-09-16,29.75
2025-09-17,29.78
2025-09-18,29.81
2025-09-19,29.81
2025-09-20,29.83
2025-09-21,29.83
2025-09-22,29.83
2025-09-23,29.78
2025-09-24,29.81
2025-09-25,29.83
2025-09-26,29.86
2025-09-27,29.87
2025-09-28,29.79
2025-09-29,29.77
2025-09-30,29.78
2025-10-01,29.79
2025-10-02,29.81
2025-10-03,29.83
2025-10-04,29.79
2025-10-05,29.79
2025-10-06,29.79
2025-10-07,29.84
2025-10-08,29.86
2025-10-09,29.78
2025-10-10,29.75
2025-10-11,29.74
2025-10-12,29.75
2025-10-13,29.78
2025-10-14,29.8
2025-10-15,29.76
2025-10-16,29.81
2025-10-17,29.85
2025-10-18,29.86
2025-10-19,29.84
2025-10-20,29.85
2025-10-21,29.81
2025-10-22,29.78
2025-10-23,29.77
2025-10-24,29.78
2025-10-25,29.82
2025-10-26,29.86
2025-10-27,29.87
2025-10-28,29.73
2025-10-29,29.72
2025-10-30,29.72
2025-10-31,29.73
2025-11-01,29.75
2025-11-02,29.76
2025-11-03,29.79
2025-11-04,29.81
2025-11-05,29.77
2025-11-06,29.72
2025-11-07,29.71
2025-11-08,29.74
2025-11-09,29.73
2025-11-10,29.76
2025-11-11,29.68
2025-11-12,29.71
2025-11-13,29.74
2025-11-14,29.77
2025-11-15,29.8
2025-11-16,29.82
2025-11-17,29.85
2025-11-18,29.89
2025-11-19,29.58
2025-11-20,29.62
2025-11-21,29.65
2025-11-22,29.68
2025-11-23,29.68
2025-11-24,29.7
2025-11-25,29.72
2025-11-26,29.71
2025-11-27,29.72
2025-11-28,29.76
2025-11-29,29.79
2025-11-30,29.75
2025-12-01,29.67
2025-12-02,29.67
2025-12-03,29.65
2025-12-04,29.69
2025-12-05,29.71
2025-12-06,29.74
2025-12-07,29.59
2025-12-08,29.58
2025-12-09,29.62
2025-12-10,29.62
2025-12-11,29.66
2025-12-12,29.7
2025-12-13,29.72
2025-12-14,29.73
2025-12-15,29.67
2025-12-16,29.71
2025-12-17,29.74
2025-12-18,29.78
2025-12-19,29.65
2025-12-20,29.68
2025-12-21,29.7
2025-12-22,29.72
2025-12-23,29.69
2025-12-24,29.63
2025-12-25,29.66
2025-12-26,29.67
2025-12-27,29.69
2025-12-28,29.55
2025-12-29,29.58
2025-12-30,29.59
2025-12-31,29.59
2026-01-01,29.62
2026-01-02,29.63
2026-01-03,29.66
2026-01-04,29.68
2026-01-05,29.63
2026-01-06,29.58
2026-01-07,29.58
2026-01-08,29.59
2026-01-09,29.62
2026-01-10,29.65
2026-01-11,29.68
2026-01-12,29.72
2026-01-13,29.75
2026-01-14,29.73
2026-01-15,29.77
2026-01-16,29.8
2026-01-17,29.83
2026-01-18,29.87
2026-01-19,29.91
2026-01-20,29.95
2026-01-21,30.0
2026-01-22,29.98
2026-01-23,30.01
2026-01-24,30.03
2026-01-25,30.07
2026-01-26,30.11
2026-01-27,30.15
2026-01-28,30.19
2026-01-29,30.22
2026-01-30,30.26
2026-01-31,30.26
2026-02-01,30.3
2026-02-02,30.33
2026-02-03,30.36
2026-02-04,30.4
2026-02-05,30.43
2026-02-06,30.47
2026-02-07,30.51
2026-02-08,30.49
2026-02-09,30.51
2026-02-10,30.53
2026-02-11,30.53
2026-02-12,30.57
2026-02-13,30.59
2026-02-14,30.58
2026-02-15,30.61
2026-02-16,30.6
2026-02-17,30.63
2026-02-18,30.64
2026-02-19,30.68
2026-02-20,30.71
2026-02-21,30.67
2026-02-22,30.7
2026-02-23,30.73
2026-02-24,30.76
2026-02-25,30.79
2026-02-26,30.83
2026-02-27,30.86
2026-02-28,30.88
2026-03-01,30.92
2026-03-02,30.9
2026-03-03,30.85
2026-03-04,30.89
2026-03-05,30.91
2026-03-06,30.93
2026-03-07,30.89
2026-03-08,30.93
2026-03-09,30.97
2026-03-10,31.01
2026-03-11,31.02
2026-03-12,31.06
2026-03-13,31.1
2026-03-14,31.13
2026-03-15,31.17
2026-03-16,31.21
2026-03-17,31.24
2026-03-18,31.28
2026-03-19,31.3
2026-03-20,31.34
2026-03-21,31.38
2026-03-22,31.4
2026-03-23,31.44
2026-03-24,31.48
2026-03-25,31.5
2026-03-26,31.54
2026-03-27,31.58
2026-03-28,31.61
2026-03-29,31.65
2026-03-30,31.69
2026-03-31,31.73
2026-04-01,31.77
2026-04-02,31.81
2026-04-03,31.85
2026-04-04,31.85
2026-04-05,31.89
2026-04-06,31.93
2026-04-07,31.97
2026-04-08,32.01
2026-04-09,32.05
2026-04-10,32.05
