Datetime,NVT Golden Cross
2026-04-10T00:00:00Z,-0.0628263301127466
2026-04-09T00:00:00Z,-0.09721528514576569
2026-04-08T00:00:00Z,-0.1890129957349762
2026-04-07T00:00:00Z,0.08986968686537786
2026-04-06T00:00:00Z,0.2778175656059312
2026-04-05T00:00:00Z,0.014938116435542766
2026-04-04T00:00:00Z,-0.20371197944965008
2026-04-03T00:00:00Z,-0.37789326469058904
2026-04-02T00:00:00Z,-0.34905005149859303
2026-04-01T00:00:00Z,-0.21418684213644576
2026-03-31T00:00:00Z,0.056334517175081596
2026-03-30T00:00:00Z,0.5408558449792132
2026-03-29T00:00:00Z,0.6258674141157909
2026-03-28T00:00:00Z,0.5613857465790779
2026-03-27T00:00:00Z,0.4444330365573625
2026-03-26T00:00:00Z,0.5462937459035768
2026-03-25T00:00:00Z,0.5282502401608115
2026-03-24T00:00:00Z,0.7997514836633187
2026-03-23T00:00:00Z,0.932618436781798
2026-03-22T00:00:00Z,0.8260954380220483
2026-03-21T00:00:00Z,0.7062173786742225
2026-03-20T00:00:00Z,0.4013549347352722
2026-03-19T00:00:00Z,0.30326831584172825
2026-03-18T00:00:00Z,0.25429286985991284
2026-03-17T00:00:00Z,0.5071419297832629
2026-03-16T00:00:00Z,0.7216609602822754
2026-03-15T00:00:00Z,0.6703894065876451
2026-03-14T00:00:00Z,0.4380217367288496
2026-03-13T00:00:00Z,0.21261161405690074
2026-03-12T00:00:00Z,0.20221069970506567
2026-03-11T00:00:00Z,0.15553146314147895
2026-03-10T00:00:00Z,0.32592377212853163
2026-03-09T00:00:00Z,0.5362802548725518
2026-03-08T00:00:00Z,0.526355839974728
2026-03-07T00:00:00Z,0.2901675666631222
2026-03-06T00:00:00Z,0.048131750475846995
2026-03-05T00:00:00Z,-0.013210041969821385
2026-03-04T00:00:00Z,0.03325648628811811
2026-03-03T00:00:00Z,0.38561859418654376
2026-03-02T00:00:00Z,0.6339534611196113
2026-03-01T00:00:00Z,0.5734759192678512
2026-02-28T00:00:00Z,0.48484838089447563
2026-02-27T00:00:00Z,0.3338694021739336
2026-02-26T00:00:00Z,0.2911230803412519
2026-02-25T00:00:00Z,0.42309879516936033
2026-02-24T00:00:00Z,0.7079859634367609
2026-02-23T00:00:00Z,0.8098345128332834
2026-02-22T00:00:00Z,0.5563035468964306
2026-02-21T00:00:00Z,0.2799212954660764
2026-02-20T00:00:00Z,-0.03959446362170337
2026-02-19T00:00:00Z,-0.1207839595301822
2026-02-18T00:00:00Z,-0.30796162891232487
2026-02-17T00:00:00Z,-0.5014313608895767
2026-02-16T00:00:00Z,-0.8726991286168311
2026-02-15T00:00:00Z,-1.409105371316978
2026-02-14T00:00:00Z,-1.9756069953338489
2026-02-13T00:00:00Z,-2.236810051183725
2026-02-12T00:00:00Z,-2.3996417943520267
2026-02-11T00:00:00Z,-2.507880004112433
2026-02-10T00:00:00Z,-2.5375272067933152
2026-02-09T00:00:00Z,-2.7159261620003385
2026-02-08T00:00:00Z,-2.8387650928669115
2026-02-07T00:00:00Z,-2.8092070571386563
2026-02-06T00:00:00Z,-2.627923296086432
2026-02-05T00:00:00Z,-2.263526294495585
2026-02-04T00:00:00Z,-1.9011139433277942
2026-02-03T00:00:00Z,-1.4357057788483498
2026-02-02T00:00:00Z,-0.6098475095330287
2026-02-01T00:00:00Z,-0.5821077062963687
2026-01-31T00:00:00Z,-0.4793665328429344
2026-01-30T00:00:00Z,-0.44491466813232994
2026-01-29T00:00:00Z,-0.3407354601352316
2026-01-28T00:00:00Z,0.04969503447869157
2026-01-27T00:00:00Z,0.6357470286832553
2026-01-26T00:00:00Z,0.8566512202046835
2026-01-25T00:00:00Z,0.7094449275836695
2026-01-24T00:00:00Z,0.4091569214949975
2026-01-23T00:00:00Z,-0.3307821621163374
2026-01-22T00:00:00Z,-0.3861466638646991
2026-01-21T00:00:00Z,-0.1762445690347071
2026-01-20T00:00:00Z,0.30353932153458935
2026-01-19T00:00:00Z,0.6329518073000036
2026-01-18T00:00:00Z,0.4403539477064384
2026-01-17T00:00:00Z,0.2642122444829807
2026-01-16T00:00:00Z,0.03587785960395292
2026-01-15T00:00:00Z,0.0962153127818653
2026-01-14T00:00:00Z,0.16624160288598924
2026-01-13T00:00:00Z,0.40133485467392604
2026-01-12T00:00:00Z,0.5913773953563409
2026-01-11T00:00:00Z,0.3371937302993304
2026-01-10T00:00:00Z,0.20282442880880228
2026-01-09T00:00:00Z,-0.20987588618828062
2026-01-08T00:00:00Z,-0.28008416761962457
2026-01-07T00:00:00Z,-0.5764769878315823
2026-01-06T00:00:00Z,-0.23091817255785815
2026-01-05T00:00:00Z,0.023121417967638596
2026-01-04T00:00:00Z,-0.10755598288292034
2026-01-03T00:00:00Z,0.1777796180673003
2026-01-02T00:00:00Z,-0.016139523921920865
2026-01-01T00:00:00Z,-0.008794491691164322
2025-12-31T00:00:00Z,-0.07219346108620078
2025-12-30T00:00:00Z,0.3659674598836184
2025-12-29T00:00:00Z,0.40338611437932864
2025-12-28T00:00:00Z,0.3640379353195551
2025-12-27T00:00:00Z,0.08418009017704797
2025-12-26T00:00:00Z,-0.32588814675159317
2025-12-25T00:00:00Z,-0.3150951777079753
2025-12-24T00:00:00Z,-0.5289539185006512
2025-12-23T00:00:00Z,-0.23564034434123363
2025-12-22T00:00:00Z,0.10206247048520868
2025-12-21T00:00:00Z,0.2622211195903527
2025-12-20T00:00:00Z,0.20181948270682568
2025-12-19T00:00:00Z,0.1526710289948859
2025-12-18T00:00:00Z,0.2874198073854535
2025-12-17T00:00:00Z,0.42025581688944613
2025-12-16T00:00:00Z,1.01047731301674
2025-12-15T00:00:00Z,1.356428278229381
2025-12-14T00:00:00Z,1.3527925654069437
2025-12-13T00:00:00Z,1.4008619689946165
2025-12-12T00:00:00Z,1.1671232151729407
2025-12-11T00:00:00Z,1.0121572365167346
2025-12-10T00:00:00Z,0.9284364942305869
2025-12-09T00:00:00Z,1.129531579768398
2025-12-08T00:00:00Z,1.2306856647644604
2025-12-07T00:00:00Z,1.0999525209050995
2025-12-06T00:00:00Z,0.8544873500800653
2025-12-05T00:00:00Z,0.5688995290053389
2025-12-04T00:00:00Z,0.5186027276321038
2025-12-03T00:00:00Z,0.40036921965503963
2025-12-02T00:00:00Z,0.3186475503305293
2025-12-01T00:00:00Z,-0.12281377147821439
2025-11-30T00:00:00Z,-0.5248530398730379
2025-11-29T00:00:00Z,-0.883238874223582
2025-11-28T00:00:00Z,-1.2983036219703514
2025-11-27T00:00:00Z,-1.6232979451622056
2025-11-26T00:00:00Z,-1.897181500004342
2025-11-25T00:00:00Z,-1.8633714344014467
2025-11-24T00:00:00Z,-1.861599625284418
2025-11-23T00:00:00Z,-2.221221814875233
2025-11-22T00:00:00Z,-2.3014970087368902
2025-11-21T00:00:00Z,-2.1435297880494297
2025-11-20T00:00:00Z,-2.032439506457817
2025-11-19T00:00:00Z,-1.7998842454351065
2025-11-18T00:00:00Z,-1.2924867525192998
2025-11-17T00:00:00Z,-0.9162364675028828
2025-11-16T00:00:00Z,-1.003336435957605
2025-11-15T00:00:00Z,-1.0204751557922658
2025-11-14T00:00:00Z,-1.185680517610342
2025-11-13T00:00:00Z,-1.2357378392874956
2025-11-12T00:00:00Z,-1.143511683803428
2025-11-11T00:00:00Z,-0.6418699455695478
2025-11-10T00:00:00Z,-0.3128789021801767
2025-11-09T00:00:00Z,-0.3244603767809388
2025-11-08T00:00:00Z,-0.5887020173200178
2025-11-07T00:00:00Z,-0.6336179478196177
2025-11-06T00:00:00Z,-0.4331588923809049
2025-11-05T00:00:00Z,-0.32611882121240493
2025-11-04T00:00:00Z,0.10283390768305826
2025-11-03T00:00:00Z,0.6555308205918656
2025-11-02T00:00:00Z,0.7584781427061449
2025-11-01T00:00:00Z,0.6136447068319876
2025-10-31T00:00:00Z,0.48053059290594
2025-10-30T00:00:00Z,0.43804868309547895
2025-10-29T00:00:00Z,0.5961707947107064
2025-10-28T00:00:00Z,0.6896916469989934
2025-10-27T00:00:00Z,0.7571034447964659
2025-10-26T00:00:00Z,0.35577812672866005
2025-10-25T00:00:00Z,0.09482949063206367
2025-10-24T00:00:00Z,-0.2893448681873083
2025-10-23T00:00:00Z,-0.7093404096255594
2025-10-22T00:00:00Z,-0.8443703208681356
2025-10-21T00:00:00Z,-0.7458142812184849
2025-10-20T00:00:00Z,-0.9895190437980607
2025-10-19T00:00:00Z,-1.1916914389726725
2025-10-18T00:00:00Z,-1.2062892974623631
2025-10-17T00:00:00Z,-1.4657807017787874
2025-10-16T00:00:00Z,-1.3326995086248286
2025-10-15T00:00:00Z,-1.2801076426174203
2025-10-14T00:00:00Z,-0.9376572621013829
2025-10-13T00:00:00Z,-0.6613137023368316
2025-10-12T00:00:00Z,-0.9311924474409665
2025-10-11T00:00:00Z,-1.171524666519384
2025-10-10T00:00:00Z,-1.2184937149719075
2025-10-09T00:00:00Z,-1.2575409883975073
2025-10-08T00:00:00Z,-1.2428729703411376
2025-10-07T00:00:00Z,-0.650344679471047
2025-10-06T00:00:00Z,-0.4469515789862806
2025-10-05T00:00:00Z,-0.8350139315996312
2025-10-04T00:00:00Z,-1.0264967055187042
2025-10-03T00:00:00Z,-1.1411878448664203
2025-10-02T00:00:00Z,-0.9976875916863426
2025-10-01T00:00:00Z,-0.9629184964025631
2025-09-30T00:00:00Z,-0.32786203641828254
2025-09-29T00:00:00Z,-0.014222625432147399
2025-09-28T00:00:00Z,-0.10767119141000814
2025-09-27T00:00:00Z,-0.3612995536839125
2025-09-26T00:00:00Z,-0.41850822458567194
2025-09-25T00:00:00Z,-0.1408003032405551
2025-09-24T00:00:00Z,-0.09830877886777435
2025-09-23T00:00:00Z,0.644196858883159
2025-09-22T00:00:00Z,0.9732017390706926
2025-09-21T00:00:00Z,1.121749149924706
2025-09-20T00:00:00Z,0.8584672134047744
2025-09-19T00:00:00Z,0.5536290506488394
2025-09-18T00:00:00Z,0.3812679713017053
2025-09-17T00:00:00Z,0.2999155437529462
2025-09-16T00:00:00Z,0.5693359811184304
2025-09-15T00:00:00Z,0.6769197028095172
2025-09-14T00:00:00Z,0.3217727176333915
2025-09-13T00:00:00Z,-0.3453344758751214
2025-09-12T00:00:00Z,-0.5728356706561413
2025-09-11T00:00:00Z,-0.668623214584193
2025-09-10T00:00:00Z,-0.6732603028669614
2025-09-09T00:00:00Z,-0.3399870950686518
2025-09-08T00:00:00Z,-0.24531908810654338
2025-09-07T00:00:00Z,-0.6066929656382894
2025-09-06T00:00:00Z,-0.8623833834241564
2025-09-05T00:00:00Z,-1.0933591756322814
2025-09-04T00:00:00Z,-1.0403221064423513
2025-09-03T00:00:00Z,-1.028599767178143
2025-09-02T00:00:00Z,-0.890199134959931
2025-09-01T00:00:00Z,-0.7648022847227138
2025-08-31T00:00:00Z,-0.9485209861285884
2025-08-30T00:00:00Z,-0.9878351986049003
2025-08-29T00:00:00Z,-1.0056722838077905
2025-08-28T00:00:00Z,-0.816519724608887
2025-08-27T00:00:00Z,-0.8290329741268418
2025-08-26T00:00:00Z,-0.26004132434337207
2025-08-25T00:00:00Z,0.20771563688020403
2025-08-24T00:00:00Z,0.24844779975145648
2025-08-23T00:00:00Z,0.27782624771304293
2025-08-22T00:00:00Z,0.06509638245733303
2025-08-21T00:00:00Z,0.03316826925239571
2025-08-20T00:00:00Z,-0.0956278007182411
2025-08-19T00:00:00Z,0.40843020376141626
2025-08-18T00:00:00Z,0.6950744004582469
2025-08-17T00:00:00Z,0.5342915205595935
2025-08-16T00:00:00Z,0.3102957997360166
2025-08-15T00:00:00Z,0.10269018123978078
2025-08-14T00:00:00Z,0.16623281377754962
2025-08-13T00:00:00Z,0.2709355324294858
2025-08-12T00:00:00Z,0.8101624212169167
2025-08-11T00:00:00Z,1.0355560080922612
2025-08-10T00:00:00Z,0.8608823183827229
2025-08-09T00:00:00Z,0.7887578301640382
2025-08-08T00:00:00Z,0.5332084411959077
2025-08-07T00:00:00Z,0.5458405613515551
2025-08-06T00:00:00Z,0.4131373433309694
2025-08-05T00:00:00Z,0.8213222584538483
2025-08-04T00:00:00Z,0.8165461382399126
2025-08-03T00:00:00Z,0.0856854207132113
2025-08-02T00:00:00Z,-0.18924067237693254
2025-08-01T00:00:00Z,-0.3498150293539721
2025-07-31T00:00:00Z,-0.39392205804650154
2025-07-30T00:00:00Z,-0.8196711411652265
2025-07-29T00:00:00Z,-0.22054399769249294
2025-07-28T00:00:00Z,-0.009548955185592286
2025-07-27T00:00:00Z,-0.4878759816549856
2025-07-26T00:00:00Z,-1.138882951192895
2025-07-25T00:00:00Z,-1.684862640659251
2025-07-24T00:00:00Z,-1.8342714013508346
2025-07-23T00:00:00Z,-2.1873491343747844
2025-07-22T00:00:00Z,-1.7302518877445374
2025-07-21T00:00:00Z,-1.499143821733745
2025-07-20T00:00:00Z,-1.962642620232994
2025-07-19T00:00:00Z,-2.5126675237266993
2025-07-18T00:00:00Z,-2.7991121591047086
2025-07-17T00:00:00Z,-2.341970237489662
2025-07-16T00:00:00Z,-1.9219013541842804
2025-07-15T00:00:00Z,-0.43010348424226486
2025-07-14T00:00:00Z,0.8192125252551749
2025-07-13T00:00:00Z,0.9400249812365064
2025-07-12T00:00:00Z,0.6289353997470061
2025-07-11T00:00:00Z,0.7427286624300091
2025-07-10T00:00:00Z,1.2293250746893238
2025-07-09T00:00:00Z,1.30409983525696
2025-07-08T00:00:00Z,2.005855805409216
2025-07-07T00:00:00Z,2.341092591945215
2025-07-06T00:00:00Z,1.9895732795216678
2025-07-05T00:00:00Z,1.0379213901469746
2025-07-04T00:00:00Z,0.0074754629841698225
2025-07-03T00:00:00Z,-0.16684172791885712
2025-07-02T00:00:00Z,-0.19297376238636035
2025-07-01T00:00:00Z,-0.17776940306038289
2025-06-30T00:00:00Z,0.4280046171988271
2025-06-29T00:00:00Z,0.3266779137817287
2025-06-28T00:00:00Z,0.1732418740747756
2025-06-27T00:00:00Z,-0.34318815206222875
2025-06-26T00:00:00Z,-0.37503347365029327
2025-06-25T00:00:00Z,-0.260791009324115
2025-06-24T00:00:00Z,1.0916981922045423
2025-06-23T00:00:00Z,1.8194872526620656
2025-06-22T00:00:00Z,1.6776032607723048
2025-06-21T00:00:00Z,1.8046036383261945
2025-06-20T00:00:00Z,1.344636649970017
2025-06-19T00:00:00Z,1.2599334292345847
2025-06-18T00:00:00Z,1.105112760924848
2025-06-17T00:00:00Z,1.7475733639089206
2025-06-16T00:00:00Z,2.217710354949359
2025-06-15T00:00:00Z,1.9250296840704353
2025-06-14T00:00:00Z,0.8993847675017046
2025-06-13T00:00:00Z,0.27098328177418646
2025-06-12T00:00:00Z,0.1298122269675616
2025-06-11T00:00:00Z,-0.13024117421496398
2025-06-10T00:00:00Z,0.3258655569433043
2025-06-09T00:00:00Z,0.8438607300416746
2025-06-08T00:00:00Z,0.5147713553973261
2025-06-07T00:00:00Z,0.22412795844638675
2025-06-06T00:00:00Z,-0.24248109179509192
2025-06-05T00:00:00Z,-0.11999104635483948
2025-06-04T00:00:00Z,0.2219858917730762
2025-06-03T00:00:00Z,0.9607617924405465
2025-06-02T00:00:00Z,1.490756880411895
2025-06-01T00:00:00Z,1.335132024062406
2025-05-31T00:00:00Z,0.7479272130100837
2025-05-30T00:00:00Z,0.24145283785420266
2025-05-29T00:00:00Z,0.2788130382712764
2025-05-28T00:00:00Z,0.2887718372306188
2025-05-27T00:00:00Z,1.075552496502473
2025-05-26T00:00:00Z,1.5967029081966688
2025-05-25T00:00:00Z,1.2647684684465534
2025-05-24T00:00:00Z,0.7922470160332344
2025-05-23T00:00:00Z,0.43914810740172255
2025-05-22T00:00:00Z,0.5612253918701106
2025-05-21T00:00:00Z,0.7900330613853439
2025-05-20T00:00:00Z,1.2846056565112531
2025-05-19T00:00:00Z,1.513337233341479
2025-05-18T00:00:00Z,1.1212769967800824
2025-05-17T00:00:00Z,0.528631559624446
2025-05-16T00:00:00Z,-0.059858283153660964
2025-05-15T00:00:00Z,-0.250214489897026
2025-05-14T00:00:00Z,-0.3583417735568446
2025-05-13T00:00:00Z,-0.08386460456471619
2025-05-12T00:00:00Z,0.1127752442151163
2025-05-11T00:00:00Z,-0.13852118179752157
2025-05-10T00:00:00Z,-0.5177715157552135
2025-05-09T00:00:00Z,-0.7938238505910556
2025-05-08T00:00:00Z,-0.7029216155826095
2025-05-07T00:00:00Z,-0.6965409626612311
2025-05-06T00:00:00Z,0.05069079632495841
2025-05-05T00:00:00Z,0.7315012406858956
2025-05-04T00:00:00Z,0.5216697214037002
2025-05-03T00:00:00Z,0.19572500273822652
2025-05-02T00:00:00Z,-0.2538752817277101
2025-05-01T00:00:00Z,-0.29528640801163003
2025-04-30T00:00:00Z,-0.19499105893022123
2025-04-29T00:00:00Z,0.5553527074954377
2025-04-28T00:00:00Z,0.9876843788870726
2025-04-27T00:00:00Z,1.0278837571125925
2025-04-26T00:00:00Z,0.4874023452371495
2025-04-25T00:00:00Z,0.07530645676655988
2025-04-24T00:00:00Z,0.036336495644434474
2025-04-23T00:00:00Z,0.20848523652792217
2025-04-22T00:00:00Z,0.7382199295098817
2025-04-21T00:00:00Z,0.9126252501612292
2025-04-20T00:00:00Z,0.5323377582500352
2025-04-19T00:00:00Z,-0.15030208780555004
2025-04-18T00:00:00Z,-0.7363082860716221
2025-04-17T00:00:00Z,-0.9495919762990821
2025-04-16T00:00:00Z,-1.1071785942712649
2025-04-15T00:00:00Z,-0.9519697256804723
2025-04-14T00:00:00Z,-0.4118810818406301
2025-04-13T00:00:00Z,-0.6148957436884115
2025-04-12T00:00:00Z,-1.0012576020152675
2025-04-11T00:00:00Z,-1.259950957449605
2025-04-10T00:00:00Z,-1.0862201942171847
2025-04-09T00:00:00Z,-1.053727138534153
2025-04-08T00:00:00Z,-0.3803894225585429
2025-04-07T00:00:00Z,-0.04255923296081516
2025-04-06T00:00:00Z,-0.07865868082804865
2025-04-05T00:00:00Z,-0.07179939397625174
2025-04-04T00:00:00Z,-0.3703241490302299
2025-04-03T00:00:00Z,-0.3635791125828592
2025-04-02T00:00:00Z,-0.13152571153717854
2025-04-01T00:00:00Z,0.8276297096616576
2025-03-31T00:00:00Z,1.549870849500696
2025-03-30T00:00:00Z,1.8223300724456455
2025-03-29T00:00:00Z,1.6620371923733335
2025-03-28T00:00:00Z,1.683975196353774
2025-03-27T00:00:00Z,1.9629941357006624
2025-03-26T00:00:00Z,2.123324058948704
2025-03-25T00:00:00Z,2.5112475476707514
2025-03-24T00:00:00Z,2.8758631610315426
2025-03-23T00:00:00Z,2.9076166587126266
2025-03-22T00:00:00Z,2.316132229854728
2025-03-21T00:00:00Z,1.6245435154167238
2025-03-20T00:00:00Z,1.1919652147215032
2025-03-19T00:00:00Z,0.8538746710782507
2025-03-18T00:00:00Z,0.8119130497388227
2025-03-17T00:00:00Z,0.9569052139114707
2025-03-16T00:00:00Z,0.5845647804290027
2025-03-15T00:00:00Z,0.16060347896214872
2025-03-14T00:00:00Z,-0.1969713235189653
2025-03-13T00:00:00Z,-0.44884673142351444
2025-03-12T00:00:00Z,-0.7794610028068824
2025-03-11T00:00:00Z,-0.7526448905601003
2025-03-10T00:00:00Z,-0.7733630879931549
2025-03-09T00:00:00Z,-1.2113545465968494
2025-03-08T00:00:00Z,-1.7626195389834771
2025-03-07T00:00:00Z,-2.558749318674808
2025-03-06T00:00:00Z,-2.9648736409962604
2025-03-05T00:00:00Z,-3.08602405053765
2025-03-04T00:00:00Z,-2.738380581690804
2025-03-03T00:00:00Z,-2.8224346436915866
2025-03-02T00:00:00Z,-3.0152715313590623
2025-03-01T00:00:00Z,-3.085191568161629
2025-02-28T00:00:00Z,-3.1643119029003492
2025-02-27T00:00:00Z,-2.833653129533981
2025-02-26T00:00:00Z,-2.4253546207004986
2025-02-25T00:00:00Z,-1.5250047741683168
2025-02-24T00:00:00Z,-1.0349184138667367
2025-02-23T00:00:00Z,-1.0465390206787364
2025-02-22T00:00:00Z,-1.1592357245322873
2025-02-21T00:00:00Z,-0.8228128012219476
2025-02-20T00:00:00Z,-0.5323238389173838
2025-02-19T00:00:00Z,-0.2252534763266195
2025-02-18T00:00:00Z,0.7537605101090299
2025-02-17T00:00:00Z,1.6048338893514682
2025-02-16T00:00:00Z,1.7459632051450271
2025-02-15T00:00:00Z,1.6002804754346625
2025-02-14T00:00:00Z,1.390772681030325
2025-02-13T00:00:00Z,1.3114181986117677
2025-02-12T00:00:00Z,1.0292819441854537
2025-02-11T00:00:00Z,1.1887491553256344
2025-02-10T00:00:00Z,1.7732329700657323
2025-02-09T00:00:00Z,1.447707886946531
2025-02-08T00:00:00Z,1.1208343871174913
2025-02-07T00:00:00Z,0.6355102758852186
2025-02-06T00:00:00Z,0.8933013926500778
2025-02-05T00:00:00Z,0.9351325465026308
2025-02-04T00:00:00Z,1.9436756884082917
2025-02-03T00:00:00Z,2.636360564410599
2025-02-02T00:00:00Z,2.6845698948051555
2025-02-01T00:00:00Z,2.281678093124165
2025-01-31T00:00:00Z,1.5623538958532666
2025-01-30T00:00:00Z,1.2510620883570736
2025-01-29T00:00:00Z,0.8925483939095645
2025-01-28T00:00:00Z,0.9156175130839425
2025-01-27T00:00:00Z,0.5254804932095953
2025-01-26T00:00:00Z,-0.09862390694724814
2025-01-25T00:00:00Z,-1.0531222178828201
2025-01-24T00:00:00Z,-1.9028955681931006
2025-01-23T00:00:00Z,-2.3418391852247766
2025-01-22T00:00:00Z,-2.218809124166059
2025-01-21T00:00:00Z,-1.4834343566852055
2025-01-20T00:00:00Z,-1.000145783096535
2025-01-19T00:00:00Z,-1.3651551909291577
2025-01-18T00:00:00Z,-1.4043086296896934
2025-01-17T00:00:00Z,-1.4475652775119667
2025-01-16T00:00:00Z,-1.393658903779664
2025-01-15T00:00:00Z,-1.1600489435347083
2025-01-14T00:00:00Z,-0.19847807750206561
2025-01-13T00:00:00Z,0.2161477863856319
2025-01-12T00:00:00Z,-0.07955626920615075
2025-01-11T00:00:00Z,-0.3472838784784396
2025-01-10T00:00:00Z,-0.5126637812955415
2025-01-09T00:00:00Z,-0.4701667500710051
2025-01-08T00:00:00Z,-0.6062902122297051
2025-01-07T00:00:00Z,-0.16793594104714685
2025-01-06T00:00:00Z,0.7083092144705843
2025-01-05T00:00:00Z,0.5140741702744803
2025-01-04T00:00:00Z,0.3394960757734602
2025-01-03T00:00:00Z,0.8876392251827772
2025-01-02T00:00:00Z,1.0253657049783795
2025-01-01T00:00:00Z,0.6511127720484845
2024-12-31T00:00:00Z,1.6688919696986813
2024-12-30T00:00:00Z,2.2614004803107344
2024-12-29T00:00:00Z,1.9116127661832778
2024-12-28T00:00:00Z,1.442451628678133
2024-12-27T00:00:00Z,0.4522294703194186
2024-12-26T00:00:00Z,0.2599986557045735
2024-12-25T00:00:00Z,0.018337098192529464
2024-12-24T00:00:00Z,0.6290817690831678
2024-12-23T00:00:00Z,1.3765914411896085
2024-12-22T00:00:00Z,1.6228209513160985
2024-12-21T00:00:00Z,0.9814207022657636
2024-12-20T00:00:00Z,0.5126546774420779
2024-12-19T00:00:00Z,0.6744129785756072
2024-12-18T00:00:00Z,0.6664430244103652
2024-12-17T00:00:00Z,1.7944291734462978
2024-12-16T00:00:00Z,2.5074917445808054
2024-12-15T00:00:00Z,2.1564651384829263
2024-12-14T00:00:00Z,0.9335218266075632
2024-12-13T00:00:00Z,0.2567240356549968
2024-12-12T00:00:00Z,0.2297179138670186
2024-12-11T00:00:00Z,0.14697633849273448
2024-12-10T00:00:00Z,1.4368388969082826
2024-12-09T00:00:00Z,2.368971927032572
2024-12-08T00:00:00Z,2.631923673577277
2024-12-07T00:00:00Z,2.475110929983182
2024-12-06T00:00:00Z,1.9910815255726741
2024-12-05T00:00:00Z,2.126905514200977
2024-12-04T00:00:00Z,2.3023574501451605
2024-12-03T00:00:00Z,2.894495382225118
2024-12-02T00:00:00Z,2.8697151267907124
2024-12-01T00:00:00Z,2.3851823189017276
2024-11-30T00:00:00Z,1.1543120139821452
2024-11-29T00:00:00Z,0.4063329176119126
2024-11-28T00:00:00Z,0.1872504991385498
2024-11-27T00:00:00Z,-0.13533856329672725
2024-11-26T00:00:00Z,0.7461093266638177
2024-11-25T00:00:00Z,1.1346356744848176
2024-11-24T00:00:00Z,0.8609108171053748
2024-11-23T00:00:00Z,0.10732272772203928
2024-11-22T00:00:00Z,-0.48215444772601435
2024-11-21T00:00:00Z,-0.902116180276537
2024-11-20T00:00:00Z,-0.9596442201284288
2024-11-19T00:00:00Z,-0.9267823045757914
2024-11-18T00:00:00Z,-0.8007562708988527
2024-11-17T00:00:00Z,-1.3076348672814644
2024-11-16T00:00:00Z,-2.2234317338701293
2024-11-15T00:00:00Z,-3.2503935572887768
2024-11-14T00:00:00Z,-3.3432767477436065
2024-11-13T00:00:00Z,-2.978813030138665
2024-11-12T00:00:00Z,-1.7475709847026615
2024-11-11T00:00:00Z,-0.42463971740292705
2024-11-10T00:00:00Z,-0.5774512522902491
2024-11-09T00:00:00Z,-0.7530796798974317
2024-11-08T00:00:00Z,-1.2646356239741188
2024-11-07T00:00:00Z,-1.3045854144190991
2024-11-06T00:00:00Z,-0.926349900421994
2024-11-05T00:00:00Z,0.8607116648829485
2024-11-04T00:00:00Z,1.8617838070681543
2024-11-03T00:00:00Z,1.7068074845996413
2024-11-02T00:00:00Z,1.2465878800408123
2024-11-01T00:00:00Z,0.7642895801658519
2024-10-31T00:00:00Z,0.9331279435049163
2024-10-30T00:00:00Z,1.2083893677952489
2024-10-29T00:00:00Z,2.4962470478214573
2024-10-28T00:00:00Z,3.5065515679588763
2024-10-27T00:00:00Z,3.382384586086703
2024-10-26T00:00:00Z,2.7329143802394213
2024-10-25T00:00:00Z,2.092610437459551
2024-10-24T00:00:00Z,1.8345883687077693
2024-10-23T00:00:00Z,1.9074204776969634
2024-10-22T00:00:00Z,2.6740022655287414
2024-10-21T00:00:00Z,3.2544232652469818
2024-10-20T00:00:00Z,3.0327822116539096
2024-10-19T00:00:00Z,2.4077201164117006
2024-10-18T00:00:00Z,1.539379170264142
2024-10-17T00:00:00Z,1.0789675037696005
2024-10-16T00:00:00Z,0.604807005081368
2024-10-15T00:00:00Z,0.944428735030369
2024-10-14T00:00:00Z,1.7119735180617583
2024-10-13T00:00:00Z,1.394731631666312
2024-10-12T00:00:00Z,0.5698203212403073
2024-10-11T00:00:00Z,-0.08112814474245764
2024-10-10T00:00:00Z,-0.247753271931553
2024-10-09T00:00:00Z,-0.4042268381280931
2024-10-08T00:00:00Z,0.40503715582305927
2024-10-07T00:00:00Z,1.2992664644475835
2024-10-06T00:00:00Z,1.3099338238520444
2024-10-05T00:00:00Z,1.0972719776387734
2024-10-04T00:00:00Z,0.5443521823277067
2024-10-03T00:00:00Z,0.6055479815448407
2024-10-02T00:00:00Z,0.8493485065538461
2024-10-01T00:00:00Z,1.8429068811497804
2024-09-30T00:00:00Z,2.9370477601873746
2024-09-29T00:00:00Z,2.626410491740388
2024-09-28T00:00:00Z,2.05784587615688
2024-09-27T00:00:00Z,1.464986525352258
2024-09-26T00:00:00Z,1.4310443369018897
2024-09-25T00:00:00Z,1.336558641396365
2024-09-24T00:00:00Z,1.6407249904806949
2024-09-23T00:00:00Z,1.5784769836369439
2024-09-22T00:00:00Z,1.0173158835022817
2024-09-21T00:00:00Z,0.04059060839409222
2024-09-20T00:00:00Z,-1.0665622039407223
2024-09-19T00:00:00Z,-1.442961207253856
2024-09-18T00:00:00Z,-1.5607680834573403
2024-09-17T00:00:00Z,-1.1835197201082663
2024-09-16T00:00:00Z,-0.8128766728879995
2024-09-15T00:00:00Z,-1.238946870550264
2024-09-14T00:00:00Z,-1.6375310808212513
2024-09-13T00:00:00Z,-1.9856179693229006
2024-09-12T00:00:00Z,-1.9647678841239098
2024-09-11T00:00:00Z,-1.669497536417978
2024-09-10T00:00:00Z,-1.4581726718650012
2024-09-09T00:00:00Z,-0.27612971155737226
2024-09-08T00:00:00Z,-0.2611619186592176
2024-09-07T00:00:00Z,-0.46346815070997976
2024-09-06T00:00:00Z,-1.0778537579058718
2024-09-05T00:00:00Z,-1.157523830953847
2024-09-04T00:00:00Z,-0.9063582765645897
2024-09-03T00:00:00Z,0.1647138463571781
2024-09-02T00:00:00Z,0.7675903120715151
2024-09-01T00:00:00Z,0.3971952045684459
2024-08-31T00:00:00Z,0.5922892004155479
2024-08-30T00:00:00Z,-0.062176099551172655
2024-08-29T00:00:00Z,-0.12890936022358132
2024-08-28T00:00:00Z,-0.1812068329914425
2024-08-27T00:00:00Z,0.7464236400866776
2024-08-26T00:00:00Z,1.4640386560745982
2024-08-25T00:00:00Z,1.3327578659696162
2024-08-24T00:00:00Z,0.7139519955528961
2024-08-23T00:00:00Z,0.11902285491621989
2024-08-22T00:00:00Z,-0.013899540162722745
2024-08-21T00:00:00Z,-0.07056171810297017
2024-08-20T00:00:00Z,0.22416648477044027
2024-08-19T00:00:00Z,0.5081603516578902
2024-08-18T00:00:00Z,0.26429100187457055
2024-08-17T00:00:00Z,-0.3547991825145417
2024-08-16T00:00:00Z,-1.4836461546249449
2024-08-15T00:00:00Z,-1.840676728034062
2024-08-14T00:00:00Z,-2.335232023446856
2024-08-13T00:00:00Z,-1.8779863083682207
2024-08-12T00:00:00Z,-1.1921943044102814
2024-08-11T00:00:00Z,-1.6225699034091992
2024-08-10T00:00:00Z,-1.7844305420594697
2024-08-09T00:00:00Z,-2.34122703925541
2024-08-08T00:00:00Z,-2.382354934183473
2024-08-07T00:00:00Z,-2.3608499646726795
2024-08-06T00:00:00Z,-0.49758583584640526
2024-08-05T00:00:00Z,0.18678924173301137
2024-08-04T00:00:00Z,0.9689667866928238
2024-08-03T00:00:00Z,1.0131269628465203
2024-08-02T00:00:00Z,0.69783716931395
2024-08-01T00:00:00Z,0.7552744719604613
2024-07-31T00:00:00Z,0.6757204858948704
2024-07-30T00:00:00Z,1.7519948711649551
2024-07-29T00:00:00Z,2.0364450615331533
2024-07-28T00:00:00Z,1.9210799866821238
2024-07-27T00:00:00Z,1.505261691362737
2024-07-26T00:00:00Z,1.2332802918345684
2024-07-25T00:00:00Z,0.5098428146905497
2024-07-24T00:00:00Z,0.1466483751491571
2024-07-23T00:00:00Z,0.6333458821864167
2024-07-22T00:00:00Z,0.7135913959131873
2024-07-21T00:00:00Z,0.14663429653758916
2024-07-20T00:00:00Z,-0.7215480781123
2024-07-19T00:00:00Z,-1.4391241848343976
2024-07-18T00:00:00Z,-1.8032827944571834
2024-07-17T00:00:00Z,-2.542477042043481
2024-07-16T00:00:00Z,-2.1912291736406075
2024-07-15T00:00:00Z,-1.8722715484918449
2024-07-14T00:00:00Z,-2.4496734424867874
2024-07-13T00:00:00Z,-3.1350426264642492
2024-07-12T00:00:00Z,-3.7076776920845367
2024-07-11T00:00:00Z,-3.607221902135872
2024-07-10T00:00:00Z,-3.358630335918345
2024-07-09T00:00:00Z,-1.819710798129627
2024-07-08T00:00:00Z,-1.253234851364018
2024-07-07T00:00:00Z,-1.395607217077365
2024-07-06T00:00:00Z,-2.4051155189605042
2024-07-05T00:00:00Z,-2.766442969327427
2024-07-04T00:00:00Z,-2.104327820719081
2024-07-03T00:00:00Z,-2.238351137875294
2024-07-02T00:00:00Z,-0.31554882818814844
2024-07-01T00:00:00Z,1.1563668033183212
2024-06-30T00:00:00Z,0.7198131324715032
2024-06-29T00:00:00Z,0.02322300950294204
2024-06-28T00:00:00Z,-0.2719249935235165
2024-06-27T00:00:00Z,-0.35610053305703926
2024-06-26T00:00:00Z,0.2790481179571205
2024-06-25T00:00:00Z,1.2526777850871469
2024-06-24T00:00:00Z,1.8134538965530806
2024-06-23T00:00:00Z,1.4884802976855704
2024-06-22T00:00:00Z,0.710839441468134
2024-06-21T00:00:00Z,-0.3214092322056964
2024-06-20T00:00:00Z,-0.527290979468152
2024-06-19T00:00:00Z,-0.33714791058786425
2024-06-18T00:00:00Z,0.9667555451186018
2024-06-17T00:00:00Z,1.7739943855836315
2024-06-16T00:00:00Z,1.802094510592385
2024-06-15T00:00:00Z,1.1635740960499699
2024-06-14T00:00:00Z,0.27113592197380276
2024-06-13T00:00:00Z,0.18662073526617465
2024-06-12T00:00:00Z,-0.3951804452814167
2024-06-11T00:00:00Z,0.015052705378395797
2024-06-10T00:00:00Z,1.155277138085924
2024-06-09T00:00:00Z,0.4841262185287884
2024-06-08T00:00:00Z,-0.36697334421872807
2024-06-07T00:00:00Z,-0.8684815858092976
2024-06-06T00:00:00Z,-1.4792263557646543
2024-06-05T00:00:00Z,-0.9118839014201932
2024-06-04T00:00:00Z,0.14231100557699786
2024-06-03T00:00:00Z,1.825831118722299
2024-06-02T00:00:00Z,2.0128912682540907
2024-06-01T00:00:00Z,1.9565021985286657
2024-05-31T00:00:00Z,1.1820114434723659
2024-05-30T00:00:00Z,1.1149702967126462
2024-05-29T00:00:00Z,1.185434412763904
2024-05-28T00:00:00Z,1.8063624554038484
2024-05-27T00:00:00Z,2.671385191654732
2024-05-26T00:00:00Z,1.9484233457256146
2024-05-25T00:00:00Z,1.1099206472578682
2024-05-24T00:00:00Z,-0.52837619018716
2024-05-23T00:00:00Z,-0.7188259417759705
2024-05-22T00:00:00Z,-1.0859255694473502
2024-05-21T00:00:00Z,-0.4527681347535262
2024-05-20T00:00:00Z,0.4817058856393572
2024-05-19T00:00:00Z,-0.0973398182498412
2024-05-18T00:00:00Z,-0.44665186784567273
2024-05-17T00:00:00Z,-0.7136935016117975
2024-05-16T00:00:00Z,-0.4200119812692982
2024-05-15T00:00:00Z,0.056421839075006766
2024-05-14T00:00:00Z,1.4281425765973752
2024-05-13T00:00:00Z,2.405045385889984
2024-05-12T00:00:00Z,2.4880697673799506
2024-05-11T00:00:00Z,1.882089420665327
2024-05-10T00:00:00Z,0.7517712119446747
2024-05-09T00:00:00Z,0.26651257793336086
2024-05-08T00:00:00Z,0.16647612464642897
2024-05-07T00:00:00Z,0.70029036250386
2024-05-06T00:00:00Z,0.9638213958142903
2024-05-05T00:00:00Z,0.5823055754985756
2024-05-04T00:00:00Z,0.2822086809865514
2024-05-03T00:00:00Z,-0.4979880350652341
2024-05-02T00:00:00Z,-0.3668698165558195
2024-05-01T00:00:00Z,0.09401405308286466
2024-04-30T00:00:00Z,1.5801173523245433
2024-04-29T00:00:00Z,3.0843831119480654
2024-04-28T00:00:00Z,2.6891511519799223
2024-04-27T00:00:00Z,1.973856987896358
2024-04-26T00:00:00Z,1.1761735423655058
2024-04-25T00:00:00Z,0.8422552298183189
2024-04-24T00:00:00Z,0.37779205598757887
2024-04-23T00:00:00Z,0.8919581058270153
2024-04-22T00:00:00Z,0.7996721521029254
2024-04-21T00:00:00Z,0.5959452131734632
2024-04-20T00:00:00Z,-0.00255937533407389
2024-04-19T00:00:00Z,-0.9601072867982019
2024-04-18T00:00:00Z,-0.7599687023468775
2024-04-17T00:00:00Z,-0.5248136550757745
2024-04-16T00:00:00Z,0.7415931294784579
2024-04-15T00:00:00Z,1.586011304155018
2024-04-14T00:00:00Z,1.4017194327641296
2024-04-13T00:00:00Z,1.27535831678767
2024-04-12T00:00:00Z,1.006019325637495
2024-04-11T00:00:00Z,0.7754952012131566
2024-04-10T00:00:00Z,0.36825783925916145
2024-04-09T00:00:00Z,1.978882191953729
2024-04-08T00:00:00Z,2.948000390085121
2024-04-07T00:00:00Z,2.8303330050211
2024-04-06T00:00:00Z,2.2232414484370593
2024-04-05T00:00:00Z,1.714334049557037
2024-04-04T00:00:00Z,1.6608630022551787
2024-04-03T00:00:00Z,1.4532916157003593
2024-04-02T00:00:00Z,2.7657987072487145
2024-04-01T00:00:00Z,3.1112520231962444
2024-03-31T00:00:00Z,3.174793603019538
2024-03-30T00:00:00Z,2.227956436290089
2024-03-29T00:00:00Z,1.3266705428117835
2024-03-28T00:00:00Z,1.1621853012227985
2024-03-27T00:00:00Z,1.3011453761635767
2024-03-26T00:00:00Z,2.02820721617921
2024-03-25T00:00:00Z,2.7006112853609583
2024-03-24T00:00:00Z,2.528341352180972
2024-03-23T00:00:00Z,1.4071804670543422
2024-03-22T00:00:00Z,0.6839796602178023
2024-03-21T00:00:00Z,0.38039141901157025
2024-03-20T00:00:00Z,0.06475737531677701
2024-03-19T00:00:00Z,0.7993744903196045
2024-03-18T00:00:00Z,1.5224586714626673
2024-03-17T00:00:00Z,1.0705688030841387
2024-03-16T00:00:00Z,0.3828767826637288
2024-03-15T00:00:00Z,-0.49320280541467054
2024-03-14T00:00:00Z,-0.8480948850051779
2024-03-13T00:00:00Z,-0.7773912561118222
2024-03-12T00:00:00Z,0.36595294487966074
2024-03-11T00:00:00Z,1.3360135731444882
2024-03-10T00:00:00Z,1.1615066820030588
2024-03-09T00:00:00Z,0.4237869824065099
2024-03-08T00:00:00Z,-0.5102403739893681
2024-03-07T00:00:00Z,-0.7212546355426079
2024-03-06T00:00:00Z,-0.6127580949250996
2024-03-05T00:00:00Z,0.4446675225668286
2024-03-04T00:00:00Z,1.4392976211057098
2024-03-03T00:00:00Z,1.4891440067147004
2024-03-02T00:00:00Z,0.8969423199814345
2024-03-01T00:00:00Z,0.1580968884073304
2024-02-29T00:00:00Z,0.30802739190362516
2024-02-28T00:00:00Z,0.7454830512746067
2024-02-27T00:00:00Z,1.803561893130607
2024-02-26T00:00:00Z,2.4903229068300536
2024-02-25T00:00:00Z,2.4343395621654063
2024-02-24T00:00:00Z,1.9163369536533112
2024-02-23T00:00:00Z,1.1188072408051806
2024-02-22T00:00:00Z,0.937136561136376
2024-02-21T00:00:00Z,0.9471874344732962
2024-02-20T00:00:00Z,1.6338650552395229
2024-02-19T00:00:00Z,2.021816861453316
2024-02-18T00:00:00Z,1.5117206932846492
2024-02-17T00:00:00Z,0.8730301599955395
2024-02-16T00:00:00Z,0.38628727825319703
2024-02-15T00:00:00Z,0.3249667935743916
2024-02-14T00:00:00Z,0.30777747790625265
2024-02-13T00:00:00Z,0.9985829222469579
2024-02-12T00:00:00Z,1.3104113891914577
2024-02-11T00:00:00Z,1.2235429667622268
2024-02-10T00:00:00Z,0.8470820212199667
2024-02-09T00:00:00Z,0.09441071117180781
2024-02-08T00:00:00Z,0.0035459262567510527
2024-02-07T00:00:00Z,0.05558478997695751
2024-02-06T00:00:00Z,0.9767007492462526
2024-02-05T00:00:00Z,1.1827229060671716
2024-02-04T00:00:00Z,0.7182684980518136
2024-02-03T00:00:00Z,0.0020921113290283838
2024-02-02T00:00:00Z,-0.5846031080884819
2024-02-01T00:00:00Z,-0.7984570412254491
2024-01-31T00:00:00Z,-1.0511276225597466
2024-01-30T00:00:00Z,-0.49527647426008375
2024-01-29T00:00:00Z,0.1594139682317983
2024-01-28T00:00:00Z,-0.06885571950499982
2024-01-27T00:00:00Z,-1.0619339160103296
2024-01-26T00:00:00Z,-1.7192113746281943
2024-01-25T00:00:00Z,-1.6863528996148223
2024-01-24T00:00:00Z,-1.328618645852468
2024-01-23T00:00:00Z,-0.6742426504331446
2024-01-22T00:00:00Z,-0.5056443711308759
2024-01-21T00:00:00Z,-1.122820451202678
2024-01-20T00:00:00Z,-1.7308200215080385
2024-01-19T00:00:00Z,-2.6023141065628423
2024-01-18T00:00:00Z,-2.7890051311138593
2024-01-17T00:00:00Z,-2.5390201268213044
2024-01-16T00:00:00Z,-1.728847067651889
2024-01-15T00:00:00Z,-1.3551588732227684
2024-01-14T00:00:00Z,-1.5805436129257564
2024-01-13T00:00:00Z,-2.3666496740142757
2024-01-12T00:00:00Z,-2.578063509884456
2024-01-11T00:00:00Z,-2.1922525558310357
2024-01-10T00:00:00Z,-1.1463902858422426
2024-01-09T00:00:00Z,-0.23427593114697104
2024-01-08T00:00:00Z,0.10923641642473327
2024-01-07T00:00:00Z,-0.11189807238885238
2024-01-06T00:00:00Z,-0.2402250016379247
2024-01-05T00:00:00Z,-0.5415914413763049
2024-01-04T00:00:00Z,-0.49523505647410276
2024-01-03T00:00:00Z,0.6969747251757256
2024-01-02T00:00:00Z,1.4889485153985782
2024-01-01T00:00:00Z,2.570566599125006
2023-12-31T00:00:00Z,2.06333684075417
2023-12-30T00:00:00Z,2.0209735741702093
2023-12-29T00:00:00Z,1.880353538954326
2023-12-28T00:00:00Z,2.1041972832275175
2023-12-27T00:00:00Z,2.117368213102179
2023-12-26T00:00:00Z,3.22737266652022
2023-12-25T00:00:00Z,3.829699503093748
2023-12-24T00:00:00Z,3.2444654383826252
2023-12-23T00:00:00Z,2.9075129514377993
2023-12-22T00:00:00Z,1.8479673642496381
2023-12-21T00:00:00Z,1.751109842482485
2023-12-20T00:00:00Z,1.4706874041750564
2023-12-19T00:00:00Z,2.370550198892867
2023-12-18T00:00:00Z,2.679890735310717
2023-12-17T00:00:00Z,2.2030049202870274
2023-12-16T00:00:00Z,1.349786843731159
2023-12-15T00:00:00Z,0.7483420106139174
2023-12-14T00:00:00Z,0.5467047372719138
2023-12-13T00:00:00Z,0.2863344855525682
2023-12-12T00:00:00Z,0.4299041014629528
2023-12-11T00:00:00Z,0.5162303125726356
2023-12-10T00:00:00Z,0.2783625646781681
2023-12-09T00:00:00Z,-0.478697092688156
2023-12-08T00:00:00Z,-0.9099628203444586
2023-12-07T00:00:00Z,-0.8357249968826039
2023-12-06T00:00:00Z,-0.945183571439522
2023-12-05T00:00:00Z,-0.6024162373239964
2023-12-04T00:00:00Z,-0.38871340338948923
2023-12-03T00:00:00Z,-0.4445610405838246
2023-12-02T00:00:00Z,0.3657314445280553
2023-12-01T00:00:00Z,0.11064099782433025
2023-11-30T00:00:00Z,0.05920241020691101
2023-11-29T00:00:00Z,-0.016546684962883713
2023-11-28T00:00:00Z,0.7134382362693452
2023-11-27T00:00:00Z,1.440442612789336
2023-11-26T00:00:00Z,1.4745508510800465
2023-11-25T00:00:00Z,1.2309613037823548
2023-11-24T00:00:00Z,1.0673563990612436
2023-11-23T00:00:00Z,1.0269118811029847
2023-11-22T00:00:00Z,0.6445620748694454
2023-11-21T00:00:00Z,1.3111194430902091
2023-11-20T00:00:00Z,1.680541946740517
2023-11-19T00:00:00Z,1.7383929327224579
2023-11-18T00:00:00Z,1.1653008421532007
2023-11-17T00:00:00Z,0.6158997468589289
2023-11-16T00:00:00Z,0.6358253656116133
2023-11-15T00:00:00Z,0.8166357250629787
2023-11-14T00:00:00Z,1.4864847712871663
2023-11-13T00:00:00Z,1.8826940538628876
2023-11-12T00:00:00Z,1.8307345200581613
2023-11-11T00:00:00Z,1.4844058256488388
2023-11-10T00:00:00Z,1.3333731151228159
2023-11-09T00:00:00Z,1.4455364694238193
2023-11-08T00:00:00Z,1.513740660533148
2023-11-07T00:00:00Z,1.9407351177254921
2023-11-06T00:00:00Z,2.245257017988696
2023-11-05T00:00:00Z,2.1919095049248596
2023-11-04T00:00:00Z,1.7779552587035294
2023-11-03T00:00:00Z,1.4005099847263336
2023-11-02T00:00:00Z,1.0085784533351305
2023-11-01T00:00:00Z,0.7241486116335559
2023-10-31T00:00:00Z,1.0441291460704292
2023-10-30T00:00:00Z,1.0795847521595534
2023-10-29T00:00:00Z,0.8308268662761398
2023-10-28T00:00:00Z,0.43818532655737974
2023-10-27T00:00:00Z,0.04846300879970321
2023-10-26T00:00:00Z,-0.0995145113804785
2023-10-25T00:00:00Z,-0.3531351521671555
2023-10-24T00:00:00Z,0.219950646673919
2023-10-23T00:00:00Z,0.3210919458244119
2023-10-22T00:00:00Z,0.4239973660382292
2023-10-21T00:00:00Z,0.1254774737221469
2023-10-20T00:00:00Z,-0.26102400566770845
2023-10-19T00:00:00Z,-0.14491562404034403
2023-10-18T00:00:00Z,-0.023018405677902195
2023-10-17T00:00:00Z,0.26835342553545966
2023-10-16T00:00:00Z,0.19682004559562233
2023-10-15T00:00:00Z,-0.001657404478625707
2023-10-14T00:00:00Z,-0.5788854150654874
2023-10-13T00:00:00Z,-0.8154767209686268
2023-10-12T00:00:00Z,-1.0496281214972134
2023-10-11T00:00:00Z,-1.322203438900224
2023-10-10T00:00:00Z,-0.7740616523869109
2023-10-09T00:00:00Z,-0.6019776262203635
2023-10-08T00:00:00Z,-0.897860339545976
2023-10-07T00:00:00Z,-1.1774592820173568
2023-10-06T00:00:00Z,-1.2055406989636135
2023-10-05T00:00:00Z,-0.9187351763638982
2023-10-04T00:00:00Z,-0.8252090000177221
2023-10-03T00:00:00Z,-0.173029776408789
2023-10-02T00:00:00Z,0.30503518270316426
2023-10-01T00:00:00Z,0.6129743538288062
2023-09-30T00:00:00Z,0.4444528814148586
2023-09-29T00:00:00Z,0.183012221209414
2023-09-28T00:00:00Z,0.2512475903988632
2023-09-27T00:00:00Z,0.32150530809621825
2023-09-26T00:00:00Z,0.6906118162028876
2023-09-25T00:00:00Z,0.7931834104567873
2023-09-24T00:00:00Z,0.6327020316227523
2023-09-23T00:00:00Z,0.276895607473979
2023-09-22T00:00:00Z,0.03401999620281237
2023-09-21T00:00:00Z,-0.08839959769578473
2023-09-20T00:00:00Z,-0.05648546852123317
2023-09-19T00:00:00Z,0.2961116535511538
2023-09-18T00:00:00Z,0.6126796143458034
2023-09-17T00:00:00Z,0.736357297891258
2023-09-16T00:00:00Z,0.6956053132793589
2023-09-15T00:00:00Z,0.758163725677424
2023-09-14T00:00:00Z,0.9038262627685734
2023-09-13T00:00:00Z,1.0324660003405
2023-09-12T00:00:00Z,1.4843351427762497
2023-09-11T00:00:00Z,1.6518475217128628
2023-09-10T00:00:00Z,1.4217958421900214
2023-09-09T00:00:00Z,1.2166282754226445
2023-09-08T00:00:00Z,0.8152694051627504
2023-09-07T00:00:00Z,0.5270307322844228
2023-09-06T00:00:00Z,0.3202214753868501
2023-09-05T00:00:00Z,0.2536943927510538
2023-09-04T00:00:00Z,0.3052026976600918
2023-09-03T00:00:00Z,0.026420377543936883
2023-09-02T00:00:00Z,-0.5186035751615262
2023-09-01T00:00:00Z,-1.0074668337519495
2023-08-31T00:00:00Z,-1.228658891511485
2023-08-30T00:00:00Z,-1.4684259943871543
2023-08-29T00:00:00Z,-1.1140627975175297
2023-08-28T00:00:00Z,-0.9722144170485436
2023-08-27T00:00:00Z,-1.2987465905428874
2023-08-26T00:00:00Z,-1.6602842098698025
2023-08-25T00:00:00Z,-2.0048056264926206
2023-08-24T00:00:00Z,-2.0085847325152417
2023-08-23T00:00:00Z,-2.0331415157289165
2023-08-22T00:00:00Z,-1.5564698561233037
2023-08-21T00:00:00Z,-1.4292726469241677
2023-08-20T00:00:00Z,-1.4375098744871215
2023-08-19T00:00:00Z,-1.7686241380869996
2023-08-18T00:00:00Z,-1.8911297128086726
2023-08-17T00:00:00Z,-1.7647390984317455
2023-08-16T00:00:00Z,-1.5026526004627498
2023-08-15T00:00:00Z,-0.7581907734736318
2023-08-14T00:00:00Z,-0.41715484623819193
2023-08-13T00:00:00Z,-0.22065779210657296
2023-08-12T00:00:00Z,-0.21174393652901283
2023-08-11T00:00:00Z,-0.06319021936746509
2023-08-10T00:00:00Z,0.07388250607663856
2023-08-09T00:00:00Z,0.17537359750303405
2023-08-08T00:00:00Z,0.5742381425248296
2023-08-07T00:00:00Z,1.1619644470431734
2023-08-06T00:00:00Z,1.2017778078888115
2023-08-05T00:00:00Z,0.9128398982353667
2023-08-04T00:00:00Z,0.8400486237691875
2023-08-03T00:00:00Z,0.8699593293739719
2023-08-02T00:00:00Z,0.8730904893865953
2023-08-01T00:00:00Z,1.383648613292119
2023-07-31T00:00:00Z,1.7699938241324533
2023-07-30T00:00:00Z,1.8444550595313478
2023-07-29T00:00:00Z,1.670398452082186
2023-07-28T00:00:00Z,1.3056276184295956
2023-07-27T00:00:00Z,1.0304205921492264
2023-07-26T00:00:00Z,0.9715211856139627
2023-07-25T00:00:00Z,1.1653973994833668
2023-07-24T00:00:00Z,1.2504355761752655
2023-07-23T00:00:00Z,0.9811435759376597
2023-07-22T00:00:00Z,0.5284556607288269
2023-07-21T00:00:00Z,0.0993749548153701
2023-07-20T00:00:00Z,0.17341797683851212
2023-07-19T00:00:00Z,0.22082298185154253
2023-07-18T00:00:00Z,0.47981040086363386
2023-07-17T00:00:00Z,0.891095308415486
2023-07-16T00:00:00Z,0.7679232000738074
2023-07-15T00:00:00Z,0.5851028021547849
2023-07-14T00:00:00Z,0.49186576404354837
2023-07-13T00:00:00Z,0.6630934505315871
2023-07-12T00:00:00Z,0.773935844628098
2023-07-11T00:00:00Z,1.532913639976901
2023-07-10T00:00:00Z,1.7540842951412334
2023-07-09T00:00:00Z,1.6402477349639315
2023-07-08T00:00:00Z,1.4002260258552177
2023-07-07T00:00:00Z,1.2772189760028212
2023-07-06T00:00:00Z,1.3046203082292176
2023-07-05T00:00:00Z,1.3330455182234306
2023-07-04T00:00:00Z,1.672162404200948
2023-07-03T00:00:00Z,1.9526427627140128
2023-07-02T00:00:00Z,1.8104066942521593
2023-07-01T00:00:00Z,1.2653486401562852
2023-06-30T00:00:00Z,0.9368757209045407
2023-06-29T00:00:00Z,1.012965133431855
2023-06-28T00:00:00Z,1.048149747602947
2023-06-27T00:00:00Z,1.1269180967815235
2023-06-26T00:00:00Z,1.242231374718651
2023-06-25T00:00:00Z,0.9452500776579932
2023-06-24T00:00:00Z,0.5744926031184505
2023-06-23T00:00:00Z,0.1880557729925456
2023-06-22T00:00:00Z,0.11493801114020306
2023-06-21T00:00:00Z,-0.022410658896726113
2023-06-20T00:00:00Z,-0.07946284266387783
2023-06-19T00:00:00Z,-0.37978875933236333
2023-06-18T00:00:00Z,-0.809137843059258
2023-06-17T00:00:00Z,-1.1462776448199332
2023-06-16T00:00:00Z,-1.4875944083211805
2023-06-15T00:00:00Z,-1.7665481633451237
2023-06-14T00:00:00Z,-2.15744972469966
2023-06-13T00:00:00Z,-2.2393331070418787
2023-06-12T00:00:00Z,-2.294588832390005
2023-06-11T00:00:00Z,-2.6543594489596143
2023-06-10T00:00:00Z,-2.7526608554091636
2023-06-09T00:00:00Z,-3.0582729084799696
2023-06-08T00:00:00Z,-3.09036371747922
2023-06-07T00:00:00Z,-3.0619446278033955
2023-06-06T00:00:00Z,-2.556551247307459
2023-06-05T00:00:00Z,-1.6004611126908646
2023-06-04T00:00:00Z,-1.0567732455896182
2023-06-03T00:00:00Z,-1.0439718838914989
2023-06-02T00:00:00Z,-1.317155356712331
2023-06-01T00:00:00Z,-1.1702949857735279
2023-05-31T00:00:00Z,-1.1126199189596577
2023-05-30T00:00:00Z,-0.14500922058955634
2023-05-29T00:00:00Z,0.7173874822705498
2023-05-28T00:00:00Z,0.6979312677057843
2023-05-27T00:00:00Z,0.36306250484768215
2023-05-26T00:00:00Z,-0.0750918231213826
2023-05-25T00:00:00Z,-0.25180984844254944
2023-05-24T00:00:00Z,-0.05574129343524279
2023-05-23T00:00:00Z,0.8013265218504447
2023-05-22T00:00:00Z,1.282959035451659
2023-05-21T00:00:00Z,0.8959903794593926
2023-05-20T00:00:00Z,0.412447501510245
2023-05-19T00:00:00Z,-0.20962973151091285
2023-05-18T00:00:00Z,-0.20503237743001693
2023-05-17T00:00:00Z,-0.18834483296467847
2023-05-16T00:00:00Z,-0.3033495928116069
2023-05-15T00:00:00Z,-0.4356977564341205
2023-05-14T00:00:00Z,-0.5309510870603256
2023-05-13T00:00:00Z,-0.9081775377444201
2023-05-12T00:00:00Z,-1.5330731293492839
2023-05-11T00:00:00Z,-0.9475165367135213
2023-05-10T00:00:00Z,-0.8405441126288595
2023-05-09T00:00:00Z,-0.4160829013043684
2023-05-08T00:00:00Z,-0.07179884188790837
2023-05-07T00:00:00Z,-0.2670412259781636
2023-05-06T00:00:00Z,-0.13685250839129415
2023-05-05T00:00:00Z,-0.10901736870377943
2023-05-04T00:00:00Z,0.01346504119118299
2023-05-03T00:00:00Z,0.10051391242338241
2023-05-02T00:00:00Z,1.1636114918732454
2023-05-01T00:00:00Z,1.5268875121168983
2023-04-30T00:00:00Z,1.4349476148855285
2023-04-29T00:00:00Z,1.3676943171940568
2023-04-28T00:00:00Z,1.2673356774675772
2023-04-27T00:00:00Z,1.5350244375120006
2023-04-26T00:00:00Z,1.388968141960028
2023-04-25T00:00:00Z,2.1065369206549427
2023-04-24T00:00:00Z,2.2350467660129403
2023-04-23T00:00:00Z,2.0398642803805247
2023-04-22T00:00:00Z,1.765243885960152
2023-04-21T00:00:00Z,1.0908062417321502
2023-04-20T00:00:00Z,1.1225161647900215
2023-04-19T00:00:00Z,1.0850936504761952
2023-04-18T00:00:00Z,1.6928698240175273
2023-04-17T00:00:00Z,2.1236169348963947
2023-04-16T00:00:00Z,2.362508587934851
2023-04-15T00:00:00Z,1.886315697427319
2023-04-14T00:00:00Z,1.481143094913896
2023-04-13T00:00:00Z,1.3900280952165438
2023-04-12T00:00:00Z,1.1357500954982898
2023-04-11T00:00:00Z,1.6237295841925061
2023-04-10T00:00:00Z,1.7826354922741767
2023-04-09T00:00:00Z,1.7302256434417735
2023-04-08T00:00:00Z,1.0037811255390665
2023-04-07T00:00:00Z,0.46940352052557194
2023-04-06T00:00:00Z,0.15448393157690116
2023-04-05T00:00:00Z,0.0883810080093699
2023-04-04T00:00:00Z,0.505213942464982
2023-04-03T00:00:00Z,0.7626281229712514
2023-04-02T00:00:00Z,0.5696495316340161
2023-04-01T00:00:00Z,0.3620365539305205
2023-03-31T00:00:00Z,0.08339581541171885
2023-03-30T00:00:00Z,-0.015424910708623374
2023-03-29T00:00:00Z,-0.03238726515293279
2023-03-28T00:00:00Z,0.1246800347723861
2023-03-27T00:00:00Z,0.27110587659981455
2023-03-26T00:00:00Z,0.05890642005001407
2023-03-25T00:00:00Z,-0.13750852709892664
2023-03-24T00:00:00Z,-0.4742187293778707
2023-03-23T00:00:00Z,-0.6678228238982027
2023-03-22T00:00:00Z,-0.9127365376858907
2023-03-21T00:00:00Z,-0.7880513368273789
2023-03-20T00:00:00Z,-1.1618594020410222
2023-03-19T00:00:00Z,-1.4202861180862185
2023-03-18T00:00:00Z,-1.6222566901475457
2023-03-17T00:00:00Z,-1.8248669934397828
2023-03-16T00:00:00Z,-1.910235738616689
2023-03-15T00:00:00Z,-1.9196370937891043
2023-03-14T00:00:00Z,-1.4415377731401584
2023-03-13T00:00:00Z,-0.9176968885981992
2023-03-12T00:00:00Z,-0.8890415238043438
2023-03-11T00:00:00Z,-0.8304971568711746
2023-03-10T00:00:00Z,-0.6563266891526144
2023-03-09T00:00:00Z,-0.5654485090648353
2023-03-08T00:00:00Z,-0.47583567481104905
2023-03-07T00:00:00Z,0.06254771334025994
2023-03-06T00:00:00Z,0.44695353322508447
2023-03-05T00:00:00Z,0.17632244235612915
2023-03-04T00:00:00Z,-0.0685572565995895
2023-03-03T00:00:00Z,-0.29648040712601587
2023-03-02T00:00:00Z,-0.11863328576543582
2023-03-01T00:00:00Z,0.16812595588866983
2023-02-28T00:00:00Z,0.951995574716928
2023-02-27T00:00:00Z,1.2560164159790355
2023-02-26T00:00:00Z,0.9339280927276968
2023-02-25T00:00:00Z,0.394705491166616
2023-02-24T00:00:00Z,0.1430461584015496
2023-02-23T00:00:00Z,0.2074339199233003
2023-02-22T00:00:00Z,0.06388550346228518
2023-02-21T00:00:00Z,0.1301703011044856
2023-02-20T00:00:00Z,-0.03606636571093798
2023-02-19T00:00:00Z,-0.6456384638646868
2023-02-18T00:00:00Z,-1.1914798012417152
2023-02-17T00:00:00Z,-1.2277737507104427
2023-02-16T00:00:00Z,-0.816670454432865
2023-02-15T00:00:00Z,-0.4102120009523093
2023-02-14T00:00:00Z,0.09295698703232638
2023-02-13T00:00:00Z,0.7155424337487235
2023-02-12T00:00:00Z,0.8848891631899383
2023-02-11T00:00:00Z,1.016369703894871
2023-02-10T00:00:00Z,1.107936421454007
2023-02-09T00:00:00Z,1.3976554201140206
2023-02-08T00:00:00Z,1.44122620139785
2023-02-07T00:00:00Z,1.901010725263807
2023-02-06T00:00:00Z,2.3377250765468527
2023-02-05T00:00:00Z,2.319864805304231
2023-02-04T00:00:00Z,2.1668284559213693
2023-02-03T00:00:00Z,1.8198442489273032
2023-02-02T00:00:00Z,1.9781671716945717
2023-02-01T00:00:00Z,1.9924784272123293
2023-01-31T00:00:00Z,2.3576199973422023
2023-01-30T00:00:00Z,2.3853915985105467
2023-01-29T00:00:00Z,2.486800016852944
2023-01-28T00:00:00Z,2.203011338346772
2023-01-27T00:00:00Z,1.7148362044248022
2023-01-26T00:00:00Z,1.5366253805290007
2023-01-25T00:00:00Z,1.4827320081203856
2023-01-24T00:00:00Z,1.5281584770458512
2023-01-23T00:00:00Z,1.262695828251444
2023-01-22T00:00:00Z,0.9172955226939083
2023-01-21T00:00:00Z,0.43935400549447046
2023-01-20T00:00:00Z,0.27948970661506517
2023-01-19T00:00:00Z,0.010023739142604873
2023-01-18T00:00:00Z,-0.2481581057018845
2023-01-17T00:00:00Z,-0.11276381159298902
2023-01-16T00:00:00Z,-0.08131035129690371
2023-01-15T00:00:00Z,-0.35969047295731704
2023-01-14T00:00:00Z,-0.5283528538662816
2023-01-13T00:00:00Z,-0.5842511031361722
2023-01-12T00:00:00Z,-0.4432085982254101
2023-01-11T00:00:00Z,-0.12974216452560589
2023-01-10T00:00:00Z,0.23661641907130856
2023-01-09T00:00:00Z,0.44945331358657
2023-01-08T00:00:00Z,0.42605229085420787
2023-01-07T00:00:00Z,0.295082950929442
2023-01-06T00:00:00Z,0.2063916327867715
2023-01-05T00:00:00Z,0.3988725312250881
2023-01-04T00:00:00Z,0.6263853344809561
2023-01-03T00:00:00Z,1.0278859160641738
2023-01-02T00:00:00Z,1.193128837289611
2023-01-01T00:00:00Z,0.9832686993791467
2022-12-31T00:00:00Z,0.7326149110569671
2022-12-30T00:00:00Z,0.5563825663800346
2022-12-29T00:00:00Z,0.4758514479545255
2022-12-28T00:00:00Z,0.3621879505601481
2022-12-27T00:00:00Z,0.5804235997558199
2022-12-26T00:00:00Z,0.5160108209068454
2022-12-25T00:00:00Z,0.15501085245787977
2022-12-24T00:00:00Z,-0.0956806496123782
2022-12-23T00:00:00Z,-0.5478860821795275
2022-12-22T00:00:00Z,-0.6634037333373958
2022-12-21T00:00:00Z,-0.562097706977102
2022-12-20T00:00:00Z,-0.12348761424659688
2022-12-19T00:00:00Z,0.2972246824504377
2022-12-18T00:00:00Z,0.4662748134535437
2022-12-17T00:00:00Z,0.442429495446577
2022-12-16T00:00:00Z,0.48805573731283797
2022-12-15T00:00:00Z,0.8334407204475435
2022-12-14T00:00:00Z,1.0354970222221689
2022-12-13T00:00:00Z,1.8267439670751715
2022-12-12T00:00:00Z,2.37255930323764
2022-12-11T00:00:00Z,2.614046415170106
2022-12-10T00:00:00Z,2.6233642130308867
2022-12-09T00:00:00Z,2.7067944878191126
2022-12-08T00:00:00Z,2.8634536185051433
2022-12-07T00:00:00Z,2.955796165823595
2022-12-06T00:00:00Z,3.395782597281655
2022-12-05T00:00:00Z,3.6673512787139377
2022-12-04T00:00:00Z,3.52519577207806
2022-12-03T00:00:00Z,3.4020546462157317
2022-12-02T00:00:00Z,3.2255669810824523
2022-12-01T00:00:00Z,2.9971422130375913
2022-11-30T00:00:00Z,2.7163532336776117
2022-11-29T00:00:00Z,2.4393753406048124
2022-11-28T00:00:00Z,2.329511066654863
2022-11-27T00:00:00Z,2.084823913751011
2022-11-26T00:00:00Z,1.6440829124310306
2022-11-25T00:00:00Z,1.2143905200334142
2022-11-24T00:00:00Z,1.031433644460092
2022-11-23T00:00:00Z,0.5285893718454744
2022-11-22T00:00:00Z,0.16748018571586565
2022-11-21T00:00:00Z,-0.09590239687239109
2022-11-20T00:00:00Z,-0.4316198426877804
2022-11-19T00:00:00Z,-0.6994424895329369
2022-11-18T00:00:00Z,-1.1152790077400638
2022-11-17T00:00:00Z,-1.1227491297389947
2022-11-16T00:00:00Z,-1.3392650691625057
2022-11-15T00:00:00Z,-1.5264178236711936
2022-11-14T00:00:00Z,-1.5574047001007922
2022-11-13T00:00:00Z,-1.7864523944033215
2022-11-12T00:00:00Z,-1.8151269632670137
2022-11-11T00:00:00Z,-1.7511061189187545
2022-11-10T00:00:00Z,-1.5487619546049167
2022-11-09T00:00:00Z,-1.3375234424719946
2022-11-08T00:00:00Z,-0.8586114155357757
2022-11-07T00:00:00Z,-0.8009528833313575
2022-11-06T00:00:00Z,-0.6403964017879485
2022-11-05T00:00:00Z,-0.6204016608214828
2022-11-04T00:00:00Z,-0.7733779429426314
2022-11-03T00:00:00Z,-0.5997620792426175
2022-11-02T00:00:00Z,-0.41861347327184234
2022-11-01T00:00:00Z,-0.08882638426849924
2022-10-31T00:00:00Z,0.07629207778422109
2022-10-30T00:00:00Z,0.0448233810066172
2022-10-29T00:00:00Z,-0.05927531018446969
2022-10-28T00:00:00Z,-0.14073655844266347
2022-10-27T00:00:00Z,-0.18549787839136306
2022-10-26T00:00:00Z,0.07217819451650892
2022-10-25T00:00:00Z,0.8077380609351225
2022-10-24T00:00:00Z,1.3139245318550052
2022-10-23T00:00:00Z,1.252517975004
2022-10-22T00:00:00Z,1.004877976074606
2022-10-21T00:00:00Z,0.8162087932475315
2022-10-20T00:00:00Z,0.7679453218867291
2022-10-19T00:00:00Z,0.7544837139801027
2022-10-18T00:00:00Z,1.0420281414827812
2022-10-17T00:00:00Z,1.2492221557368028
2022-10-16T00:00:00Z,1.1973242039490204
2022-10-15T00:00:00Z,0.9210499956148889
2022-10-14T00:00:00Z,0.6179246783556241
2022-10-13T00:00:00Z,0.632432343000546
2022-10-12T00:00:00Z,0.6820309750816934
2022-10-11T00:00:00Z,1.0387107414515577
2022-10-10T00:00:00Z,1.1831473570033446
2022-10-09T00:00:00Z,1.133754786738105
2022-10-08T00:00:00Z,0.9810386538706577
2022-10-07T00:00:00Z,0.7788606812662718
2022-10-06T00:00:00Z,0.7017859432798672
2022-10-05T00:00:00Z,0.5869675407834549
2022-10-04T00:00:00Z,0.7143236035253259
2022-10-03T00:00:00Z,0.902748511914647
2022-10-02T00:00:00Z,0.8056749419525233
2022-10-01T00:00:00Z,0.48135044235174546
2022-09-30T00:00:00Z,0.16613851385454248
2022-09-29T00:00:00Z,0.050582035942419265
2022-09-28T00:00:00Z,-0.07479724436962933
2022-09-27T00:00:00Z,0.12344430698826132
2022-09-26T00:00:00Z,0.25154964833916804
2022-09-25T00:00:00Z,0.2470606010797289
2022-09-24T00:00:00Z,0.03281562522898208
2022-09-23T00:00:00Z,-0.24826046169585764
2022-09-22T00:00:00Z,-0.21839724621771256
2022-09-21T00:00:00Z,-0.01887244860260379
2022-09-20T00:00:00Z,0.5892016114080162
2022-09-19T00:00:00Z,0.7448300485604286
2022-09-18T00:00:00Z,0.7837978131877893
2022-09-17T00:00:00Z,0.5815434969717032
2022-09-16T00:00:00Z,0.246361868293027
2022-09-15T00:00:00Z,0.0767807153644533
2022-09-14T00:00:00Z,0.024042254790473186
2022-09-13T00:00:00Z,0.15060617617293134
2022-09-12T00:00:00Z,0.09207209175334538
2022-09-11T00:00:00Z,-0.17749288894478188
2022-09-10T00:00:00Z,-0.6291555951781921
2022-09-09T00:00:00Z,-0.7977902022006862
2022-09-08T00:00:00Z,-0.7691441891570626
2022-09-07T00:00:00Z,-0.7245924209312303
2022-09-06T00:00:00Z,-0.38271873575287424
2022-09-05T00:00:00Z,-0.45192587498263637
2022-09-04T00:00:00Z,-0.41765514157969913
2022-09-03T00:00:00Z,-0.4375493044432983
2022-09-02T00:00:00Z,-0.5707932707310069
2022-09-01T00:00:00Z,-0.6177672614470935
2022-08-31T00:00:00Z,-0.665920313955725
2022-08-30T00:00:00Z,-0.46531107305862834
2022-08-29T00:00:00Z,-0.6439102306621511
2022-08-28T00:00:00Z,-0.8028575956423041
2022-08-27T00:00:00Z,-0.8071885128820315
2022-08-26T00:00:00Z,-0.8157558274927438
2022-08-25T00:00:00Z,-0.7869277749265611
2022-08-24T00:00:00Z,-0.7288620149684089
2022-08-23T00:00:00Z,-0.08579213350116216
2022-08-22T00:00:00Z,0.2215442932159121
2022-08-21T00:00:00Z,0.4040143904549902
2022-08-20T00:00:00Z,0.28884843320547043
2022-08-19T00:00:00Z,0.27559217883397763
2022-08-18T00:00:00Z,0.2634154479989584
2022-08-17T00:00:00Z,0.06606088001921259
2022-08-16T00:00:00Z,0.6091751125371943
2022-08-15T00:00:00Z,0.6429578682048611
2022-08-14T00:00:00Z,0.5504271810371795
2022-08-13T00:00:00Z,0.14194114641966002
2022-08-12T00:00:00Z,-0.13442642125710402
2022-08-11T00:00:00Z,-0.20805348703023935
2022-08-10T00:00:00Z,-0.15552590924806764
2022-08-09T00:00:00Z,0.29115085267783813
2022-08-08T00:00:00Z,0.5288177814736942
2022-08-07T00:00:00Z,0.57611618758982
2022-08-06T00:00:00Z,0.2730158121417212
2022-08-05T00:00:00Z,0.13811677521941038
2022-08-04T00:00:00Z,0.0733610885287253
2022-08-03T00:00:00Z,0.06315615692213898
2022-08-02T00:00:00Z,0.4131540183301215
2022-08-01T00:00:00Z,0.5254482855777604
2022-07-31T00:00:00Z,0.5511451637554261
2022-07-30T00:00:00Z,0.3289157073373729
2022-07-29T00:00:00Z,0.27951160833017785
2022-07-28T00:00:00Z,0.3216948918125444
2022-07-27T00:00:00Z,0.32520715662543126
2022-07-26T00:00:00Z,0.5791610826979433
2022-07-25T00:00:00Z,0.5762897217523242
2022-07-24T00:00:00Z,0.4856096802662035
2022-07-23T00:00:00Z,0.29528999713934484
2022-07-22T00:00:00Z,0.10842501537031321
2022-07-21T00:00:00Z,-0.003075026845499992
2022-07-20T00:00:00Z,-0.06695056940742226
2022-07-19T00:00:00Z,0.10977848460237981
2022-07-18T00:00:00Z,0.23880311195537787
2022-07-17T00:00:00Z,0.26717172031401254
2022-07-16T00:00:00Z,0.2443857749708515
2022-07-15T00:00:00Z,0.26234583612116474
2022-07-14T00:00:00Z,0.3157917862943172
2022-07-13T00:00:00Z,0.3441762500004709
2022-07-12T00:00:00Z,0.4430170625014802
2022-07-11T00:00:00Z,0.4091927976147316
2022-07-10T00:00:00Z,0.2667420242281733
2022-07-09T00:00:00Z,-0.05691700999810545
2022-07-08T00:00:00Z,-0.3911339818568562
2022-07-07T00:00:00Z,-0.566774234256758
2022-07-06T00:00:00Z,-0.6807550478161376
2022-07-05T00:00:00Z,-0.39861158587208995
2022-07-04T00:00:00Z,-0.3171095705203275
2022-07-03T00:00:00Z,-0.5478008297694242
2022-07-02T00:00:00Z,-0.6131106473647963
2022-07-01T00:00:00Z,-0.7051396428232106
2022-06-30T00:00:00Z,-0.71895178320164
2022-06-29T00:00:00Z,-0.7348881133898094
2022-06-28T00:00:00Z,-0.871330408982449
2022-06-27T00:00:00Z,-1.1941365670180748
2022-06-26T00:00:00Z,-1.5563713314408905
2022-06-25T00:00:00Z,-2.0465935621118616
2022-06-24T00:00:00Z,-2.501554336014799
2022-06-23T00:00:00Z,-2.8190840003675928
2022-06-22T00:00:00Z,-3.0867380420251767
2022-06-21T00:00:00Z,-3.020135288642784
2022-06-20T00:00:00Z,-3.0173162487607144
2022-06-19T00:00:00Z,-2.9514573522355962
2022-06-18T00:00:00Z,-2.4799160776271316
2022-06-17T00:00:00Z,-2.0072694761785628
2022-06-16T00:00:00Z,-1.6580812889574719
2022-06-15T00:00:00Z,-1.1937611529813685
2022-06-14T00:00:00Z,-0.4529260176965774
2022-06-13T00:00:00Z,0.3343354030547523
2022-06-12T00:00:00Z,0.7995628746733145
2022-06-11T00:00:00Z,0.9955513125415427
2022-06-10T00:00:00Z,0.9444597069889857
2022-06-09T00:00:00Z,0.8411078625233721
2022-06-08T00:00:00Z,0.8641060971664405
2022-06-07T00:00:00Z,1.1894528885999227
2022-06-06T00:00:00Z,1.5292349834240482
2022-06-05T00:00:00Z,1.4501351443564319
2022-06-04T00:00:00Z,1.3675521846205387
2022-06-03T00:00:00Z,1.3276155069149034
2022-06-02T00:00:00Z,1.3159352124786432
2022-06-01T00:00:00Z,1.4658471735404819
2022-05-31T00:00:00Z,2.251845420776478
2022-05-30T00:00:00Z,2.770797587704274
2022-05-29T00:00:00Z,2.773359753453176
2022-05-28T00:00:00Z,2.6103064348667484
2022-05-27T00:00:00Z,2.437089783791893
2022-05-26T00:00:00Z,2.410146407199359
2022-05-25T00:00:00Z,2.271676617079309
2022-05-24T00:00:00Z,2.258300756818277
2022-05-23T00:00:00Z,2.1018116894028958
2022-05-22T00:00:00Z,1.7519484408626544
2022-05-21T00:00:00Z,0.96506489619376
2022-05-20T00:00:00Z,0.41623781392522047
2022-05-19T00:00:00Z,0.04860763671790327
2022-05-18T00:00:00Z,-0.25751141802431327
2022-05-17T00:00:00Z,-0.36825371880240876
2022-05-16T00:00:00Z,-0.4043264688955634
2022-05-15T00:00:00Z,-0.6142918913833116
2022-05-14T00:00:00Z,-0.9565402018099651
2022-05-13T00:00:00Z,-0.9781282106920759
2022-05-12T00:00:00Z,-1.0362259120528665
2022-05-11T00:00:00Z,-0.9642579267863032
2022-05-10T00:00:00Z,-0.7398981864118911
2022-05-09T00:00:00Z,-0.5743095147181306
2022-05-08T00:00:00Z,-0.5553310646918223
2022-05-07T00:00:00Z,-0.6314713752460719
2022-05-06T00:00:00Z,-0.7429915358951201
2022-05-05T00:00:00Z,-0.7457523386969496
2022-05-04T00:00:00Z,-0.7175984293799065
2022-05-03T00:00:00Z,-0.7720306264992939
2022-05-02T00:00:00Z,-0.758410514612226
2022-05-01T00:00:00Z,-0.7874213191004327
2022-04-30T00:00:00Z,-0.9544873689701162
2022-04-29T00:00:00Z,-0.9929933349170289
2022-04-28T00:00:00Z,-1.0260286578782258
2022-04-27T00:00:00Z,-1.015156017672693
2022-04-26T00:00:00Z,-0.7860904941218277
2022-04-25T00:00:00Z,-0.5657651185519142
2022-04-24T00:00:00Z,-0.46764050220208203
2022-04-23T00:00:00Z,-0.5213130472082624
2022-04-22T00:00:00Z,-0.599977371705846
2022-04-21T00:00:00Z,-0.6497203900561017
2022-04-20T00:00:00Z,-0.7375202142221573
2022-04-19T00:00:00Z,-0.6040043675965655
2022-04-18T00:00:00Z,-0.5236521458485209
2022-04-17T00:00:00Z,-0.5401838920553296
2022-04-16T00:00:00Z,-0.7317148396174044
2022-04-15T00:00:00Z,-0.9537406494708933
2022-04-14T00:00:00Z,-1.1274790273498025
2022-04-13T00:00:00Z,-0.9080069297057789
2022-04-12T00:00:00Z,-0.5707506894869194
2022-04-11T00:00:00Z,-0.45871301667762227
2022-04-10T00:00:00Z,-0.2283254974453261
2022-04-09T00:00:00Z,-0.21768417196937437
2022-04-08T00:00:00Z,-0.14648244291296658
2022-04-07T00:00:00Z,-0.008065501373287055
2022-04-06T00:00:00Z,0.13427720488193598
2022-04-05T00:00:00Z,0.3983751990117455
2022-04-04T00:00:00Z,0.603099748927451
2022-04-03T00:00:00Z,0.458184171297784
2022-04-02T00:00:00Z,0.38201091366072104
2022-04-01T00:00:00Z,0.4520449255916834
2022-03-31T00:00:00Z,0.396516911647859
2022-03-30T00:00:00Z,0.3290604041419314
2022-03-29T00:00:00Z,0.5250043468307399
2022-03-28T00:00:00Z,0.5347681362255311
2022-03-27T00:00:00Z,0.5983676185253693
2022-03-26T00:00:00Z,0.4879133594492119
2022-03-25T00:00:00Z,0.39557990927223957
2022-03-24T00:00:00Z,0.3983035861196284
2022-03-23T00:00:00Z,0.3155382451730254
2022-03-22T00:00:00Z,0.3028878102489158
2022-03-21T00:00:00Z,0.28991741754943995
2022-03-20T00:00:00Z,0.25387520658678303
2022-03-19T00:00:00Z,0.017351464033161807
2022-03-18T00:00:00Z,-0.1946117290124305
2022-03-17T00:00:00Z,-0.46311389557339605
2022-03-16T00:00:00Z,-0.4728527576769818
2022-03-15T00:00:00Z,-0.3397557119958861
2022-03-14T00:00:00Z,-0.21130029082970847
2022-03-13T00:00:00Z,-0.19247536124373135
2022-03-12T00:00:00Z,-0.19559575039529997
2022-03-11T00:00:00Z,-0.1323251233433145
2022-03-10T00:00:00Z,-0.13536597109752335
2022-03-09T00:00:00Z,-0.014142083442546048
2022-03-08T00:00:00Z,0.19455085780668133
2022-03-07T00:00:00Z,0.3661872729286298
2022-03-06T00:00:00Z,0.29984515680625495
2022-03-05T00:00:00Z,0.18176590088909678
2022-03-04T00:00:00Z,0.07359536456211585
2022-03-03T00:00:00Z,-0.029809901079882503
2022-03-02T00:00:00Z,-0.13560492109371297
2022-03-01T00:00:00Z,-0.13797984656162113
2022-02-28T00:00:00Z,-0.02918654106362968
2022-02-27T00:00:00Z,-0.02145197406801178
2022-02-26T00:00:00Z,-0.03648089072786339
2022-02-25T00:00:00Z,-0.044041749895917776
2022-02-24T00:00:00Z,0.09187353393681152
2022-02-23T00:00:00Z,0.1786034791804023
2022-02-22T00:00:00Z,0.31251020316279166
2022-02-21T00:00:00Z,0.5022153932814676
2022-02-20T00:00:00Z,0.6331630628961716
2022-02-19T00:00:00Z,0.5755205690890882
2022-02-18T00:00:00Z,0.44688370321965204
2022-02-17T00:00:00Z,0.2230471074412437
2022-02-16T00:00:00Z,0.17931352996005648
2022-02-15T00:00:00Z,0.2664665767608458
2022-02-14T00:00:00Z,0.2420131719805914
2022-02-13T00:00:00Z,0.19215062204728758
2022-02-12T00:00:00Z,0.13008342047067667
2022-02-11T00:00:00Z,0.09434481138064467
2022-02-10T00:00:00Z,0.08045182444345507
2022-02-09T00:00:00Z,0.1605483917558912
2022-02-08T00:00:00Z,0.17631280424250959
2022-02-07T00:00:00Z,0.2430686284569144
2022-02-06T00:00:00Z,0.16988589598719567
2022-02-05T00:00:00Z,0.04582333752116795
2022-02-04T00:00:00Z,-0.04316247619894344
2022-02-03T00:00:00Z,-0.14844132690156575
2022-02-02T00:00:00Z,-0.3525825350576083
2022-02-01T00:00:00Z,-0.5353500129127239
2022-01-31T00:00:00Z,-0.8017206737841623
2022-01-30T00:00:00Z,-1.008244349853365
2022-01-29T00:00:00Z,-1.0069535152407496
2022-01-28T00:00:00Z,-1.0173255733043165
2022-01-27T00:00:00Z,-1.0359845317647738
2022-01-26T00:00:00Z,-1.0255183768270342
2022-01-25T00:00:00Z,-1.0225984684293068
2022-01-24T00:00:00Z,-1.0319676530084587
2022-01-23T00:00:00Z,-1.0128380866443707
2022-01-22T00:00:00Z,-1.0148639791448322
2022-01-21T00:00:00Z,-0.9913687691226071
2022-01-20T00:00:00Z,-1.1937422168122191
2022-01-19T00:00:00Z,-1.2334742674105499
2022-01-18T00:00:00Z,-1.1264389711698874
2022-01-17T00:00:00Z,-1.0596019519378992
2022-01-16T00:00:00Z,-1.094530588843188
2022-01-15T00:00:00Z,-1.1115942204992644
2022-01-14T00:00:00Z,-1.123804039302699
2022-01-13T00:00:00Z,-1.0236200048003636
2022-01-12T00:00:00Z,-0.8612788794919324
2022-01-11T00:00:00Z,-0.5821365343207572
2022-01-10T00:00:00Z,-0.31728931717195835
2022-01-09T00:00:00Z,-0.31339113375135424
2022-01-08T00:00:00Z,-0.33339763350256185
2022-01-07T00:00:00Z,-0.3764081595034477
2022-01-06T00:00:00Z,-0.2943864632870591
2022-01-05T00:00:00Z,-0.1472779191226606
2022-01-04T00:00:00Z,0.13350492372512215
2022-01-03T00:00:00Z,0.28708949246786714
2022-01-02T00:00:00Z,0.417149194480994
2022-01-01T00:00:00Z,0.3267667774934008
2021-12-31T00:00:00Z,0.44131641513441716
2021-12-30T00:00:00Z,0.5284904979198963
2021-12-29T00:00:00Z,0.5662117840174052
2021-12-28T00:00:00Z,0.7309749797834867
2021-12-27T00:00:00Z,0.7614741641631086
2021-12-26T00:00:00Z,0.7101808456714075
2021-12-25T00:00:00Z,0.6143314935550178
2021-12-24T00:00:00Z,0.47021475643892513
2021-12-23T00:00:00Z,0.1921589694804565
2021-12-22T00:00:00Z,0.20644817901800921
2021-12-21T00:00:00Z,0.2743742863151496
2021-12-20T00:00:00Z,0.3183778257492225
2021-12-19T00:00:00Z,0.30253560679259717
2021-12-18T00:00:00Z,0.2461972695817424
2021-12-17T00:00:00Z,0.16745250020077226
2021-12-16T00:00:00Z,0.06928276073833305
2021-12-15T00:00:00Z,0.03283945709579344
2021-12-14T00:00:00Z,0.13420108165866693
2021-12-13T00:00:00Z,0.15166538013554706
2021-12-12T00:00:00Z,0.11292419552571221
2021-12-11T00:00:00Z,-0.02220390828901559
2021-12-10T00:00:00Z,-0.10628253978942365
2021-12-09T00:00:00Z,-0.15271387732864905
2021-12-08T00:00:00Z,-0.17210265209644982
2021-12-07T00:00:00Z,-0.009024318886950636
2021-12-06T00:00:00Z,0.15516509956593613
2021-12-05T00:00:00Z,0.14704603298809296
2021-12-04T00:00:00Z,0.025996795038135248
2021-12-03T00:00:00Z,0.005672745664591292
2021-12-02T00:00:00Z,-0.07939410352130966
2021-12-01T00:00:00Z,-0.15766248646912667
2021-11-30T00:00:00Z,-0.15363375623521042
2021-11-29T00:00:00Z,-0.14134329908618967
2021-11-28T00:00:00Z,-0.22357409638042386
2021-11-27T00:00:00Z,-0.43975615427905684
2021-11-26T00:00:00Z,-0.6966013495259371
2021-11-25T00:00:00Z,-0.9296513935657352
2021-11-24T00:00:00Z,-0.8991038719591137
2021-11-23T00:00:00Z,-0.7080293349740062
2021-11-22T00:00:00Z,-0.6203414328573983
2021-11-21T00:00:00Z,-0.6301085758339039
2021-11-20T00:00:00Z,-0.6331517247555872
2021-11-19T00:00:00Z,-0.6900654628031007
2021-11-18T00:00:00Z,-0.6740758307671357
2021-11-17T00:00:00Z,-0.6024283602861356
2021-11-16T00:00:00Z,-0.4197140130919808
2021-11-15T00:00:00Z,-0.300378112782983
2021-11-14T00:00:00Z,-0.3668882156709997
2021-11-13T00:00:00Z,-0.4987278467434742
2021-11-12T00:00:00Z,-0.5358229100440486
2021-11-11T00:00:00Z,-0.49707935670201897
2021-11-10T00:00:00Z,-0.43260219898733027
2021-11-09T00:00:00Z,-0.18793888386825264
2021-11-08T00:00:00Z,-0.08585149801281812
2021-11-07T00:00:00Z,0.08821081332499556
2021-11-06T00:00:00Z,0.19228723458166835
2021-11-05T00:00:00Z,0.3646602819359305
2021-11-04T00:00:00Z,0.473738116223713
2021-11-03T00:00:00Z,0.6323769727978732
2021-11-02T00:00:00Z,0.7674353037914934
2021-11-01T00:00:00Z,0.9332843054713459
2021-10-31T00:00:00Z,0.9282886689932143
2021-10-30T00:00:00Z,0.8120515822622902
2021-10-29T00:00:00Z,0.7423878438939925
2021-10-28T00:00:00Z,0.45291694785509473
2021-10-27T00:00:00Z,0.3910552251639807
2021-10-26T00:00:00Z,0.4524660600775045
2021-10-25T00:00:00Z,0.5674974364799099
2021-10-24T00:00:00Z,0.5766789081032846
2021-10-23T00:00:00Z,0.6523747345437271
2021-10-22T00:00:00Z,0.6259675562486574
2021-10-21T00:00:00Z,0.6653783277226178
2021-10-20T00:00:00Z,0.7254117712796158
2021-10-19T00:00:00Z,0.9322677530884048
2021-10-18T00:00:00Z,1.1197195394881947
2021-10-17T00:00:00Z,1.0658735920004843
2021-10-16T00:00:00Z,0.9291019476315244
2021-10-15T00:00:00Z,0.7646499697310681
2021-10-14T00:00:00Z,0.6539367831345368
2021-10-13T00:00:00Z,0.5982663316974324
2021-10-12T00:00:00Z,0.6052992449961515
2021-10-11T00:00:00Z,0.6267013348153201
2021-10-10T00:00:00Z,0.6091809004220939
2021-10-09T00:00:00Z,0.4902587385588676
2021-10-08T00:00:00Z,0.35589845201638776
2021-10-07T00:00:00Z,0.3017092162420241
2021-10-06T00:00:00Z,0.24468722256656938
2021-10-05T00:00:00Z,0.2950699425308937
2021-10-04T00:00:00Z,0.1162883546860541
2021-10-03T00:00:00Z,-0.0022201302059460084
2021-10-02T00:00:00Z,-0.11548830124310706
2021-10-01T00:00:00Z,-0.25153118873027486
2021-09-30T00:00:00Z,-0.44982741168546597
2021-09-29T00:00:00Z,-0.5304890543179062
2021-09-28T00:00:00Z,-0.3198770472341563
2021-09-27T00:00:00Z,-0.2177026661117379
2021-09-26T00:00:00Z,-0.15651482696367233
2021-09-25T00:00:00Z,-0.22650626727943163
2021-09-24T00:00:00Z,-0.1383792547882359
2021-09-23T00:00:00Z,-0.3116536957897584
2021-09-22T00:00:00Z,-0.4258359171946072
2021-09-21T00:00:00Z,-0.44493599493941277
2021-09-20T00:00:00Z,-0.5348684430232746
2021-09-19T00:00:00Z,-0.7291243624216657
2021-09-18T00:00:00Z,-0.9316320330532096
2021-09-17T00:00:00Z,-1.0086934554516471
2021-09-16T00:00:00Z,-1.0695986659456604
2021-09-15T00:00:00Z,-1.0388373612716677
2021-09-14T00:00:00Z,-0.7952042226987146
2021-09-13T00:00:00Z,-0.6278389477745908
2021-09-12T00:00:00Z,-0.5017597059075442
2021-09-11T00:00:00Z,-0.626503113461739
2021-09-10T00:00:00Z,-0.6641087000354895
2021-09-09T00:00:00Z,-0.5978925881433693
2021-09-08T00:00:00Z,-0.7214156277839148
2021-09-07T00:00:00Z,-0.8266062493022829
2021-09-06T00:00:00Z,-0.8949717509455407
2021-09-05T00:00:00Z,-1.0361624604832707
2021-09-04T00:00:00Z,-1.3891170481719697
2021-09-03T00:00:00Z,-1.603435412542727
2021-09-02T00:00:00Z,-1.9058518116894
2021-09-01T00:00:00Z,-1.846373025731645
2021-08-31T00:00:00Z,-1.4590518409899706
2021-08-30T00:00:00Z,-1.2454373573474864
2021-08-29T00:00:00Z,-1.058858522621022
2021-08-28T00:00:00Z,-1.0215424234951014
2021-08-27T00:00:00Z,-0.9697695518347221
2021-08-26T00:00:00Z,-0.7794246343413339
2021-08-25T00:00:00Z,-0.46884675316404617
2021-08-24T00:00:00Z,-0.09617223079433464
2021-08-23T00:00:00Z,0.3226484940042283
2021-08-22T00:00:00Z,0.6227619760010168
2021-08-21T00:00:00Z,0.5925308014477724
2021-08-20T00:00:00Z,0.6146746352394526
2021-08-19T00:00:00Z,0.7488230679159811
2021-08-18T00:00:00Z,0.9324360348322188
2021-08-17T00:00:00Z,1.16566877675337
2021-08-16T00:00:00Z,1.2300100592164385
2021-08-15T00:00:00Z,1.3070463709742686
2021-08-14T00:00:00Z,1.2778926106762547
2021-08-13T00:00:00Z,1.0837781965155464
2021-08-12T00:00:00Z,0.7720849617753346
2021-08-11T00:00:00Z,0.5357486513206889
2021-08-10T00:00:00Z,0.3125487832336584
2021-08-09T00:00:00Z,0.24477800214204604
2021-08-08T00:00:00Z,0.279408682131155
2021-08-07T00:00:00Z,0.14946113344126988
2021-08-06T00:00:00Z,-0.11292071917827484
2021-08-05T00:00:00Z,-0.6054755916728234
2021-08-04T00:00:00Z,-0.8095210418464244
2021-08-03T00:00:00Z,-0.6624894953342153
2021-08-02T00:00:00Z,-0.5164525266698344
2021-08-01T00:00:00Z,-0.49845444133855304
2021-07-31T00:00:00Z,-0.405615205611443
2021-07-30T00:00:00Z,-0.4929805320845527
2021-07-29T00:00:00Z,-0.7436678283462677
2021-07-28T00:00:00Z,-0.7946911024004053
2021-07-27T00:00:00Z,-0.4063947393126538
2021-07-26T00:00:00Z,-0.2824954416138075
2021-07-25T00:00:00Z,-0.27368727965126805
2021-07-24T00:00:00Z,-0.3683615654084667
2021-07-23T00:00:00Z,-0.35746177486689834
2021-07-22T00:00:00Z,-0.2823164999945915
2021-07-21T00:00:00Z,-0.21895928615346283
2021-07-20T00:00:00Z,-0.19109054429090339
2021-07-19T00:00:00Z,-0.25201714531897706
2021-07-18T00:00:00Z,-0.6093334825975399
2021-07-17T00:00:00Z,-1.056660962181042
2021-07-16T00:00:00Z,-0.8831987635904668
2021-07-15T00:00:00Z,-0.7041840602995648
2021-07-14T00:00:00Z,-0.6370254361517385
2021-07-13T00:00:00Z,-0.6775189769641682
2021-07-12T00:00:00Z,-0.6389665235278106
2021-07-11T00:00:00Z,-0.7939834104762319
2021-07-10T00:00:00Z,-0.8159696710462527
2021-07-09T00:00:00Z,-0.5800652380142247
2021-07-08T00:00:00Z,-0.2893260269053007
2021-07-07T00:00:00Z,-0.014547037250457516
2021-07-06T00:00:00Z,0.12843804146255663
2021-07-05T00:00:00Z,-0.033386363912526036
2021-07-04T00:00:00Z,-0.5431979821529505
2021-07-03T00:00:00Z,-0.7752870070843828
2021-07-02T00:00:00Z,-1.0634571891563105
2021-07-01T00:00:00Z,-1.267477230706005
2021-06-30T00:00:00Z,-1.3701668850666726
2021-06-29T00:00:00Z,-1.444352558234628
2021-06-28T00:00:00Z,-1.3182979655904283
2021-06-27T00:00:00Z,-1.2180155324304072
2021-06-26T00:00:00Z,-1.1611992635294806
2021-06-25T00:00:00Z,-1.0110747577354284
2021-06-24T00:00:00Z,-0.6084822126670981
2021-06-23T00:00:00Z,-0.33949263953147474
2021-06-22T00:00:00Z,0.11724815904192651
2021-06-21T00:00:00Z,0.6633448414511359
2021-06-20T00:00:00Z,0.8986694525264952
2021-06-19T00:00:00Z,0.9482062011326384
2021-06-18T00:00:00Z,0.9922699459709409
2021-06-17T00:00:00Z,0.8134330153887458
2021-06-16T00:00:00Z,0.5739708814647914
2021-06-15T00:00:00Z,0.5325305541533734
2021-06-14T00:00:00Z,1.0777527723612483
2021-06-13T00:00:00Z,1.3546249597505418
2021-06-12T00:00:00Z,1.4403955425999082
2021-06-11T00:00:00Z,1.516871404155588
2021-06-10T00:00:00Z,1.4347247183722514
2021-06-09T00:00:00Z,1.441167824798285
2021-06-08T00:00:00Z,1.4733063284127215
2021-06-07T00:00:00Z,1.1922138182705022
2021-06-06T00:00:00Z,0.8316675526013916
2021-06-05T00:00:00Z,0.7206679929032123
2021-06-04T00:00:00Z,0.022169618548598724
2021-06-03T00:00:00Z,-0.49702536890750637
2021-06-02T00:00:00Z,-0.9192173470999897
2021-06-01T00:00:00Z,-1.3636227486743286
2021-05-31T00:00:00Z,-1.7593024105937114
2021-05-30T00:00:00Z,-2.2780995277594895
2021-05-29T00:00:00Z,-2.7859871845326434
2021-05-28T00:00:00Z,-3.0595556088531444
2021-05-27T00:00:00Z,-2.938538611666893
2021-05-26T00:00:00Z,-3.1175779542556565
2021-05-25T00:00:00Z,-3.0049394541334524
2021-05-24T00:00:00Z,-2.952554308654052
2021-05-23T00:00:00Z,-2.954917320233987
2021-05-22T00:00:00Z,-2.948755731103215
2021-05-21T00:00:00Z,-2.540048318758073
2021-05-20T00:00:00Z,-1.6496994681550343
2021-05-19T00:00:00Z,-0.9590676482140826
2021-05-18T00:00:00Z,0.13220366608970385
2021-05-17T00:00:00Z,0.7018927186053504
2021-05-16T00:00:00Z,0.7310614194314489
2021-05-15T00:00:00Z,0.8409494391941914
2021-05-14T00:00:00Z,0.9749301334598456
2021-05-13T00:00:00Z,0.8817003064090706
2021-05-12T00:00:00Z,0.9577865464766359
2021-05-11T00:00:00Z,1.1297194371876336
2021-05-10T00:00:00Z,0.7758421633643655
2021-05-09T00:00:00Z,0.2784242455197498
2021-05-08T00:00:00Z,-0.5194208607237165
2021-05-07T00:00:00Z,-1.0174133403313568
2021-05-06T00:00:00Z,-1.2544144428519792
2021-05-05T00:00:00Z,-1.4313629420002694
2021-05-04T00:00:00Z,-1.5160872481970489
2021-05-03T00:00:00Z,-1.5600646085012506
2021-05-02T00:00:00Z,-1.8708714604785632
2021-05-01T00:00:00Z,-2.461756588976242
2021-04-30T00:00:00Z,-2.874933091727327
2021-04-29T00:00:00Z,-2.9568786111071774
2021-04-28T00:00:00Z,-2.492211403628616
2021-04-27T00:00:00Z,-2.375645628362374
2021-04-26T00:00:00Z,-1.7645836194775129
2021-04-25T00:00:00Z,-1.7141860424394966
2021-04-24T00:00:00Z,-1.661831008297628
2021-04-23T00:00:00Z,-1.5276708506891707
2021-04-22T00:00:00Z,-1.2554974449398268
2021-04-21T00:00:00Z,-0.8602403112576451
2021-04-20T00:00:00Z,-0.40557257587389994
2021-04-19T00:00:00Z,-0.34673145198013644
2021-04-18T00:00:00Z,-0.729573420898351
2021-04-17T00:00:00Z,-0.7193924249856092
2021-04-16T00:00:00Z,-1.4006890560314071
2021-04-15T00:00:00Z,-1.7421161652071826
2021-04-14T00:00:00Z,-1.8378788397619639
2021-04-13T00:00:00Z,-1.3163044961960584
2021-04-12T00:00:00Z,-1.1033171454790565
2021-04-11T00:00:00Z,-1.0340795392992042
2021-04-10T00:00:00Z,-1.0306314443937832
2021-04-09T00:00:00Z,-0.7924652784329069
2021-04-08T00:00:00Z,-0.625250144235813
2021-04-07T00:00:00Z,-0.5984240773792607
2021-04-06T00:00:00Z,0.6452274684061856
2021-04-05T00:00:00Z,1.4401866390413347
2021-04-04T00:00:00Z,1.6384592528709307
2021-04-03T00:00:00Z,1.107176854483934
2021-04-02T00:00:00Z,0.8095067483899812
2021-04-01T00:00:00Z,0.49449254543973825
2021-03-31T00:00:00Z,0.6762610559980383
2021-03-30T00:00:00Z,1.2493064162995071
2021-03-29T00:00:00Z,1.9261733319305139
2021-03-28T00:00:00Z,2.5317192342263706
2021-03-27T00:00:00Z,2.3946794089937704
2021-03-26T00:00:00Z,2.5556697538175093
2021-03-25T00:00:00Z,2.830881223881075
2021-03-24T00:00:00Z,3.522219650790552
2021-03-23T00:00:00Z,4.2340674091388
2021-03-22T00:00:00Z,5.271289187621161
2021-03-21T00:00:00Z,5.714080555120352
2021-03-20T00:00:00Z,5.605272414161351
2021-03-19T00:00:00Z,5.405666453196813
2021-03-18T00:00:00Z,5.0089345431792305
2021-03-17T00:00:00Z,4.675532961764055
2021-03-16T00:00:00Z,4.258909460842466
2021-03-15T00:00:00Z,4.211060717171695
2021-03-14T00:00:00Z,3.619430055136234
2021-03-13T00:00:00Z,3.338334783000753
2021-03-12T00:00:00Z,2.505201467108406
2021-03-11T00:00:00Z,1.9837062564970758
2021-03-10T00:00:00Z,2.015249430215146
2021-03-09T00:00:00Z,1.858183036032791
2021-03-08T00:00:00Z,2.021363204229425
2021-03-07T00:00:00Z,1.93192888308479
2021-03-06T00:00:00Z,1.8025427800686227
2021-03-05T00:00:00Z,1.5807587868533606
2021-03-04T00:00:00Z,1.4627503990025372
2021-03-03T00:00:00Z,1.4617189974249283
2021-03-02T00:00:00Z,2.0124503332528705
2021-03-01T00:00:00Z,2.205431232765649
2021-02-28T00:00:00Z,2.168807331833658
2021-02-27T00:00:00Z,2.2759344129302232
2021-02-26T00:00:00Z,2.400746109268
2021-02-25T00:00:00Z,2.387296153812392
2021-02-24T00:00:00Z,2.4209657476203974
2021-02-23T00:00:00Z,2.818581182002531
2021-02-22T00:00:00Z,3.4670209573750945
2021-02-21T00:00:00Z,3.3458120278956858
2021-02-20T00:00:00Z,2.907706361954409
2021-02-19T00:00:00Z,2.8762592868513877
2021-02-18T00:00:00Z,2.325252172693655
2021-02-17T00:00:00Z,2.285538857262778
2021-02-16T00:00:00Z,1.9586765086791857
2021-02-15T00:00:00Z,1.7275114788727337
2021-02-14T00:00:00Z,1.6598752509513155
2021-02-13T00:00:00Z,1.1136259783991442
2021-02-12T00:00:00Z,0.42397569698203563
2021-02-11T00:00:00Z,0.1404341592922775
2021-02-10T00:00:00Z,0.09038849884476369
2021-02-09T00:00:00Z,-0.06273236196262376
2021-02-08T00:00:00Z,0.03964561132048333
2021-02-07T00:00:00Z,-0.4788123113766887
2021-02-06T00:00:00Z,-0.6804181462127937
2021-02-05T00:00:00Z,-0.8052646212185618
2021-02-04T00:00:00Z,-0.784612956253681
2021-02-03T00:00:00Z,-0.9729982542633521
2021-02-02T00:00:00Z,-0.7028805440719703
2021-02-01T00:00:00Z,-0.5025661753361095
2021-01-31T00:00:00Z,-0.5326341103889118
2021-01-30T00:00:00Z,-0.7769658734401463
2021-01-29T00:00:00Z,-0.7093054811057308
2021-01-28T00:00:00Z,-0.5349484394255225
2021-01-27T00:00:00Z,-0.1317898740278958
2021-01-26T00:00:00Z,0.6583215726473101
2021-01-25T00:00:00Z,1.0366569817825826
2021-01-24T00:00:00Z,1.605537484957475
2021-01-23T00:00:00Z,1.759071885507647
2021-01-22T00:00:00Z,2.0799307577209354
2021-01-21T00:00:00Z,2.129797616539349
2021-01-20T00:00:00Z,2.237503200368954
2021-01-19T00:00:00Z,2.6358723667076456
2021-01-18T00:00:00Z,2.9243055425070477
2021-01-17T00:00:00Z,2.755274180530472
2021-01-16T00:00:00Z,2.324051057965212
2021-01-15T00:00:00Z,2.3146574382471994
2021-01-14T00:00:00Z,2.1836239541330946
2021-01-13T00:00:00Z,2.1604317001924773
2021-01-12T00:00:00Z,1.9737819557539238
2021-01-11T00:00:00Z,1.9974373866022255
2021-01-10T00:00:00Z,2.2860450494969475
2021-01-09T00:00:00Z,2.0364813695522015
2021-01-08T00:00:00Z,2.002972887924726
2021-01-07T00:00:00Z,2.0755672932465328
2021-01-06T00:00:00Z,2.1063864433072785
2021-01-05T00:00:00Z,1.740583184292844
2021-01-04T00:00:00Z,1.6039584044771475
2021-01-03T00:00:00Z,1.3762968014463886
2021-01-02T00:00:00Z,1.2320579124836817
2021-01-01T00:00:00Z,1.0449468570100968
2020-12-31T00:00:00Z,0.7230364936351141
