date,timestamp_utc,Korea Premium Index
2020-07-16,2020-07-16T00:00:00Z,-0.74
2020-07-17,2020-07-17T00:00:00Z,-0.88
2020-07-18,2020-07-18T00:00:00Z,-1.41
2020-07-19,2020-07-19T00:00:00Z,-1.52
2020-07-20,2020-07-20T00:00:00Z,-0.74
2020-07-21,2020-07-21T00:00:00Z,-0.98
2020-07-22,2020-07-22T00:00:00Z,-1.36
2020-07-23,2020-07-23T00:00:00Z,-1.78
2020-07-24,2020-07-24T00:00:00Z,-1.45
2020-07-25,2020-07-25T00:00:00Z,-1.85
2020-07-26,2020-07-26T00:00:00Z,-2.12
2020-07-27,2020-07-27T00:00:00Z,-2.3
2020-07-28,2020-07-28T00:00:00Z,-2.7
2020-07-29,2020-07-29T00:00:00Z,-1.06
2020-07-30,2020-07-30T00:00:00Z,-1.5
2020-07-31,2020-07-31T00:00:00Z,-0.54
2020-08-01,2020-08-01T00:00:00Z,-0.83
2020-08-02,2020-08-02T00:00:00Z,-0.99
2020-08-03,2020-08-03T00:00:00Z,-1.17
2020-08-04,2020-08-04T00:00:00Z,-0.54
2020-08-05,2020-08-05T00:00:00Z,-0.56
2020-08-06,2020-08-06T00:00:00Z,-0.58
2020-08-07,2020-08-07T00:00:00Z,0.07
2020-08-08,2020-08-08T00:00:00Z,-0.77
2020-08-09,2020-08-09T00:00:00Z,-0.27
2020-08-10,2020-08-10T00:00:00Z,-0.81
2020-08-11,2020-08-11T00:00:00Z,0.62
2020-08-12,2020-08-12T00:00:00Z,0.0
2020-08-13,2020-08-13T00:00:00Z,-1.1
2020-08-14,2020-08-14T00:00:00Z,-0.9
2020-08-15,2020-08-15T00:00:00Z,-1.38
2020-08-16,2020-08-16T00:00:00Z,-1.78
2020-08-17,2020-08-17T00:00:00Z,-2.67
2020-08-18,2020-08-18T00:00:00Z,-1.3
2020-08-19,2020-08-19T00:00:00Z,-0.39
2020-08-20,2020-08-20T00:00:00Z,-0.15
2020-08-21,2020-08-21T00:00:00Z,0.61
2020-08-22,2020-08-22T00:00:00Z,-0.49
2020-08-23,2020-08-23T00:00:00Z,-0.75
2020-08-24,2020-08-24T00:00:00Z,-1.22
2020-08-25,2020-08-25T00:00:00Z,0.23
2020-08-26,2020-08-26T00:00:00Z,-0.46
2020-08-27,2020-08-27T00:00:00Z,-0.4
2020-08-28,2020-08-28T00:00:00Z,-1.06
2020-08-29,2020-08-29T00:00:00Z,-0.9
2020-08-30,2020-08-30T00:00:00Z,-1.29
2020-08-31,2020-08-31T00:00:00Z,-0.3
2020-09-01,2020-09-01T00:00:00Z,-1.21
2020-09-02,2020-09-02T00:00:00Z,0.52
2020-09-03,2020-09-03T00:00:00Z,1.9
2020-09-04,2020-09-04T00:00:00Z,1.18
2020-09-05,2020-09-05T00:00:00Z,2.34
2020-09-06,2020-09-06T00:00:00Z,1.23
2020-09-07,2020-09-07T00:00:00Z,0.4
2020-09-08,2020-09-08T00:00:00Z,0.67
2020-09-09,2020-09-09T00:00:00Z,0.07
2020-09-10,2020-09-10T00:00:00Z,0.49
2020-09-11,2020-09-11T00:00:00Z,-0.09
2020-09-12,2020-09-12T00:00:00Z,-0.23
2020-09-13,2020-09-13T00:00:00Z,0.89
2020-09-14,2020-09-14T00:00:00Z,-0.26
2020-09-15,2020-09-15T00:00:00Z,0.48
2020-09-16,2020-09-16T00:00:00Z,-0.19
2020-09-17,2020-09-17T00:00:00Z,-0.17
2020-09-18,2020-09-18T00:00:00Z,-0.41
2020-09-19,2020-09-19T00:00:00Z,0.33
2020-09-20,2020-09-20T00:00:00Z,0.95
2020-09-21,2020-09-21T00:00:00Z,1.19
2020-09-22,2020-09-22T00:00:00Z,0.51
2020-09-23,2020-09-23T00:00:00Z,0.42
2020-09-24,2020-09-24T00:00:00Z,-0.12
2020-09-25,2020-09-25T00:00:00Z,-1.04
2020-09-26,2020-09-26T00:00:00Z,-1.03
2020-09-27,2020-09-27T00:00:00Z,-1.21
2020-09-28,2020-09-28T00:00:00Z,-0.92
2020-09-29,2020-09-29T00:00:00Z,-0.88
2020-09-30,2020-09-30T00:00:00Z,-0.49
2020-10-01,2020-10-01T00:00:00Z,0.25
2020-10-02,2020-10-02T00:00:00Z,1.1
2020-10-03,2020-10-03T00:00:00Z,0.96
2020-10-04,2020-10-04T00:00:00Z,0.19
2020-10-05,2020-10-05T00:00:00Z,-0.11
2020-10-06,2020-10-06T00:00:00Z,1.02
2020-10-07,2020-10-07T00:00:00Z,0.33
2020-10-08,2020-10-08T00:00:00Z,-0.7
2020-10-09,2020-10-09T00:00:00Z,-0.92
2020-10-10,2020-10-10T00:00:00Z,-0.67
2020-10-11,2020-10-11T00:00:00Z,-0.69
2020-10-12,2020-10-12T00:00:00Z,-0.26
2020-10-13,2020-10-13T00:00:00Z,-0.04
2020-10-14,2020-10-14T00:00:00Z,0.33
2020-10-15,2020-10-15T00:00:00Z,0.2
2020-10-16,2020-10-16T00:00:00Z,0.3
2020-10-17,2020-10-17T00:00:00Z,0.67
2020-10-18,2020-10-18T00:00:00Z,0.33
2020-10-19,2020-10-19T00:00:00Z,-0.15
2020-10-20,2020-10-20T00:00:00Z,0.48
2020-10-21,2020-10-21T00:00:00Z,-1.2
2020-10-22,2020-10-22T00:00:00Z,-0.99
2020-10-23,2020-10-23T00:00:00Z,-0.61
2020-10-24,2020-10-24T00:00:00Z,-0.33
2020-10-25,2020-10-25T00:00:00Z,-0.21
2020-10-26,2020-10-26T00:00:00Z,0.13
2020-10-27,2020-10-27T00:00:00Z,-1.0
2020-10-28,2020-10-28T00:00:00Z,0.76
2020-10-29,2020-10-29T00:00:00Z,-0.48
2020-10-30,2020-10-30T00:00:00Z,-0.08
2020-10-31,2020-10-31T00:00:00Z,0.03
2020-11-01,2020-11-01T00:00:00Z,-0.04
2020-11-02,2020-11-02T00:00:00Z,0.39
2020-11-03,2020-11-03T00:00:00Z,-0.27
2020-11-04,2020-11-04T00:00:00Z,-0.41
2020-11-05,2020-11-05T00:00:00Z,-1.55
2020-11-06,2020-11-06T00:00:00Z,-0.72
2020-11-07,2020-11-07T00:00:00Z,-0.18
2020-11-08,2020-11-08T00:00:00Z,-0.6
2020-11-09,2020-11-09T00:00:00Z,-0.63
2020-11-10,2020-11-10T00:00:00Z,-0.07
2020-11-11,2020-11-11T00:00:00Z,-0.71
2020-11-12,2020-11-12T00:00:00Z,-0.92
2020-11-13,2020-11-13T00:00:00Z,-1.12
2020-11-14,2020-11-14T00:00:00Z,-0.2
2020-11-15,2020-11-15T00:00:00Z,-0.03
2020-11-16,2020-11-16T00:00:00Z,-1.58
2020-11-17,2020-11-17T00:00:00Z,-1.1
2020-11-18,2020-11-18T00:00:00Z,0.26
2020-11-19,2020-11-19T00:00:00Z,0.77
2020-11-20,2020-11-20T00:00:00Z,-0.92
2020-11-21,2020-11-21T00:00:00Z,-2.25
2020-11-22,2020-11-22T00:00:00Z,-0.78
2020-11-23,2020-11-23T00:00:00Z,-1.84
2020-11-24,2020-11-24T00:00:00Z,-1.41
2020-11-25,2020-11-25T00:00:00Z,0.16
2020-11-26,2020-11-26T00:00:00Z,1.16
2020-11-27,2020-11-27T00:00:00Z,0.56
2020-11-28,2020-11-28T00:00:00Z,-0.55
2020-11-29,2020-11-29T00:00:00Z,-0.58
2020-11-30,2020-11-30T00:00:00Z,-2.33
2020-12-01,2020-12-01T00:00:00Z,0.34
2020-12-02,2020-12-02T00:00:00Z,-0.92
2020-12-03,2020-12-03T00:00:00Z,-1.26
2020-12-04,2020-12-04T00:00:00Z,0.97
2020-12-05,2020-12-05T00:00:00Z,-0.07
2020-12-06,2020-12-06T00:00:00Z,-0.37
2020-12-07,2020-12-07T00:00:00Z,0.06
2020-12-08,2020-12-08T00:00:00Z,0.59
2020-12-09,2020-12-09T00:00:00Z,0.71
2020-12-10,2020-12-10T00:00:00Z,0.52
2020-12-11,2020-12-11T00:00:00Z,0.15
2020-12-12,2020-12-12T00:00:00Z,0.01
2020-12-13,2020-12-13T00:00:00Z,-0.82
2020-12-14,2020-12-14T00:00:00Z,-0.66
2020-12-15,2020-12-15T00:00:00Z,-0.59
2020-12-16,2020-12-16T00:00:00Z,-1.88
2020-12-17,2020-12-17T00:00:00Z,-0.75
2020-12-18,2020-12-18T00:00:00Z,-0.44
2020-12-19,2020-12-19T00:00:00Z,-0.06
2020-12-20,2020-12-20T00:00:00Z,0.46
2020-12-21,2020-12-21T00:00:00Z,1.64
2020-12-22,2020-12-22T00:00:00Z,1.39
2020-12-23,2020-12-23T00:00:00Z,2.77
2020-12-24,2020-12-24T00:00:00Z,0.73
2020-12-25,2020-12-25T00:00:00Z,-0.47
2020-12-26,2020-12-26T00:00:00Z,0.6
2020-12-27,2020-12-27T00:00:00Z,1.47
2020-12-28,2020-12-28T00:00:00Z,1.52
2020-12-29,2020-12-29T00:00:00Z,1.42
2020-12-30,2020-12-30T00:00:00Z,0.92
2020-12-31,2020-12-31T00:00:00Z,1.69
2021-01-01,2021-01-01T00:00:00Z,0.95
2021-01-02,2021-01-02T00:00:00Z,2.16
2021-01-03,2021-01-03T00:00:00Z,4.5
2021-01-04,2021-01-04T00:00:00Z,4.76
2021-01-05,2021-01-05T00:00:00Z,3.34
2021-01-06,2021-01-06T00:00:00Z,1.48
2021-01-07,2021-01-07T00:00:00Z,4.32
2021-01-08,2021-01-08T00:00:00Z,6.36
2021-01-09,2021-01-09T00:00:00Z,3.76
2021-01-10,2021-01-10T00:00:00Z,4.26
2021-01-11,2021-01-11T00:00:00Z,3.63
2021-01-12,2021-01-12T00:00:00Z,3.16
2021-01-13,2021-01-13T00:00:00Z,0.87
2021-01-14,2021-01-14T00:00:00Z,-0.43
2021-01-15,2021-01-15T00:00:00Z,1.76
2021-01-16,2021-01-16T00:00:00Z,1.11
2021-01-17,2021-01-17T00:00:00Z,0.34
2021-01-18,2021-01-18T00:00:00Z,-0.87
2021-01-19,2021-01-19T00:00:00Z,-0.28
2021-01-20,2021-01-20T00:00:00Z,0.26
2021-01-21,2021-01-21T00:00:00Z,2.04
2021-01-22,2021-01-22T00:00:00Z,0.05
2021-01-23,2021-01-23T00:00:00Z,0.1
2021-01-24,2021-01-24T00:00:00Z,-0.65
2021-01-25,2021-01-25T00:00:00Z,1.01
2021-01-26,2021-01-26T00:00:00Z,0.05
2021-01-27,2021-01-27T00:00:00Z,2.4
2021-01-28,2021-01-28T00:00:00Z,-0.68
2021-01-29,2021-01-29T00:00:00Z,-2.08
2021-01-30,2021-01-30T00:00:00Z,-3.46
2021-01-31,2021-01-31T00:00:00Z,-1.58
2021-02-01,2021-02-01T00:00:00Z,-2.73
2021-02-02,2021-02-02T00:00:00Z,-4.75
2021-02-03,2021-02-03T00:00:00Z,-6.43
2021-02-04,2021-02-04T00:00:00Z,-3.49
2021-02-05,2021-02-05T00:00:00Z,-5.52
2021-02-06,2021-02-06T00:00:00Z,-5.28
2021-02-07,2021-02-07T00:00:00Z,-3.78
2021-02-08,2021-02-08T00:00:00Z,-6.04
2021-02-09,2021-02-09T00:00:00Z,-6.64
2021-02-10,2021-02-10T00:00:00Z,-2.83
2021-02-11,2021-02-11T00:00:00Z,-3.01
2021-02-12,2021-02-12T00:00:00Z,-2.75
2021-02-13,2021-02-13T00:00:00Z,-2.96
2021-02-14,2021-02-14T00:00:00Z,-2.06
2021-02-15,2021-02-15T00:00:00Z,-0.86
2021-02-16,2021-02-16T00:00:00Z,0.94
2021-02-17,2021-02-17T00:00:00Z,-0.19
2021-02-18,2021-02-18T00:00:00Z,1.32
2021-02-19,2021-02-19T00:00:00Z,2.63
2021-02-20,2021-02-20T00:00:00Z,3.97
2021-02-21,2021-02-21T00:00:00Z,3.08
2021-02-22,2021-02-22T00:00:00Z,3.34
2021-02-23,2021-02-23T00:00:00Z,1.15
2021-02-24,2021-02-24T00:00:00Z,2.14
2021-02-25,2021-02-25T00:00:00Z,3.3
2021-02-26,2021-02-26T00:00:00Z,4.48
2021-02-27,2021-02-27T00:00:00Z,2.69
2021-02-28,2021-02-28T00:00:00Z,1.53
2021-03-01,2021-03-01T00:00:00Z,0.77
2021-03-02,2021-03-02T00:00:00Z,3.14
2021-03-03,2021-03-03T00:00:00Z,1.93
2021-03-04,2021-03-04T00:00:00Z,4.2
2021-03-05,2021-03-05T00:00:00Z,3.03
2021-03-06,2021-03-06T00:00:00Z,1.99
2021-03-07,2021-03-07T00:00:00Z,0.94
2021-03-08,2021-03-08T00:00:00Z,1.1
2021-03-09,2021-03-09T00:00:00Z,0.49
2021-03-10,2021-03-10T00:00:00Z,1.08
2021-03-11,2021-03-11T00:00:00Z,0.32
2021-03-12,2021-03-12T00:00:00Z,2.82
2021-03-13,2021-03-13T00:00:00Z,1.62
2021-03-14,2021-03-14T00:00:00Z,2.34
2021-03-15,2021-03-15T00:00:00Z,1.91
2021-03-16,2021-03-16T00:00:00Z,2.3
2021-03-17,2021-03-17T00:00:00Z,2.84
2021-03-18,2021-03-18T00:00:00Z,2.8
2021-03-19,2021-03-19T00:00:00Z,3.68
2021-03-20,2021-03-20T00:00:00Z,2.81
2021-03-21,2021-03-21T00:00:00Z,3.52
2021-03-22,2021-03-22T00:00:00Z,5.44
2021-03-23,2021-03-23T00:00:00Z,6.71
2021-03-24,2021-03-24T00:00:00Z,9.32
2021-03-25,2021-03-25T00:00:00Z,9.0
2021-03-26,2021-03-26T00:00:00Z,4.97
2021-03-27,2021-03-27T00:00:00Z,5.4
2021-03-28,2021-03-28T00:00:00Z,6.52
2021-03-29,2021-03-29T00:00:00Z,5.05
2021-03-30,2021-03-30T00:00:00Z,6.22
2021-03-31,2021-03-31T00:00:00Z,7.03
2021-04-01,2021-04-01T00:00:00Z,9.1
2021-04-02,2021-04-02T00:00:00Z,11.0
2021-04-03,2021-04-03T00:00:00Z,12.04
2021-04-04,2021-04-04T00:00:00Z,12.52
2021-04-05,2021-04-05T00:00:00Z,17.81
2021-04-06,2021-04-06T00:00:00Z,18.91
2021-04-07,2021-04-07T00:00:00Z,16.48
2021-04-08,2021-04-08T00:00:00Z,15.98
2021-04-09,2021-04-09T00:00:00Z,16.85
2021-04-10,2021-04-10T00:00:00Z,16.94
2021-04-11,2021-04-11T00:00:00Z,16.91
2021-04-12,2021-04-12T00:00:00Z,16.28
2021-04-13,2021-04-13T00:00:00Z,12.96
2021-04-14,2021-04-14T00:00:00Z,13.97
2021-04-15,2021-04-15T00:00:00Z,12.86
2021-04-16,2021-04-16T00:00:00Z,15.81
2021-04-17,2021-04-17T00:00:00Z,16.25
2021-04-18,2021-04-18T00:00:00Z,20.48
2021-04-19,2021-04-19T00:00:00Z,14.71
2021-04-20,2021-04-20T00:00:00Z,11.58
2021-04-21,2021-04-21T00:00:00Z,13.3
2021-04-22,2021-04-22T00:00:00Z,3.21
2021-04-23,2021-04-23T00:00:00Z,6.45
2021-04-24,2021-04-24T00:00:00Z,9.02
2021-04-25,2021-04-25T00:00:00Z,9.16
2021-04-26,2021-04-26T00:00:00Z,6.26
2021-04-27,2021-04-27T00:00:00Z,5.95
2021-04-28,2021-04-28T00:00:00Z,4.93
2021-04-29,2021-04-29T00:00:00Z,7.14
2021-04-30,2021-04-30T00:00:00Z,6.45
2021-05-01,2021-05-01T00:00:00Z,6.47
2021-05-02,2021-05-02T00:00:00Z,8.02
2021-05-03,2021-05-03T00:00:00Z,10.08
2021-05-04,2021-05-04T00:00:00Z,12.29
2021-05-05,2021-05-05T00:00:00Z,5.95
2021-05-06,2021-05-06T00:00:00Z,8.3
2021-05-07,2021-05-07T00:00:00Z,6.82
2021-05-08,2021-05-08T00:00:00Z,9.27
2021-05-09,2021-05-09T00:00:00Z,9.97
2021-05-10,2021-05-10T00:00:00Z,13.91
2021-05-11,2021-05-11T00:00:00Z,9.76
2021-05-12,2021-05-12T00:00:00Z,10.5
2021-05-13,2021-05-13T00:00:00Z,11.95
2021-05-14,2021-05-14T00:00:00Z,9.44
2021-05-15,2021-05-15T00:00:00Z,11.13
2021-05-16,2021-05-16T00:00:00Z,10.13
2021-05-17,2021-05-17T00:00:00Z,10.41
2021-05-18,2021-05-18T00:00:00Z,9.2
2021-05-19,2021-05-19T00:00:00Z,21.37
2021-05-20,2021-05-20T00:00:00Z,11.55
2021-05-21,2021-05-21T00:00:00Z,16.36
2021-05-22,2021-05-22T00:00:00Z,12.1
2021-05-23,2021-05-23T00:00:00Z,8.99
2021-05-24,2021-05-24T00:00:00Z,7.43
2021-05-25,2021-05-25T00:00:00Z,8.98
2021-05-26,2021-05-26T00:00:00Z,7.08
2021-05-27,2021-05-27T00:00:00Z,8.24
2021-05-28,2021-05-28T00:00:00Z,9.63
2021-05-29,2021-05-29T00:00:00Z,11.0
2021-05-30,2021-05-30T00:00:00Z,8.93
2021-05-31,2021-05-31T00:00:00Z,5.12
2021-06-01,2021-06-01T00:00:00Z,6.28
2021-06-02,2021-06-02T00:00:00Z,5.08
2021-06-03,2021-06-03T00:00:00Z,4.31
2021-06-04,2021-06-04T00:00:00Z,4.2
2021-06-05,2021-06-05T00:00:00Z,6.27
2021-06-06,2021-06-06T00:00:00Z,4.93
2021-06-07,2021-06-07T00:00:00Z,4.76
2021-06-08,2021-06-08T00:00:00Z,3.84
2021-06-09,2021-06-09T00:00:00Z,3.44
2021-06-10,2021-06-10T00:00:00Z,4.51
2021-06-11,2021-06-11T00:00:00Z,5.08
2021-06-12,2021-06-12T00:00:00Z,4.24
2021-06-13,2021-06-13T00:00:00Z,2.72
2021-06-14,2021-06-14T00:00:00Z,2.65
2021-06-15,2021-06-15T00:00:00Z,3.44
2021-06-16,2021-06-16T00:00:00Z,5.85
2021-06-17,2021-06-17T00:00:00Z,3.9
2021-06-18,2021-06-18T00:00:00Z,4.54
2021-06-19,2021-06-19T00:00:00Z,4.66
2021-06-20,2021-06-20T00:00:00Z,3.53
2021-06-21,2021-06-21T00:00:00Z,4.1
2021-06-22,2021-06-22T00:00:00Z,2.75
2021-06-23,2021-06-23T00:00:00Z,2.3
2021-06-24,2021-06-24T00:00:00Z,2.09
2021-06-25,2021-06-25T00:00:00Z,3.87
2021-06-26,2021-06-26T00:00:00Z,3.57
2021-06-27,2021-06-27T00:00:00Z,2.01
2021-06-28,2021-06-28T00:00:00Z,2.77
2021-06-29,2021-06-29T00:00:00Z,2.41
2021-06-30,2021-06-30T00:00:00Z,2.42
2021-07-01,2021-07-01T00:00:00Z,3.89
2021-07-02,2021-07-02T00:00:00Z,2.61
2021-07-03,2021-07-03T00:00:00Z,2.75
2021-07-04,2021-07-04T00:00:00Z,2.57
2021-07-05,2021-07-05T00:00:00Z,3.61
2021-07-06,2021-07-06T00:00:00Z,3.0
2021-07-07,2021-07-07T00:00:00Z,3.1
2021-07-08,2021-07-08T00:00:00Z,4.18
2021-07-09,2021-07-09T00:00:00Z,2.71
2021-07-10,2021-07-10T00:00:00Z,3.14
2021-07-11,2021-07-11T00:00:00Z,2.48
2021-07-12,2021-07-12T00:00:00Z,3.47
2021-07-13,2021-07-13T00:00:00Z,3.82
2021-07-14,2021-07-14T00:00:00Z,2.31
2021-07-15,2021-07-15T00:00:00Z,3.16
2021-07-16,2021-07-16T00:00:00Z,3.63
2021-07-17,2021-07-17T00:00:00Z,3.16
2021-07-18,2021-07-18T00:00:00Z,3.62
2021-07-19,2021-07-19T00:00:00Z,4.33
2021-07-20,2021-07-20T00:00:00Z,2.89
2021-07-21,2021-07-21T00:00:00Z,2.99
2021-07-22,2021-07-22T00:00:00Z,1.91
2021-07-23,2021-07-23T00:00:00Z,1.12
2021-07-24,2021-07-24T00:00:00Z,1.6
2021-07-25,2021-07-25T00:00:00Z,0.6
2021-07-26,2021-07-26T00:00:00Z,0.36
2021-07-27,2021-07-27T00:00:00Z,-0.13
2021-07-28,2021-07-28T00:00:00Z,0.27
2021-07-29,2021-07-29T00:00:00Z,-0.39
2021-07-30,2021-07-30T00:00:00Z,0.73
2021-07-31,2021-07-31T00:00:00Z,0.19
2021-08-01,2021-08-01T00:00:00Z,0.73
2021-08-02,2021-08-02T00:00:00Z,0.62
2021-08-03,2021-08-03T00:00:00Z,2.07
2021-08-04,2021-08-04T00:00:00Z,0.2
2021-08-05,2021-08-05T00:00:00Z,0.6
2021-08-06,2021-08-06T00:00:00Z,0.6
2021-08-07,2021-08-07T00:00:00Z,-0.28
2021-08-08,2021-08-08T00:00:00Z,1.17
2021-08-09,2021-08-09T00:00:00Z,-0.28
2021-08-10,2021-08-10T00:00:00Z,0.22
2021-08-11,2021-08-11T00:00:00Z,0.04
2021-08-12,2021-08-12T00:00:00Z,1.6
2021-08-13,2021-08-13T00:00:00Z,-0.83
2021-08-14,2021-08-14T00:00:00Z,0.2
2021-08-15,2021-08-15T00:00:00Z,-0.11
2021-08-16,2021-08-16T00:00:00Z,1.0
2021-08-17,2021-08-17T00:00:00Z,1.05
2021-08-18,2021-08-18T00:00:00Z,0.05
2021-08-19,2021-08-19T00:00:00Z,0.3
2021-08-20,2021-08-20T00:00:00Z,-0.8
2021-08-21,2021-08-21T00:00:00Z,0.15
2021-08-22,2021-08-22T00:00:00Z,-0.47
2021-08-23,2021-08-23T00:00:00Z,-0.97
2021-08-24,2021-08-24T00:00:00Z,0.55
2021-08-25,2021-08-25T00:00:00Z,0.24
2021-08-26,2021-08-26T00:00:00Z,1.22
2021-08-27,2021-08-27T00:00:00Z,-0.19
2021-08-28,2021-08-28T00:00:00Z,0.91
2021-08-29,2021-08-29T00:00:00Z,0.81
2021-08-30,2021-08-30T00:00:00Z,1.84
2021-08-31,2021-08-31T00:00:00Z,0.31
2021-09-01,2021-09-01T00:00:00Z,-0.38
2021-09-02,2021-09-02T00:00:00Z,0.46
2021-09-03,2021-09-03T00:00:00Z,-0.22
2021-09-04,2021-09-04T00:00:00Z,0.2
2021-09-05,2021-09-05T00:00:00Z,-1.02
2021-09-06,2021-09-06T00:00:00Z,-0.03
2021-09-07,2021-09-07T00:00:00Z,4.31
2021-09-08,2021-09-08T00:00:00Z,3.87
2021-09-09,2021-09-09T00:00:00Z,3.14
2021-09-10,2021-09-10T00:00:00Z,4.93
2021-09-11,2021-09-11T00:00:00Z,3.66
2021-09-12,2021-09-12T00:00:00Z,2.17
2021-09-13,2021-09-13T00:00:00Z,3.2
2021-09-14,2021-09-14T00:00:00Z,2.27
2021-09-15,2021-09-15T00:00:00Z,1.19
2021-09-16,2021-09-16T00:00:00Z,2.77
2021-09-17,2021-09-17T00:00:00Z,3.82
2021-09-18,2021-09-18T00:00:00Z,2.58
2021-09-19,2021-09-19T00:00:00Z,3.82
2021-09-20,2021-09-20T00:00:00Z,5.9
2021-09-21,2021-09-21T00:00:00Z,4.86
2021-09-22,2021-09-22T00:00:00Z,4.41
2021-09-23,2021-09-23T00:00:00Z,2.36
2021-09-24,2021-09-24T00:00:00Z,3.63
2021-09-25,2021-09-25T00:00:00Z,4.02
2021-09-26,2021-09-26T00:00:00Z,3.49
2021-09-27,2021-09-27T00:00:00Z,4.14
2021-09-28,2021-09-28T00:00:00Z,4.17
2021-09-29,2021-09-29T00:00:00Z,3.01
2021-09-30,2021-09-30T00:00:00Z,2.69
2021-10-01,2021-10-01T00:00:00Z,2.2
2021-10-02,2021-10-02T00:00:00Z,3.04
2021-10-03,2021-10-03T00:00:00Z,2.65
2021-10-04,2021-10-04T00:00:00Z,3.2
2021-10-05,2021-10-05T00:00:00Z,1.18
2021-10-06,2021-10-06T00:00:00Z,2.01
2021-10-07,2021-10-07T00:00:00Z,1.99
2021-10-08,2021-10-08T00:00:00Z,2.53
2021-10-09,2021-10-09T00:00:00Z,2.06
2021-10-10,2021-10-10T00:00:00Z,3.7
2021-10-11,2021-10-11T00:00:00Z,3.17
2021-10-12,2021-10-12T00:00:00Z,3.26
2021-10-13,2021-10-13T00:00:00Z,1.66
2021-10-14,2021-10-14T00:00:00Z,2.41
2021-10-15,2021-10-15T00:00:00Z,3.85
2021-10-16,2021-10-16T00:00:00Z,4.03
2021-10-17,2021-10-17T00:00:00Z,4.28
2021-10-18,2021-10-18T00:00:00Z,4.47
2021-10-19,2021-10-19T00:00:00Z,3.15
2021-10-20,2021-10-20T00:00:00Z,2.78
2021-10-21,2021-10-21T00:00:00Z,4.12
2021-10-22,2021-10-22T00:00:00Z,4.02
2021-10-23,2021-10-23T00:00:00Z,3.56
2021-10-24,2021-10-24T00:00:00Z,3.99
2021-10-25,2021-10-25T00:00:00Z,2.71
2021-10-26,2021-10-26T00:00:00Z,3.76
2021-10-27,2021-10-27T00:00:00Z,5.09
2021-10-28,2021-10-28T00:00:00Z,2.79
2021-10-29,2021-10-29T00:00:00Z,2.48
2021-10-30,2021-10-30T00:00:00Z,1.11
2021-10-31,2021-10-31T00:00:00Z,0.49
2021-11-01,2021-11-01T00:00:00Z,1.12
2021-11-02,2021-11-02T00:00:00Z,-0.59
2021-11-03,2021-11-03T00:00:00Z,0.61
2021-11-04,2021-11-04T00:00:00Z,1.82
2021-11-05,2021-11-05T00:00:00Z,2.33
2021-11-06,2021-11-06T00:00:00Z,2.49
2021-11-07,2021-11-07T00:00:00Z,2.46
2021-11-08,2021-11-08T00:00:00Z,2.12
2021-11-09,2021-11-09T00:00:00Z,1.0
2021-11-10,2021-11-10T00:00:00Z,4.11
2021-11-11,2021-11-11T00:00:00Z,2.54
2021-11-12,2021-11-12T00:00:00Z,2.88
2021-11-13,2021-11-13T00:00:00Z,2.56
2021-11-14,2021-11-14T00:00:00Z,2.71
2021-11-15,2021-11-15T00:00:00Z,3.31
2021-11-16,2021-11-16T00:00:00Z,3.9
2021-11-17,2021-11-17T00:00:00Z,3.43
2021-11-18,2021-11-18T00:00:00Z,4.85
2021-11-19,2021-11-19T00:00:00Z,4.4
2021-11-20,2021-11-20T00:00:00Z,3.57
2021-11-21,2021-11-21T00:00:00Z,4.38
2021-11-22,2021-11-22T00:00:00Z,5.08
2021-11-23,2021-11-23T00:00:00Z,4.5
2021-11-24,2021-11-24T00:00:00Z,5.28
2021-11-25,2021-11-25T00:00:00Z,4.26
2021-11-26,2021-11-26T00:00:00Z,6.79
2021-11-27,2021-11-27T00:00:00Z,7.11
2021-11-28,2021-11-28T00:00:00Z,5.46
2021-11-29,2021-11-29T00:00:00Z,4.33
2021-11-30,2021-11-30T00:00:00Z,3.96
2021-12-01,2021-12-01T00:00:00Z,4.9
2021-12-02,2021-12-02T00:00:00Z,5.84
2021-12-03,2021-12-03T00:00:00Z,7.82
2021-12-04,2021-12-04T00:00:00Z,6.45
2021-12-05,2021-12-05T00:00:00Z,5.65
2021-12-06,2021-12-06T00:00:00Z,4.5
2021-12-07,2021-12-07T00:00:00Z,5.6
2021-12-08,2021-12-08T00:00:00Z,4.45
2021-12-09,2021-12-09T00:00:00Z,6.36
2021-12-10,2021-12-10T00:00:00Z,7.78
2021-12-11,2021-12-11T00:00:00Z,5.31
2021-12-12,2021-12-12T00:00:00Z,4.85
2021-12-13,2021-12-13T00:00:00Z,6.12
2021-12-14,2021-12-14T00:00:00Z,4.49
2021-12-15,2021-12-15T00:00:00Z,5.6
2021-12-16,2021-12-16T00:00:00Z,5.73
2021-12-17,2021-12-17T00:00:00Z,5.88
2021-12-18,2021-12-18T00:00:00Z,4.68
2021-12-19,2021-12-19T00:00:00Z,5.0
2021-12-20,2021-12-20T00:00:00Z,3.69
2021-12-21,2021-12-21T00:00:00Z,3.19
2021-12-22,2021-12-22T00:00:00Z,3.11
2021-12-23,2021-12-23T00:00:00Z,1.73
2021-12-24,2021-12-24T00:00:00Z,2.77
2021-12-25,2021-12-25T00:00:00Z,1.91
2021-12-26,2021-12-26T00:00:00Z,1.88
2021-12-27,2021-12-27T00:00:00Z,2.05
2021-12-28,2021-12-28T00:00:00Z,3.25
2021-12-29,2021-12-29T00:00:00Z,3.28
2021-12-30,2021-12-30T00:00:00Z,2.48
2021-12-31,2021-12-31T00:00:00Z,2.98
2022-01-01,2022-01-01T00:00:00Z,2.22
2022-01-02,2022-01-02T00:00:00Z,2.19
2022-01-03,2022-01-03T00:00:00Z,2.53
2022-01-04,2022-01-04T00:00:00Z,2.07
2022-01-05,2022-01-05T00:00:00Z,3.29
2022-01-06,2022-01-06T00:00:00Z,3.0
2022-01-07,2022-01-07T00:00:00Z,2.56
2022-01-08,2022-01-08T00:00:00Z,4.58
2022-01-09,2022-01-09T00:00:00Z,2.98
2022-01-10,2022-01-10T00:00:00Z,2.33
2022-01-11,2022-01-11T00:00:00Z,2.13
2022-01-12,2022-01-12T00:00:00Z,1.99
2022-01-13,2022-01-13T00:00:00Z,2.52
2022-01-14,2022-01-14T00:00:00Z,2.12
2022-01-15,2022-01-15T00:00:00Z,1.94
2022-01-16,2022-01-16T00:00:00Z,1.54
2022-01-17,2022-01-17T00:00:00Z,2.44
2022-01-18,2022-01-18T00:00:00Z,1.45
2022-01-19,2022-01-19T00:00:00Z,1.06
2022-01-20,2022-01-20T00:00:00Z,2.57
2022-01-21,2022-01-21T00:00:00Z,4.23
2022-01-22,2022-01-22T00:00:00Z,3.87
2022-01-23,2022-01-23T00:00:00Z,2.33
2022-01-24,2022-01-24T00:00:00Z,2.36
2022-01-25,2022-01-25T00:00:00Z,1.5
2022-01-26,2022-01-26T00:00:00Z,2.27
2022-01-27,2022-01-27T00:00:00Z,2.46
2022-01-28,2022-01-28T00:00:00Z,2.42
2022-01-29,2022-01-29T00:00:00Z,2.19
2022-01-30,2022-01-30T00:00:00Z,2.96
2022-01-31,2022-01-31T00:00:00Z,1.44
2022-02-01,2022-02-01T00:00:00Z,2.35
2022-02-02,2022-02-02T00:00:00Z,2.38
2022-02-03,2022-02-03T00:00:00Z,2.16
2022-02-04,2022-02-04T00:00:00Z,1.42
2022-02-05,2022-02-05T00:00:00Z,2.18
2022-02-06,2022-02-06T00:00:00Z,1.87
2022-02-07,2022-02-07T00:00:00Z,1.7
2022-02-08,2022-02-08T00:00:00Z,1.8
2022-02-09,2022-02-09T00:00:00Z,0.76
2022-02-10,2022-02-10T00:00:00Z,2.14
2022-02-11,2022-02-11T00:00:00Z,1.75
2022-02-12,2022-02-12T00:00:00Z,1.75
2022-02-13,2022-02-13T00:00:00Z,2.07
2022-02-14,2022-02-14T00:00:00Z,1.06
2022-02-15,2022-02-15T00:00:00Z,0.78
2022-02-16,2022-02-16T00:00:00Z,1.24
2022-02-17,2022-02-17T00:00:00Z,1.81
2022-02-18,2022-02-18T00:00:00Z,2.3
2022-02-19,2022-02-19T00:00:00Z,2.3
2022-02-20,2022-02-20T00:00:00Z,2.56
2022-02-21,2022-02-21T00:00:00Z,2.45
2022-02-22,2022-02-22T00:00:00Z,1.74
2022-02-23,2022-02-23T00:00:00Z,2.33
2022-02-24,2022-02-24T00:00:00Z,2.62
2022-02-25,2022-02-25T00:00:00Z,1.08
2022-02-26,2022-02-26T00:00:00Z,2.16
2022-02-27,2022-02-27T00:00:00Z,2.61
2022-02-28,2022-02-28T00:00:00Z,0.89
2022-03-01,2022-03-01T00:00:00Z,0.79
2022-03-02,2022-03-02T00:00:00Z,0.92
2022-03-03,2022-03-03T00:00:00Z,1.42
2022-03-04,2022-03-04T00:00:00Z,2.54
2022-03-05,2022-03-05T00:00:00Z,1.41
2022-03-06,2022-03-06T00:00:00Z,2.2
2022-03-07,2022-03-07T00:00:00Z,2.4
2022-03-08,2022-03-08T00:00:00Z,0.86
2022-03-09,2022-03-09T00:00:00Z,-0.33
2022-03-10,2022-03-10T00:00:00Z,1.35
2022-03-11,2022-03-11T00:00:00Z,1.6
2022-03-12,2022-03-12T00:00:00Z,0.99
2022-03-13,2022-03-13T00:00:00Z,1.36
2022-03-14,2022-03-14T00:00:00Z,0.18
2022-03-15,2022-03-15T00:00:00Z,-0.55
2022-03-16,2022-03-16T00:00:00Z,-1.4
2022-03-17,2022-03-17T00:00:00Z,-0.05
2022-03-18,2022-03-18T00:00:00Z,0.42
2022-03-19,2022-03-19T00:00:00Z,0.1
2022-03-20,2022-03-20T00:00:00Z,1.01
2022-03-21,2022-03-21T00:00:00Z,0.87
2022-03-22,2022-03-22T00:00:00Z,0.1
2022-03-23,2022-03-23T00:00:00Z,-0.02
2022-03-24,2022-03-24T00:00:00Z,-1.48
2022-03-25,2022-03-25T00:00:00Z,-0.51
2022-03-26,2022-03-26T00:00:00Z,-1.17
2022-03-27,2022-03-27T00:00:00Z,-2.72
2022-03-28,2022-03-28T00:00:00Z,-1.5
2022-03-29,2022-03-29T00:00:00Z,-1.9
2022-03-30,2022-03-30T00:00:00Z,-0.69
2022-03-31,2022-03-31T00:00:00Z,0.37
2022-04-01,2022-04-01T00:00:00Z,0.19
2022-04-02,2022-04-02T00:00:00Z,0.2
2022-04-03,2022-04-03T00:00:00Z,0.1
2022-04-04,2022-04-04T00:00:00Z,0.41
2022-04-05,2022-04-05T00:00:00Z,1.75
2022-04-06,2022-04-06T00:00:00Z,0.89
2022-04-07,2022-04-07T00:00:00Z,1.61
2022-04-08,2022-04-08T00:00:00Z,2.49
2022-04-09,2022-04-09T00:00:00Z,1.37
2022-04-10,2022-04-10T00:00:00Z,1.87
2022-04-11,2022-04-11T00:00:00Z,2.93
2022-04-12,2022-04-12T00:00:00Z,2.01
2022-04-13,2022-04-13T00:00:00Z,1.89
2022-04-14,2022-04-14T00:00:00Z,2.62
2022-04-15,2022-04-15T00:00:00Z,1.88
2022-04-16,2022-04-16T00:00:00Z,1.74
2022-04-17,2022-04-17T00:00:00Z,2.52
2022-04-18,2022-04-18T00:00:00Z,1.32
2022-04-19,2022-04-19T00:00:00Z,0.37
2022-04-20,2022-04-20T00:00:00Z,0.2
2022-04-21,2022-04-21T00:00:00Z,1.83
2022-04-22,2022-04-22T00:00:00Z,1.07
2022-04-23,2022-04-23T00:00:00Z,1.43
2022-04-24,2022-04-24T00:00:00Z,1.1
2022-04-25,2022-04-25T00:00:00Z,0.61
2022-04-26,2022-04-26T00:00:00Z,2.34
2022-04-27,2022-04-27T00:00:00Z,0.91
2022-04-28,2022-04-28T00:00:00Z,0.48
2022-04-29,2022-04-29T00:00:00Z,1.24
2022-04-30,2022-04-30T00:00:00Z,3.62
2022-05-01,2022-05-01T00:00:00Z,1.56
2022-05-02,2022-05-02T00:00:00Z,1.6
2022-05-03,2022-05-03T00:00:00Z,1.88
2022-05-04,2022-05-04T00:00:00Z,1.14
2022-05-05,2022-05-05T00:00:00Z,3.98
2022-05-06,2022-05-06T00:00:00Z,2.74
2022-05-07,2022-05-07T00:00:00Z,3.16
2022-05-08,2022-05-08T00:00:00Z,3.35
2022-05-09,2022-05-09T00:00:00Z,6.51
2022-05-10,2022-05-10T00:00:00Z,3.57
2022-05-11,2022-05-11T00:00:00Z,8.35
2022-05-12,2022-05-12T00:00:00Z,5.23
2022-05-13,2022-05-13T00:00:00Z,3.77
2022-05-14,2022-05-14T00:00:00Z,3.95
2022-05-15,2022-05-15T00:00:00Z,2.33
2022-05-16,2022-05-16T00:00:00Z,2.77
2022-05-17,2022-05-17T00:00:00Z,0.52
2022-05-18,2022-05-18T00:00:00Z,1.86
2022-05-19,2022-05-19T00:00:00Z,0.3
2022-05-20,2022-05-20T00:00:00Z,2.54
2022-05-21,2022-05-21T00:00:00Z,1.51
2022-05-22,2022-05-22T00:00:00Z,0.97
2022-05-23,2022-05-23T00:00:00Z,0.8
2022-05-24,2022-05-24T00:00:00Z,1.31
2022-05-25,2022-05-25T00:00:00Z,1.74
2022-05-26,2022-05-26T00:00:00Z,1.94
2022-05-27,2022-05-27T00:00:00Z,2.26
2022-05-28,2022-05-28T00:00:00Z,1.31
2022-05-29,2022-05-29T00:00:00Z,1.03
2022-05-30,2022-05-30T00:00:00Z,-0.37
2022-05-31,2022-05-31T00:00:00Z,1.42
2022-06-01,2022-06-01T00:00:00Z,2.32
2022-06-02,2022-06-02T00:00:00Z,0.98
2022-06-03,2022-06-03T00:00:00Z,2.79
2022-06-04,2022-06-04T00:00:00Z,1.5
2022-06-05,2022-06-05T00:00:00Z,1.63
2022-06-06,2022-06-06T00:00:00Z,0.88
2022-06-07,2022-06-07T00:00:00Z,0.85
2022-06-08,2022-06-08T00:00:00Z,1.53
2022-06-09,2022-06-09T00:00:00Z,1.15
2022-06-10,2022-06-10T00:00:00Z,2.64
2022-06-11,2022-06-11T00:00:00Z,2.11
2022-06-12,2022-06-12T00:00:00Z,2.06
2022-06-13,2022-06-13T00:00:00Z,2.0
2022-06-14,2022-06-14T00:00:00Z,0.85
2022-06-15,2022-06-15T00:00:00Z,0.38
2022-06-16,2022-06-16T00:00:00Z,3.14
2022-06-17,2022-06-17T00:00:00Z,2.36
2022-06-18,2022-06-18T00:00:00Z,2.26
2022-06-19,2022-06-19T00:00:00Z,0.45
2022-06-20,2022-06-20T00:00:00Z,0.34
2022-06-21,2022-06-21T00:00:00Z,0.86
2022-06-22,2022-06-22T00:00:00Z,1.65
2022-06-23,2022-06-23T00:00:00Z,-0.16
2022-06-24,2022-06-24T00:00:00Z,0.06
2022-06-25,2022-06-25T00:00:00Z,0.5
2022-06-26,2022-06-26T00:00:00Z,1.34
2022-06-27,2022-06-27T00:00:00Z,1.1
2022-06-28,2022-06-28T00:00:00Z,1.87
2022-06-29,2022-06-29T00:00:00Z,2.34
2022-06-30,2022-06-30T00:00:00Z,0.5
2022-07-01,2022-07-01T00:00:00Z,2.95
2022-07-02,2022-07-02T00:00:00Z,1.81
2022-07-03,2022-07-03T00:00:00Z,1.55
2022-07-04,2022-07-04T00:00:00Z,0.46
2022-07-05,2022-07-05T00:00:00Z,1.73
2022-07-06,2022-07-06T00:00:00Z,0.15
2022-07-07,2022-07-07T00:00:00Z,-0.35
2022-07-08,2022-07-08T00:00:00Z,0.97
2022-07-09,2022-07-09T00:00:00Z,0.86
2022-07-10,2022-07-10T00:00:00Z,1.17
2022-07-11,2022-07-11T00:00:00Z,2.51
2022-07-12,2022-07-12T00:00:00Z,1.5
2022-07-13,2022-07-13T00:00:00Z,0.2
2022-07-14,2022-07-14T00:00:00Z,0.89
2022-07-15,2022-07-15T00:00:00Z,0.41
2022-07-16,2022-07-16T00:00:00Z,-0.42
2022-07-17,2022-07-17T00:00:00Z,0.11
2022-07-18,2022-07-18T00:00:00Z,-0.61
2022-07-19,2022-07-19T00:00:00Z,-0.39
2022-07-20,2022-07-20T00:00:00Z,0.59
2022-07-21,2022-07-21T00:00:00Z,0.0
2022-07-22,2022-07-22T00:00:00Z,1.36
2022-07-23,2022-07-23T00:00:00Z,0.96
2022-07-24,2022-07-24T00:00:00Z,0.72
2022-07-25,2022-07-25T00:00:00Z,2.3
2022-07-26,2022-07-26T00:00:00Z,1.92
2022-07-27,2022-07-27T00:00:00Z,0.32
2022-07-28,2022-07-28T00:00:00Z,0.09
2022-07-29,2022-07-29T00:00:00Z,1.94
2022-07-30,2022-07-30T00:00:00Z,1.38
2022-07-31,2022-07-31T00:00:00Z,1.25
2022-08-01,2022-08-01T00:00:00Z,1.92
2022-08-02,2022-08-02T00:00:00Z,2.34
2022-08-03,2022-08-03T00:00:00Z,2.33
2022-08-04,2022-08-04T00:00:00Z,2.29
2022-08-05,2022-08-05T00:00:00Z,1.39
2022-08-06,2022-08-06T00:00:00Z,1.91
2022-08-07,2022-08-07T00:00:00Z,1.66
2022-08-08,2022-08-08T00:00:00Z,1.32
2022-08-09,2022-08-09T00:00:00Z,3.0
2022-08-10,2022-08-10T00:00:00Z,0.84
2022-08-11,2022-08-11T00:00:00Z,2.34
2022-08-12,2022-08-12T00:00:00Z,1.4
2022-08-13,2022-08-13T00:00:00Z,2.32
2022-08-14,2022-08-14T00:00:00Z,2.9
2022-08-15,2022-08-15T00:00:00Z,3.46
2022-08-16,2022-08-16T00:00:00Z,2.38
2022-08-17,2022-08-17T00:00:00Z,3.22
2022-08-18,2022-08-18T00:00:00Z,4.16
2022-08-19,2022-08-19T00:00:00Z,3.6
2022-08-20,2022-08-20T00:00:00Z,4.01
2022-08-21,2022-08-21T00:00:00Z,2.53
2022-08-22,2022-08-22T00:00:00Z,2.32
2022-08-23,2022-08-23T00:00:00Z,1.12
2022-08-24,2022-08-24T00:00:00Z,1.66
2022-08-25,2022-08-25T00:00:00Z,1.22
2022-08-26,2022-08-26T00:00:00Z,3.54
2022-08-27,2022-08-27T00:00:00Z,3.12
2022-08-28,2022-08-28T00:00:00Z,3.32
2022-08-29,2022-08-29T00:00:00Z,2.1
2022-08-30,2022-08-30T00:00:00Z,2.46
2022-08-31,2022-08-31T00:00:00Z,1.75
2022-09-01,2022-09-01T00:00:00Z,2.1
2022-09-02,2022-09-02T00:00:00Z,1.85
2022-09-03,2022-09-03T00:00:00Z,1.39
2022-09-04,2022-09-04T00:00:00Z,0.98
2022-09-05,2022-09-05T00:00:00Z,1.07
2022-09-06,2022-09-06T00:00:00Z,2.42
2022-09-07,2022-09-07T00:00:00Z,0.64
2022-09-08,2022-09-08T00:00:00Z,0.95
2022-09-09,2022-09-09T00:00:00Z,-1.02
2022-09-10,2022-09-10T00:00:00Z,-1.32
2022-09-11,2022-09-11T00:00:00Z,-1.22
2022-09-12,2022-09-12T00:00:00Z,-0.99
2022-09-13,2022-09-13T00:00:00Z,0.77
2022-09-14,2022-09-14T00:00:00Z,0.34
2022-09-15,2022-09-15T00:00:00Z,3.87
2022-09-16,2022-09-16T00:00:00Z,0.94
2022-09-17,2022-09-17T00:00:00Z,1.04
2022-09-18,2022-09-18T00:00:00Z,2.15
2022-09-19,2022-09-19T00:00:00Z,1.7
2022-09-20,2022-09-20T00:00:00Z,2.18
2022-09-21,2022-09-21T00:00:00Z,3.36
2022-09-22,2022-09-22T00:00:00Z,1.65
2022-09-23,2022-09-23T00:00:00Z,1.89
2022-09-24,2022-09-24T00:00:00Z,1.29
2022-09-25,2022-09-25T00:00:00Z,1.16
2022-09-26,2022-09-26T00:00:00Z,0.78
2022-09-27,2022-09-27T00:00:00Z,0.81
2022-09-28,2022-09-28T00:00:00Z,0.87
2022-09-29,2022-09-29T00:00:00Z,0.46
2022-09-30,2022-09-30T00:00:00Z,0.6
2022-10-01,2022-10-01T00:00:00Z,0.37
2022-10-02,2022-10-02T00:00:00Z,1.02
2022-10-03,2022-10-03T00:00:00Z,0.01
2022-10-04,2022-10-04T00:00:00Z,-0.63
2022-10-05,2022-10-05T00:00:00Z,0.55
2022-10-06,2022-10-06T00:00:00Z,0.47
2022-10-07,2022-10-07T00:00:00Z,1.11
2022-10-08,2022-10-08T00:00:00Z,0.29
2022-10-09,2022-10-09T00:00:00Z,0.02
2022-10-10,2022-10-10T00:00:00Z,1.18
2022-10-11,2022-10-11T00:00:00Z,0.45
2022-10-12,2022-10-12T00:00:00Z,0.13
2022-10-13,2022-10-13T00:00:00Z,0.74
2022-10-14,2022-10-14T00:00:00Z,0.73
2022-10-15,2022-10-15T00:00:00Z,0.16
2022-10-16,2022-10-16T00:00:00Z,-0.41
2022-10-17,2022-10-17T00:00:00Z,-0.75
2022-10-18,2022-10-18T00:00:00Z,0.44
2022-10-19,2022-10-19T00:00:00Z,1.44
2022-10-20,2022-10-20T00:00:00Z,0.57
2022-10-21,2022-10-21T00:00:00Z,0.68
2022-10-22,2022-10-22T00:00:00Z,0.52
2022-10-23,2022-10-23T00:00:00Z,0.08
2022-10-24,2022-10-24T00:00:00Z,0.57
2022-10-25,2022-10-25T00:00:00Z,-1.8
2022-10-26,2022-10-26T00:00:00Z,-1.94
2022-10-27,2022-10-27T00:00:00Z,-0.33
2022-10-28,2022-10-28T00:00:00Z,-1.09
2022-10-29,2022-10-29T00:00:00Z,-1.69
2022-10-30,2022-10-30T00:00:00Z,-1.35
2022-10-31,2022-10-31T00:00:00Z,-1.3
2022-11-01,2022-11-01T00:00:00Z,-1.43
2022-11-02,2022-11-02T00:00:00Z,0.25
2022-11-03,2022-11-03T00:00:00Z,-0.18
2022-11-04,2022-11-04T00:00:00Z,-2.34
2022-11-05,2022-11-05T00:00:00Z,-0.38
2022-11-06,2022-11-06T00:00:00Z,0.47
2022-11-07,2022-11-07T00:00:00Z,0.31
2022-11-08,2022-11-08T00:00:00Z,3.03
2022-11-09,2022-11-09T00:00:00Z,4.69
2022-11-10,2022-11-10T00:00:00Z,2.53
2022-11-11,2022-11-11T00:00:00Z,2.8
2022-11-12,2022-11-12T00:00:00Z,5.77
2022-11-13,2022-11-13T00:00:00Z,4.85
2022-11-14,2022-11-14T00:00:00Z,3.78
2022-11-15,2022-11-15T00:00:00Z,2.92
2022-11-16,2022-11-16T00:00:00Z,4.76
2022-11-17,2022-11-17T00:00:00Z,3.08
2022-11-18,2022-11-18T00:00:00Z,2.84
2022-11-19,2022-11-19T00:00:00Z,3.15
2022-11-20,2022-11-20T00:00:00Z,4.58
2022-11-21,2022-11-21T00:00:00Z,5.12
2022-11-22,2022-11-22T00:00:00Z,2.32
2022-11-23,2022-11-23T00:00:00Z,2.27
2022-11-24,2022-11-24T00:00:00Z,2.36
2022-11-25,2022-11-25T00:00:00Z,3.42
2022-11-26,2022-11-26T00:00:00Z,3.04
2022-11-27,2022-11-27T00:00:00Z,3.26
2022-11-28,2022-11-28T00:00:00Z,3.14
2022-11-29,2022-11-29T00:00:00Z,1.57
2022-11-30,2022-11-30T00:00:00Z,2.1
2022-12-01,2022-12-01T00:00:00Z,3.7
2022-12-02,2022-12-02T00:00:00Z,2.71
2022-12-03,2022-12-03T00:00:00Z,4.26
2022-12-04,2022-12-04T00:00:00Z,2.79
2022-12-05,2022-12-05T00:00:00Z,3.09
2022-12-06,2022-12-06T00:00:00Z,2.39
2022-12-07,2022-12-07T00:00:00Z,1.54
2022-12-08,2022-12-08T00:00:00Z,1.24
2022-12-09,2022-12-09T00:00:00Z,1.31
2022-12-10,2022-12-10T00:00:00Z,2.17
2022-12-11,2022-12-11T00:00:00Z,2.2
2022-12-12,2022-12-12T00:00:00Z,1.83
2022-12-13,2022-12-13T00:00:00Z,-0.27
2022-12-14,2022-12-14T00:00:00Z,1.37
2022-12-15,2022-12-15T00:00:00Z,1.97
2022-12-16,2022-12-16T00:00:00Z,1.66
2022-12-17,2022-12-17T00:00:00Z,1.29
2022-12-18,2022-12-18T00:00:00Z,1.35
2022-12-19,2022-12-19T00:00:00Z,0.48
2022-12-20,2022-12-20T00:00:00Z,0.11
2022-12-21,2022-12-21T00:00:00Z,1.5
2022-12-22,2022-12-22T00:00:00Z,1.5
2022-12-23,2022-12-23T00:00:00Z,0.78
2022-12-24,2022-12-24T00:00:00Z,1.89
2022-12-25,2022-12-25T00:00:00Z,1.27
2022-12-26,2022-12-26T00:00:00Z,0.1
2022-12-27,2022-12-27T00:00:00Z,0.14
2022-12-28,2022-12-28T00:00:00Z,0.06
2022-12-29,2022-12-29T00:00:00Z,0.07
2022-12-30,2022-12-30T00:00:00Z,0.75
2022-12-31,2022-12-31T00:00:00Z,1.06
2023-01-01,2023-01-01T00:00:00Z,0.78
2023-01-02,2023-01-02T00:00:00Z,0.71
2023-01-03,2023-01-03T00:00:00Z,0.8
2023-01-04,2023-01-04T00:00:00Z,0.14
2023-01-05,2023-01-05T00:00:00Z,0.74
2023-01-06,2023-01-06T00:00:00Z,-0.47
2023-01-07,2023-01-07T00:00:00Z,1.5
2023-01-08,2023-01-08T00:00:00Z,1.02
2023-01-09,2023-01-09T00:00:00Z,0.46
2023-01-10,2023-01-10T00:00:00Z,1.49
2023-01-11,2023-01-11T00:00:00Z,0.85
2023-01-12,2023-01-12T00:00:00Z,0.65
2023-01-13,2023-01-13T00:00:00Z,0.44
2023-01-14,2023-01-14T00:00:00Z,-0.29
2023-01-15,2023-01-15T00:00:00Z,0.0
2023-01-16,2023-01-16T00:00:00Z,0.5
2023-01-17,2023-01-17T00:00:00Z,0.0
2023-01-18,2023-01-18T00:00:00Z,0.54
2023-01-19,2023-01-19T00:00:00Z,0.55
2023-01-20,2023-01-20T00:00:00Z,0.24
2023-01-21,2023-01-21T00:00:00Z,1.1
2023-01-22,2023-01-22T00:00:00Z,1.61
2023-01-23,2023-01-23T00:00:00Z,1.49
2023-01-24,2023-01-24T00:00:00Z,1.95
2023-01-25,2023-01-25T00:00:00Z,1.03
2023-01-26,2023-01-26T00:00:00Z,2.03
2023-01-27,2023-01-27T00:00:00Z,1.85
2023-01-28,2023-01-28T00:00:00Z,2.68
2023-01-29,2023-01-29T00:00:00Z,1.57
2023-01-30,2023-01-30T00:00:00Z,2.19
2023-01-31,2023-01-31T00:00:00Z,2.02
2023-02-01,2023-02-01T00:00:00Z,1.27
2023-02-02,2023-02-02T00:00:00Z,3.11
2023-02-03,2023-02-03T00:00:00Z,2.55
2023-02-04,2023-02-04T00:00:00Z,0.92
2023-02-05,2023-02-05T00:00:00Z,1.23
2023-02-06,2023-02-06T00:00:00Z,2.75
2023-02-07,2023-02-07T00:00:00Z,0.37
2023-02-08,2023-02-08T00:00:00Z,1.6
2023-02-09,2023-02-09T00:00:00Z,2.54
2023-02-10,2023-02-10T00:00:00Z,2.85
2023-02-11,2023-02-11T00:00:00Z,2.37
2023-02-12,2023-02-12T00:00:00Z,2.31
2023-02-13,2023-02-13T00:00:00Z,2.57
2023-02-14,2023-02-14T00:00:00Z,1.77
2023-02-15,2023-02-15T00:00:00Z,0.73
2023-02-16,2023-02-16T00:00:00Z,0.67
2023-02-17,2023-02-17T00:00:00Z,-0.15
2023-02-18,2023-02-18T00:00:00Z,-0.39
2023-02-19,2023-02-19T00:00:00Z,0.01
2023-02-20,2023-02-20T00:00:00Z,-0.91
2023-02-21,2023-02-21T00:00:00Z,0.07
2023-02-22,2023-02-22T00:00:00Z,0.22
2023-02-23,2023-02-23T00:00:00Z,0.62
2023-02-24,2023-02-24T00:00:00Z,2.59
2023-02-25,2023-02-25T00:00:00Z,1.69
2023-02-26,2023-02-26T00:00:00Z,0.91
2023-02-27,2023-02-27T00:00:00Z,1.23
2023-02-28,2023-02-28T00:00:00Z,1.58
2023-03-01,2023-03-01T00:00:00Z,-0.34
2023-03-02,2023-03-02T00:00:00Z,1.44
2023-03-03,2023-03-03T00:00:00Z,1.26
2023-03-04,2023-03-04T00:00:00Z,3.03
2023-03-05,2023-03-05T00:00:00Z,3.19
2023-03-06,2023-03-06T00:00:00Z,2.48
2023-03-07,2023-03-07T00:00:00Z,2.33
2023-03-08,2023-03-08T00:00:00Z,1.47
2023-03-09,2023-03-09T00:00:00Z,2.94
2023-03-10,2023-03-10T00:00:00Z,2.44
2023-03-11,2023-03-11T00:00:00Z,3.22
2023-03-12,2023-03-12T00:00:00Z,0.62
2023-03-13,2023-03-13T00:00:00Z,-0.45
2023-03-14,2023-03-14T00:00:00Z,1.6
2023-03-15,2023-03-15T00:00:00Z,2.75
2023-03-16,2023-03-16T00:00:00Z,1.38
2023-03-17,2023-03-17T00:00:00Z,1.42
2023-03-18,2023-03-18T00:00:00Z,1.66
2023-03-19,2023-03-19T00:00:00Z,1.8
2023-03-20,2023-03-20T00:00:00Z,2.67
2023-03-21,2023-03-21T00:00:00Z,1.26
2023-03-22,2023-03-22T00:00:00Z,2.17
2023-03-23,2023-03-23T00:00:00Z,1.57
2023-03-24,2023-03-24T00:00:00Z,4.26
2023-03-25,2023-03-25T00:00:00Z,3.09
2023-03-26,2023-03-26T00:00:00Z,2.38
2023-03-27,2023-03-27T00:00:00Z,2.88
2023-03-28,2023-03-28T00:00:00Z,1.72
2023-03-29,2023-03-29T00:00:00Z,1.81
2023-03-30,2023-03-30T00:00:00Z,1.38
2023-03-31,2023-03-31T00:00:00Z,1.68
2023-04-01,2023-04-01T00:00:00Z,1.14
2023-04-02,2023-04-02T00:00:00Z,1.33
2023-04-03,2023-04-03T00:00:00Z,1.28
2023-04-04,2023-04-04T00:00:00Z,0.93
2023-04-05,2023-04-05T00:00:00Z,0.45
2023-04-06,2023-04-06T00:00:00Z,0.66
2023-04-07,2023-04-07T00:00:00Z,0.41
2023-04-08,2023-04-08T00:00:00Z,0.8
2023-04-09,2023-04-09T00:00:00Z,0.16
2023-04-10,2023-04-10T00:00:00Z,-0.13
2023-04-11,2023-04-11T00:00:00Z,0.28
2023-04-12,2023-04-12T00:00:00Z,0.06
2023-04-13,2023-04-13T00:00:00Z,-0.76
2023-04-14,2023-04-14T00:00:00Z,0.5
2023-04-15,2023-04-15T00:00:00Z,0.83
2023-04-16,2023-04-16T00:00:00Z,0.1
2023-04-17,2023-04-17T00:00:00Z,0.89
2023-04-18,2023-04-18T00:00:00Z,-0.95
2023-04-19,2023-04-19T00:00:00Z,1.13
2023-04-20,2023-04-20T00:00:00Z,0.3
2023-04-21,2023-04-21T00:00:00Z,0.7
2023-04-22,2023-04-22T00:00:00Z,0.65
2023-04-23,2023-04-23T00:00:00Z,0.33
2023-04-24,2023-04-24T00:00:00Z,0.55
2023-04-25,2023-04-25T00:00:00Z,0.65
2023-04-26,2023-04-26T00:00:00Z,-0.15
2023-04-27,2023-04-27T00:00:00Z,-0.39
2023-04-28,2023-04-28T00:00:00Z,-0.41
2023-04-29,2023-04-29T00:00:00Z,-0.35
2023-04-30,2023-04-30T00:00:00Z,0.31
2023-05-01,2023-05-01T00:00:00Z,0.57
2023-05-02,2023-05-02T00:00:00Z,-0.12
2023-05-03,2023-05-03T00:00:00Z,-0.51
2023-05-04,2023-05-04T00:00:00Z,0.16
2023-05-05,2023-05-05T00:00:00Z,0.49
2023-05-06,2023-05-06T00:00:00Z,2.55
2023-05-07,2023-05-07T00:00:00Z,2.7
2023-05-08,2023-05-08T00:00:00Z,2.16
2023-05-09,2023-05-09T00:00:00Z,1.62
2023-05-10,2023-05-10T00:00:00Z,1.4
2023-05-11,2023-05-11T00:00:00Z,2.3
2023-05-12,2023-05-12T00:00:00Z,1.79
2023-05-13,2023-05-13T00:00:00Z,1.28
2023-05-14,2023-05-14T00:00:00Z,0.85
2023-05-15,2023-05-15T00:00:00Z,0.48
2023-05-16,2023-05-16T00:00:00Z,0.78
2023-05-17,2023-05-17T00:00:00Z,-0.18
2023-05-18,2023-05-18T00:00:00Z,1.08
2023-05-19,2023-05-19T00:00:00Z,0.71
2023-05-20,2023-05-20T00:00:00Z,1.41
2023-05-21,2023-05-21T00:00:00Z,1.61
2023-05-22,2023-05-22T00:00:00Z,0.99
2023-05-23,2023-05-23T00:00:00Z,1.57
2023-05-24,2023-05-24T00:00:00Z,1.77
2023-05-25,2023-05-25T00:00:00Z,1.74
2023-05-26,2023-05-26T00:00:00Z,0.53
2023-05-27,2023-05-27T00:00:00Z,0.83
2023-05-28,2023-05-28T00:00:00Z,0.53
2023-05-29,2023-05-29T00:00:00Z,0.63
2023-05-30,2023-05-30T00:00:00Z,0.38
2023-05-31,2023-05-31T00:00:00Z,1.17
2023-06-01,2023-06-01T00:00:00Z,1.05
2023-06-02,2023-06-02T00:00:00Z,0.8
2023-06-03,2023-06-03T00:00:00Z,1.39
2023-06-04,2023-06-04T00:00:00Z,1.19
2023-06-05,2023-06-05T00:00:00Z,2.07
2023-06-06,2023-06-06T00:00:00Z,1.05
2023-06-07,2023-06-07T00:00:00Z,-0.67
2023-06-08,2023-06-08T00:00:00Z,0.87
2023-06-09,2023-06-09T00:00:00Z,1.52
2023-06-10,2023-06-10T00:00:00Z,3.12
2023-06-11,2023-06-11T00:00:00Z,2.81
2023-06-12,2023-06-12T00:00:00Z,1.45
2023-06-13,2023-06-13T00:00:00Z,1.55
2023-06-14,2023-06-14T00:00:00Z,3.27
2023-06-15,2023-06-15T00:00:00Z,2.6
2023-06-16,2023-06-16T00:00:00Z,3.24
2023-06-17,2023-06-17T00:00:00Z,2.74
2023-06-18,2023-06-18T00:00:00Z,2.28
2023-06-19,2023-06-19T00:00:00Z,2.36
2023-06-20,2023-06-20T00:00:00Z,1.74
2023-06-21,2023-06-21T00:00:00Z,1.26
2023-06-22,2023-06-22T00:00:00Z,1.17
2023-06-23,2023-06-23T00:00:00Z,1.84
2023-06-24,2023-06-24T00:00:00Z,1.71
2023-06-25,2023-06-25T00:00:00Z,0.34
2023-06-26,2023-06-26T00:00:00Z,1.19
2023-06-27,2023-06-27T00:00:00Z,1.09
2023-06-28,2023-06-28T00:00:00Z,2.42
2023-06-29,2023-06-29T00:00:00Z,1.65
2023-06-30,2023-06-30T00:00:00Z,0.1
2023-07-01,2023-07-01T00:00:00Z,0.93
2023-07-02,2023-07-02T00:00:00Z,-2.99
2023-07-03,2023-07-03T00:00:00Z,-0.66
2023-07-04,2023-07-04T00:00:00Z,0.96
2023-07-05,2023-07-05T00:00:00Z,2.18
2023-07-06,2023-07-06T00:00:00Z,2.37
2023-07-07,2023-07-07T00:00:00Z,2.69
2023-07-08,2023-07-08T00:00:00Z,2.03
2023-07-09,2023-07-09T00:00:00Z,6.39
2023-07-10,2023-07-10T00:00:00Z,1.67
2023-07-11,2023-07-11T00:00:00Z,1.91
2023-07-12,2023-07-12T00:00:00Z,3.84
2023-07-13,2023-07-13T00:00:00Z,3.64
2023-07-14,2023-07-14T00:00:00Z,1.96
2023-07-15,2023-07-15T00:00:00Z,2.16
2023-07-16,2023-07-16T00:00:00Z,5.96
2023-07-17,2023-07-17T00:00:00Z,1.55
2023-07-18,2023-07-18T00:00:00Z,1.89
2023-07-19,2023-07-19T00:00:00Z,1.26
2023-07-20,2023-07-20T00:00:00Z,2.68
2023-07-21,2023-07-21T00:00:00Z,1.78
2023-07-22,2023-07-22T00:00:00Z,1.16
2023-07-23,2023-07-23T00:00:00Z,0.44
2023-07-24,2023-07-24T00:00:00Z,1.0
2023-07-25,2023-07-25T00:00:00Z,1.25
2023-07-26,2023-07-26T00:00:00Z,1.27
2023-07-27,2023-07-27T00:00:00Z,2.21
2023-07-28,2023-07-28T00:00:00Z,0.65
2023-07-29,2023-07-29T00:00:00Z,1.21
2023-07-30,2023-07-30T00:00:00Z,1.65
2023-07-31,2023-07-31T00:00:00Z,1.86
2023-08-01,2023-08-01T00:00:00Z,1.59
2023-08-02,2023-08-02T00:00:00Z,1.84
2023-08-03,2023-08-03T00:00:00Z,1.71
2023-08-04,2023-08-04T00:00:00Z,1.84
2023-08-05,2023-08-05T00:00:00Z,1.51
2023-08-06,2023-08-06T00:00:00Z,1.77
2023-08-07,2023-08-07T00:00:00Z,1.44
2023-08-08,2023-08-08T00:00:00Z,1.2
2023-08-09,2023-08-09T00:00:00Z,0.66
2023-08-10,2023-08-10T00:00:00Z,0.93
2023-08-11,2023-08-11T00:00:00Z,1.23
2023-08-12,2023-08-12T00:00:00Z,0.56
2023-08-13,2023-08-13T00:00:00Z,0.36
2023-08-14,2023-08-14T00:00:00Z,0.38
2023-08-15,2023-08-15T00:00:00Z,1.09
2023-08-16,2023-08-16T00:00:00Z,1.23
2023-08-17,2023-08-17T00:00:00Z,2.28
2023-08-18,2023-08-18T00:00:00Z,2.73
2023-08-19,2023-08-19T00:00:00Z,3.0
2023-08-20,2023-08-20T00:00:00Z,2.28
2023-08-21,2023-08-21T00:00:00Z,2.11
2023-08-22,2023-08-22T00:00:00Z,2.15
2023-08-23,2023-08-23T00:00:00Z,1.32
2023-08-24,2023-08-24T00:00:00Z,2.05
2023-08-25,2023-08-25T00:00:00Z,2.25
2023-08-26,2023-08-26T00:00:00Z,2.67
2023-08-27,2023-08-27T00:00:00Z,2.34
2023-08-28,2023-08-28T00:00:00Z,2.0
2023-08-29,2023-08-29T00:00:00Z,1.88
2023-08-30,2023-08-30T00:00:00Z,2.62
2023-08-31,2023-08-31T00:00:00Z,3.19
2023-09-01,2023-09-01T00:00:00Z,3.32
2023-09-02,2023-09-02T00:00:00Z,3.21
2023-09-03,2023-09-03T00:00:00Z,2.93
2023-09-04,2023-09-04T00:00:00Z,2.78
2023-09-05,2023-09-05T00:00:00Z,3.0
2023-09-06,2023-09-06T00:00:00Z,1.96
2023-09-07,2023-09-07T00:00:00Z,1.8
2023-09-08,2023-09-08T00:00:00Z,1.89
2023-09-09,2023-09-09T00:00:00Z,1.82
2023-09-10,2023-09-10T00:00:00Z,1.9
2023-09-11,2023-09-11T00:00:00Z,1.97
2023-09-12,2023-09-12T00:00:00Z,2.42
2023-09-13,2023-09-13T00:00:00Z,2.07
2023-09-14,2023-09-14T00:00:00Z,1.5
2023-09-15,2023-09-15T00:00:00Z,1.61
2023-09-16,2023-09-16T00:00:00Z,1.83
2023-09-17,2023-09-17T00:00:00Z,1.35
2023-09-18,2023-09-18T00:00:00Z,1.25
2023-09-19,2023-09-19T00:00:00Z,0.71
2023-09-20,2023-09-20T00:00:00Z,1.33
2023-09-21,2023-09-21T00:00:00Z,1.57
2023-09-22,2023-09-22T00:00:00Z,0.77
2023-09-23,2023-09-23T00:00:00Z,1.2
2023-09-24,2023-09-24T00:00:00Z,1.21
2023-09-25,2023-09-25T00:00:00Z,0.83
2023-09-26,2023-09-26T00:00:00Z,1.24
2023-09-27,2023-09-27T00:00:00Z,0.8
2023-09-28,2023-09-28T00:00:00Z,0.02
2023-09-29,2023-09-29T00:00:00Z,0.42
2023-09-30,2023-09-30T00:00:00Z,0.31
2023-10-01,2023-10-01T00:00:00Z,-0.24
2023-10-02,2023-10-02T00:00:00Z,0.54
2023-10-03,2023-10-03T00:00:00Z,0.14
2023-10-04,2023-10-04T00:00:00Z,-0.45
2023-10-05,2023-10-05T00:00:00Z,0.5
2023-10-06,2023-10-06T00:00:00Z,0.45
2023-10-07,2023-10-07T00:00:00Z,0.93
2023-10-08,2023-10-08T00:00:00Z,1.04
2023-10-09,2023-10-09T00:00:00Z,1.29
2023-10-10,2023-10-10T00:00:00Z,1.18
2023-10-11,2023-10-11T00:00:00Z,1.67
2023-10-12,2023-10-12T00:00:00Z,2.48
2023-10-13,2023-10-13T00:00:00Z,1.9
2023-10-14,2023-10-14T00:00:00Z,1.23
2023-10-15,2023-10-15T00:00:00Z,0.98
2023-10-16,2023-10-16T00:00:00Z,0.35
2023-10-17,2023-10-17T00:00:00Z,0.96
2023-10-18,2023-10-18T00:00:00Z,0.95
2023-10-19,2023-10-19T00:00:00Z,0.07
2023-10-20,2023-10-20T00:00:00Z,-0.1
2023-10-21,2023-10-21T00:00:00Z,0.01
2023-10-22,2023-10-22T00:00:00Z,-0.38
2023-10-23,2023-10-23T00:00:00Z,-1.04
2023-10-24,2023-10-24T00:00:00Z,0.61
2023-10-25,2023-10-25T00:00:00Z,0.28
2023-10-26,2023-10-26T00:00:00Z,-0.1
2023-10-27,2023-10-27T00:00:00Z,0.37
2023-10-28,2023-10-28T00:00:00Z,0.32
2023-10-29,2023-10-29T00:00:00Z,-0.01
2023-10-30,2023-10-30T00:00:00Z,-0.11
2023-10-31,2023-10-31T00:00:00Z,0.59
2023-11-01,2023-11-01T00:00:00Z,0.42
2023-11-02,2023-11-02T00:00:00Z,0.83
2023-11-03,2023-11-03T00:00:00Z,0.77
2023-11-04,2023-11-04T00:00:00Z,2.57
2023-11-05,2023-11-05T00:00:00Z,2.68
2023-11-06,2023-11-06T00:00:00Z,2.0
2023-11-07,2023-11-07T00:00:00Z,2.96
2023-11-08,2023-11-08T00:00:00Z,1.99
2023-11-09,2023-11-09T00:00:00Z,2.79
2023-11-10,2023-11-10T00:00:00Z,2.06
2023-11-11,2023-11-11T00:00:00Z,1.35
2023-11-12,2023-11-12T00:00:00Z,0.94
2023-11-13,2023-11-13T00:00:00Z,2.16
2023-11-14,2023-11-14T00:00:00Z,2.29
2023-11-15,2023-11-15T00:00:00Z,2.09
2023-11-16,2023-11-16T00:00:00Z,3.66
2023-11-17,2023-11-17T00:00:00Z,4.3
2023-11-18,2023-11-18T00:00:00Z,3.64
2023-11-19,2023-11-19T00:00:00Z,2.78
2023-11-20,2023-11-20T00:00:00Z,3.25
2023-11-21,2023-11-21T00:00:00Z,5.14
2023-11-22,2023-11-22T00:00:00Z,3.09
2023-11-23,2023-11-23T00:00:00Z,3.08
2023-11-24,2023-11-24T00:00:00Z,1.7
2023-11-25,2023-11-25T00:00:00Z,2.35
2023-11-26,2023-11-26T00:00:00Z,2.64
2023-11-27,2023-11-27T00:00:00Z,3.29
2023-11-28,2023-11-28T00:00:00Z,2.37
2023-11-29,2023-11-29T00:00:00Z,3.97
2023-11-30,2023-11-30T00:00:00Z,3.78
2023-12-01,2023-12-01T00:00:00Z,3.06
2023-12-02,2023-12-02T00:00:00Z,2.92
2023-12-03,2023-12-03T00:00:00Z,3.41
2023-12-04,2023-12-04T00:00:00Z,4.21
2023-12-05,2023-12-05T00:00:00Z,4.45
2023-12-06,2023-12-06T00:00:00Z,4.76
2023-12-07,2023-12-07T00:00:00Z,3.49
2023-12-08,2023-12-08T00:00:00Z,3.17
2023-12-09,2023-12-09T00:00:00Z,4.2
2023-12-10,2023-12-10T00:00:00Z,3.69
2023-12-11,2023-12-11T00:00:00Z,4.61
2023-12-12,2023-12-12T00:00:00Z,5.41
2023-12-13,2023-12-13T00:00:00Z,4.96
2023-12-14,2023-12-14T00:00:00Z,5.22
2023-12-15,2023-12-15T00:00:00Z,6.75
2023-12-16,2023-12-16T00:00:00Z,5.38
2023-12-17,2023-12-17T00:00:00Z,5.45
2023-12-18,2023-12-18T00:00:00Z,4.85
2023-12-19,2023-12-19T00:00:00Z,4.67
2023-12-20,2023-12-20T00:00:00Z,4.47
2023-12-21,2023-12-21T00:00:00Z,4.07
2023-12-22,2023-12-22T00:00:00Z,4.55
2023-12-23,2023-12-23T00:00:00Z,4.22
2023-12-24,2023-12-24T00:00:00Z,3.82
2023-12-25,2023-12-25T00:00:00Z,2.6
2023-12-26,2023-12-26T00:00:00Z,3.49
2023-12-27,2023-12-27T00:00:00Z,3.02
2023-12-28,2023-12-28T00:00:00Z,3.04
2023-12-29,2023-12-29T00:00:00Z,4.56
2023-12-30,2023-12-30T00:00:00Z,3.88
2023-12-31,2023-12-31T00:00:00Z,4.29
2024-01-01,2024-01-01T00:00:00Z,2.93
2024-01-02,2024-01-02T00:00:00Z,3.34
2024-01-03,2024-01-03T00:00:00Z,4.34
2024-01-04,2024-01-04T00:00:00Z,2.7
2024-01-05,2024-01-05T00:00:00Z,2.44
2024-01-06,2024-01-06T00:00:00Z,2.6
2024-01-07,2024-01-07T00:00:00Z,2.34
2024-01-08,2024-01-08T00:00:00Z,2.12
2024-01-09,2024-01-09T00:00:00Z,2.38
2024-01-10,2024-01-10T00:00:00Z,3.19
2024-01-11,2024-01-11T00:00:00Z,3.93
2024-01-12,2024-01-12T00:00:00Z,5.46
2024-01-13,2024-01-13T00:00:00Z,4.65
2024-01-14,2024-01-14T00:00:00Z,4.5
2024-01-15,2024-01-15T00:00:00Z,4.49
2024-01-16,2024-01-16T00:00:00Z,3.88
2024-01-17,2024-01-17T00:00:00Z,2.61
2024-01-18,2024-01-18T00:00:00Z,2.91
2024-01-19,2024-01-19T00:00:00Z,3.49
2024-01-20,2024-01-20T00:00:00Z,3.18
2024-01-21,2024-01-21T00:00:00Z,3.32
2024-01-22,2024-01-22T00:00:00Z,3.34
2024-01-23,2024-01-23T00:00:00Z,3.6
2024-01-24,2024-01-24T00:00:00Z,2.54
2024-01-25,2024-01-25T00:00:00Z,3.51
2024-01-26,2024-01-26T00:00:00Z,2.93
2024-01-27,2024-01-27T00:00:00Z,3.03
2024-01-28,2024-01-28T00:00:00Z,2.85
2024-01-29,2024-01-29T00:00:00Z,2.08
2024-01-30,2024-01-30T00:00:00Z,2.8
2024-01-31,2024-01-31T00:00:00Z,3.83
2024-02-01,2024-02-01T00:00:00Z,2.76
2024-02-02,2024-02-02T00:00:00Z,3.14
2024-02-03,2024-02-03T00:00:00Z,2.92
2024-02-04,2024-02-04T00:00:00Z,3.07
2024-02-05,2024-02-05T00:00:00Z,3.01
2024-02-06,2024-02-06T00:00:00Z,2.6
2024-02-07,2024-02-07T00:00:00Z,2.41
2024-02-08,2024-02-08T00:00:00Z,2.99
2024-02-09,2024-02-09T00:00:00Z,1.29
2024-02-10,2024-02-10T00:00:00Z,1.44
2024-02-11,2024-02-11T00:00:00Z,1.51
2024-02-12,2024-02-12T00:00:00Z,0.74
2024-02-13,2024-02-13T00:00:00Z,1.97
2024-02-14,2024-02-14T00:00:00Z,1.14
2024-02-15,2024-02-15T00:00:00Z,3.09
2024-02-16,2024-02-16T00:00:00Z,4.05
2024-02-17,2024-02-17T00:00:00Z,3.8
2024-02-18,2024-02-18T00:00:00Z,3.54
2024-02-19,2024-02-19T00:00:00Z,3.92
2024-02-20,2024-02-20T00:00:00Z,3.61
2024-02-21,2024-02-21T00:00:00Z,4.59
2024-02-22,2024-02-22T00:00:00Z,4.54
2024-02-23,2024-02-23T00:00:00Z,5.13
2024-02-24,2024-02-24T00:00:00Z,3.65
2024-02-25,2024-02-25T00:00:00Z,3.64
2024-02-26,2024-02-26T00:00:00Z,2.9
2024-02-27,2024-02-27T00:00:00Z,3.26
2024-02-28,2024-02-28T00:00:00Z,5.11
2024-02-29,2024-02-29T00:00:00Z,5.21
2024-03-01,2024-03-01T00:00:00Z,4.9
2024-03-02,2024-03-02T00:00:00Z,4.6
2024-03-03,2024-03-03T00:00:00Z,4.69
2024-03-04,2024-03-04T00:00:00Z,5.11
2024-03-05,2024-03-05T00:00:00Z,7.0
2024-03-06,2024-03-06T00:00:00Z,5.7
2024-03-07,2024-03-07T00:00:00Z,5.62
2024-03-08,2024-03-08T00:00:00Z,6.59
2024-03-09,2024-03-09T00:00:00Z,6.74
2024-03-10,2024-03-10T00:00:00Z,7.42
2024-03-11,2024-03-11T00:00:00Z,5.61
2024-03-12,2024-03-12T00:00:00Z,7.93
2024-03-13,2024-03-13T00:00:00Z,8.08
2024-03-14,2024-03-14T00:00:00Z,8.86
2024-03-15,2024-03-15T00:00:00Z,9.55
2024-03-16,2024-03-16T00:00:00Z,10.74
2024-03-17,2024-03-17T00:00:00Z,9.72
2024-03-18,2024-03-18T00:00:00Z,9.68
2024-03-19,2024-03-19T00:00:00Z,10.78
2024-03-20,2024-03-20T00:00:00Z,9.25
2024-03-21,2024-03-21T00:00:00Z,8.89
2024-03-22,2024-03-22T00:00:00Z,9.57
2024-03-23,2024-03-23T00:00:00Z,8.07
2024-03-24,2024-03-24T00:00:00Z,6.83
2024-03-25,2024-03-25T00:00:00Z,5.69
2024-03-26,2024-03-26T00:00:00Z,6.69
2024-03-27,2024-03-27T00:00:00Z,7.04
2024-03-28,2024-03-28T00:00:00Z,5.54
2024-03-29,2024-03-29T00:00:00Z,5.73
2024-03-30,2024-03-30T00:00:00Z,6.47
2024-03-31,2024-03-31T00:00:00Z,5.2
2024-04-01,2024-04-01T00:00:00Z,6.65
2024-04-02,2024-04-02T00:00:00Z,8.09
2024-04-03,2024-04-03T00:00:00Z,7.91
2024-04-04,2024-04-04T00:00:00Z,7.82
2024-04-05,2024-04-05T00:00:00Z,7.17
2024-04-06,2024-04-06T00:00:00Z,6.49
2024-04-07,2024-04-07T00:00:00Z,6.01
2024-04-08,2024-04-08T00:00:00Z,5.38
2024-04-09,2024-04-09T00:00:00Z,6.0
2024-04-10,2024-04-10T00:00:00Z,5.55
2024-04-11,2024-04-11T00:00:00Z,5.21
2024-04-12,2024-04-12T00:00:00Z,8.47
2024-04-13,2024-04-13T00:00:00Z,9.71
2024-04-14,2024-04-14T00:00:00Z,9.08
2024-04-15,2024-04-15T00:00:00Z,9.86
2024-04-16,2024-04-16T00:00:00Z,7.8
2024-04-17,2024-04-17T00:00:00Z,6.93
2024-04-18,2024-04-18T00:00:00Z,6.39
2024-04-19,2024-04-19T00:00:00Z,5.8
2024-04-20,2024-04-20T00:00:00Z,6.18
2024-04-21,2024-04-21T00:00:00Z,6.24
2024-04-22,2024-04-22T00:00:00Z,5.69
2024-04-23,2024-04-23T00:00:00Z,4.82
2024-04-24,2024-04-24T00:00:00Z,5.9
2024-04-25,2024-04-25T00:00:00Z,4.2
2024-04-26,2024-04-26T00:00:00Z,4.99
2024-04-27,2024-04-27T00:00:00Z,4.42
2024-04-28,2024-04-28T00:00:00Z,3.85
2024-04-29,2024-04-29T00:00:00Z,3.65
2024-04-30,2024-04-30T00:00:00Z,4.22
2024-05-01,2024-05-01T00:00:00Z,3.11
2024-05-02,2024-05-02T00:00:00Z,2.12
2024-05-03,2024-05-03T00:00:00Z,3.85
2024-05-04,2024-05-04T00:00:00Z,4.14
2024-05-05,2024-05-05T00:00:00Z,3.69
2024-05-06,2024-05-06T00:00:00Z,3.6
2024-05-07,2024-05-07T00:00:00Z,3.82
2024-05-08,2024-05-08T00:00:00Z,3.11
2024-05-09,2024-05-09T00:00:00Z,2.32
2024-05-10,2024-05-10T00:00:00Z,3.28
2024-05-11,2024-05-11T00:00:00Z,2.83
2024-05-12,2024-05-12T00:00:00Z,2.68
2024-05-13,2024-05-13T00:00:00Z,1.85
2024-05-14,2024-05-14T00:00:00Z,2.9
2024-05-15,2024-05-15T00:00:00Z,2.04
2024-05-16,2024-05-16T00:00:00Z,2.71
2024-05-17,2024-05-17T00:00:00Z,2.61
2024-05-18,2024-05-18T00:00:00Z,2.58
2024-05-19,2024-05-19T00:00:00Z,2.57
2024-05-20,2024-05-20T00:00:00Z,0.69
2024-05-21,2024-05-21T00:00:00Z,1.32
2024-05-22,2024-05-22T00:00:00Z,1.08
2024-05-23,2024-05-23T00:00:00Z,2.21
2024-05-24,2024-05-24T00:00:00Z,1.53
2024-05-25,2024-05-25T00:00:00Z,1.56
2024-05-26,2024-05-26T00:00:00Z,2.04
2024-05-27,2024-05-27T00:00:00Z,1.38
2024-05-28,2024-05-28T00:00:00Z,1.59
2024-05-29,2024-05-29T00:00:00Z,1.88
2024-05-30,2024-05-30T00:00:00Z,1.39
2024-05-31,2024-05-31T00:00:00Z,1.76
2024-06-01,2024-06-01T00:00:00Z,1.15
2024-06-02,2024-06-02T00:00:00Z,1.44
2024-06-03,2024-06-03T00:00:00Z,0.78
2024-06-04,2024-06-04T00:00:00Z,0.84
2024-06-05,2024-06-05T00:00:00Z,0.64
2024-06-06,2024-06-06T00:00:00Z,1.33
2024-06-07,2024-06-07T00:00:00Z,3.46
2024-06-08,2024-06-08T00:00:00Z,2.53
2024-06-09,2024-06-09T00:00:00Z,1.83
2024-06-10,2024-06-10T00:00:00Z,1.33
2024-06-11,2024-06-11T00:00:00Z,3.02
2024-06-12,2024-06-12T00:00:00Z,1.95
2024-06-13,2024-06-13T00:00:00Z,3.25
2024-06-14,2024-06-14T00:00:00Z,3.41
2024-06-15,2024-06-15T00:00:00Z,2.45
2024-06-16,2024-06-16T00:00:00Z,2.08
2024-06-17,2024-06-17T00:00:00Z,1.72
2024-06-18,2024-06-18T00:00:00Z,2.01
2024-06-19,2024-06-19T00:00:00Z,2.17
2024-06-20,2024-06-20T00:00:00Z,2.37
2024-06-21,2024-06-21T00:00:00Z,1.15
2024-06-22,2024-06-22T00:00:00Z,1.74
2024-06-23,2024-06-23T00:00:00Z,1.43
2024-06-24,2024-06-24T00:00:00Z,1.93
2024-06-25,2024-06-25T00:00:00Z,1.88
2024-06-26,2024-06-26T00:00:00Z,1.52
2024-06-27,2024-06-27T00:00:00Z,0.95
2024-06-28,2024-06-28T00:00:00Z,1.56
2024-06-29,2024-06-29T00:00:00Z,1.82
2024-06-30,2024-06-30T00:00:00Z,1.58
2024-07-01,2024-07-01T00:00:00Z,1.57
2024-07-02,2024-07-02T00:00:00Z,1.52
2024-07-03,2024-07-03T00:00:00Z,2.46
2024-07-04,2024-07-04T00:00:00Z,3.07
2024-07-05,2024-07-05T00:00:00Z,3.51
2024-07-06,2024-07-06T00:00:00Z,3.25
2024-07-07,2024-07-07T00:00:00Z,3.15
2024-07-08,2024-07-08T00:00:00Z,3.13
2024-07-09,2024-07-09T00:00:00Z,2.1
2024-07-10,2024-07-10T00:00:00Z,2.33
2024-07-11,2024-07-11T00:00:00Z,2.11
2024-07-12,2024-07-12T00:00:00Z,2.67
2024-07-13,2024-07-13T00:00:00Z,1.88
2024-07-14,2024-07-14T00:00:00Z,2.11
2024-07-15,2024-07-15T00:00:00Z,2.27
2024-07-16,2024-07-16T00:00:00Z,0.76
2024-07-17,2024-07-17T00:00:00Z,0.88
2024-07-18,2024-07-18T00:00:00Z,1.85
2024-07-19,2024-07-19T00:00:00Z,0.67
2024-07-20,2024-07-20T00:00:00Z,0.88
2024-07-21,2024-07-21T00:00:00Z,0.45
2024-07-22,2024-07-22T00:00:00Z,0.52
2024-07-23,2024-07-23T00:00:00Z,0.83
2024-07-24,2024-07-24T00:00:00Z,0.96
2024-07-25,2024-07-25T00:00:00Z,1.56
2024-07-26,2024-07-26T00:00:00Z,0.97
2024-07-27,2024-07-27T00:00:00Z,0.42
2024-07-28,2024-07-28T00:00:00Z,0.84
2024-07-29,2024-07-29T00:00:00Z,1.05
2024-07-30,2024-07-30T00:00:00Z,1.38
2024-07-31,2024-07-31T00:00:00Z,0.93
2024-08-01,2024-08-01T00:00:00Z,2.63
2024-08-02,2024-08-02T00:00:00Z,2.88
2024-08-03,2024-08-03T00:00:00Z,4.24
2024-08-04,2024-08-04T00:00:00Z,3.7
2024-08-05,2024-08-05T00:00:00Z,5.8
2024-08-06,2024-08-06T00:00:00Z,4.45
2024-08-07,2024-08-07T00:00:00Z,3.94
2024-08-08,2024-08-08T00:00:00Z,1.77
2024-08-09,2024-08-09T00:00:00Z,2.16
2024-08-10,2024-08-10T00:00:00Z,3.03
2024-08-11,2024-08-11T00:00:00Z,3.24
2024-08-12,2024-08-12T00:00:00Z,2.72
2024-08-13,2024-08-13T00:00:00Z,1.89
2024-08-14,2024-08-14T00:00:00Z,2.92
2024-08-15,2024-08-15T00:00:00Z,3.68
2024-08-16,2024-08-16T00:00:00Z,2.27
2024-08-17,2024-08-17T00:00:00Z,3.07
2024-08-18,2024-08-18T00:00:00Z,3.1
2024-08-19,2024-08-19T00:00:00Z,1.54
2024-08-20,2024-08-20T00:00:00Z,2.63
2024-08-21,2024-08-21T00:00:00Z,1.8
2024-08-22,2024-08-22T00:00:00Z,1.39
2024-08-23,2024-08-23T00:00:00Z,-0.37
2024-08-24,2024-08-24T00:00:00Z,1.0
2024-08-25,2024-08-25T00:00:00Z,1.38
2024-08-26,2024-08-26T00:00:00Z,1.43
2024-08-27,2024-08-27T00:00:00Z,2.39
2024-08-28,2024-08-28T00:00:00Z,2.68
2024-08-29,2024-08-29T00:00:00Z,1.58
2024-08-30,2024-08-30T00:00:00Z,2.01
2024-08-31,2024-08-31T00:00:00Z,1.72
2024-09-01,2024-09-01T00:00:00Z,2.18
2024-09-02,2024-09-02T00:00:00Z,1.48
2024-09-03,2024-09-03T00:00:00Z,1.72
2024-09-04,2024-09-04T00:00:00Z,1.08
2024-09-05,2024-09-05T00:00:00Z,1.72
2024-09-06,2024-09-06T00:00:00Z,2.44
2024-09-07,2024-09-07T00:00:00Z,1.55
2024-09-08,2024-09-08T00:00:00Z,1.35
2024-09-09,2024-09-09T00:00:00Z,1.21
2024-09-10,2024-09-10T00:00:00Z,0.87
2024-09-11,2024-09-11T00:00:00Z,0.43
2024-09-12,2024-09-12T00:00:00Z,0.43
2024-09-13,2024-09-13T00:00:00Z,0.14
2024-09-14,2024-09-14T00:00:00Z,0.97
2024-09-15,2024-09-15T00:00:00Z,1.51
2024-09-16,2024-09-16T00:00:00Z,1.33
2024-09-17,2024-09-17T00:00:00Z,1.85
2024-09-18,2024-09-18T00:00:00Z,1.07
2024-09-19,2024-09-19T00:00:00Z,0.7
2024-09-20,2024-09-20T00:00:00Z,0.64
2024-09-21,2024-09-21T00:00:00Z,0.03
2024-09-22,2024-09-22T00:00:00Z,0.29
2024-09-23,2024-09-23T00:00:00Z,0.44
2024-09-24,2024-09-24T00:00:00Z,-0.53
2024-09-25,2024-09-25T00:00:00Z,0.79
2024-09-26,2024-09-26T00:00:00Z,-1.12
2024-09-27,2024-09-27T00:00:00Z,0.58
2024-09-28,2024-09-28T00:00:00Z,0.53
2024-09-29,2024-09-29T00:00:00Z,-0.07
2024-09-30,2024-09-30T00:00:00Z,0.78
2024-10-01,2024-10-01T00:00:00Z,1.71
2024-10-02,2024-10-02T00:00:00Z,1.67
2024-10-03,2024-10-03T00:00:00Z,2.32
2024-10-04,2024-10-04T00:00:00Z,1.18
2024-10-05,2024-10-05T00:00:00Z,0.48
2024-10-06,2024-10-06T00:00:00Z,-0.07
2024-10-07,2024-10-07T00:00:00Z,0.13
2024-10-08,2024-10-08T00:00:00Z,0.72
2024-10-09,2024-10-09T00:00:00Z,1.41
2024-10-10,2024-10-10T00:00:00Z,1.22
2024-10-11,2024-10-11T00:00:00Z,-0.01
2024-10-12,2024-10-12T00:00:00Z,-0.26
2024-10-13,2024-10-13T00:00:00Z,-0.01
2024-10-14,2024-10-14T00:00:00Z,-0.56
2024-10-15,2024-10-15T00:00:00Z,-0.51
2024-10-16,2024-10-16T00:00:00Z,-0.62
2024-10-17,2024-10-17T00:00:00Z,-0.19
2024-10-18,2024-10-18T00:00:00Z,-0.56
2024-10-19,2024-10-19T00:00:00Z,-0.32
2024-10-20,2024-10-20T00:00:00Z,-0.65
2024-10-21,2024-10-21T00:00:00Z,-0.04
2024-10-22,2024-10-22T00:00:00Z,0.07
2024-10-23,2024-10-23T00:00:00Z,0.67
2024-10-24,2024-10-24T00:00:00Z,0.15
2024-10-25,2024-10-25T00:00:00Z,2.29
2024-10-26,2024-10-26T00:00:00Z,0.95
2024-10-27,2024-10-27T00:00:00Z,0.57
2024-10-28,2024-10-28T00:00:00Z,0.4
2024-10-29,2024-10-29T00:00:00Z,0.77
2024-10-30,2024-10-30T00:00:00Z,0.45
2024-10-31,2024-10-31T00:00:00Z,1.34
2024-11-01,2024-11-01T00:00:00Z,1.92
2024-11-02,2024-11-02T00:00:00Z,1.63
2024-11-03,2024-11-03T00:00:00Z,1.07
2024-11-04,2024-11-04T00:00:00Z,0.74
2024-11-05,2024-11-05T00:00:00Z,0.99
2024-11-06,2024-11-06T00:00:00Z,-0.13
2024-11-07,2024-11-07T00:00:00Z,-1.93
2024-11-08,2024-11-08T00:00:00Z,1.07
2024-11-09,2024-11-09T00:00:00Z,-0.84
2024-11-10,2024-11-10T00:00:00Z,-0.89
2024-11-11,2024-11-11T00:00:00Z,0.3
2024-11-12,2024-11-12T00:00:00Z,1.43
2024-11-13,2024-11-13T00:00:00Z,0.6
2024-11-14,2024-11-14T00:00:00Z,0.84
2024-11-15,2024-11-15T00:00:00Z,0.32
2024-11-16,2024-11-16T00:00:00Z,0.57
2024-11-17,2024-11-17T00:00:00Z,0.77
2024-11-18,2024-11-18T00:00:00Z,0.54
2024-11-19,2024-11-19T00:00:00Z,1.01
2024-11-20,2024-11-20T00:00:00Z,1.37
2024-11-21,2024-11-21T00:00:00Z,-0.24
2024-11-22,2024-11-22T00:00:00Z,-1.23
2024-11-23,2024-11-23T00:00:00Z,-0.93
2024-11-24,2024-11-24T00:00:00Z,-1.17
2024-11-25,2024-11-25T00:00:00Z,-0.71
2024-11-26,2024-11-26T00:00:00Z,0.03
2024-11-27,2024-11-27T00:00:00Z,-0.64
2024-11-28,2024-11-28T00:00:00Z,0.08
2024-11-29,2024-11-29T00:00:00Z,-0.85
2024-11-30,2024-11-30T00:00:00Z,-0.67
2024-12-01,2024-12-01T00:00:00Z,-1.4
2024-12-02,2024-12-02T00:00:00Z,-0.03
2024-12-03,2024-12-03T00:00:00Z,-0.65
2024-12-04,2024-12-04T00:00:00Z,-0.56
2024-12-05,2024-12-05T00:00:00Z,-0.19
2024-12-06,2024-12-06T00:00:00Z,-1.37
2024-12-07,2024-12-07T00:00:00Z,-2.42
2024-12-08,2024-12-08T00:00:00Z,-2.05
2024-12-09,2024-12-09T00:00:00Z,0.1
2024-12-10,2024-12-10T00:00:00Z,0.32
2024-12-11,2024-12-11T00:00:00Z,-1.3
2024-12-12,2024-12-12T00:00:00Z,-0.05
2024-12-13,2024-12-13T00:00:00Z,-0.3
2024-12-14,2024-12-14T00:00:00Z,0.18
2024-12-15,2024-12-15T00:00:00Z,-0.43
2024-12-16,2024-12-16T00:00:00Z,0.84
2024-12-17,2024-12-17T00:00:00Z,1.96
2024-12-18,2024-12-18T00:00:00Z,2.67
2024-12-19,2024-12-19T00:00:00Z,4.13
2024-12-20,2024-12-20T00:00:00Z,4.82
2024-12-21,2024-12-21T00:00:00Z,5.22
2024-12-22,2024-12-22T00:00:00Z,5.16
2024-12-23,2024-12-23T00:00:00Z,4.15
2024-12-24,2024-12-24T00:00:00Z,2.63
2024-12-25,2024-12-25T00:00:00Z,2.3
2024-12-26,2024-12-26T00:00:00Z,3.25
2024-12-27,2024-12-27T00:00:00Z,2.88
2024-12-28,2024-12-28T00:00:00Z,1.5
2024-12-29,2024-12-29T00:00:00Z,1.3
2024-12-30,2024-12-30T00:00:00Z,0.97
2024-12-31,2024-12-31T00:00:00Z,1.47
2025-01-01,2025-01-01T00:00:00Z,1.77
2025-01-02,2025-01-02T00:00:00Z,0.64
2025-01-03,2025-01-03T00:00:00Z,0.09
2025-01-04,2025-01-04T00:00:00Z,0.5
2025-01-05,2025-01-05T00:00:00Z,0.4
2025-01-06,2025-01-06T00:00:00Z,0.07
2025-01-07,2025-01-07T00:00:00Z,2.36
2025-01-08,2025-01-08T00:00:00Z,3.25
2025-01-09,2025-01-09T00:00:00Z,3.53
2025-01-10,2025-01-10T00:00:00Z,3.65
2025-01-11,2025-01-11T00:00:00Z,1.61
2025-01-12,2025-01-12T00:00:00Z,2.07
2025-01-13,2025-01-13T00:00:00Z,1.97
2025-01-14,2025-01-14T00:00:00Z,1.2
2025-01-15,2025-01-15T00:00:00Z,0.23
2025-01-16,2025-01-16T00:00:00Z,0.98
2025-01-17,2025-01-17T00:00:00Z,0.48
2025-01-18,2025-01-18T00:00:00Z,2.3
2025-01-19,2025-01-19T00:00:00Z,4.34
2025-01-20,2025-01-20T00:00:00Z,2.86
2025-01-21,2025-01-21T00:00:00Z,2.84
2025-01-22,2025-01-22T00:00:00Z,4.23
2025-01-23,2025-01-23T00:00:00Z,3.79
2025-01-24,2025-01-24T00:00:00Z,4.74
2025-01-25,2025-01-25T00:00:00Z,5.03
2025-01-26,2025-01-26T00:00:00Z,6.49
2025-01-27,2025-01-27T00:00:00Z,6.22
2025-01-28,2025-01-28T00:00:00Z,7.32
2025-01-29,2025-01-29T00:00:00Z,5.96
2025-01-30,2025-01-30T00:00:00Z,4.45
2025-01-31,2025-01-31T00:00:00Z,5.81
2025-02-01,2025-02-01T00:00:00Z,7.33
2025-02-02,2025-02-02T00:00:00Z,8.37
2025-02-03,2025-02-03T00:00:00Z,7.07
2025-02-04,2025-02-04T00:00:00Z,7.88
2025-02-05,2025-02-05T00:00:00Z,7.9
2025-02-06,2025-02-06T00:00:00Z,8.4
2025-02-07,2025-02-07T00:00:00Z,7.01
2025-02-08,2025-02-08T00:00:00Z,5.64
2025-02-09,2025-02-09T00:00:00Z,5.02
2025-02-10,2025-02-10T00:00:00Z,3.88
2025-02-11,2025-02-11T00:00:00Z,4.91
2025-02-12,2025-02-12T00:00:00Z,4.04
2025-02-13,2025-02-13T00:00:00Z,3.78
2025-02-14,2025-02-14T00:00:00Z,4.39
2025-02-15,2025-02-15T00:00:00Z,4.79
2025-02-16,2025-02-16T00:00:00Z,4.89
2025-02-17,2025-02-17T00:00:00Z,4.56
2025-02-18,2025-02-18T00:00:00Z,4.28
2025-02-19,2025-02-19T00:00:00Z,3.51
2025-02-20,2025-02-20T00:00:00Z,2.87
2025-02-21,2025-02-21T00:00:00Z,3.05
2025-02-22,2025-02-22T00:00:00Z,2.63
2025-02-23,2025-02-23T00:00:00Z,2.16
2025-02-24,2025-02-24T00:00:00Z,0.48
2025-02-25,2025-02-25T00:00:00Z,2.2
2025-02-26,2025-02-26T00:00:00Z,1.81
2025-02-27,2025-02-27T00:00:00Z,2.1
2025-02-28,2025-02-28T00:00:00Z,2.82
2025-03-01,2025-03-01T00:00:00Z,2.88
2025-03-02,2025-03-02T00:00:00Z,3.28
2025-03-03,2025-03-03T00:00:00Z,3.2
2025-03-04,2025-03-04T00:00:00Z,2.46
2025-03-05,2025-03-05T00:00:00Z,2.29
2025-03-06,2025-03-06T00:00:00Z,3.09
2025-03-07,2025-03-07T00:00:00Z,3.06
2025-03-08,2025-03-08T00:00:00Z,2.89
2025-03-09,2025-03-09T00:00:00Z,3.21
2025-03-10,2025-03-10T00:00:00Z,3.14
2025-03-11,2025-03-11T00:00:00Z,2.32
2025-03-12,2025-03-12T00:00:00Z,1.61
2025-03-13,2025-03-13T00:00:00Z,2.19
2025-03-14,2025-03-14T00:00:00Z,1.42
2025-03-15,2025-03-15T00:00:00Z,1.34
2025-03-16,2025-03-16T00:00:00Z,1.42
2025-03-17,2025-03-17T00:00:00Z,0.69
2025-03-18,2025-03-18T00:00:00Z,0.97
2025-03-19,2025-03-19T00:00:00Z,1.01
2025-03-20,2025-03-20T00:00:00Z,1.29
2025-03-21,2025-03-21T00:00:00Z,0.95
2025-03-22,2025-03-22T00:00:00Z,0.97
2025-03-23,2025-03-23T00:00:00Z,0.41
2025-03-24,2025-03-24T00:00:00Z,0.55
2025-03-25,2025-03-25T00:00:00Z,0.4
2025-03-26,2025-03-26T00:00:00Z,1.04
2025-03-27,2025-03-27T00:00:00Z,0.75
2025-03-28,2025-03-28T00:00:00Z,1.63
2025-03-29,2025-03-29T00:00:00Z,2.0
2025-03-30,2025-03-30T00:00:00Z,1.59
2025-03-31,2025-03-31T00:00:00Z,1.42
2025-04-01,2025-04-01T00:00:00Z,1.06
2025-04-02,2025-04-02T00:00:00Z,1.09
2025-04-03,2025-04-03T00:00:00Z,0.96
2025-04-04,2025-04-04T00:00:00Z,1.36
2025-04-05,2025-04-05T00:00:00Z,1.2
2025-04-06,2025-04-06T00:00:00Z,2.79
2025-04-07,2025-04-07T00:00:00Z,2.18
2025-04-08,2025-04-08T00:00:00Z,1.99
2025-04-09,2025-04-09T00:00:00Z,-1.17
2025-04-10,2025-04-10T00:00:00Z,0.17
2025-04-11,2025-04-11T00:00:00Z,0.29
2025-04-12,2025-04-12T00:00:00Z,-0.14
2025-04-13,2025-04-13T00:00:00Z,2.33
2025-04-14,2025-04-14T00:00:00Z,2.02
2025-04-15,2025-04-15T00:00:00Z,3.03
2025-04-16,2025-04-16T00:00:00Z,1.98
2025-04-17,2025-04-17T00:00:00Z,1.31
2025-04-18,2025-04-18T00:00:00Z,2.06
2025-04-19,2025-04-19T00:00:00Z,1.78
2025-04-20,2025-04-20T00:00:00Z,1.75
2025-04-21,2025-04-21T00:00:00Z,1.63
2025-04-22,2025-04-22T00:00:00Z,0.78
2025-04-23,2025-04-23T00:00:00Z,0.26
2025-04-24,2025-04-24T00:00:00Z,0.56
2025-04-25,2025-04-25T00:00:00Z,0.76
2025-04-26,2025-04-26T00:00:00Z,0.21
2025-04-27,2025-04-27T00:00:00Z,0.15
2025-04-28,2025-04-28T00:00:00Z,0.11
2025-04-29,2025-04-29T00:00:00Z,0.54
2025-04-30,2025-04-30T00:00:00Z,0.78
2025-05-01,2025-05-01T00:00:00Z,1.11
2025-05-02,2025-05-02T00:00:00Z,-0.38
2025-05-03,2025-05-03T00:00:00Z,2.49
2025-05-04,2025-05-04T00:00:00Z,2.54
2025-05-05,2025-05-05T00:00:00Z,1.6
2025-05-06,2025-05-06T00:00:00Z,3.24
2025-05-07,2025-05-07T00:00:00Z,3.12
2025-05-08,2025-05-08T00:00:00Z,0.31
2025-05-09,2025-05-09T00:00:00Z,-0.62
2025-05-10,2025-05-10T00:00:00Z,-0.67
2025-05-11,2025-05-11T00:00:00Z,0.13
2025-05-12,2025-05-12T00:00:00Z,1.08
2025-05-13,2025-05-13T00:00:00Z,-1.09
2025-05-14,2025-05-14T00:00:00Z,-0.64
2025-05-15,2025-05-15T00:00:00Z,-0.04
2025-05-16,2025-05-16T00:00:00Z,1.29
2025-05-17,2025-05-17T00:00:00Z,1.66
2025-05-18,2025-05-18T00:00:00Z,0.96
2025-05-19,2025-05-19T00:00:00Z,0.59
2025-05-20,2025-05-20T00:00:00Z,1.34
2025-05-21,2025-05-21T00:00:00Z,-0.15
2025-05-22,2025-05-22T00:00:00Z,0.9
2025-05-23,2025-05-23T00:00:00Z,1.22
2025-05-24,2025-05-24T00:00:00Z,2.38
2025-05-25,2025-05-25T00:00:00Z,2.31
2025-05-26,2025-05-26T00:00:00Z,1.71
2025-05-27,2025-05-27T00:00:00Z,1.34
2025-05-28,2025-05-28T00:00:00Z,1.34
2025-05-29,2025-05-29T00:00:00Z,1.67
2025-05-30,2025-05-30T00:00:00Z,3.15
2025-05-31,2025-05-31T00:00:00Z,2.29
2025-06-01,2025-06-01T00:00:00Z,1.93
2025-06-02,2025-06-02T00:00:00Z,1.14
2025-06-03,2025-06-03T00:00:00Z,1.41
2025-06-04,2025-06-04T00:00:00Z,0.67
2025-06-05,2025-06-05T00:00:00Z,2.44
2025-06-06,2025-06-06T00:00:00Z,2.52
2025-06-07,2025-06-07T00:00:00Z,1.88
2025-06-08,2025-06-08T00:00:00Z,1.3
2025-06-09,2025-06-09T00:00:00Z,0.22
2025-06-10,2025-06-10T00:00:00Z,1.15
2025-06-11,2025-06-11T00:00:00Z,1.08
2025-06-12,2025-06-12T00:00:00Z,0.65
2025-06-13,2025-06-13T00:00:00Z,2.14
2025-06-14,2025-06-14T00:00:00Z,1.65
2025-06-15,2025-06-15T00:00:00Z,1.15
2025-06-16,2025-06-16T00:00:00Z,0.47
2025-06-17,2025-06-17T00:00:00Z,2.36
2025-06-18,2025-06-18T00:00:00Z,0.37
2025-06-19,2025-06-19T00:00:00Z,0.82
2025-06-20,2025-06-20T00:00:00Z,1.04
2025-06-21,2025-06-21T00:00:00Z,1.75
2025-06-22,2025-06-22T00:00:00Z,1.68
2025-06-23,2025-06-23T00:00:00Z,1.04
2025-06-24,2025-06-24T00:00:00Z,0.59
2025-06-25,2025-06-25T00:00:00Z,1.19
2025-06-26,2025-06-26T00:00:00Z,1.02
2025-06-27,2025-06-27T00:00:00Z,1.28
2025-06-28,2025-06-28T00:00:00Z,0.41
2025-06-29,2025-06-29T00:00:00Z,0.12
2025-06-30,2025-06-30T00:00:00Z,-0.4
2025-07-01,2025-07-01T00:00:00Z,1.58
2025-07-02,2025-07-02T00:00:00Z,0.03
2025-07-03,2025-07-03T00:00:00Z,0.38
2025-07-04,2025-07-04T00:00:00Z,0.57
2025-07-05,2025-07-05T00:00:00Z,0.4
2025-07-06,2025-07-06T00:00:00Z,-0.14
2025-07-07,2025-07-07T00:00:00Z,0.31
2025-07-08,2025-07-08T00:00:00Z,-1.13
2025-07-09,2025-07-09T00:00:00Z,-1.14
2025-07-10,2025-07-10T00:00:00Z,-1.77
2025-07-11,2025-07-11T00:00:00Z,-2.02
2025-07-12,2025-07-12T00:00:00Z,-1.44
2025-07-13,2025-07-13T00:00:00Z,-1.51
2025-07-14,2025-07-14T00:00:00Z,-0.89
2025-07-15,2025-07-15T00:00:00Z,-1.23
2025-07-16,2025-07-16T00:00:00Z,-2.06
2025-07-17,2025-07-17T00:00:00Z,-1.84
2025-07-18,2025-07-18T00:00:00Z,-1.89
2025-07-19,2025-07-19T00:00:00Z,-1.54
2025-07-20,2025-07-20T00:00:00Z,-1.92
2025-07-21,2025-07-21T00:00:00Z,-2.0
2025-07-22,2025-07-22T00:00:00Z,-1.93
2025-07-23,2025-07-23T00:00:00Z,-1.17
2025-07-24,2025-07-24T00:00:00Z,-1.16
2025-07-25,2025-07-25T00:00:00Z,-0.67
2025-07-26,2025-07-26T00:00:00Z,-1.3
2025-07-27,2025-07-27T00:00:00Z,-1.49
2025-07-28,2025-07-28T00:00:00Z,-0.57
2025-07-29,2025-07-29T00:00:00Z,-0.28
2025-07-30,2025-07-30T00:00:00Z,-0.43
2025-07-31,2025-07-31T00:00:00Z,-0.1
2025-08-01,2025-08-01T00:00:00Z,0.17
2025-08-02,2025-08-02T00:00:00Z,0.63
2025-08-03,2025-08-03T00:00:00Z,1.11
2025-08-04,2025-08-04T00:00:00Z,0.09
2025-08-05,2025-08-05T00:00:00Z,1.29
2025-08-06,2025-08-06T00:00:00Z,0.25
2025-08-07,2025-08-07T00:00:00Z,-0.58
2025-08-08,2025-08-08T00:00:00Z,-0.97
2025-08-09,2025-08-09T00:00:00Z,-0.95
2025-08-10,2025-08-10T00:00:00Z,-1.09
2025-08-11,2025-08-11T00:00:00Z,-0.4
2025-08-12,2025-08-12T00:00:00Z,-1.52
2025-08-13,2025-08-13T00:00:00Z,-1.42
2025-08-14,2025-08-14T00:00:00Z,0.9
2025-08-15,2025-08-15T00:00:00Z,0.67
2025-08-16,2025-08-16T00:00:00Z,-0.03
2025-08-17,2025-08-17T00:00:00Z,-0.07
2025-08-18,2025-08-18T00:00:00Z,0.06
2025-08-19,2025-08-19T00:00:00Z,0.32
2025-08-20,2025-08-20T00:00:00Z,0.07
2025-08-21,2025-08-21T00:00:00Z,0.34
2025-08-22,2025-08-22T00:00:00Z,-1.56
2025-08-23,2025-08-23T00:00:00Z,0.01
2025-08-24,2025-08-24T00:00:00Z,0.18
2025-08-25,2025-08-25T00:00:00Z,2.24
2025-08-26,2025-08-26T00:00:00Z,0.77
2025-08-27,2025-08-27T00:00:00Z,0.27
2025-08-28,2025-08-28T00:00:00Z,0.02
2025-08-29,2025-08-29T00:00:00Z,1.49
2025-08-30,2025-08-30T00:00:00Z,0.49
2025-08-31,2025-08-31T00:00:00Z,0.1
2025-09-01,2025-09-01T00:00:00Z,0.47
2025-09-02,2025-09-02T00:00:00Z,-0.06
2025-09-03,2025-09-03T00:00:00Z,-0.75
2025-09-04,2025-09-04T00:00:00Z,0.95
2025-09-05,2025-09-05T00:00:00Z,0.47
2025-09-06,2025-09-06T00:00:00Z,1.02
2025-09-07,2025-09-07T00:00:00Z,0.62
2025-09-08,2025-09-08T00:00:00Z,0.48
2025-09-09,2025-09-09T00:00:00Z,0.43
2025-09-10,2025-09-10T00:00:00Z,0.25
2025-09-11,2025-09-11T00:00:00Z,0.16
2025-09-12,2025-09-12T00:00:00Z,-0.21
2025-09-13,2025-09-13T00:00:00Z,-0.52
2025-09-14,2025-09-14T00:00:00Z,-0.27
2025-09-15,2025-09-15T00:00:00Z,-0.04
2025-09-16,2025-09-16T00:00:00Z,0.28
2025-09-17,2025-09-17T00:00:00Z,0.45
2025-09-18,2025-09-18T00:00:00Z,0.46
2025-09-19,2025-09-19T00:00:00Z,1.0
2025-09-20,2025-09-20T00:00:00Z,0.38
2025-09-21,2025-09-21T00:00:00Z,0.36
2025-09-22,2025-09-22T00:00:00Z,2.1
2025-09-23,2025-09-23T00:00:00Z,2.53
2025-09-24,2025-09-24T00:00:00Z,1.84
2025-09-25,2025-09-25T00:00:00Z,3.22
2025-09-26,2025-09-26T00:00:00Z,2.15
2025-09-27,2025-09-27T00:00:00Z,2.06
2025-09-28,2025-09-28T00:00:00Z,1.6
2025-09-29,2025-09-29T00:00:00Z,1.02
2025-09-30,2025-09-30T00:00:00Z,1.9
2025-10-01,2025-10-01T00:00:00Z,1.23
2025-10-02,2025-10-02T00:00:00Z,0.9
2025-10-03,2025-10-03T00:00:00Z,0.75
2025-10-04,2025-10-04T00:00:00Z,1.6
2025-10-05,2025-10-05T00:00:00Z,1.93
2025-10-06,2025-10-06T00:00:00Z,1.3
2025-10-07,2025-10-07T00:00:00Z,2.56
2025-10-08,2025-10-08T00:00:00Z,1.95
2025-10-09,2025-10-09T00:00:00Z,2.58
2025-10-10,2025-10-10T00:00:00Z,8.03
2025-10-11,2025-10-11T00:00:00Z,7.71
2025-10-12,2025-10-12T00:00:00Z,5.71
2025-10-13,2025-10-13T00:00:00Z,4.04
2025-10-14,2025-10-14T00:00:00Z,5.31
2025-10-15,2025-10-15T00:00:00Z,6.28
2025-10-16,2025-10-16T00:00:00Z,7.53
2025-10-17,2025-10-17T00:00:00Z,8.29
2025-10-18,2025-10-18T00:00:00Z,7.12
2025-10-19,2025-10-19T00:00:00Z,6.61
2025-10-20,2025-10-20T00:00:00Z,5.44
2025-10-21,2025-10-21T00:00:00Z,5.99
2025-10-22,2025-10-22T00:00:00Z,5.77
2025-10-23,2025-10-23T00:00:00Z,4.96
2025-10-24,2025-10-24T00:00:00Z,3.83
2025-10-25,2025-10-25T00:00:00Z,3.47
2025-10-26,2025-10-26T00:00:00Z,2.81
2025-10-27,2025-10-27T00:00:00Z,2.76
2025-10-28,2025-10-28T00:00:00Z,4.1
2025-10-29,2025-10-29T00:00:00Z,4.73
2025-10-30,2025-10-30T00:00:00Z,6.42
2025-10-31,2025-10-31T00:00:00Z,5.01
2025-11-01,2025-11-01T00:00:00Z,4.3
2025-11-02,2025-11-02T00:00:00Z,3.83
2025-11-03,2025-11-03T00:00:00Z,4.13
2025-11-04,2025-11-04T00:00:00Z,5.44
2025-11-05,2025-11-05T00:00:00Z,4.15
2025-11-06,2025-11-06T00:00:00Z,3.71
2025-11-07,2025-11-07T00:00:00Z,2.76
2025-11-08,2025-11-08T00:00:00Z,2.44
2025-11-09,2025-11-09T00:00:00Z,1.97
2025-11-10,2025-11-10T00:00:00Z,1.72
2025-11-11,2025-11-11T00:00:00Z,2.76
2025-11-12,2025-11-12T00:00:00Z,3.2
2025-11-13,2025-11-13T00:00:00Z,3.43
2025-11-14,2025-11-14T00:00:00Z,3.38
2025-11-15,2025-11-15T00:00:00Z,4.27
2025-11-16,2025-11-16T00:00:00Z,2.94
2025-11-17,2025-11-17T00:00:00Z,3.2
2025-11-18,2025-11-18T00:00:00Z,1.3
2025-11-19,2025-11-19T00:00:00Z,2.35
2025-11-20,2025-11-20T00:00:00Z,2.29
2025-11-21,2025-11-21T00:00:00Z,2.12
2025-11-22,2025-11-22T00:00:00Z,2.29
2025-11-23,2025-11-23T00:00:00Z,3.26
2025-11-24,2025-11-24T00:00:00Z,1.98
2025-11-25,2025-11-25T00:00:00Z,1.41
2025-11-26,2025-11-26T00:00:00Z,1.95
2025-11-27,2025-11-27T00:00:00Z,1.47
2025-11-28,2025-11-28T00:00:00Z,2.52
2025-11-29,2025-11-29T00:00:00Z,2.03
2025-11-30,2025-11-30T00:00:00Z,2.2
2025-12-01,2025-12-01T00:00:00Z,2.01
2025-12-02,2025-12-02T00:00:00Z,0.95
2025-12-03,2025-12-03T00:00:00Z,1.15
2025-12-04,2025-12-04T00:00:00Z,1.69
2025-12-05,2025-12-05T00:00:00Z,1.65
2025-12-06,2025-12-06T00:00:00Z,1.48
2025-12-07,2025-12-07T00:00:00Z,1.5
2025-12-08,2025-12-08T00:00:00Z,1.07
2025-12-09,2025-12-09T00:00:00Z,0.71
2025-12-10,2025-12-10T00:00:00Z,1.07
2025-12-11,2025-12-11T00:00:00Z,1.11
2025-12-12,2025-12-12T00:00:00Z,1.59
2025-12-13,2025-12-13T00:00:00Z,1.22
2025-12-14,2025-12-14T00:00:00Z,1.28
2025-12-15,2025-12-15T00:00:00Z,1.29
2025-12-16,2025-12-16T00:00:00Z,1.3
2025-12-17,2025-12-17T00:00:00Z,1.23
2025-12-18,2025-12-18T00:00:00Z,1.04
2025-12-19,2025-12-19T00:00:00Z,1.01
2025-12-20,2025-12-20T00:00:00Z,0.93
2025-12-21,2025-12-21T00:00:00Z,0.83
2025-12-22,2025-12-22T00:00:00Z,1.12
2025-12-23,2025-12-23T00:00:00Z,0.93
2025-12-24,2025-12-24T00:00:00Z,-0.27
2025-12-25,2025-12-25T00:00:00Z,1.91
2025-12-26,2025-12-26T00:00:00Z,1.42
2025-12-27,2025-12-27T00:00:00Z,1.32
2025-12-28,2025-12-28T00:00:00Z,0.94
2025-12-29,2025-12-29T00:00:00Z,1.1
2025-12-30,2025-12-30T00:00:00Z,1.27
2025-12-31,2025-12-31T00:00:00Z,1.61
2026-01-01,2026-01-01T00:00:00Z,0.6
2026-01-02,2026-01-02T00:00:00Z,0.08
2026-01-03,2026-01-03T00:00:00Z,0.34
2026-01-04,2026-01-04T00:00:00Z,0.29
2026-01-05,2026-01-05T00:00:00Z,0.5
2026-01-06,2026-01-06T00:00:00Z,0.55
2026-01-07,2026-01-07T00:00:00Z,0.75
2026-01-08,2026-01-08T00:00:00Z,1.23
2026-01-09,2026-01-09T00:00:00Z,1.64
2026-01-10,2026-01-10T00:00:00Z,1.23
2026-01-11,2026-01-11T00:00:00Z,1.02
2026-01-12,2026-01-12T00:00:00Z,1.34
2026-01-13,2026-01-13T00:00:00Z,-0.01
2026-01-14,2026-01-14T00:00:00Z,-0.65
2026-01-15,2026-01-15T00:00:00Z,0.56
2026-01-16,2026-01-16T00:00:00Z,0.53
2026-01-17,2026-01-17T00:00:00Z,0.25
2026-01-18,2026-01-18T00:00:00Z,0.72
2026-01-19,2026-01-19T00:00:00Z,0.45
2026-01-20,2026-01-20T00:00:00Z,1.37
2026-01-21,2026-01-21T00:00:00Z,0.21
2026-01-22,2026-01-22T00:00:00Z,1.36
2026-01-23,2026-01-23T00:00:00Z,0.5
2026-01-24,2026-01-24T00:00:00Z,2.08
2026-01-25,2026-01-25T00:00:00Z,2.54
2026-01-26,2026-01-26T00:00:00Z,1.37
2026-01-27,2026-01-27T00:00:00Z,0.86
2026-01-28,2026-01-28T00:00:00Z,0.97
2026-01-29,2026-01-29T00:00:00Z,2.53
2026-01-30,2026-01-30T00:00:00Z,4.03
2026-01-31,2026-01-31T00:00:00Z,2.85
2026-02-01,2026-02-01T00:00:00Z,1.62
2026-02-02,2026-02-02T00:00:00Z,2.41
2026-02-03,2026-02-03T00:00:00Z,1.72
2026-02-04,2026-02-04T00:00:00Z,2.09
2026-02-05,2026-02-05T00:00:00Z,1.27
2026-02-06,2026-02-06T00:00:00Z,0.99
2026-02-07,2026-02-07T00:00:00Z,1.14
2026-02-08,2026-02-08T00:00:00Z,1.47
2026-02-09,2026-02-09T00:00:00Z,0.74
2026-02-10,2026-02-10T00:00:00Z,1.6
2026-02-11,2026-02-11T00:00:00Z,1.54
2026-02-12,2026-02-12T00:00:00Z,1.44
2026-02-13,2026-02-13T00:00:00Z,1.55
2026-02-14,2026-02-14T00:00:00Z,2.28
2026-02-15,2026-02-15T00:00:00Z,2.97
2026-02-16,2026-02-16T00:00:00Z,2.75
2026-02-17,2026-02-17T00:00:00Z,2.75
2026-02-18,2026-02-18T00:00:00Z,3.01
2026-02-19,2026-02-19T00:00:00Z,2.34
2026-02-20,2026-02-20T00:00:00Z,1.53
2026-02-21,2026-02-21T00:00:00Z,1.75
2026-02-22,2026-02-22T00:00:00Z,1.89
2026-02-23,2026-02-23T00:00:00Z,2.0
2026-02-24,2026-02-24T00:00:00Z,1.33
2026-02-25,2026-02-25T00:00:00Z,-0.18
2026-02-26,2026-02-26T00:00:00Z,1.09
2026-02-27,2026-02-27T00:00:00Z,1.87
2026-02-28,2026-02-28T00:00:00Z,1.27
2026-03-01,2026-03-01T00:00:00Z,1.39
2026-03-02,2026-03-02T00:00:00Z,1.43
2026-03-03,2026-03-03T00:00:00Z,0.99
2026-03-04,2026-03-04T00:00:00Z,-2.36
2026-03-05,2026-03-05T00:00:00Z,0.19
2026-03-06,2026-03-06T00:00:00Z,-0.1
2026-03-07,2026-03-07T00:00:00Z,-0.43
2026-03-08,2026-03-08T00:00:00Z,-0.18
2026-03-09,2026-03-09T00:00:00Z,-1.14
2026-03-10,2026-03-10T00:00:00Z,-0.19
2026-03-11,2026-03-11T00:00:00Z,-0.77
2026-03-12,2026-03-12T00:00:00Z,-0.88
2026-03-13,2026-03-13T00:00:00Z,-0.24
2026-03-14,2026-03-14T00:00:00Z,-1.74
2026-03-15,2026-03-15T00:00:00Z,-2.28
2026-03-16,2026-03-16T00:00:00Z,-2.15
2026-03-17,2026-03-17T00:00:00Z,-1.0
2026-03-18,2026-03-18T00:00:00Z,0.06
2026-03-19,2026-03-19T00:00:00Z,-1.22
2026-03-20,2026-03-20T00:00:00Z,0.24
2026-03-21,2026-03-21T00:00:00Z,0.1
2026-03-22,2026-03-22T00:00:00Z,-0.16
2026-03-23,2026-03-23T00:00:00Z,-1.32
2026-03-24,2026-03-24T00:00:00Z,0.34
2026-03-25,2026-03-25T00:00:00Z,-0.28
2026-03-26,2026-03-26T00:00:00Z,0.53
2026-03-27,2026-03-27T00:00:00Z,0.89
2026-03-28,2026-03-28T00:00:00Z,0.78
2026-03-29,2026-03-29T00:00:00Z,0.83
2026-03-30,2026-03-30T00:00:00Z,0.91
2026-03-31,2026-03-31T00:00:00Z,-0.17
2026-04-01,2026-04-01T00:00:00Z,0.64
2026-04-02,2026-04-02T00:00:00Z,0.48
2026-04-03,2026-04-03T00:00:00Z,0.51
2026-04-04,2026-04-04T00:00:00Z,0.38
2026-04-05,2026-04-05T00:00:00Z,0.02
2026-04-06,2026-04-06T00:00:00Z,-0.03
2026-04-07,2026-04-07T00:00:00Z,-1.2
2026-04-08,2026-04-08T00:00:00Z,-0.77
2026-04-09,2026-04-09T00:00:00Z,0.5
2026-04-10,2026-04-10T00:00:00Z,0.67
