date,timestamp_utc,Transaction Count (Total)
2018-11-24,2018-11-24T00:00:00Z,1
2018-11-25,2018-11-25T00:00:00Z,0
2018-11-26,2018-11-26T00:00:00Z,0
2018-11-27,2018-11-27T00:00:00Z,8
2018-11-28,2018-11-28T00:00:00Z,16
2018-11-29,2018-11-29T00:00:00Z,0
2018-11-30,2018-11-30T00:00:00Z,0
2018-12-01,2018-12-01T00:00:00Z,0
2018-12-02,2018-12-02T00:00:00Z,0
2018-12-03,2018-12-03T00:00:00Z,0
2018-12-04,2018-12-04T00:00:00Z,0
2018-12-05,2018-12-05T00:00:00Z,0
2018-12-06,2018-12-06T00:00:00Z,0
2018-12-07,2018-12-07T00:00:00Z,0
2018-12-08,2018-12-08T00:00:00Z,0
2018-12-09,2018-12-09T00:00:00Z,0
2018-12-10,2018-12-10T00:00:00Z,0
2018-12-11,2018-12-11T00:00:00Z,0
2018-12-12,2018-12-12T00:00:00Z,0
2018-12-13,2018-12-13T00:00:00Z,0
2018-12-14,2018-12-14T00:00:00Z,0
2018-12-15,2018-12-15T00:00:00Z,0
2018-12-16,2018-12-16T00:00:00Z,0
2018-12-17,2018-12-17T00:00:00Z,0
2018-12-18,2018-12-18T00:00:00Z,0
2018-12-19,2018-12-19T00:00:00Z,1
2018-12-20,2018-12-20T00:00:00Z,0
2018-12-21,2018-12-21T00:00:00Z,0
2018-12-22,2018-12-22T00:00:00Z,0
2018-12-23,2018-12-23T00:00:00Z,0
2018-12-24,2018-12-24T00:00:00Z,0
2018-12-25,2018-12-25T00:00:00Z,0
2018-12-26,2018-12-26T00:00:00Z,0
2018-12-27,2018-12-27T00:00:00Z,0
2018-12-28,2018-12-28T00:00:00Z,0
2018-12-29,2018-12-29T00:00:00Z,0
2018-12-30,2018-12-30T00:00:00Z,0
2018-12-31,2018-12-31T00:00:00Z,0
2019-01-01,2019-01-01T00:00:00Z,0
2019-01-02,2019-01-02T00:00:00Z,1
2019-01-03,2019-01-03T00:00:00Z,0
2019-01-04,2019-01-04T00:00:00Z,0
2019-01-05,2019-01-05T00:00:00Z,0
2019-01-06,2019-01-06T00:00:00Z,0
2019-01-07,2019-01-07T00:00:00Z,1
2019-01-08,2019-01-08T00:00:00Z,0
2019-01-09,2019-01-09T00:00:00Z,0
2019-01-10,2019-01-10T00:00:00Z,0
2019-01-11,2019-01-11T00:00:00Z,2
2019-01-12,2019-01-12T00:00:00Z,0
2019-01-13,2019-01-13T00:00:00Z,0
2019-01-14,2019-01-14T00:00:00Z,0
2019-01-15,2019-01-15T00:00:00Z,0
2019-01-16,2019-01-16T00:00:00Z,0
2019-01-17,2019-01-17T00:00:00Z,0
2019-01-18,2019-01-18T00:00:00Z,0
2019-01-19,2019-01-19T00:00:00Z,0
2019-01-20,2019-01-20T00:00:00Z,0
2019-01-21,2019-01-21T00:00:00Z,0
2019-01-22,2019-01-22T00:00:00Z,0
2019-01-23,2019-01-23T00:00:00Z,15
2019-01-24,2019-01-24T00:00:00Z,19
2019-01-25,2019-01-25T00:00:00Z,6
2019-01-26,2019-01-26T00:00:00Z,2
2019-01-27,2019-01-27T00:00:00Z,0
2019-01-28,2019-01-28T00:00:00Z,6
2019-01-29,2019-01-29T00:00:00Z,10
2019-01-30,2019-01-30T00:00:00Z,91
2019-01-31,2019-01-31T00:00:00Z,302
2019-02-01,2019-02-01T00:00:00Z,103
2019-02-02,2019-02-02T00:00:00Z,59
2019-02-03,2019-02-03T00:00:00Z,74
2019-02-04,2019-02-04T00:00:00Z,67
2019-02-05,2019-02-05T00:00:00Z,37
2019-02-06,2019-02-06T00:00:00Z,40
2019-02-07,2019-02-07T00:00:00Z,30
2019-02-08,2019-02-08T00:00:00Z,68
2019-02-09,2019-02-09T00:00:00Z,29
2019-02-10,2019-02-10T00:00:00Z,43
2019-02-11,2019-02-11T00:00:00Z,55
2019-02-12,2019-02-12T00:00:00Z,32
2019-02-13,2019-02-13T00:00:00Z,35
2019-02-14,2019-02-14T00:00:00Z,21
2019-02-15,2019-02-15T00:00:00Z,41
2019-02-16,2019-02-16T00:00:00Z,44
2019-02-17,2019-02-17T00:00:00Z,37
2019-02-18,2019-02-18T00:00:00Z,56
2019-02-19,2019-02-19T00:00:00Z,32
2019-02-20,2019-02-20T00:00:00Z,60
2019-02-21,2019-02-21T00:00:00Z,64
2019-02-22,2019-02-22T00:00:00Z,46
2019-02-23,2019-02-23T00:00:00Z,125
2019-02-24,2019-02-24T00:00:00Z,50
2019-02-25,2019-02-25T00:00:00Z,81
2019-02-26,2019-02-26T00:00:00Z,34
2019-02-27,2019-02-27T00:00:00Z,54
2019-02-28,2019-02-28T00:00:00Z,26
2019-03-01,2019-03-01T00:00:00Z,29
2019-03-02,2019-03-02T00:00:00Z,58
2019-03-03,2019-03-03T00:00:00Z,62
2019-03-04,2019-03-04T00:00:00Z,61
2019-03-05,2019-03-05T00:00:00Z,105
2019-03-06,2019-03-06T00:00:00Z,45
2019-03-07,2019-03-07T00:00:00Z,99
2019-03-08,2019-03-08T00:00:00Z,55
2019-03-09,2019-03-09T00:00:00Z,47
2019-03-10,2019-03-10T00:00:00Z,18
2019-03-11,2019-03-11T00:00:00Z,41
2019-03-12,2019-03-12T00:00:00Z,62
2019-03-13,2019-03-13T00:00:00Z,49
2019-03-14,2019-03-14T00:00:00Z,53
2019-03-15,2019-03-15T00:00:00Z,35
2019-03-16,2019-03-16T00:00:00Z,45
2019-03-17,2019-03-17T00:00:00Z,67
2019-03-18,2019-03-18T00:00:00Z,86
2019-03-19,2019-03-19T00:00:00Z,61
2019-03-20,2019-03-20T00:00:00Z,211
2019-03-21,2019-03-21T00:00:00Z,140
2019-03-22,2019-03-22T00:00:00Z,132
2019-03-23,2019-03-23T00:00:00Z,54
2019-03-24,2019-03-24T00:00:00Z,29
2019-03-25,2019-03-25T00:00:00Z,113
2019-03-26,2019-03-26T00:00:00Z,65
2019-03-27,2019-03-27T00:00:00Z,110
2019-03-28,2019-03-28T00:00:00Z,80
2019-03-29,2019-03-29T00:00:00Z,58
2019-03-30,2019-03-30T00:00:00Z,35
2019-03-31,2019-03-31T00:00:00Z,44
2019-04-01,2019-04-01T00:00:00Z,61
2019-04-02,2019-04-02T00:00:00Z,230
2019-04-03,2019-04-03T00:00:00Z,207
2019-04-04,2019-04-04T00:00:00Z,140
2019-04-05,2019-04-05T00:00:00Z,67
2019-04-06,2019-04-06T00:00:00Z,63
2019-04-07,2019-04-07T00:00:00Z,56
2019-04-08,2019-04-08T00:00:00Z,125
2019-04-09,2019-04-09T00:00:00Z,83
2019-04-10,2019-04-10T00:00:00Z,123
2019-04-11,2019-04-11T00:00:00Z,153
2019-04-12,2019-04-12T00:00:00Z,154
2019-04-13,2019-04-13T00:00:00Z,99
2019-04-14,2019-04-14T00:00:00Z,93
2019-04-15,2019-04-15T00:00:00Z,109
2019-04-16,2019-04-16T00:00:00Z,58
2019-04-17,2019-04-17T00:00:00Z,111
2019-04-18,2019-04-18T00:00:00Z,131
2019-04-19,2019-04-19T00:00:00Z,154
2019-04-20,2019-04-20T00:00:00Z,131
2019-04-21,2019-04-21T00:00:00Z,120
2019-04-22,2019-04-22T00:00:00Z,187
2019-04-23,2019-04-23T00:00:00Z,211
2019-04-24,2019-04-24T00:00:00Z,228
2019-04-25,2019-04-25T00:00:00Z,138
2019-04-26,2019-04-26T00:00:00Z,140
2019-04-27,2019-04-27T00:00:00Z,118
2019-04-28,2019-04-28T00:00:00Z,94
2019-04-29,2019-04-29T00:00:00Z,85
2019-04-30,2019-04-30T00:00:00Z,159
2019-05-01,2019-05-01T00:00:00Z,187
2019-05-02,2019-05-02T00:00:00Z,127
2019-05-03,2019-05-03T00:00:00Z,289
2019-05-04,2019-05-04T00:00:00Z,297
2019-05-05,2019-05-05T00:00:00Z,299
2019-05-06,2019-05-06T00:00:00Z,295
2019-05-07,2019-05-07T00:00:00Z,137
2019-05-08,2019-05-08T00:00:00Z,90
2019-05-09,2019-05-09T00:00:00Z,121
2019-05-10,2019-05-10T00:00:00Z,215
2019-05-11,2019-05-11T00:00:00Z,302
2019-05-12,2019-05-12T00:00:00Z,161
2019-05-13,2019-05-13T00:00:00Z,239
2019-05-14,2019-05-14T00:00:00Z,254
2019-05-15,2019-05-15T00:00:00Z,216
2019-05-16,2019-05-16T00:00:00Z,244
2019-05-17,2019-05-17T00:00:00Z,150
2019-05-18,2019-05-18T00:00:00Z,115
2019-05-19,2019-05-19T00:00:00Z,120
2019-05-20,2019-05-20T00:00:00Z,146
2019-05-21,2019-05-21T00:00:00Z,97
2019-05-22,2019-05-22T00:00:00Z,96
2019-05-23,2019-05-23T00:00:00Z,237
2019-05-24,2019-05-24T00:00:00Z,109
2019-05-25,2019-05-25T00:00:00Z,80
2019-05-26,2019-05-26T00:00:00Z,156
2019-05-27,2019-05-27T00:00:00Z,155
2019-05-28,2019-05-28T00:00:00Z,82
2019-05-29,2019-05-29T00:00:00Z,161
2019-05-30,2019-05-30T00:00:00Z,211
2019-05-31,2019-05-31T00:00:00Z,87
2019-06-01,2019-06-01T00:00:00Z,82
2019-06-02,2019-06-02T00:00:00Z,98
2019-06-03,2019-06-03T00:00:00Z,99
2019-06-04,2019-06-04T00:00:00Z,148
2019-06-05,2019-06-05T00:00:00Z,156
2019-06-06,2019-06-06T00:00:00Z,66
2019-06-07,2019-06-07T00:00:00Z,78
2019-06-08,2019-06-08T00:00:00Z,54
2019-06-09,2019-06-09T00:00:00Z,115
2019-06-10,2019-06-10T00:00:00Z,71
2019-06-11,2019-06-11T00:00:00Z,142
2019-06-12,2019-06-12T00:00:00Z,192
2019-06-13,2019-06-13T00:00:00Z,159
2019-06-14,2019-06-14T00:00:00Z,212
2019-06-15,2019-06-15T00:00:00Z,198
2019-06-16,2019-06-16T00:00:00Z,354
2019-06-17,2019-06-17T00:00:00Z,183
2019-06-18,2019-06-18T00:00:00Z,161
2019-06-19,2019-06-19T00:00:00Z,118
2019-06-20,2019-06-20T00:00:00Z,158
2019-06-21,2019-06-21T00:00:00Z,251
2019-06-22,2019-06-22T00:00:00Z,499
2019-06-23,2019-06-23T00:00:00Z,271
2019-06-24,2019-06-24T00:00:00Z,254
2019-06-25,2019-06-25T00:00:00Z,224
2019-06-26,2019-06-26T00:00:00Z,711
2019-06-27,2019-06-27T00:00:00Z,549
2019-06-28,2019-06-28T00:00:00Z,452
2019-06-29,2019-06-29T00:00:00Z,237
2019-06-30,2019-06-30T00:00:00Z,228
2019-07-01,2019-07-01T00:00:00Z,204
2019-07-02,2019-07-02T00:00:00Z,282
2019-07-03,2019-07-03T00:00:00Z,375
2019-07-04,2019-07-04T00:00:00Z,453
2019-07-05,2019-07-05T00:00:00Z,338
2019-07-06,2019-07-06T00:00:00Z,221
2019-07-07,2019-07-07T00:00:00Z,188
2019-07-08,2019-07-08T00:00:00Z,260
2019-07-09,2019-07-09T00:00:00Z,502
2019-07-10,2019-07-10T00:00:00Z,707
2019-07-11,2019-07-11T00:00:00Z,554
2019-07-12,2019-07-12T00:00:00Z,382
2019-07-13,2019-07-13T00:00:00Z,415
2019-07-14,2019-07-14T00:00:00Z,432
2019-07-15,2019-07-15T00:00:00Z,627
2019-07-16,2019-07-16T00:00:00Z,622
2019-07-17,2019-07-17T00:00:00Z,784
2019-07-18,2019-07-18T00:00:00Z,634
2019-07-19,2019-07-19T00:00:00Z,239
2019-07-20,2019-07-20T00:00:00Z,345
2019-07-21,2019-07-21T00:00:00Z,264
2019-07-22,2019-07-22T00:00:00Z,226
2019-07-23,2019-07-23T00:00:00Z,361
2019-07-24,2019-07-24T00:00:00Z,543
2019-07-25,2019-07-25T00:00:00Z,294
2019-07-26,2019-07-26T00:00:00Z,262
2019-07-27,2019-07-27T00:00:00Z,257
2019-07-28,2019-07-28T00:00:00Z,289
2019-07-29,2019-07-29T00:00:00Z,201
2019-07-30,2019-07-30T00:00:00Z,216
2019-07-31,2019-07-31T00:00:00Z,315
2019-08-01,2019-08-01T00:00:00Z,327
2019-08-02,2019-08-02T00:00:00Z,311
2019-08-03,2019-08-03T00:00:00Z,318
2019-08-04,2019-08-04T00:00:00Z,274
2019-08-05,2019-08-05T00:00:00Z,903
2019-08-06,2019-08-06T00:00:00Z,694
2019-08-07,2019-08-07T00:00:00Z,523
2019-08-08,2019-08-08T00:00:00Z,387
2019-08-09,2019-08-09T00:00:00Z,552
2019-08-10,2019-08-10T00:00:00Z,421
2019-08-11,2019-08-11T00:00:00Z,624
2019-08-12,2019-08-12T00:00:00Z,273
2019-08-13,2019-08-13T00:00:00Z,402
2019-08-14,2019-08-14T00:00:00Z,861
2019-08-15,2019-08-15T00:00:00Z,598
2019-08-16,2019-08-16T00:00:00Z,580
2019-08-17,2019-08-17T00:00:00Z,277
2019-08-18,2019-08-18T00:00:00Z,410
2019-08-19,2019-08-19T00:00:00Z,235
2019-08-20,2019-08-20T00:00:00Z,252
2019-08-21,2019-08-21T00:00:00Z,392
2019-08-22,2019-08-22T00:00:00Z,330
2019-08-23,2019-08-23T00:00:00Z,263
2019-08-24,2019-08-24T00:00:00Z,306
2019-08-25,2019-08-25T00:00:00Z,234
2019-08-26,2019-08-26T00:00:00Z,166
2019-08-27,2019-08-27T00:00:00Z,230
2019-08-28,2019-08-28T00:00:00Z,508
2019-08-29,2019-08-29T00:00:00Z,434
2019-08-30,2019-08-30T00:00:00Z,292
2019-08-31,2019-08-31T00:00:00Z,150
2019-09-01,2019-09-01T00:00:00Z,101
2019-09-02,2019-09-02T00:00:00Z,320
2019-09-03,2019-09-03T00:00:00Z,358
2019-09-04,2019-09-04T00:00:00Z,170
2019-09-05,2019-09-05T00:00:00Z,292
2019-09-06,2019-09-06T00:00:00Z,403
2019-09-07,2019-09-07T00:00:00Z,246
2019-09-08,2019-09-08T00:00:00Z,311
2019-09-09,2019-09-09T00:00:00Z,181
2019-09-10,2019-09-10T00:00:00Z,126
2019-09-11,2019-09-11T00:00:00Z,182
2019-09-12,2019-09-12T00:00:00Z,192
2019-09-13,2019-09-13T00:00:00Z,133
2019-09-14,2019-09-14T00:00:00Z,166
2019-09-15,2019-09-15T00:00:00Z,229
2019-09-16,2019-09-16T00:00:00Z,291
2019-09-17,2019-09-17T00:00:00Z,484
2019-09-18,2019-09-18T00:00:00Z,279
2019-09-19,2019-09-19T00:00:00Z,421
2019-09-20,2019-09-20T00:00:00Z,207
2019-09-21,2019-09-21T00:00:00Z,212
2019-09-22,2019-09-22T00:00:00Z,204
2019-09-23,2019-09-23T00:00:00Z,258
2019-09-24,2019-09-24T00:00:00Z,714
2019-09-25,2019-09-25T00:00:00Z,525
2019-09-26,2019-09-26T00:00:00Z,372
2019-09-27,2019-09-27T00:00:00Z,458
2019-09-28,2019-09-28T00:00:00Z,465
2019-09-29,2019-09-29T00:00:00Z,256
2019-09-30,2019-09-30T00:00:00Z,276
2019-10-01,2019-10-01T00:00:00Z,364
2019-10-02,2019-10-02T00:00:00Z,360
2019-10-03,2019-10-03T00:00:00Z,274
2019-10-04,2019-10-04T00:00:00Z,359
2019-10-05,2019-10-05T00:00:00Z,168
2019-10-06,2019-10-06T00:00:00Z,211
2019-10-07,2019-10-07T00:00:00Z,338
2019-10-08,2019-10-08T00:00:00Z,254
2019-10-09,2019-10-09T00:00:00Z,547
2019-10-10,2019-10-10T00:00:00Z,347
2019-10-11,2019-10-11T00:00:00Z,220
2019-10-12,2019-10-12T00:00:00Z,146
2019-10-13,2019-10-13T00:00:00Z,173
2019-10-14,2019-10-14T00:00:00Z,230
2019-10-15,2019-10-15T00:00:00Z,181
2019-10-16,2019-10-16T00:00:00Z,244
2019-10-17,2019-10-17T00:00:00Z,139
2019-10-18,2019-10-18T00:00:00Z,238
2019-10-19,2019-10-19T00:00:00Z,177
2019-10-20,2019-10-20T00:00:00Z,163
2019-10-21,2019-10-21T00:00:00Z,292
2019-10-22,2019-10-22T00:00:00Z,183
2019-10-23,2019-10-23T00:00:00Z,467
2019-10-24,2019-10-24T00:00:00Z,310
2019-10-25,2019-10-25T00:00:00Z,621
2019-10-26,2019-10-26T00:00:00Z,971
2019-10-27,2019-10-27T00:00:00Z,450
2019-10-28,2019-10-28T00:00:00Z,330
2019-10-29,2019-10-29T00:00:00Z,271
2019-10-30,2019-10-30T00:00:00Z,202
2019-10-31,2019-10-31T00:00:00Z,284
2019-11-01,2019-11-01T00:00:00Z,368
2019-11-02,2019-11-02T00:00:00Z,146
2019-11-03,2019-11-03T00:00:00Z,201
2019-11-04,2019-11-04T00:00:00Z,197
2019-11-05,2019-11-05T00:00:00Z,169
2019-11-06,2019-11-06T00:00:00Z,361
2019-11-07,2019-11-07T00:00:00Z,152
2019-11-08,2019-11-08T00:00:00Z,323
2019-11-09,2019-11-09T00:00:00Z,239
2019-11-10,2019-11-10T00:00:00Z,243
2019-11-11,2019-11-11T00:00:00Z,213
2019-11-12,2019-11-12T00:00:00Z,278
2019-11-13,2019-11-13T00:00:00Z,248
2019-11-14,2019-11-14T00:00:00Z,281
2019-11-15,2019-11-15T00:00:00Z,199
2019-11-16,2019-11-16T00:00:00Z,202
2019-11-17,2019-11-17T00:00:00Z,218
2019-11-18,2019-11-18T00:00:00Z,397
2019-11-19,2019-11-19T00:00:00Z,324
2019-11-20,2019-11-20T00:00:00Z,280
2019-11-21,2019-11-21T00:00:00Z,593
2019-11-22,2019-11-22T00:00:00Z,711
2019-11-23,2019-11-23T00:00:00Z,397
2019-11-24,2019-11-24T00:00:00Z,435
2019-11-25,2019-11-25T00:00:00Z,594
2019-11-26,2019-11-26T00:00:00Z,302
2019-11-27,2019-11-27T00:00:00Z,300
2019-11-28,2019-11-28T00:00:00Z,288
2019-11-29,2019-11-29T00:00:00Z,283
2019-11-30,2019-11-30T00:00:00Z,261
2019-12-01,2019-12-01T00:00:00Z,255
2019-12-02,2019-12-02T00:00:00Z,192
2019-12-03,2019-12-03T00:00:00Z,95
2019-12-04,2019-12-04T00:00:00Z,311
2019-12-05,2019-12-05T00:00:00Z,340
2019-12-06,2019-12-06T00:00:00Z,326
2019-12-07,2019-12-07T00:00:00Z,177
2019-12-08,2019-12-08T00:00:00Z,220
2019-12-09,2019-12-09T00:00:00Z,241
2019-12-10,2019-12-10T00:00:00Z,284
2019-12-11,2019-12-11T00:00:00Z,280
2019-12-12,2019-12-12T00:00:00Z,208
2019-12-13,2019-12-13T00:00:00Z,209
2019-12-14,2019-12-14T00:00:00Z,190
2019-12-15,2019-12-15T00:00:00Z,166
2019-12-16,2019-12-16T00:00:00Z,398
2019-12-17,2019-12-17T00:00:00Z,713
2019-12-18,2019-12-18T00:00:00Z,513
2019-12-19,2019-12-19T00:00:00Z,435
2019-12-20,2019-12-20T00:00:00Z,182
2019-12-21,2019-12-21T00:00:00Z,140
2019-12-22,2019-12-22T00:00:00Z,306
2019-12-23,2019-12-23T00:00:00Z,439
2019-12-24,2019-12-24T00:00:00Z,350
2019-12-25,2019-12-25T00:00:00Z,207
2019-12-26,2019-12-26T00:00:00Z,216
2019-12-27,2019-12-27T00:00:00Z,176
2019-12-28,2019-12-28T00:00:00Z,210
2019-12-29,2019-12-29T00:00:00Z,313
2019-12-30,2019-12-30T00:00:00Z,391
2019-12-31,2019-12-31T00:00:00Z,232
2020-01-01,2020-01-01T00:00:00Z,426
2020-01-02,2020-01-02T00:00:00Z,433
2020-01-03,2020-01-03T00:00:00Z,309
2020-01-04,2020-01-04T00:00:00Z,207
2020-01-05,2020-01-05T00:00:00Z,444
2020-01-06,2020-01-06T00:00:00Z,474
2020-01-07,2020-01-07T00:00:00Z,768
2020-01-08,2020-01-08T00:00:00Z,951
2020-01-09,2020-01-09T00:00:00Z,369
2020-01-10,2020-01-10T00:00:00Z,330
2020-01-11,2020-01-11T00:00:00Z,553
2020-01-12,2020-01-12T00:00:00Z,321
2020-01-13,2020-01-13T00:00:00Z,255
2020-01-14,2020-01-14T00:00:00Z,1030
2020-01-15,2020-01-15T00:00:00Z,719
2020-01-16,2020-01-16T00:00:00Z,650
2020-01-17,2020-01-17T00:00:00Z,643
2020-01-18,2020-01-18T00:00:00Z,554
2020-01-19,2020-01-19T00:00:00Z,799
2020-01-20,2020-01-20T00:00:00Z,449
2020-01-21,2020-01-21T00:00:00Z,734
2020-01-22,2020-01-22T00:00:00Z,529
2020-01-23,2020-01-23T00:00:00Z,555
2020-01-24,2020-01-24T00:00:00Z,492
2020-01-25,2020-01-25T00:00:00Z,321
2020-01-26,2020-01-26T00:00:00Z,257
2020-01-27,2020-01-27T00:00:00Z,535
2020-01-28,2020-01-28T00:00:00Z,677
2020-01-29,2020-01-29T00:00:00Z,781
2020-01-30,2020-01-30T00:00:00Z,581
2020-01-31,2020-01-31T00:00:00Z,581
2020-02-01,2020-02-01T00:00:00Z,566
2020-02-02,2020-02-02T00:00:00Z,684
2020-02-03,2020-02-03T00:00:00Z,555
2020-02-04,2020-02-04T00:00:00Z,469
2020-02-05,2020-02-05T00:00:00Z,846
2020-02-06,2020-02-06T00:00:00Z,637
2020-02-07,2020-02-07T00:00:00Z,745
2020-02-08,2020-02-08T00:00:00Z,748
2020-02-09,2020-02-09T00:00:00Z,680
2020-02-10,2020-02-10T00:00:00Z,615
2020-02-11,2020-02-11T00:00:00Z,680
2020-02-12,2020-02-12T00:00:00Z,1402
2020-02-13,2020-02-13T00:00:00Z,1124
2020-02-14,2020-02-14T00:00:00Z,1015
2020-02-15,2020-02-15T00:00:00Z,1773
2020-02-16,2020-02-16T00:00:00Z,1996
2020-02-17,2020-02-17T00:00:00Z,1324
2020-02-18,2020-02-18T00:00:00Z,695
2020-02-19,2020-02-19T00:00:00Z,533
2020-02-20,2020-02-20T00:00:00Z,698
2020-02-21,2020-02-21T00:00:00Z,314
2020-02-22,2020-02-22T00:00:00Z,523
2020-02-23,2020-02-23T00:00:00Z,331
2020-02-24,2020-02-24T00:00:00Z,462
2020-02-25,2020-02-25T00:00:00Z,483
2020-02-26,2020-02-26T00:00:00Z,766
2020-02-27,2020-02-27T00:00:00Z,1073
2020-02-28,2020-02-28T00:00:00Z,617
2020-02-29,2020-02-29T00:00:00Z,497
2020-03-01,2020-03-01T00:00:00Z,399
2020-03-02,2020-03-02T00:00:00Z,373
2020-03-03,2020-03-03T00:00:00Z,464
2020-03-04,2020-03-04T00:00:00Z,533
2020-03-05,2020-03-05T00:00:00Z,801
2020-03-06,2020-03-06T00:00:00Z,332
2020-03-07,2020-03-07T00:00:00Z,455
2020-03-08,2020-03-08T00:00:00Z,913
2020-03-09,2020-03-09T00:00:00Z,1130
2020-03-10,2020-03-10T00:00:00Z,514
2020-03-11,2020-03-11T00:00:00Z,595
2020-03-12,2020-03-12T00:00:00Z,1547
2020-03-13,2020-03-13T00:00:00Z,1422
2020-03-14,2020-03-14T00:00:00Z,1178
2020-03-15,2020-03-15T00:00:00Z,831
2020-03-16,2020-03-16T00:00:00Z,2186
2020-03-17,2020-03-17T00:00:00Z,1205
2020-03-18,2020-03-18T00:00:00Z,683
2020-03-19,2020-03-19T00:00:00Z,968
2020-03-20,2020-03-20T00:00:00Z,982
2020-03-21,2020-03-21T00:00:00Z,375
2020-03-22,2020-03-22T00:00:00Z,508
2020-03-23,2020-03-23T00:00:00Z,563
2020-03-24,2020-03-24T00:00:00Z,538
2020-03-25,2020-03-25T00:00:00Z,415
2020-03-26,2020-03-26T00:00:00Z,673
2020-03-27,2020-03-27T00:00:00Z,483
2020-03-28,2020-03-28T00:00:00Z,523
2020-03-29,2020-03-29T00:00:00Z,289
2020-03-30,2020-03-30T00:00:00Z,567
2020-03-31,2020-03-31T00:00:00Z,370
2020-04-01,2020-04-01T00:00:00Z,590
2020-04-02,2020-04-02T00:00:00Z,721
2020-04-03,2020-04-03T00:00:00Z,1085
2020-04-04,2020-04-04T00:00:00Z,380
2020-04-05,2020-04-05T00:00:00Z,260
2020-04-06,2020-04-06T00:00:00Z,1717
2020-04-07,2020-04-07T00:00:00Z,1847
2020-04-08,2020-04-08T00:00:00Z,1281
2020-04-09,2020-04-09T00:00:00Z,942
2020-04-10,2020-04-10T00:00:00Z,1573
2020-04-11,2020-04-11T00:00:00Z,829
2020-04-12,2020-04-12T00:00:00Z,1063
2020-04-13,2020-04-13T00:00:00Z,1390
2020-04-14,2020-04-14T00:00:00Z,920
2020-04-15,2020-04-15T00:00:00Z,990
2020-04-16,2020-04-16T00:00:00Z,1886
2020-04-17,2020-04-17T00:00:00Z,941
2020-04-18,2020-04-18T00:00:00Z,917
2020-04-19,2020-04-19T00:00:00Z,851
2020-04-20,2020-04-20T00:00:00Z,1272
2020-04-21,2020-04-21T00:00:00Z,928
2020-04-22,2020-04-22T00:00:00Z,732
2020-04-23,2020-04-23T00:00:00Z,1698
2020-04-24,2020-04-24T00:00:00Z,856
2020-04-25,2020-04-25T00:00:00Z,432
2020-04-26,2020-04-26T00:00:00Z,846
2020-04-27,2020-04-27T00:00:00Z,993
2020-04-28,2020-04-28T00:00:00Z,700
2020-04-29,2020-04-29T00:00:00Z,2680
2020-04-30,2020-04-30T00:00:00Z,3644
2020-05-01,2020-05-01T00:00:00Z,1898
2020-05-02,2020-05-02T00:00:00Z,1080
2020-05-03,2020-05-03T00:00:00Z,2199
2020-05-04,2020-05-04T00:00:00Z,2025
2020-05-05,2020-05-05T00:00:00Z,1415
2020-05-06,2020-05-06T00:00:00Z,1968
2020-05-07,2020-05-07T00:00:00Z,2886
2020-05-08,2020-05-08T00:00:00Z,1927
2020-05-09,2020-05-09T00:00:00Z,1775
2020-05-10,2020-05-10T00:00:00Z,3261
2020-05-11,2020-05-11T00:00:00Z,1257
2020-05-12,2020-05-12T00:00:00Z,621
2020-05-13,2020-05-13T00:00:00Z,820
2020-05-14,2020-05-14T00:00:00Z,902
2020-05-15,2020-05-15T00:00:00Z,797
2020-05-16,2020-05-16T00:00:00Z,576
2020-05-17,2020-05-17T00:00:00Z,685
2020-05-18,2020-05-18T00:00:00Z,838
2020-05-19,2020-05-19T00:00:00Z,1011
2020-05-20,2020-05-20T00:00:00Z,1004
2020-05-21,2020-05-21T00:00:00Z,782
2020-05-22,2020-05-22T00:00:00Z,915
2020-05-23,2020-05-23T00:00:00Z,717
2020-05-24,2020-05-24T00:00:00Z,820
2020-05-25,2020-05-25T00:00:00Z,736
2020-05-26,2020-05-26T00:00:00Z,586
2020-05-27,2020-05-27T00:00:00Z,615
2020-05-28,2020-05-28T00:00:00Z,773
2020-05-29,2020-05-29T00:00:00Z,1194
2020-05-30,2020-05-30T00:00:00Z,1049
2020-05-31,2020-05-31T00:00:00Z,824
2020-06-01,2020-06-01T00:00:00Z,1072
2020-06-02,2020-06-02T00:00:00Z,1288
2020-06-03,2020-06-03T00:00:00Z,756
2020-06-04,2020-06-04T00:00:00Z,995
2020-06-05,2020-06-05T00:00:00Z,1004
2020-06-06,2020-06-06T00:00:00Z,911
2020-06-07,2020-06-07T00:00:00Z,802
2020-06-08,2020-06-08T00:00:00Z,823
2020-06-09,2020-06-09T00:00:00Z,631
2020-06-10,2020-06-10T00:00:00Z,741
2020-06-11,2020-06-11T00:00:00Z,1233
2020-06-12,2020-06-12T00:00:00Z,885
2020-06-13,2020-06-13T00:00:00Z,625
2020-06-14,2020-06-14T00:00:00Z,716
2020-06-15,2020-06-15T00:00:00Z,950
2020-06-16,2020-06-16T00:00:00Z,833
2020-06-17,2020-06-17T00:00:00Z,786
2020-06-18,2020-06-18T00:00:00Z,744
2020-06-19,2020-06-19T00:00:00Z,2313
2020-06-20,2020-06-20T00:00:00Z,1973
2020-06-21,2020-06-21T00:00:00Z,3486
2020-06-22,2020-06-22T00:00:00Z,6286
2020-06-23,2020-06-23T00:00:00Z,3320
2020-06-24,2020-06-24T00:00:00Z,2791
2020-06-25,2020-06-25T00:00:00Z,2623
2020-06-26,2020-06-26T00:00:00Z,2702
2020-06-27,2020-06-27T00:00:00Z,2898
2020-06-28,2020-06-28T00:00:00Z,2074
2020-06-29,2020-06-29T00:00:00Z,1541
2020-06-30,2020-06-30T00:00:00Z,1406
2020-07-01,2020-07-01T00:00:00Z,1604
2020-07-02,2020-07-02T00:00:00Z,1953
2020-07-03,2020-07-03T00:00:00Z,1779
2020-07-04,2020-07-04T00:00:00Z,1627
2020-07-05,2020-07-05T00:00:00Z,1900
2020-07-06,2020-07-06T00:00:00Z,1809
2020-07-07,2020-07-07T00:00:00Z,1503
2020-07-08,2020-07-08T00:00:00Z,1569
2020-07-09,2020-07-09T00:00:00Z,1256
2020-07-10,2020-07-10T00:00:00Z,1078
2020-07-11,2020-07-11T00:00:00Z,1322
2020-07-12,2020-07-12T00:00:00Z,1473
2020-07-13,2020-07-13T00:00:00Z,1130
2020-07-14,2020-07-14T00:00:00Z,949
2020-07-15,2020-07-15T00:00:00Z,971
2020-07-16,2020-07-16T00:00:00Z,1108
2020-07-17,2020-07-17T00:00:00Z,930
2020-07-18,2020-07-18T00:00:00Z,1135
2020-07-19,2020-07-19T00:00:00Z,1479
2020-07-20,2020-07-20T00:00:00Z,1528
2020-07-21,2020-07-21T00:00:00Z,1119
2020-07-22,2020-07-22T00:00:00Z,1418
2020-07-23,2020-07-23T00:00:00Z,1448
2020-07-24,2020-07-24T00:00:00Z,1288
2020-07-25,2020-07-25T00:00:00Z,1833
2020-07-26,2020-07-26T00:00:00Z,2372
2020-07-27,2020-07-27T00:00:00Z,2982
2020-07-28,2020-07-28T00:00:00Z,2400
2020-07-29,2020-07-29T00:00:00Z,2048
2020-07-30,2020-07-30T00:00:00Z,1764
2020-07-31,2020-07-31T00:00:00Z,1127
2020-08-01,2020-08-01T00:00:00Z,1706
2020-08-02,2020-08-02T00:00:00Z,1958
2020-08-03,2020-08-03T00:00:00Z,1292
2020-08-04,2020-08-04T00:00:00Z,1367
2020-08-05,2020-08-05T00:00:00Z,1379
2020-08-06,2020-08-06T00:00:00Z,1851
2020-08-07,2020-08-07T00:00:00Z,1356
2020-08-08,2020-08-08T00:00:00Z,1344
2020-08-09,2020-08-09T00:00:00Z,1624
2020-08-10,2020-08-10T00:00:00Z,1954
2020-08-11,2020-08-11T00:00:00Z,1303
2020-08-12,2020-08-12T00:00:00Z,1084
2020-08-13,2020-08-13T00:00:00Z,1312
2020-08-14,2020-08-14T00:00:00Z,2619
2020-08-15,2020-08-15T00:00:00Z,2762
2020-08-16,2020-08-16T00:00:00Z,2927
2020-08-17,2020-08-17T00:00:00Z,2941
2020-08-18,2020-08-18T00:00:00Z,2181
2020-08-19,2020-08-19T00:00:00Z,2694
2020-08-20,2020-08-20T00:00:00Z,2298
2020-08-21,2020-08-21T00:00:00Z,2075
2020-08-22,2020-08-22T00:00:00Z,3087
2020-08-23,2020-08-23T00:00:00Z,3262
2020-08-24,2020-08-24T00:00:00Z,2441
2020-08-25,2020-08-25T00:00:00Z,2357
2020-08-26,2020-08-26T00:00:00Z,3105
2020-08-27,2020-08-27T00:00:00Z,3073
2020-08-28,2020-08-28T00:00:00Z,2972
2020-08-29,2020-08-29T00:00:00Z,2950
2020-08-30,2020-08-30T00:00:00Z,4518
2020-08-31,2020-08-31T00:00:00Z,3916
2020-09-01,2020-09-01T00:00:00Z,3705
2020-09-02,2020-09-02T00:00:00Z,2257
2020-09-03,2020-09-03T00:00:00Z,3232
2020-09-04,2020-09-04T00:00:00Z,2676
2020-09-05,2020-09-05T00:00:00Z,4277
2020-09-06,2020-09-06T00:00:00Z,3477
2020-09-07,2020-09-07T00:00:00Z,3989
2020-09-08,2020-09-08T00:00:00Z,4342
2020-09-09,2020-09-09T00:00:00Z,4280
2020-09-10,2020-09-10T00:00:00Z,6364
2020-09-11,2020-09-11T00:00:00Z,4751
2020-09-12,2020-09-12T00:00:00Z,4616
2020-09-13,2020-09-13T00:00:00Z,3768
2020-09-14,2020-09-14T00:00:00Z,2939
2020-09-15,2020-09-15T00:00:00Z,3156
2020-09-16,2020-09-16T00:00:00Z,4489
2020-09-17,2020-09-17T00:00:00Z,9257
2020-09-18,2020-09-18T00:00:00Z,10335
2020-09-19,2020-09-19T00:00:00Z,7761
2020-09-20,2020-09-20T00:00:00Z,5520
2020-09-21,2020-09-21T00:00:00Z,5129
2020-09-22,2020-09-22T00:00:00Z,3967
2020-09-23,2020-09-23T00:00:00Z,5076
2020-09-24,2020-09-24T00:00:00Z,4998
2020-09-25,2020-09-25T00:00:00Z,5912
2020-09-26,2020-09-26T00:00:00Z,4616
2020-09-27,2020-09-27T00:00:00Z,3960
2020-09-28,2020-09-28T00:00:00Z,4378
2020-09-29,2020-09-29T00:00:00Z,3650
2020-09-30,2020-09-30T00:00:00Z,3678
2020-10-01,2020-10-01T00:00:00Z,3982
2020-10-02,2020-10-02T00:00:00Z,4009
2020-10-03,2020-10-03T00:00:00Z,3207
2020-10-04,2020-10-04T00:00:00Z,2925
2020-10-05,2020-10-05T00:00:00Z,3566
2020-10-06,2020-10-06T00:00:00Z,3687
2020-10-07,2020-10-07T00:00:00Z,3319
2020-10-08,2020-10-08T00:00:00Z,3655
2020-10-09,2020-10-09T00:00:00Z,4512
2020-10-10,2020-10-10T00:00:00Z,4058
2020-10-11,2020-10-11T00:00:00Z,3676
2020-10-12,2020-10-12T00:00:00Z,4196
2020-10-13,2020-10-13T00:00:00Z,3288
2020-10-14,2020-10-14T00:00:00Z,3558
2020-10-15,2020-10-15T00:00:00Z,3500
2020-10-16,2020-10-16T00:00:00Z,5724
2020-10-17,2020-10-17T00:00:00Z,4901
2020-10-18,2020-10-18T00:00:00Z,4595
2020-10-19,2020-10-19T00:00:00Z,4754
2020-10-20,2020-10-20T00:00:00Z,7796
2020-10-21,2020-10-21T00:00:00Z,8711
2020-10-22,2020-10-22T00:00:00Z,6520
2020-10-23,2020-10-23T00:00:00Z,4676
2020-10-24,2020-10-24T00:00:00Z,4633
2020-10-25,2020-10-25T00:00:00Z,4451
2020-10-26,2020-10-26T00:00:00Z,5909
2020-10-27,2020-10-27T00:00:00Z,5677
2020-10-28,2020-10-28T00:00:00Z,6401
2020-10-29,2020-10-29T00:00:00Z,5876
2020-10-30,2020-10-30T00:00:00Z,6313
2020-10-31,2020-10-31T00:00:00Z,4851
2020-11-01,2020-11-01T00:00:00Z,4920
2020-11-02,2020-11-02T00:00:00Z,5040
2020-11-03,2020-11-03T00:00:00Z,5200
2020-11-04,2020-11-04T00:00:00Z,5619
2020-11-05,2020-11-05T00:00:00Z,9075
2020-11-06,2020-11-06T00:00:00Z,7614
2020-11-07,2020-11-07T00:00:00Z,6784
2020-11-08,2020-11-08T00:00:00Z,4826
2020-11-09,2020-11-09T00:00:00Z,4684
2020-11-10,2020-11-10T00:00:00Z,4724
2020-11-11,2020-11-11T00:00:00Z,5393
2020-11-12,2020-11-12T00:00:00Z,5396
2020-11-13,2020-11-13T00:00:00Z,5074
2020-11-14,2020-11-14T00:00:00Z,4885
2020-11-15,2020-11-15T00:00:00Z,4772
2020-11-16,2020-11-16T00:00:00Z,6425
2020-11-17,2020-11-17T00:00:00Z,9297
2020-11-18,2020-11-18T00:00:00Z,11070
2020-11-19,2020-11-19T00:00:00Z,7261
2020-11-20,2020-11-20T00:00:00Z,7029
2020-11-21,2020-11-21T00:00:00Z,6718
2020-11-22,2020-11-22T00:00:00Z,7167
2020-11-23,2020-11-23T00:00:00Z,6070
2020-11-24,2020-11-24T00:00:00Z,7238
2020-11-25,2020-11-25T00:00:00Z,5822
2020-11-26,2020-11-26T00:00:00Z,8264
2020-11-27,2020-11-27T00:00:00Z,5196
2020-11-28,2020-11-28T00:00:00Z,4771
2020-11-29,2020-11-29T00:00:00Z,4806
2020-11-30,2020-11-30T00:00:00Z,5343
2020-12-01,2020-12-01T00:00:00Z,5035
2020-12-02,2020-12-02T00:00:00Z,5399
2020-12-03,2020-12-03T00:00:00Z,7643
2020-12-04,2020-12-04T00:00:00Z,11313
2020-12-05,2020-12-05T00:00:00Z,6207
2020-12-06,2020-12-06T00:00:00Z,8755
2020-12-07,2020-12-07T00:00:00Z,6313
2020-12-08,2020-12-08T00:00:00Z,5875
2020-12-09,2020-12-09T00:00:00Z,5329
2020-12-10,2020-12-10T00:00:00Z,5001
2020-12-11,2020-12-11T00:00:00Z,5086
2020-12-12,2020-12-12T00:00:00Z,4918
2020-12-13,2020-12-13T00:00:00Z,5739
2020-12-14,2020-12-14T00:00:00Z,4800
2020-12-15,2020-12-15T00:00:00Z,4923
2020-12-16,2020-12-16T00:00:00Z,6743
2020-12-17,2020-12-17T00:00:00Z,7770
2020-12-18,2020-12-18T00:00:00Z,5759
2020-12-19,2020-12-19T00:00:00Z,5833
2020-12-20,2020-12-20T00:00:00Z,6131
2020-12-21,2020-12-21T00:00:00Z,5715
2020-12-22,2020-12-22T00:00:00Z,5486
2020-12-23,2020-12-23T00:00:00Z,5726
2020-12-24,2020-12-24T00:00:00Z,5796
2020-12-25,2020-12-25T00:00:00Z,8253
2020-12-26,2020-12-26T00:00:00Z,12298
2020-12-27,2020-12-27T00:00:00Z,13518
2020-12-28,2020-12-28T00:00:00Z,8350
2020-12-29,2020-12-29T00:00:00Z,8232
2020-12-30,2020-12-30T00:00:00Z,8385
2020-12-31,2020-12-31T00:00:00Z,6886
2021-01-01,2021-01-01T00:00:00Z,7154
2021-01-02,2021-01-02T00:00:00Z,10760
2021-01-03,2021-01-03T00:00:00Z,10846
2021-01-04,2021-01-04T00:00:00Z,8825
2021-01-05,2021-01-05T00:00:00Z,7056
2021-01-06,2021-01-06T00:00:00Z,7491
2021-01-07,2021-01-07T00:00:00Z,8121
2021-01-08,2021-01-08T00:00:00Z,8767
2021-01-09,2021-01-09T00:00:00Z,7888
2021-01-10,2021-01-10T00:00:00Z,9225
2021-01-11,2021-01-11T00:00:00Z,10641
2021-01-12,2021-01-12T00:00:00Z,8197
2021-01-13,2021-01-13T00:00:00Z,7492
2021-01-14,2021-01-14T00:00:00Z,7334
2021-01-15,2021-01-15T00:00:00Z,7200
2021-01-16,2021-01-16T00:00:00Z,6869
2021-01-17,2021-01-17T00:00:00Z,6779
2021-01-18,2021-01-18T00:00:00Z,6794
2021-01-19,2021-01-19T00:00:00Z,9899
2021-01-20,2021-01-20T00:00:00Z,8248
2021-01-21,2021-01-21T00:00:00Z,9695
2021-01-22,2021-01-22T00:00:00Z,10563
2021-01-23,2021-01-23T00:00:00Z,16918
2021-01-24,2021-01-24T00:00:00Z,12394
2021-01-25,2021-01-25T00:00:00Z,14551
2021-01-26,2021-01-26T00:00:00Z,13518
2021-01-27,2021-01-27T00:00:00Z,13803
2021-01-28,2021-01-28T00:00:00Z,10525
2021-01-29,2021-01-29T00:00:00Z,15137
2021-01-30,2021-01-30T00:00:00Z,9222
2021-01-31,2021-01-31T00:00:00Z,8652
2021-02-01,2021-02-01T00:00:00Z,8989
2021-02-02,2021-02-02T00:00:00Z,7685
2021-02-03,2021-02-03T00:00:00Z,8062
2021-02-04,2021-02-04T00:00:00Z,7298
2021-02-05,2021-02-05T00:00:00Z,8468
2021-02-06,2021-02-06T00:00:00Z,12965
2021-02-07,2021-02-07T00:00:00Z,9049
2021-02-08,2021-02-08T00:00:00Z,11895
2021-02-09,2021-02-09T00:00:00Z,10329
2021-02-10,2021-02-10T00:00:00Z,8519
2021-02-11,2021-02-11T00:00:00Z,8297
2021-02-12,2021-02-12T00:00:00Z,8449
2021-02-13,2021-02-13T00:00:00Z,6982
2021-02-14,2021-02-14T00:00:00Z,7838
2021-02-15,2021-02-15T00:00:00Z,7834
2021-02-16,2021-02-16T00:00:00Z,7043
2021-02-17,2021-02-17T00:00:00Z,9350
2021-02-18,2021-02-18T00:00:00Z,7315
2021-02-19,2021-02-19T00:00:00Z,9369
2021-02-20,2021-02-20T00:00:00Z,8121
2021-02-21,2021-02-21T00:00:00Z,8221
2021-02-22,2021-02-22T00:00:00Z,7321
2021-02-23,2021-02-23T00:00:00Z,9563
2021-02-24,2021-02-24T00:00:00Z,7521
2021-02-25,2021-02-25T00:00:00Z,6702
2021-02-26,2021-02-26T00:00:00Z,7916
2021-02-27,2021-02-27T00:00:00Z,7284
2021-02-28,2021-02-28T00:00:00Z,10808
2021-03-01,2021-03-01T00:00:00Z,7685
2021-03-02,2021-03-02T00:00:00Z,8552
2021-03-03,2021-03-03T00:00:00Z,7741
2021-03-04,2021-03-04T00:00:00Z,6733
2021-03-05,2021-03-05T00:00:00Z,5984
2021-03-06,2021-03-06T00:00:00Z,7289
2021-03-07,2021-03-07T00:00:00Z,9568
2021-03-08,2021-03-08T00:00:00Z,6902
2021-03-09,2021-03-09T00:00:00Z,5759
2021-03-10,2021-03-10T00:00:00Z,6014
2021-03-11,2021-03-11T00:00:00Z,5125
2021-03-12,2021-03-12T00:00:00Z,6038
2021-03-13,2021-03-13T00:00:00Z,5986
2021-03-14,2021-03-14T00:00:00Z,4364
2021-03-15,2021-03-15T00:00:00Z,4858
2021-03-16,2021-03-16T00:00:00Z,4956
2021-03-17,2021-03-17T00:00:00Z,4354
2021-03-18,2021-03-18T00:00:00Z,4196
2021-03-19,2021-03-19T00:00:00Z,4295
2021-03-20,2021-03-20T00:00:00Z,4697
2021-03-21,2021-03-21T00:00:00Z,5004
2021-03-22,2021-03-22T00:00:00Z,4201
2021-03-23,2021-03-23T00:00:00Z,5771
2021-03-24,2021-03-24T00:00:00Z,5848
2021-03-25,2021-03-25T00:00:00Z,5519
2021-03-26,2021-03-26T00:00:00Z,4971
2021-03-27,2021-03-27T00:00:00Z,4834
2021-03-28,2021-03-28T00:00:00Z,4047
2021-03-29,2021-03-29T00:00:00Z,6752
2021-03-30,2021-03-30T00:00:00Z,5126
2021-03-31,2021-03-31T00:00:00Z,4234
2021-04-01,2021-04-01T00:00:00Z,5647
2021-04-02,2021-04-02T00:00:00Z,5159
2021-04-03,2021-04-03T00:00:00Z,5518
2021-04-04,2021-04-04T00:00:00Z,4393
2021-04-05,2021-04-05T00:00:00Z,4212
2021-04-06,2021-04-06T00:00:00Z,4465
2021-04-07,2021-04-07T00:00:00Z,5085
2021-04-08,2021-04-08T00:00:00Z,4838
2021-04-09,2021-04-09T00:00:00Z,4245
2021-04-10,2021-04-10T00:00:00Z,6107
2021-04-11,2021-04-11T00:00:00Z,5157
2021-04-12,2021-04-12T00:00:00Z,4427
2021-04-13,2021-04-13T00:00:00Z,5582
2021-04-14,2021-04-14T00:00:00Z,6617
2021-04-15,2021-04-15T00:00:00Z,6608
2021-04-16,2021-04-16T00:00:00Z,4825
2021-04-17,2021-04-17T00:00:00Z,4016
2021-04-18,2021-04-18T00:00:00Z,7138
2021-04-19,2021-04-19T00:00:00Z,3986
2021-04-20,2021-04-20T00:00:00Z,3797
2021-04-21,2021-04-21T00:00:00Z,4750
2021-04-22,2021-04-22T00:00:00Z,8021
2021-04-23,2021-04-23T00:00:00Z,8943
2021-04-24,2021-04-24T00:00:00Z,6344
2021-04-25,2021-04-25T00:00:00Z,7813
2021-04-26,2021-04-26T00:00:00Z,7797
2021-04-27,2021-04-27T00:00:00Z,6369
2021-04-28,2021-04-28T00:00:00Z,8551
2021-04-29,2021-04-29T00:00:00Z,9943
2021-04-30,2021-04-30T00:00:00Z,9468
2021-05-01,2021-05-01T00:00:00Z,8512
2021-05-02,2021-05-02T00:00:00Z,7035
2021-05-03,2021-05-03T00:00:00Z,9770
2021-05-04,2021-05-04T00:00:00Z,10198
2021-05-05,2021-05-05T00:00:00Z,8458
2021-05-06,2021-05-06T00:00:00Z,7939
2021-05-07,2021-05-07T00:00:00Z,7405
2021-05-08,2021-05-08T00:00:00Z,6268
2021-05-09,2021-05-09T00:00:00Z,5498
2021-05-10,2021-05-10T00:00:00Z,6265
2021-05-11,2021-05-11T00:00:00Z,3433
2021-05-12,2021-05-12T00:00:00Z,6006
2021-05-13,2021-05-13T00:00:00Z,9684
2021-05-14,2021-05-14T00:00:00Z,6151
2021-05-15,2021-05-15T00:00:00Z,6691
2021-05-16,2021-05-16T00:00:00Z,8157
2021-05-17,2021-05-17T00:00:00Z,9779
2021-05-18,2021-05-18T00:00:00Z,7051
2021-05-19,2021-05-19T00:00:00Z,15527
2021-05-20,2021-05-20T00:00:00Z,11965
2021-05-21,2021-05-21T00:00:00Z,10919
2021-05-22,2021-05-22T00:00:00Z,11622
2021-05-23,2021-05-23T00:00:00Z,14509
2021-05-24,2021-05-24T00:00:00Z,12594
2021-05-25,2021-05-25T00:00:00Z,11073
2021-05-26,2021-05-26T00:00:00Z,10391
2021-05-27,2021-05-27T00:00:00Z,7006
2021-05-28,2021-05-28T00:00:00Z,8847
2021-05-29,2021-05-29T00:00:00Z,8696
2021-05-30,2021-05-30T00:00:00Z,6591
2021-05-31,2021-05-31T00:00:00Z,7579
2021-06-01,2021-06-01T00:00:00Z,6066
2021-06-02,2021-06-02T00:00:00Z,6112
2021-06-03,2021-06-03T00:00:00Z,5799
2021-06-04,2021-06-04T00:00:00Z,6090
2021-06-05,2021-06-05T00:00:00Z,6027
2021-06-06,2021-06-06T00:00:00Z,6021
2021-06-07,2021-06-07T00:00:00Z,7062
2021-06-08,2021-06-08T00:00:00Z,9594
2021-06-09,2021-06-09T00:00:00Z,11474
2021-06-10,2021-06-10T00:00:00Z,10561
2021-06-11,2021-06-11T00:00:00Z,10152
2021-06-12,2021-06-12T00:00:00Z,11968
2021-06-13,2021-06-13T00:00:00Z,11506
2021-06-14,2021-06-14T00:00:00Z,10699
2021-06-15,2021-06-15T00:00:00Z,9338
2021-06-16,2021-06-16T00:00:00Z,9122
2021-06-17,2021-06-17T00:00:00Z,9031
2021-06-18,2021-06-18T00:00:00Z,9898
2021-06-19,2021-06-19T00:00:00Z,9126
2021-06-20,2021-06-20T00:00:00Z,10508
2021-06-21,2021-06-21T00:00:00Z,13365
2021-06-22,2021-06-22T00:00:00Z,13327
2021-06-23,2021-06-23T00:00:00Z,12395
2021-06-24,2021-06-24T00:00:00Z,10694
2021-06-25,2021-06-25T00:00:00Z,13269
2021-06-26,2021-06-26T00:00:00Z,12287
2021-06-27,2021-06-27T00:00:00Z,11854
2021-06-28,2021-06-28T00:00:00Z,10801
2021-06-29,2021-06-29T00:00:00Z,10683
2021-06-30,2021-06-30T00:00:00Z,10312
2021-07-01,2021-07-01T00:00:00Z,9116
2021-07-02,2021-07-02T00:00:00Z,9424
2021-07-03,2021-07-03T00:00:00Z,8122
2021-07-04,2021-07-04T00:00:00Z,7981
2021-07-05,2021-07-05T00:00:00Z,8345
2021-07-06,2021-07-06T00:00:00Z,7216
2021-07-07,2021-07-07T00:00:00Z,5868
2021-07-08,2021-07-08T00:00:00Z,7411
2021-07-09,2021-07-09T00:00:00Z,7576
2021-07-10,2021-07-10T00:00:00Z,6808
2021-07-11,2021-07-11T00:00:00Z,5720
2021-07-12,2021-07-12T00:00:00Z,6464
2021-07-13,2021-07-13T00:00:00Z,6352
2021-07-14,2021-07-14T00:00:00Z,7284
2021-07-15,2021-07-15T00:00:00Z,6423
2021-07-16,2021-07-16T00:00:00Z,6105
2021-07-17,2021-07-17T00:00:00Z,5887
2021-07-18,2021-07-18T00:00:00Z,6813
2021-07-19,2021-07-19T00:00:00Z,7232
2021-07-20,2021-07-20T00:00:00Z,9638
2021-07-21,2021-07-21T00:00:00Z,9723
2021-07-22,2021-07-22T00:00:00Z,7606
2021-07-23,2021-07-23T00:00:00Z,6778
2021-07-24,2021-07-24T00:00:00Z,6279
2021-07-25,2021-07-25T00:00:00Z,6525
2021-07-26,2021-07-26T00:00:00Z,11942
2021-07-27,2021-07-27T00:00:00Z,8567
2021-07-28,2021-07-28T00:00:00Z,8860
2021-07-29,2021-07-29T00:00:00Z,7634
2021-07-30,2021-07-30T00:00:00Z,9149
2021-07-31,2021-07-31T00:00:00Z,7271
2021-08-01,2021-08-01T00:00:00Z,7769
2021-08-02,2021-08-02T00:00:00Z,7119
2021-08-03,2021-08-03T00:00:00Z,6945
2021-08-04,2021-08-04T00:00:00Z,8660
2021-08-05,2021-08-05T00:00:00Z,9452
2021-08-06,2021-08-06T00:00:00Z,8855
2021-08-07,2021-08-07T00:00:00Z,9248
2021-08-08,2021-08-08T00:00:00Z,8021
2021-08-09,2021-08-09T00:00:00Z,6958
2021-08-10,2021-08-10T00:00:00Z,6640
2021-08-11,2021-08-11T00:00:00Z,5470
2021-08-12,2021-08-12T00:00:00Z,5645
2021-08-13,2021-08-13T00:00:00Z,6522
2021-08-14,2021-08-14T00:00:00Z,4531
2021-08-15,2021-08-15T00:00:00Z,4740
2021-08-16,2021-08-16T00:00:00Z,4773
2021-08-17,2021-08-17T00:00:00Z,5057
2021-08-18,2021-08-18T00:00:00Z,5811
2021-08-19,2021-08-19T00:00:00Z,5657
2021-08-20,2021-08-20T00:00:00Z,6171
2021-08-21,2021-08-21T00:00:00Z,6220
2021-08-22,2021-08-22T00:00:00Z,6124
2021-08-23,2021-08-23T00:00:00Z,5482
2021-08-24,2021-08-24T00:00:00Z,4276
2021-08-25,2021-08-25T00:00:00Z,3853
2021-08-26,2021-08-26T00:00:00Z,3955
2021-08-27,2021-08-27T00:00:00Z,3892
2021-08-28,2021-08-28T00:00:00Z,3282
2021-08-29,2021-08-29T00:00:00Z,3562
2021-08-30,2021-08-30T00:00:00Z,3995
2021-08-31,2021-08-31T00:00:00Z,4507
2021-09-01,2021-09-01T00:00:00Z,5271
2021-09-02,2021-09-02T00:00:00Z,5721
2021-09-03,2021-09-03T00:00:00Z,3811
2021-09-04,2021-09-04T00:00:00Z,3507
2021-09-05,2021-09-05T00:00:00Z,3330
2021-09-06,2021-09-06T00:00:00Z,4460
2021-09-07,2021-09-07T00:00:00Z,6608
2021-09-08,2021-09-08T00:00:00Z,5657
2021-09-09,2021-09-09T00:00:00Z,3908
2021-09-10,2021-09-10T00:00:00Z,5581
2021-09-11,2021-09-11T00:00:00Z,5279
2021-09-12,2021-09-12T00:00:00Z,4603
2021-09-13,2021-09-13T00:00:00Z,4494
2021-09-14,2021-09-14T00:00:00Z,4621
2021-09-15,2021-09-15T00:00:00Z,5019
2021-09-16,2021-09-16T00:00:00Z,5055
2021-09-17,2021-09-17T00:00:00Z,3697
2021-09-18,2021-09-18T00:00:00Z,4395
2021-09-19,2021-09-19T00:00:00Z,4194
2021-09-20,2021-09-20T00:00:00Z,6396
2021-09-21,2021-09-21T00:00:00Z,6153
2021-09-22,2021-09-22T00:00:00Z,5170
2021-09-23,2021-09-23T00:00:00Z,4436
2021-09-24,2021-09-24T00:00:00Z,5924
2021-09-25,2021-09-25T00:00:00Z,5093
2021-09-26,2021-09-26T00:00:00Z,4877
2021-09-27,2021-09-27T00:00:00Z,3552
2021-09-28,2021-09-28T00:00:00Z,3463
2021-09-29,2021-09-29T00:00:00Z,3476
2021-09-30,2021-09-30T00:00:00Z,3930
2021-10-01,2021-10-01T00:00:00Z,5111
2021-10-02,2021-10-02T00:00:00Z,4654
2021-10-03,2021-10-03T00:00:00Z,3901
2021-10-04,2021-10-04T00:00:00Z,3964
2021-10-05,2021-10-05T00:00:00Z,5433
2021-10-06,2021-10-06T00:00:00Z,7074
2021-10-07,2021-10-07T00:00:00Z,4914
2021-10-08,2021-10-08T00:00:00Z,5430
2021-10-09,2021-10-09T00:00:00Z,5011
2021-10-10,2021-10-10T00:00:00Z,5610
2021-10-11,2021-10-11T00:00:00Z,6587
2021-10-12,2021-10-12T00:00:00Z,7146
2021-10-13,2021-10-13T00:00:00Z,6099
2021-10-14,2021-10-14T00:00:00Z,5264
2021-10-15,2021-10-15T00:00:00Z,9053
2021-10-16,2021-10-16T00:00:00Z,5474
2021-10-17,2021-10-17T00:00:00Z,5061
2021-10-18,2021-10-18T00:00:00Z,5317
2021-10-19,2021-10-19T00:00:00Z,6821
2021-10-20,2021-10-20T00:00:00Z,6741
2021-10-21,2021-10-21T00:00:00Z,6390
2021-10-22,2021-10-22T00:00:00Z,6171
2021-10-23,2021-10-23T00:00:00Z,4620
2021-10-24,2021-10-24T00:00:00Z,3947
2021-10-25,2021-10-25T00:00:00Z,4154
2021-10-26,2021-10-26T00:00:00Z,4123
2021-10-27,2021-10-27T00:00:00Z,4509
2021-10-28,2021-10-28T00:00:00Z,3955
2021-10-29,2021-10-29T00:00:00Z,4487
2021-10-30,2021-10-30T00:00:00Z,2316
2021-10-31,2021-10-31T00:00:00Z,2859
2021-11-01,2021-11-01T00:00:00Z,3218
2021-11-02,2021-11-02T00:00:00Z,3455
2021-11-03,2021-11-03T00:00:00Z,4082
2021-11-04,2021-11-04T00:00:00Z,3948
2021-11-05,2021-11-05T00:00:00Z,2963
2021-11-06,2021-11-06T00:00:00Z,3223
2021-11-07,2021-11-07T00:00:00Z,3644
2021-11-08,2021-11-08T00:00:00Z,5227
2021-11-09,2021-11-09T00:00:00Z,3233
2021-11-10,2021-11-10T00:00:00Z,3377
2021-11-11,2021-11-11T00:00:00Z,2879
2021-11-12,2021-11-12T00:00:00Z,3674
2021-11-13,2021-11-13T00:00:00Z,2627
2021-11-14,2021-11-14T00:00:00Z,3275
2021-11-15,2021-11-15T00:00:00Z,3075
2021-11-16,2021-11-16T00:00:00Z,4595
2021-11-17,2021-11-17T00:00:00Z,4186
2021-11-18,2021-11-18T00:00:00Z,4458
2021-11-19,2021-11-19T00:00:00Z,4860
2021-11-20,2021-11-20T00:00:00Z,3557
2021-11-21,2021-11-21T00:00:00Z,3185
2021-11-22,2021-11-22T00:00:00Z,3642
2021-11-23,2021-11-23T00:00:00Z,3895
2021-11-24,2021-11-24T00:00:00Z,3582
2021-11-25,2021-11-25T00:00:00Z,3856
2021-11-26,2021-11-26T00:00:00Z,4893
2021-11-27,2021-11-27T00:00:00Z,2877
2021-11-28,2021-11-28T00:00:00Z,3142
2021-11-29,2021-11-29T00:00:00Z,3253
2021-11-30,2021-11-30T00:00:00Z,4092
2021-12-01,2021-12-01T00:00:00Z,3512
2021-12-02,2021-12-02T00:00:00Z,4247
2021-12-03,2021-12-03T00:00:00Z,3758
2021-12-04,2021-12-04T00:00:00Z,6686
2021-12-05,2021-12-05T00:00:00Z,3730
2021-12-06,2021-12-06T00:00:00Z,4376
2021-12-07,2021-12-07T00:00:00Z,3317
2021-12-08,2021-12-08T00:00:00Z,3329
2021-12-09,2021-12-09T00:00:00Z,3237
2021-12-10,2021-12-10T00:00:00Z,4236
2021-12-11,2021-12-11T00:00:00Z,3414
2021-12-12,2021-12-12T00:00:00Z,3130
2021-12-13,2021-12-13T00:00:00Z,3869
2021-12-14,2021-12-14T00:00:00Z,3356
2021-12-15,2021-12-15T00:00:00Z,3547
2021-12-16,2021-12-16T00:00:00Z,32524
2021-12-17,2021-12-17T00:00:00Z,3591
2021-12-18,2021-12-18T00:00:00Z,3493
2021-12-19,2021-12-19T00:00:00Z,3243
2021-12-20,2021-12-20T00:00:00Z,3401
2021-12-21,2021-12-21T00:00:00Z,3158
2021-12-22,2021-12-22T00:00:00Z,2490
2021-12-23,2021-12-23T00:00:00Z,2730
2021-12-24,2021-12-24T00:00:00Z,2560
2021-12-25,2021-12-25T00:00:00Z,2033
2021-12-26,2021-12-26T00:00:00Z,2586
2021-12-27,2021-12-27T00:00:00Z,2363
2021-12-28,2021-12-28T00:00:00Z,2568
2021-12-29,2021-12-29T00:00:00Z,2110
2021-12-30,2021-12-30T00:00:00Z,2513
2021-12-31,2021-12-31T00:00:00Z,2981
2022-01-01,2022-01-01T00:00:00Z,2536
2022-01-02,2022-01-02T00:00:00Z,2139
2022-01-03,2022-01-03T00:00:00Z,2134
2022-01-04,2022-01-04T00:00:00Z,2225
2022-01-05,2022-01-05T00:00:00Z,3328
2022-01-06,2022-01-06T00:00:00Z,3870
2022-01-07,2022-01-07T00:00:00Z,4627
2022-01-08,2022-01-08T00:00:00Z,3290
2022-01-09,2022-01-09T00:00:00Z,2029
2022-01-10,2022-01-10T00:00:00Z,2622
2022-01-11,2022-01-11T00:00:00Z,2409
2022-01-12,2022-01-12T00:00:00Z,2200
2022-01-13,2022-01-13T00:00:00Z,2016
2022-01-14,2022-01-14T00:00:00Z,1802
2022-01-15,2022-01-15T00:00:00Z,2008
2022-01-16,2022-01-16T00:00:00Z,2005
2022-01-17,2022-01-17T00:00:00Z,2119
2022-01-18,2022-01-18T00:00:00Z,2449
2022-01-19,2022-01-19T00:00:00Z,2752
2022-01-20,2022-01-20T00:00:00Z,2851
2022-01-21,2022-01-21T00:00:00Z,6541
2022-01-22,2022-01-22T00:00:00Z,8686
2022-01-23,2022-01-23T00:00:00Z,3875
2022-01-24,2022-01-24T00:00:00Z,6629
2022-01-25,2022-01-25T00:00:00Z,3495
2022-01-26,2022-01-26T00:00:00Z,4151
2022-01-27,2022-01-27T00:00:00Z,3098
2022-01-28,2022-01-28T00:00:00Z,2887
2022-01-29,2022-01-29T00:00:00Z,2132
2022-01-30,2022-01-30T00:00:00Z,1943
2022-01-31,2022-01-31T00:00:00Z,2193
2022-02-01,2022-02-01T00:00:00Z,2500
2022-02-02,2022-02-02T00:00:00Z,2348
2022-02-03,2022-02-03T00:00:00Z,2334
2022-02-04,2022-02-04T00:00:00Z,3426
2022-02-05,2022-02-05T00:00:00Z,2638
2022-02-06,2022-02-06T00:00:00Z,1916
2022-02-07,2022-02-07T00:00:00Z,2528
2022-02-08,2022-02-08T00:00:00Z,3023
2022-02-09,2022-02-09T00:00:00Z,2684
2022-02-10,2022-02-10T00:00:00Z,3286
2022-02-11,2022-02-11T00:00:00Z,3129
2022-02-12,2022-02-12T00:00:00Z,2518
2022-02-13,2022-02-13T00:00:00Z,2230
2022-02-14,2022-02-14T00:00:00Z,2513
2022-02-15,2022-02-15T00:00:00Z,2728
2022-02-16,2022-02-16T00:00:00Z,2259
2022-02-17,2022-02-17T00:00:00Z,2825
2022-02-18,2022-02-18T00:00:00Z,2760
2022-02-19,2022-02-19T00:00:00Z,2090
2022-02-20,2022-02-20T00:00:00Z,3320
2022-02-21,2022-02-21T00:00:00Z,3495
2022-02-22,2022-02-22T00:00:00Z,3545
2022-02-23,2022-02-23T00:00:00Z,2813
2022-02-24,2022-02-24T00:00:00Z,6707
2022-02-25,2022-02-25T00:00:00Z,4655
2022-02-26,2022-02-26T00:00:00Z,2851
2022-02-27,2022-02-27T00:00:00Z,4139
2022-02-28,2022-02-28T00:00:00Z,4397
2022-03-01,2022-03-01T00:00:00Z,4908
2022-03-02,2022-03-02T00:00:00Z,3872
2022-03-03,2022-03-03T00:00:00Z,3143
2022-03-04,2022-03-04T00:00:00Z,4047
2022-03-05,2022-03-05T00:00:00Z,2982
2022-03-06,2022-03-06T00:00:00Z,3578
2022-03-07,2022-03-07T00:00:00Z,4507
2022-03-08,2022-03-08T00:00:00Z,3583
2022-03-09,2022-03-09T00:00:00Z,4496
2022-03-10,2022-03-10T00:00:00Z,4475
2022-03-11,2022-03-11T00:00:00Z,3946
2022-03-12,2022-03-12T00:00:00Z,2370
2022-03-13,2022-03-13T00:00:00Z,2441
2022-03-14,2022-03-14T00:00:00Z,3429
2022-03-15,2022-03-15T00:00:00Z,3307
2022-03-16,2022-03-16T00:00:00Z,4956
2022-03-17,2022-03-17T00:00:00Z,3551
2022-03-18,2022-03-18T00:00:00Z,3779
2022-03-19,2022-03-19T00:00:00Z,3308
2022-03-20,2022-03-20T00:00:00Z,3035
2022-03-21,2022-03-21T00:00:00Z,3385
2022-03-22,2022-03-22T00:00:00Z,3473
2022-03-23,2022-03-23T00:00:00Z,3107
2022-03-24,2022-03-24T00:00:00Z,3548
2022-03-25,2022-03-25T00:00:00Z,3729
2022-03-26,2022-03-26T00:00:00Z,2420
2022-03-27,2022-03-27T00:00:00Z,3723
2022-03-28,2022-03-28T00:00:00Z,3891
2022-03-29,2022-03-29T00:00:00Z,4010
2022-03-30,2022-03-30T00:00:00Z,3103
2022-03-31,2022-03-31T00:00:00Z,3069
2022-04-01,2022-04-01T00:00:00Z,3745
2022-04-02,2022-04-02T00:00:00Z,3076
2022-04-03,2022-04-03T00:00:00Z,2576
2022-04-04,2022-04-04T00:00:00Z,2708
2022-04-05,2022-04-05T00:00:00Z,2387
2022-04-06,2022-04-06T00:00:00Z,4038
2022-04-07,2022-04-07T00:00:00Z,3045
2022-04-08,2022-04-08T00:00:00Z,3610
2022-04-09,2022-04-09T00:00:00Z,2654
2022-04-10,2022-04-10T00:00:00Z,3065
2022-04-11,2022-04-11T00:00:00Z,6543
2022-04-12,2022-04-12T00:00:00Z,3582
2022-04-13,2022-04-13T00:00:00Z,3048
2022-04-14,2022-04-14T00:00:00Z,2558
2022-04-15,2022-04-15T00:00:00Z,2418
2022-04-16,2022-04-16T00:00:00Z,1975
2022-04-17,2022-04-17T00:00:00Z,3303
2022-04-18,2022-04-18T00:00:00Z,3667
2022-04-19,2022-04-19T00:00:00Z,2451
2022-04-20,2022-04-20T00:00:00Z,2300
2022-04-21,2022-04-21T00:00:00Z,2556
2022-04-22,2022-04-22T00:00:00Z,2719
2022-04-23,2022-04-23T00:00:00Z,2081
2022-04-24,2022-04-24T00:00:00Z,1990
2022-04-25,2022-04-25T00:00:00Z,3507
2022-04-26,2022-04-26T00:00:00Z,3411
2022-04-27,2022-04-27T00:00:00Z,2772
2022-04-28,2022-04-28T00:00:00Z,2912
2022-04-29,2022-04-29T00:00:00Z,2880
2022-04-30,2022-04-30T00:00:00Z,3100
2022-05-01,2022-05-01T00:00:00Z,2625
2022-05-02,2022-05-02T00:00:00Z,3102
2022-05-03,2022-05-03T00:00:00Z,2345
2022-05-04,2022-05-04T00:00:00Z,3249
2022-05-05,2022-05-05T00:00:00Z,3598
2022-05-06,2022-05-06T00:00:00Z,3771
2022-05-07,2022-05-07T00:00:00Z,3050
2022-05-08,2022-05-08T00:00:00Z,5228
2022-05-09,2022-05-09T00:00:00Z,9023
2022-05-10,2022-05-10T00:00:00Z,7956
2022-05-11,2022-05-11T00:00:00Z,9421
2022-05-12,2022-05-12T00:00:00Z,12173
2022-05-13,2022-05-13T00:00:00Z,6961
2022-05-14,2022-05-14T00:00:00Z,5258
2022-05-15,2022-05-15T00:00:00Z,5225
2022-05-16,2022-05-16T00:00:00Z,6666
2022-05-17,2022-05-17T00:00:00Z,4640
2022-05-18,2022-05-18T00:00:00Z,5212
2022-05-19,2022-05-19T00:00:00Z,5882
2022-05-20,2022-05-20T00:00:00Z,4651
2022-05-21,2022-05-21T00:00:00Z,3439
2022-05-22,2022-05-22T00:00:00Z,3362
2022-05-23,2022-05-23T00:00:00Z,4354
2022-05-24,2022-05-24T00:00:00Z,3581
2022-05-25,2022-05-25T00:00:00Z,3593
2022-05-26,2022-05-26T00:00:00Z,5664
2022-05-27,2022-05-27T00:00:00Z,5983
2022-05-28,2022-05-28T00:00:00Z,3669
2022-05-29,2022-05-29T00:00:00Z,3183
2022-05-30,2022-05-30T00:00:00Z,5437
2022-05-31,2022-05-31T00:00:00Z,3587
2022-06-01,2022-06-01T00:00:00Z,4387
2022-06-02,2022-06-02T00:00:00Z,2859
2022-06-03,2022-06-03T00:00:00Z,3098
2022-06-04,2022-06-04T00:00:00Z,1960
2022-06-05,2022-06-05T00:00:00Z,2124
2022-06-06,2022-06-06T00:00:00Z,3348
2022-06-07,2022-06-07T00:00:00Z,4572
2022-06-08,2022-06-08T00:00:00Z,3112
2022-06-09,2022-06-09T00:00:00Z,2308
2022-06-10,2022-06-10T00:00:00Z,3930
2022-06-11,2022-06-11T00:00:00Z,5340
2022-06-12,2022-06-12T00:00:00Z,6991
2022-06-13,2022-06-13T00:00:00Z,17363
2022-06-14,2022-06-14T00:00:00Z,13545
2022-06-15,2022-06-15T00:00:00Z,13839
2022-06-16,2022-06-16T00:00:00Z,8250
2022-06-17,2022-06-17T00:00:00Z,6788
2022-06-18,2022-06-18T00:00:00Z,13000
2022-06-19,2022-06-19T00:00:00Z,10917
2022-06-20,2022-06-20T00:00:00Z,9404
2022-06-21,2022-06-21T00:00:00Z,6489
2022-06-22,2022-06-22T00:00:00Z,5725
2022-06-23,2022-06-23T00:00:00Z,4491
2022-06-24,2022-06-24T00:00:00Z,5738
2022-06-25,2022-06-25T00:00:00Z,3646
2022-06-26,2022-06-26T00:00:00Z,3743
2022-06-27,2022-06-27T00:00:00Z,3463
2022-06-28,2022-06-28T00:00:00Z,4552
2022-06-29,2022-06-29T00:00:00Z,4603
2022-06-30,2022-06-30T00:00:00Z,5726
2022-07-01,2022-07-01T00:00:00Z,6388
2022-07-02,2022-07-02T00:00:00Z,4728
2022-07-03,2022-07-03T00:00:00Z,3954
2022-07-04,2022-07-04T00:00:00Z,4824
2022-07-05,2022-07-05T00:00:00Z,5676
2022-07-06,2022-07-06T00:00:00Z,4233
2022-07-07,2022-07-07T00:00:00Z,4436
2022-07-08,2022-07-08T00:00:00Z,5304
2022-07-09,2022-07-09T00:00:00Z,3483
2022-07-10,2022-07-10T00:00:00Z,4346
2022-07-11,2022-07-11T00:00:00Z,4601
2022-07-12,2022-07-12T00:00:00Z,5618
2022-07-13,2022-07-13T00:00:00Z,6131
2022-07-14,2022-07-14T00:00:00Z,5303
2022-07-15,2022-07-15T00:00:00Z,5215
2022-07-16,2022-07-16T00:00:00Z,6252
2022-07-17,2022-07-17T00:00:00Z,5798
2022-07-18,2022-07-18T00:00:00Z,8826
2022-07-19,2022-07-19T00:00:00Z,8551
2022-07-20,2022-07-20T00:00:00Z,7879
2022-07-21,2022-07-21T00:00:00Z,6513
2022-07-22,2022-07-22T00:00:00Z,6365
2022-07-23,2022-07-23T00:00:00Z,5443
2022-07-24,2022-07-24T00:00:00Z,6043
2022-07-25,2022-07-25T00:00:00Z,6228
2022-07-26,2022-07-26T00:00:00Z,6033
2022-07-27,2022-07-27T00:00:00Z,7102
2022-07-28,2022-07-28T00:00:00Z,6906
2022-07-29,2022-07-29T00:00:00Z,8482
2022-07-30,2022-07-30T00:00:00Z,6628
2022-07-31,2022-07-31T00:00:00Z,4997
2022-08-01,2022-08-01T00:00:00Z,4771
2022-08-02,2022-08-02T00:00:00Z,6201
2022-08-03,2022-08-03T00:00:00Z,4444
2022-08-04,2022-08-04T00:00:00Z,4079
2022-08-05,2022-08-05T00:00:00Z,5140
2022-08-06,2022-08-06T00:00:00Z,4052
2022-08-07,2022-08-07T00:00:00Z,3244
2022-08-08,2022-08-08T00:00:00Z,4999
2022-08-09,2022-08-09T00:00:00Z,4674
2022-08-10,2022-08-10T00:00:00Z,5517
2022-08-11,2022-08-11T00:00:00Z,5713
2022-08-12,2022-08-12T00:00:00Z,4383
2022-08-13,2022-08-13T00:00:00Z,5109
2022-08-14,2022-08-14T00:00:00Z,4511
2022-08-15,2022-08-15T00:00:00Z,5128
2022-08-16,2022-08-16T00:00:00Z,4171
2022-08-17,2022-08-17T00:00:00Z,4873
2022-08-18,2022-08-18T00:00:00Z,3694
2022-08-19,2022-08-19T00:00:00Z,6512
2022-08-20,2022-08-20T00:00:00Z,5476
2022-08-21,2022-08-21T00:00:00Z,5636
2022-08-22,2022-08-22T00:00:00Z,4648
2022-08-23,2022-08-23T00:00:00Z,4794
2022-08-24,2022-08-24T00:00:00Z,5291
2022-08-25,2022-08-25T00:00:00Z,4840
2022-08-26,2022-08-26T00:00:00Z,5539
2022-08-27,2022-08-27T00:00:00Z,4954
2022-08-28,2022-08-28T00:00:00Z,3831
2022-08-29,2022-08-29T00:00:00Z,4464
2022-08-30,2022-08-30T00:00:00Z,4740
2022-08-31,2022-08-31T00:00:00Z,4565
2022-09-01,2022-09-01T00:00:00Z,4183
2022-09-02,2022-09-02T00:00:00Z,4448
2022-09-03,2022-09-03T00:00:00Z,4488
2022-09-04,2022-09-04T00:00:00Z,3817
2022-09-05,2022-09-05T00:00:00Z,4156
2022-09-06,2022-09-06T00:00:00Z,6871
2022-09-07,2022-09-07T00:00:00Z,5358
2022-09-08,2022-09-08T00:00:00Z,4640
2022-09-09,2022-09-09T00:00:00Z,6160
2022-09-10,2022-09-10T00:00:00Z,5534
2022-09-11,2022-09-11T00:00:00Z,3875
2022-09-12,2022-09-12T00:00:00Z,5937
2022-09-13,2022-09-13T00:00:00Z,7229
2022-09-14,2022-09-14T00:00:00Z,5955
2022-09-15,2022-09-15T00:00:00Z,7131
2022-09-16,2022-09-16T00:00:00Z,5523
2022-09-17,2022-09-17T00:00:00Z,5137
2022-09-18,2022-09-18T00:00:00Z,5864
2022-09-19,2022-09-19T00:00:00Z,8441
2022-09-20,2022-09-20T00:00:00Z,5919
2022-09-21,2022-09-21T00:00:00Z,7195
2022-09-22,2022-09-22T00:00:00Z,7489
2022-09-23,2022-09-23T00:00:00Z,7472
2022-09-24,2022-09-24T00:00:00Z,5355
2022-09-25,2022-09-25T00:00:00Z,5056
2022-09-26,2022-09-26T00:00:00Z,6608
2022-09-27,2022-09-27T00:00:00Z,6879
2022-09-28,2022-09-28T00:00:00Z,6301
2022-09-29,2022-09-29T00:00:00Z,6010
2022-09-30,2022-09-30T00:00:00Z,5776
2022-10-01,2022-10-01T00:00:00Z,4179
2022-10-02,2022-10-02T00:00:00Z,6716
2022-10-03,2022-10-03T00:00:00Z,4023
2022-10-04,2022-10-04T00:00:00Z,5443
2022-10-05,2022-10-05T00:00:00Z,4703
2022-10-06,2022-10-06T00:00:00Z,4722
2022-10-07,2022-10-07T00:00:00Z,5113
2022-10-08,2022-10-08T00:00:00Z,2603
2022-10-09,2022-10-09T00:00:00Z,1723
2022-10-10,2022-10-10T00:00:00Z,2663
2022-10-11,2022-10-11T00:00:00Z,3182
2022-10-12,2022-10-12T00:00:00Z,2366
2022-10-13,2022-10-13T00:00:00Z,5146
2022-10-14,2022-10-14T00:00:00Z,4279
2022-10-15,2022-10-15T00:00:00Z,2451
2022-10-16,2022-10-16T00:00:00Z,3428
2022-10-17,2022-10-17T00:00:00Z,3962
2022-10-18,2022-10-18T00:00:00Z,3689
2022-10-19,2022-10-19T00:00:00Z,3376
2022-10-20,2022-10-20T00:00:00Z,2854
2022-10-21,2022-10-21T00:00:00Z,2722
2022-10-22,2022-10-22T00:00:00Z,2366
2022-10-23,2022-10-23T00:00:00Z,3239
2022-10-24,2022-10-24T00:00:00Z,3301
2022-10-25,2022-10-25T00:00:00Z,5954
2022-10-26,2022-10-26T00:00:00Z,7464
2022-10-27,2022-10-27T00:00:00Z,5369
2022-10-28,2022-10-28T00:00:00Z,5027
2022-10-29,2022-10-29T00:00:00Z,5683
2022-10-30,2022-10-30T00:00:00Z,4496
2022-10-31,2022-10-31T00:00:00Z,4575
2022-11-01,2022-11-01T00:00:00Z,4073
2022-11-02,2022-11-02T00:00:00Z,4926
2022-11-03,2022-11-03T00:00:00Z,3681
2022-11-04,2022-11-04T00:00:00Z,5093
2022-11-05,2022-11-05T00:00:00Z,3735
2022-11-06,2022-11-06T00:00:00Z,3789
2022-11-07,2022-11-07T00:00:00Z,4930
2022-11-08,2022-11-08T00:00:00Z,10914
2022-11-09,2022-11-09T00:00:00Z,16272
2022-11-10,2022-11-10T00:00:00Z,13711
2022-11-11,2022-11-11T00:00:00Z,10879
2022-11-12,2022-11-12T00:00:00Z,7420
2022-11-13,2022-11-13T00:00:00Z,6913
2022-11-14,2022-11-14T00:00:00Z,9457
2022-11-15,2022-11-15T00:00:00Z,5726
2022-11-16,2022-11-16T00:00:00Z,7618
2022-11-17,2022-11-17T00:00:00Z,8226
2022-11-18,2022-11-18T00:00:00Z,6193
2022-11-19,2022-11-19T00:00:00Z,5253
2022-11-20,2022-11-20T00:00:00Z,8290
2022-11-21,2022-11-21T00:00:00Z,9890
2022-11-22,2022-11-22T00:00:00Z,7131
2022-11-23,2022-11-23T00:00:00Z,5807
2022-11-24,2022-11-24T00:00:00Z,6308
2022-11-25,2022-11-25T00:00:00Z,11883
2022-11-26,2022-11-26T00:00:00Z,7986
2022-11-27,2022-11-27T00:00:00Z,5182
2022-11-28,2022-11-28T00:00:00Z,5118
2022-11-29,2022-11-29T00:00:00Z,4649
2022-11-30,2022-11-30T00:00:00Z,5295
2022-12-01,2022-12-01T00:00:00Z,4215
2022-12-02,2022-12-02T00:00:00Z,3599
2022-12-03,2022-12-03T00:00:00Z,3106
2022-12-04,2022-12-04T00:00:00Z,2973
2022-12-05,2022-12-05T00:00:00Z,3669
2022-12-06,2022-12-06T00:00:00Z,2912
2022-12-07,2022-12-07T00:00:00Z,3904
2022-12-08,2022-12-08T00:00:00Z,3670
2022-12-09,2022-12-09T00:00:00Z,2758
2022-12-10,2022-12-10T00:00:00Z,2489
2022-12-11,2022-12-11T00:00:00Z,2375
2022-12-12,2022-12-12T00:00:00Z,3821
2022-12-13,2022-12-13T00:00:00Z,7303
2022-12-14,2022-12-14T00:00:00Z,5959
2022-12-15,2022-12-15T00:00:00Z,4477
2022-12-16,2022-12-16T00:00:00Z,5363
2022-12-17,2022-12-17T00:00:00Z,4639
2022-12-18,2022-12-18T00:00:00Z,3699
2022-12-19,2022-12-19T00:00:00Z,4108
2022-12-20,2022-12-20T00:00:00Z,4581
2022-12-21,2022-12-21T00:00:00Z,3375
2022-12-22,2022-12-22T00:00:00Z,3750
2022-12-23,2022-12-23T00:00:00Z,2772
2022-12-24,2022-12-24T00:00:00Z,2546
2022-12-25,2022-12-25T00:00:00Z,2735
2022-12-26,2022-12-26T00:00:00Z,2701
2022-12-27,2022-12-27T00:00:00Z,5108
2022-12-28,2022-12-28T00:00:00Z,3678
2022-12-29,2022-12-29T00:00:00Z,3120
2022-12-30,2022-12-30T00:00:00Z,2684
2022-12-31,2022-12-31T00:00:00Z,2566
2023-01-01,2023-01-01T00:00:00Z,2618
2023-01-02,2023-01-02T00:00:00Z,2746
2023-01-03,2023-01-03T00:00:00Z,2550
2023-01-04,2023-01-04T00:00:00Z,3617
2023-01-05,2023-01-05T00:00:00Z,2627
2023-01-06,2023-01-06T00:00:00Z,3114
2023-01-07,2023-01-07T00:00:00Z,2517
2023-01-08,2023-01-08T00:00:00Z,2192
2023-01-09,2023-01-09T00:00:00Z,4873
2023-01-10,2023-01-10T00:00:00Z,5752
2023-01-11,2023-01-11T00:00:00Z,4312
2023-01-12,2023-01-12T00:00:00Z,6469
2023-01-13,2023-01-13T00:00:00Z,6020
2023-01-14,2023-01-14T00:00:00Z,8110
2023-01-15,2023-01-15T00:00:00Z,4972
2023-01-16,2023-01-16T00:00:00Z,5833
2023-01-17,2023-01-17T00:00:00Z,5264
2023-01-18,2023-01-18T00:00:00Z,7545
2023-01-19,2023-01-19T00:00:00Z,4810
2023-01-20,2023-01-20T00:00:00Z,5007
2023-01-21,2023-01-21T00:00:00Z,8111
2023-01-22,2023-01-22T00:00:00Z,6179
2023-01-23,2023-01-23T00:00:00Z,5447
2023-01-24,2023-01-24T00:00:00Z,7052
2023-01-25,2023-01-25T00:00:00Z,6466
2023-01-26,2023-01-26T00:00:00Z,5196
2023-01-27,2023-01-27T00:00:00Z,4855
2023-01-28,2023-01-28T00:00:00Z,4878
2023-01-29,2023-01-29T00:00:00Z,5681
2023-01-30,2023-01-30T00:00:00Z,5500
2023-01-31,2023-01-31T00:00:00Z,3878
2023-02-01,2023-02-01T00:00:00Z,4395
2023-02-02,2023-02-02T00:00:00Z,5133
2023-02-03,2023-02-03T00:00:00Z,4007
2023-02-04,2023-02-04T00:00:00Z,4128
2023-02-05,2023-02-05T00:00:00Z,3488
2023-02-06,2023-02-06T00:00:00Z,3985
2023-02-07,2023-02-07T00:00:00Z,4953
2023-02-08,2023-02-08T00:00:00Z,3745
2023-02-09,2023-02-09T00:00:00Z,4508
2023-02-10,2023-02-10T00:00:00Z,4550
2023-02-11,2023-02-11T00:00:00Z,3620
2023-02-12,2023-02-12T00:00:00Z,3100
2023-02-13,2023-02-13T00:00:00Z,3937
2023-02-14,2023-02-14T00:00:00Z,3529
2023-02-15,2023-02-15T00:00:00Z,3751
2023-02-16,2023-02-16T00:00:00Z,5317
2023-02-17,2023-02-17T00:00:00Z,4583
2023-02-18,2023-02-18T00:00:00Z,3621
2023-02-19,2023-02-19T00:00:00Z,4187
2023-02-20,2023-02-20T00:00:00Z,4295
2023-02-21,2023-02-21T00:00:00Z,4328
2023-02-22,2023-02-22T00:00:00Z,4864
2023-02-23,2023-02-23T00:00:00Z,3794
2023-02-24,2023-02-24T00:00:00Z,3811
2023-02-25,2023-02-25T00:00:00Z,3369
2023-02-26,2023-02-26T00:00:00Z,2798
2023-02-27,2023-02-27T00:00:00Z,3789
2023-02-28,2023-02-28T00:00:00Z,3242
2023-03-01,2023-03-01T00:00:00Z,3551
2023-03-02,2023-03-02T00:00:00Z,3192
2023-03-03,2023-03-03T00:00:00Z,3399
2023-03-04,2023-03-04T00:00:00Z,2109
2023-03-05,2023-03-05T00:00:00Z,2631
2023-03-06,2023-03-06T00:00:00Z,1990
2023-03-07,2023-03-07T00:00:00Z,3064
2023-03-08,2023-03-08T00:00:00Z,2838
2023-03-09,2023-03-09T00:00:00Z,4982
2023-03-10,2023-03-10T00:00:00Z,7437
2023-03-11,2023-03-11T00:00:00Z,11525
2023-03-12,2023-03-12T00:00:00Z,7722
2023-03-13,2023-03-13T00:00:00Z,9974
2023-03-14,2023-03-14T00:00:00Z,10036
2023-03-15,2023-03-15T00:00:00Z,7939
2023-03-16,2023-03-16T00:00:00Z,5850
2023-03-17,2023-03-17T00:00:00Z,10820
2023-03-18,2023-03-18T00:00:00Z,9147
2023-03-19,2023-03-19T00:00:00Z,8484
2023-03-20,2023-03-20T00:00:00Z,9482
2023-03-21,2023-03-21T00:00:00Z,7569
2023-03-22,2023-03-22T00:00:00Z,8690
2023-03-23,2023-03-23T00:00:00Z,5804
2023-03-24,2023-03-24T00:00:00Z,5239
2023-03-25,2023-03-25T00:00:00Z,3563
2023-03-26,2023-03-26T00:00:00Z,4628
2023-03-27,2023-03-27T00:00:00Z,5301
2023-03-28,2023-03-28T00:00:00Z,5274
2023-03-29,2023-03-29T00:00:00Z,4989
2023-03-30,2023-03-30T00:00:00Z,5013
2023-03-31,2023-03-31T00:00:00Z,4886
2023-04-01,2023-04-01T00:00:00Z,3557
2023-04-02,2023-04-02T00:00:00Z,3475
2023-04-03,2023-04-03T00:00:00Z,4887
2023-04-04,2023-04-04T00:00:00Z,4696
2023-04-05,2023-04-05T00:00:00Z,4639
2023-04-06,2023-04-06T00:00:00Z,3358
2023-04-07,2023-04-07T00:00:00Z,2897
2023-04-08,2023-04-08T00:00:00Z,2890
2023-04-09,2023-04-09T00:00:00Z,4404
2023-04-10,2023-04-10T00:00:00Z,4977
2023-04-11,2023-04-11T00:00:00Z,6453
2023-04-12,2023-04-12T00:00:00Z,5479
2023-04-13,2023-04-13T00:00:00Z,4826
2023-04-14,2023-04-14T00:00:00Z,7190
2023-04-15,2023-04-15T00:00:00Z,3337
2023-04-16,2023-04-16T00:00:00Z,3458
2023-04-17,2023-04-17T00:00:00Z,3739
2023-04-18,2023-04-18T00:00:00Z,3914
2023-04-19,2023-04-19T00:00:00Z,3494
2023-04-20,2023-04-20T00:00:00Z,3393
2023-04-21,2023-04-21T00:00:00Z,4183
2023-04-22,2023-04-22T00:00:00Z,2440
2023-04-23,2023-04-23T00:00:00Z,2107
2023-04-24,2023-04-24T00:00:00Z,2894
2023-04-25,2023-04-25T00:00:00Z,3367
2023-04-26,2023-04-26T00:00:00Z,5385
2023-04-27,2023-04-27T00:00:00Z,4701
2023-04-28,2023-04-28T00:00:00Z,2960
2023-04-29,2023-04-29T00:00:00Z,1810
2023-04-30,2023-04-30T00:00:00Z,2309
2023-05-01,2023-05-01T00:00:00Z,2843
2023-05-02,2023-05-02T00:00:00Z,2203
2023-05-03,2023-05-03T00:00:00Z,2752
2023-05-04,2023-05-04T00:00:00Z,1914
2023-05-05,2023-05-05T00:00:00Z,3204
2023-05-06,2023-05-06T00:00:00Z,2588
2023-05-07,2023-05-07T00:00:00Z,1740
2023-05-08,2023-05-08T00:00:00Z,2922
2023-05-09,2023-05-09T00:00:00Z,2053
2023-05-10,2023-05-10T00:00:00Z,2115
2023-05-11,2023-05-11T00:00:00Z,1932
2023-05-12,2023-05-12T00:00:00Z,3075
2023-05-13,2023-05-13T00:00:00Z,2395
2023-05-14,2023-05-14T00:00:00Z,2026
2023-05-15,2023-05-15T00:00:00Z,1985
2023-05-16,2023-05-16T00:00:00Z,1970
2023-05-17,2023-05-17T00:00:00Z,1979
2023-05-18,2023-05-18T00:00:00Z,1909
2023-05-19,2023-05-19T00:00:00Z,1865
2023-05-20,2023-05-20T00:00:00Z,1457
2023-05-21,2023-05-21T00:00:00Z,1591
2023-05-22,2023-05-22T00:00:00Z,2187
2023-05-23,2023-05-23T00:00:00Z,1988
2023-05-24,2023-05-24T00:00:00Z,3809
2023-05-25,2023-05-25T00:00:00Z,2634
2023-05-26,2023-05-26T00:00:00Z,2821
2023-05-27,2023-05-27T00:00:00Z,1666
2023-05-28,2023-05-28T00:00:00Z,3127
2023-05-29,2023-05-29T00:00:00Z,2433
2023-05-30,2023-05-30T00:00:00Z,1793
2023-05-31,2023-05-31T00:00:00Z,2170
2023-06-01,2023-06-01T00:00:00Z,2572
2023-06-02,2023-06-02T00:00:00Z,2403
2023-06-03,2023-06-03T00:00:00Z,1836
2023-06-04,2023-06-04T00:00:00Z,1668
2023-06-05,2023-06-05T00:00:00Z,3310
2023-06-06,2023-06-06T00:00:00Z,4880
2023-06-07,2023-06-07T00:00:00Z,3758
2023-06-08,2023-06-08T00:00:00Z,2429
2023-06-09,2023-06-09T00:00:00Z,2470
2023-06-10,2023-06-10T00:00:00Z,4806
2023-06-11,2023-06-11T00:00:00Z,2483
2023-06-12,2023-06-12T00:00:00Z,3403
2023-06-13,2023-06-13T00:00:00Z,2863
2023-06-14,2023-06-14T00:00:00Z,3368
2023-06-15,2023-06-15T00:00:00Z,3918
2023-06-16,2023-06-16T00:00:00Z,2895
2023-06-17,2023-06-17T00:00:00Z,2533
2023-06-18,2023-06-18T00:00:00Z,2130
2023-06-19,2023-06-19T00:00:00Z,3250
2023-06-20,2023-06-20T00:00:00Z,5824
2023-06-21,2023-06-21T00:00:00Z,7819
2023-06-22,2023-06-22T00:00:00Z,5802
2023-06-23,2023-06-23T00:00:00Z,5364
2023-06-24,2023-06-24T00:00:00Z,3329
2023-06-25,2023-06-25T00:00:00Z,4329
2023-06-26,2023-06-26T00:00:00Z,4212
2023-06-27,2023-06-27T00:00:00Z,3702
2023-06-28,2023-06-28T00:00:00Z,3694
2023-06-29,2023-06-29T00:00:00Z,3027
2023-06-30,2023-06-30T00:00:00Z,5606
2023-07-01,2023-07-01T00:00:00Z,3238
2023-07-02,2023-07-02T00:00:00Z,2568
2023-07-03,2023-07-03T00:00:00Z,4165
2023-07-04,2023-07-04T00:00:00Z,3005
2023-07-05,2023-07-05T00:00:00Z,1985
2023-07-06,2023-07-06T00:00:00Z,3758
2023-07-07,2023-07-07T00:00:00Z,3028
2023-07-08,2023-07-08T00:00:00Z,2390
2023-07-09,2023-07-09T00:00:00Z,2672
2023-07-10,2023-07-10T00:00:00Z,3622
2023-07-11,2023-07-11T00:00:00Z,3037
2023-07-12,2023-07-12T00:00:00Z,2714
2023-07-13,2023-07-13T00:00:00Z,4189
2023-07-14,2023-07-14T00:00:00Z,4904
2023-07-15,2023-07-15T00:00:00Z,2451
2023-07-16,2023-07-16T00:00:00Z,2564
2023-07-17,2023-07-17T00:00:00Z,3207
2023-07-18,2023-07-18T00:00:00Z,2414
2023-07-19,2023-07-19T00:00:00Z,2292
2023-07-20,2023-07-20T00:00:00Z,2721
2023-07-21,2023-07-21T00:00:00Z,1917
2023-07-22,2023-07-22T00:00:00Z,1878
2023-07-23,2023-07-23T00:00:00Z,1850
2023-07-24,2023-07-24T00:00:00Z,2324
2023-07-25,2023-07-25T00:00:00Z,1976
2023-07-26,2023-07-26T00:00:00Z,2942
2023-07-27,2023-07-27T00:00:00Z,2031
2023-07-28,2023-07-28T00:00:00Z,1915
2023-07-29,2023-07-29T00:00:00Z,2219
2023-07-30,2023-07-30T00:00:00Z,2611
2023-07-31,2023-07-31T00:00:00Z,4019
2023-08-01,2023-08-01T00:00:00Z,4270
2023-08-02,2023-08-02T00:00:00Z,3515
2023-08-03,2023-08-03T00:00:00Z,2535
2023-08-04,2023-08-04T00:00:00Z,3617
2023-08-05,2023-08-05T00:00:00Z,3347
2023-08-06,2023-08-06T00:00:00Z,2859
2023-08-07,2023-08-07T00:00:00Z,3102
2023-08-08,2023-08-08T00:00:00Z,4289
2023-08-09,2023-08-09T00:00:00Z,4482
2023-08-10,2023-08-10T00:00:00Z,3098
2023-08-11,2023-08-11T00:00:00Z,2425
2023-08-12,2023-08-12T00:00:00Z,2229
2023-08-13,2023-08-13T00:00:00Z,2171
2023-08-14,2023-08-14T00:00:00Z,3638
2023-08-15,2023-08-15T00:00:00Z,3277
2023-08-16,2023-08-16T00:00:00Z,2864
2023-08-17,2023-08-17T00:00:00Z,5986
2023-08-18,2023-08-18T00:00:00Z,6889
2023-08-19,2023-08-19T00:00:00Z,3421
2023-08-20,2023-08-20T00:00:00Z,3401
2023-08-21,2023-08-21T00:00:00Z,2727
2023-08-22,2023-08-22T00:00:00Z,3405
2023-08-23,2023-08-23T00:00:00Z,3778
2023-08-24,2023-08-24T00:00:00Z,2696
2023-08-25,2023-08-25T00:00:00Z,2456
2023-08-26,2023-08-26T00:00:00Z,1572
2023-08-27,2023-08-27T00:00:00Z,1565
2023-08-28,2023-08-28T00:00:00Z,2775
2023-08-29,2023-08-29T00:00:00Z,4315
2023-08-30,2023-08-30T00:00:00Z,2980
2023-08-31,2023-08-31T00:00:00Z,3253
2023-09-01,2023-09-01T00:00:00Z,3399
2023-09-02,2023-09-02T00:00:00Z,2493
2023-09-03,2023-09-03T00:00:00Z,2851
2023-09-04,2023-09-04T00:00:00Z,2464
2023-09-05,2023-09-05T00:00:00Z,2619
2023-09-06,2023-09-06T00:00:00Z,2698
2023-09-07,2023-09-07T00:00:00Z,2989
2023-09-08,2023-09-08T00:00:00Z,2382
2023-09-09,2023-09-09T00:00:00Z,1766
2023-09-10,2023-09-10T00:00:00Z,2559
2023-09-11,2023-09-11T00:00:00Z,4102
2023-09-12,2023-09-12T00:00:00Z,4470
2023-09-13,2023-09-13T00:00:00Z,3000
2023-09-14,2023-09-14T00:00:00Z,3297
2023-09-15,2023-09-15T00:00:00Z,3329
2023-09-16,2023-09-16T00:00:00Z,2326
2023-09-17,2023-09-17T00:00:00Z,2473
2023-09-18,2023-09-18T00:00:00Z,3791
2023-09-19,2023-09-19T00:00:00Z,3885
2023-09-20,2023-09-20T00:00:00Z,3582
2023-09-21,2023-09-21T00:00:00Z,3353
2023-09-22,2023-09-22T00:00:00Z,3045
2023-09-23,2023-09-23T00:00:00Z,1794
2023-09-24,2023-09-24T00:00:00Z,2384
2023-09-25,2023-09-25T00:00:00Z,2951
2023-09-26,2023-09-26T00:00:00Z,2355
2023-09-27,2023-09-27T00:00:00Z,3200
2023-09-28,2023-09-28T00:00:00Z,4054
2023-09-29,2023-09-29T00:00:00Z,3962
2023-09-30,2023-09-30T00:00:00Z,2822
2023-10-01,2023-10-01T00:00:00Z,3278
2023-10-02,2023-10-02T00:00:00Z,5819
2023-10-03,2023-10-03T00:00:00Z,4001
2023-10-04,2023-10-04T00:00:00Z,3893
2023-10-05,2023-10-05T00:00:00Z,4273
2023-10-06,2023-10-06T00:00:00Z,11129
2023-10-07,2023-10-07T00:00:00Z,16627
2023-10-08,2023-10-08T00:00:00Z,18688
2023-10-09,2023-10-09T00:00:00Z,11668
2023-10-10,2023-10-10T00:00:00Z,3677
2023-10-11,2023-10-11T00:00:00Z,5293
2023-10-12,2023-10-12T00:00:00Z,3906
2023-10-13,2023-10-13T00:00:00Z,4407
2023-10-14,2023-10-14T00:00:00Z,3578
2023-10-15,2023-10-15T00:00:00Z,8052
2023-10-16,2023-10-16T00:00:00Z,9167
2023-10-17,2023-10-17T00:00:00Z,6687
2023-10-18,2023-10-18T00:00:00Z,6064
2023-10-19,2023-10-19T00:00:00Z,5302
2023-10-20,2023-10-20T00:00:00Z,7573
2023-10-21,2023-10-21T00:00:00Z,5435
2023-10-22,2023-10-22T00:00:00Z,6100
2023-10-23,2023-10-23T00:00:00Z,10804
2023-10-24,2023-10-24T00:00:00Z,13567
2023-10-25,2023-10-25T00:00:00Z,8948
2023-10-26,2023-10-26T00:00:00Z,7941
2023-10-27,2023-10-27T00:00:00Z,4979
2023-10-28,2023-10-28T00:00:00Z,4337
2023-10-29,2023-10-29T00:00:00Z,4398
2023-10-30,2023-10-30T00:00:00Z,5423
2023-10-31,2023-10-31T00:00:00Z,4297
2023-11-01,2023-11-01T00:00:00Z,7095
2023-11-02,2023-11-02T00:00:00Z,6454
2023-11-03,2023-11-03T00:00:00Z,6729
2023-11-04,2023-11-04T00:00:00Z,6234
2023-11-05,2023-11-05T00:00:00Z,5695
2023-11-06,2023-11-06T00:00:00Z,4375
2023-11-07,2023-11-07T00:00:00Z,5467
2023-11-08,2023-11-08T00:00:00Z,5906
2023-11-09,2023-11-09T00:00:00Z,14927
2023-11-10,2023-11-10T00:00:00Z,8795
2023-11-11,2023-11-11T00:00:00Z,6743
2023-11-12,2023-11-12T00:00:00Z,6388
2023-11-13,2023-11-13T00:00:00Z,6954
2023-11-14,2023-11-14T00:00:00Z,5557
2023-11-15,2023-11-15T00:00:00Z,6246
2023-11-16,2023-11-16T00:00:00Z,6373
2023-11-17,2023-11-17T00:00:00Z,5002
2023-11-18,2023-11-18T00:00:00Z,3396
2023-11-19,2023-11-19T00:00:00Z,3281
2023-11-20,2023-11-20T00:00:00Z,4184
2023-11-21,2023-11-21T00:00:00Z,5032
2023-11-22,2023-11-22T00:00:00Z,7443
2023-11-23,2023-11-23T00:00:00Z,3330
2023-11-24,2023-11-24T00:00:00Z,4145
2023-11-25,2023-11-25T00:00:00Z,2620
2023-11-26,2023-11-26T00:00:00Z,3224
2023-11-27,2023-11-27T00:00:00Z,3267
2023-11-28,2023-11-28T00:00:00Z,3053
2023-11-29,2023-11-29T00:00:00Z,3478
2023-11-30,2023-11-30T00:00:00Z,2423
2023-12-01,2023-12-01T00:00:00Z,3721
2023-12-02,2023-12-02T00:00:00Z,3770
2023-12-03,2023-12-03T00:00:00Z,3847
2023-12-04,2023-12-04T00:00:00Z,7673
2023-12-05,2023-12-05T00:00:00Z,8742
2023-12-06,2023-12-06T00:00:00Z,5769
2023-12-07,2023-12-07T00:00:00Z,5314
2023-12-08,2023-12-08T00:00:00Z,5600
2023-12-09,2023-12-09T00:00:00Z,4758
2023-12-10,2023-12-10T00:00:00Z,3059
2023-12-11,2023-12-11T00:00:00Z,6248
2023-12-12,2023-12-12T00:00:00Z,4613
2023-12-13,2023-12-13T00:00:00Z,3971
2023-12-14,2023-12-14T00:00:00Z,4008
2023-12-15,2023-12-15T00:00:00Z,3132
2023-12-16,2023-12-16T00:00:00Z,2186
2023-12-17,2023-12-17T00:00:00Z,3148
2023-12-18,2023-12-18T00:00:00Z,4861
2023-12-19,2023-12-19T00:00:00Z,4565
2023-12-20,2023-12-20T00:00:00Z,4453
2023-12-21,2023-12-21T00:00:00Z,4525
2023-12-22,2023-12-22T00:00:00Z,5000
2023-12-23,2023-12-23T00:00:00Z,3608
2023-12-24,2023-12-24T00:00:00Z,4301
2023-12-25,2023-12-25T00:00:00Z,4143
2023-12-26,2023-12-26T00:00:00Z,5172
2023-12-27,2023-12-27T00:00:00Z,5358
2023-12-28,2023-12-28T00:00:00Z,5522
2023-12-29,2023-12-29T00:00:00Z,5157
2023-12-30,2023-12-30T00:00:00Z,4329
2023-12-31,2023-12-31T00:00:00Z,4175
2024-01-01,2024-01-01T00:00:00Z,5667
2024-01-02,2024-01-02T00:00:00Z,8100
2024-01-03,2024-01-03T00:00:00Z,6830
2024-01-04,2024-01-04T00:00:00Z,6879
2024-01-05,2024-01-05T00:00:00Z,7383
2024-01-06,2024-01-06T00:00:00Z,4365
2024-01-07,2024-01-07T00:00:00Z,4520
2024-01-08,2024-01-08T00:00:00Z,9654
2024-01-09,2024-01-09T00:00:00Z,13359
2024-01-10,2024-01-10T00:00:00Z,13791
2024-01-11,2024-01-11T00:00:00Z,13939
2024-01-12,2024-01-12T00:00:00Z,14787
2024-01-13,2024-01-13T00:00:00Z,9385
2024-01-14,2024-01-14T00:00:00Z,6292
2024-01-15,2024-01-15T00:00:00Z,5614
2024-01-16,2024-01-16T00:00:00Z,4744
2024-01-17,2024-01-17T00:00:00Z,3975
2024-01-18,2024-01-18T00:00:00Z,4491
2024-01-19,2024-01-19T00:00:00Z,5328
2024-01-20,2024-01-20T00:00:00Z,3087
2024-01-21,2024-01-21T00:00:00Z,2643
2024-01-22,2024-01-22T00:00:00Z,7450
2024-01-23,2024-01-23T00:00:00Z,9386
2024-01-24,2024-01-24T00:00:00Z,6590
2024-01-25,2024-01-25T00:00:00Z,4600
2024-01-26,2024-01-26T00:00:00Z,6477
2024-01-27,2024-01-27T00:00:00Z,4520
2024-01-28,2024-01-28T00:00:00Z,4293
2024-01-29,2024-01-29T00:00:00Z,5740
2024-01-30,2024-01-30T00:00:00Z,6687
2024-01-31,2024-01-31T00:00:00Z,5138
2024-02-01,2024-02-01T00:00:00Z,4395
2024-02-02,2024-02-02T00:00:00Z,4405
2024-02-03,2024-02-03T00:00:00Z,3121
2024-02-04,2024-02-04T00:00:00Z,3379
2024-02-05,2024-02-05T00:00:00Z,5350
2024-02-06,2024-02-06T00:00:00Z,5383
2024-02-07,2024-02-07T00:00:00Z,4443
2024-02-08,2024-02-08T00:00:00Z,4893
2024-02-09,2024-02-09T00:00:00Z,5713
2024-02-10,2024-02-10T00:00:00Z,3893
2024-02-11,2024-02-11T00:00:00Z,5299
2024-02-12,2024-02-12T00:00:00Z,5927
2024-02-13,2024-02-13T00:00:00Z,5798
2024-02-14,2024-02-14T00:00:00Z,6531
2024-02-15,2024-02-15T00:00:00Z,6847
2024-02-16,2024-02-16T00:00:00Z,5702
2024-02-17,2024-02-17T00:00:00Z,4246
2024-02-18,2024-02-18T00:00:00Z,4900
2024-02-19,2024-02-19T00:00:00Z,5267
2024-02-20,2024-02-20T00:00:00Z,5796
2024-02-21,2024-02-21T00:00:00Z,4713
2024-02-22,2024-02-22T00:00:00Z,4082
2024-02-23,2024-02-23T00:00:00Z,4413
2024-02-24,2024-02-24T00:00:00Z,4681
2024-02-25,2024-02-25T00:00:00Z,5601
2024-02-26,2024-02-26T00:00:00Z,6068
2024-02-27,2024-02-27T00:00:00Z,7889
2024-02-28,2024-02-28T00:00:00Z,10245
2024-02-29,2024-02-29T00:00:00Z,8226
2024-03-01,2024-03-01T00:00:00Z,5620
2024-03-02,2024-03-02T00:00:00Z,3753
2024-03-03,2024-03-03T00:00:00Z,3777
2024-03-04,2024-03-04T00:00:00Z,7421
2024-03-05,2024-03-05T00:00:00Z,10079
2024-03-06,2024-03-06T00:00:00Z,6975
2024-03-07,2024-03-07T00:00:00Z,5695
2024-03-08,2024-03-08T00:00:00Z,6066
2024-03-09,2024-03-09T00:00:00Z,3557
2024-03-10,2024-03-10T00:00:00Z,4630
2024-03-11,2024-03-11T00:00:00Z,6958
2024-03-12,2024-03-12T00:00:00Z,6088
2024-03-13,2024-03-13T00:00:00Z,4528
2024-03-14,2024-03-14T00:00:00Z,5914
2024-03-15,2024-03-15T00:00:00Z,8345
2024-03-16,2024-03-16T00:00:00Z,5637
2024-03-17,2024-03-17T00:00:00Z,6502
2024-03-18,2024-03-18T00:00:00Z,5199
2024-03-19,2024-03-19T00:00:00Z,8909
2024-03-20,2024-03-20T00:00:00Z,9629
2024-03-21,2024-03-21T00:00:00Z,5679
2024-03-22,2024-03-22T00:00:00Z,5836
2024-03-23,2024-03-23T00:00:00Z,5694
2024-03-24,2024-03-24T00:00:00Z,6601
2024-03-25,2024-03-25T00:00:00Z,6711
2024-03-26,2024-03-26T00:00:00Z,5363
2024-03-27,2024-03-27T00:00:00Z,5025
2024-03-28,2024-03-28T00:00:00Z,5439
2024-03-29,2024-03-29T00:00:00Z,4767
2024-03-30,2024-03-30T00:00:00Z,4230
2024-03-31,2024-03-31T00:00:00Z,4649
2024-04-01,2024-04-01T00:00:00Z,5848
2024-04-02,2024-04-02T00:00:00Z,6856
2024-04-03,2024-04-03T00:00:00Z,5099
2024-04-04,2024-04-04T00:00:00Z,5724
2024-04-05,2024-04-05T00:00:00Z,6348
2024-04-06,2024-04-06T00:00:00Z,4637
2024-04-07,2024-04-07T00:00:00Z,6084
2024-04-08,2024-04-08T00:00:00Z,7443
2024-04-09,2024-04-09T00:00:00Z,6308
2024-04-10,2024-04-10T00:00:00Z,7316
2024-04-11,2024-04-11T00:00:00Z,7447
2024-04-12,2024-04-12T00:00:00Z,7731
2024-04-13,2024-04-13T00:00:00Z,11058
2024-04-14,2024-04-14T00:00:00Z,12530
2024-04-15,2024-04-15T00:00:00Z,11274
2024-04-16,2024-04-16T00:00:00Z,11906
2024-04-17,2024-04-17T00:00:00Z,10630
2024-04-18,2024-04-18T00:00:00Z,12498
2024-04-19,2024-04-19T00:00:00Z,13527
2024-04-20,2024-04-20T00:00:00Z,8849
2024-04-21,2024-04-21T00:00:00Z,7127
2024-04-22,2024-04-22T00:00:00Z,9126
2024-04-23,2024-04-23T00:00:00Z,6805
2024-04-24,2024-04-24T00:00:00Z,6076
2024-04-25,2024-04-25T00:00:00Z,6365
2024-04-26,2024-04-26T00:00:00Z,6875
2024-04-27,2024-04-27T00:00:00Z,7394
2024-04-28,2024-04-28T00:00:00Z,6000
2024-04-29,2024-04-29T00:00:00Z,6515
2024-04-30,2024-04-30T00:00:00Z,8591
2024-05-01,2024-05-01T00:00:00Z,17981
2024-05-02,2024-05-02T00:00:00Z,12135
2024-05-03,2024-05-03T00:00:00Z,10567
2024-05-04,2024-05-04T00:00:00Z,8629
2024-05-05,2024-05-05T00:00:00Z,7791
2024-05-06,2024-05-06T00:00:00Z,9420
2024-05-07,2024-05-07T00:00:00Z,7406
2024-05-08,2024-05-08T00:00:00Z,8898
2024-05-09,2024-05-09T00:00:00Z,7278
2024-05-10,2024-05-10T00:00:00Z,7052
2024-05-11,2024-05-11T00:00:00Z,5875
2024-05-12,2024-05-12T00:00:00Z,5348
2024-05-13,2024-05-13T00:00:00Z,7811
2024-05-14,2024-05-14T00:00:00Z,7903
2024-05-15,2024-05-15T00:00:00Z,10155
2024-05-16,2024-05-16T00:00:00Z,10054
2024-05-17,2024-05-17T00:00:00Z,8823
2024-05-18,2024-05-18T00:00:00Z,8359
2024-05-19,2024-05-19T00:00:00Z,7931
2024-05-20,2024-05-20T00:00:00Z,11355
2024-05-21,2024-05-21T00:00:00Z,12488
2024-05-22,2024-05-22T00:00:00Z,8155
2024-05-23,2024-05-23T00:00:00Z,11965
2024-05-24,2024-05-24T00:00:00Z,8658
2024-05-25,2024-05-25T00:00:00Z,5927
2024-05-26,2024-05-26T00:00:00Z,6169
2024-05-27,2024-05-27T00:00:00Z,5887
2024-05-28,2024-05-28T00:00:00Z,5159
2024-05-29,2024-05-29T00:00:00Z,4768
2024-05-30,2024-05-30T00:00:00Z,4877
2024-05-31,2024-05-31T00:00:00Z,5368
2024-06-01,2024-06-01T00:00:00Z,4279
2024-06-02,2024-06-02T00:00:00Z,4180
2024-06-03,2024-06-03T00:00:00Z,5537
2024-06-04,2024-06-04T00:00:00Z,5938
2024-06-05,2024-06-05T00:00:00Z,6221
2024-06-06,2024-06-06T00:00:00Z,3627
2024-06-07,2024-06-07T00:00:00Z,4973
2024-06-08,2024-06-08T00:00:00Z,3934
2024-06-09,2024-06-09T00:00:00Z,3579
2024-06-10,2024-06-10T00:00:00Z,8080
2024-06-11,2024-06-11T00:00:00Z,6725
2024-06-12,2024-06-12T00:00:00Z,5083
2024-06-13,2024-06-13T00:00:00Z,5210
2024-06-14,2024-06-14T00:00:00Z,6409
2024-06-15,2024-06-15T00:00:00Z,5007
2024-06-16,2024-06-16T00:00:00Z,4581
2024-06-17,2024-06-17T00:00:00Z,6780
2024-06-18,2024-06-18T00:00:00Z,7178
2024-06-19,2024-06-19T00:00:00Z,5473
2024-06-20,2024-06-20T00:00:00Z,4150
2024-06-21,2024-06-21T00:00:00Z,5961
2024-06-22,2024-06-22T00:00:00Z,4309
2024-06-23,2024-06-23T00:00:00Z,5151
2024-06-24,2024-06-24T00:00:00Z,12381
2024-06-25,2024-06-25T00:00:00Z,7246
2024-06-26,2024-06-26T00:00:00Z,5492
2024-06-27,2024-06-27T00:00:00Z,5620
2024-06-28,2024-06-28T00:00:00Z,5195
2024-06-29,2024-06-29T00:00:00Z,4786
2024-06-30,2024-06-30T00:00:00Z,5088
2024-07-01,2024-07-01T00:00:00Z,5840
2024-07-02,2024-07-02T00:00:00Z,4627
2024-07-03,2024-07-03T00:00:00Z,6318
2024-07-04,2024-07-04T00:00:00Z,10554
2024-07-05,2024-07-05T00:00:00Z,15690
2024-07-06,2024-07-06T00:00:00Z,11461
2024-07-07,2024-07-07T00:00:00Z,8795
2024-07-08,2024-07-08T00:00:00Z,10457
2024-07-09,2024-07-09T00:00:00Z,7579
2024-07-10,2024-07-10T00:00:00Z,6753
2024-07-11,2024-07-11T00:00:00Z,6253
2024-07-12,2024-07-12T00:00:00Z,6734
2024-07-13,2024-07-13T00:00:00Z,5976
2024-07-14,2024-07-14T00:00:00Z,6262
2024-07-15,2024-07-15T00:00:00Z,7354
2024-07-16,2024-07-16T00:00:00Z,7414
2024-07-17,2024-07-17T00:00:00Z,5236
2024-07-18,2024-07-18T00:00:00Z,5074
2024-07-19,2024-07-19T00:00:00Z,7374
2024-07-20,2024-07-20T00:00:00Z,6558
2024-07-21,2024-07-21T00:00:00Z,8224
2024-07-22,2024-07-22T00:00:00Z,7567
2024-07-23,2024-07-23T00:00:00Z,9418
2024-07-24,2024-07-24T00:00:00Z,8270
2024-07-25,2024-07-25T00:00:00Z,11392
2024-07-26,2024-07-26T00:00:00Z,10540
2024-07-27,2024-07-27T00:00:00Z,15176
2024-07-28,2024-07-28T00:00:00Z,11909
2024-07-29,2024-07-29T00:00:00Z,13490
2024-07-30,2024-07-30T00:00:00Z,8166
2024-07-31,2024-07-31T00:00:00Z,6284
2024-08-01,2024-08-01T00:00:00Z,9051
2024-08-02,2024-08-02T00:00:00Z,11222
2024-08-03,2024-08-03T00:00:00Z,12327
2024-08-04,2024-08-04T00:00:00Z,17324
2024-08-05,2024-08-05T00:00:00Z,31222
2024-08-06,2024-08-06T00:00:00Z,16554
2024-08-07,2024-08-07T00:00:00Z,17146
2024-08-08,2024-08-08T00:00:00Z,14125
2024-08-09,2024-08-09T00:00:00Z,13786
2024-08-10,2024-08-10T00:00:00Z,17135
2024-08-11,2024-08-11T00:00:00Z,26017
2024-08-12,2024-08-12T00:00:00Z,17166
2024-08-13,2024-08-13T00:00:00Z,12977
2024-08-14,2024-08-14T00:00:00Z,15089
2024-08-15,2024-08-15T00:00:00Z,14063
2024-08-16,2024-08-16T00:00:00Z,19190
2024-08-17,2024-08-17T00:00:00Z,13015
2024-08-18,2024-08-18T00:00:00Z,19211
2024-08-19,2024-08-19T00:00:00Z,12659
2024-08-20,2024-08-20T00:00:00Z,15154
2024-08-21,2024-08-21T00:00:00Z,16405
2024-08-22,2024-08-22T00:00:00Z,13100
2024-08-23,2024-08-23T00:00:00Z,18570
2024-08-24,2024-08-24T00:00:00Z,24736
2024-08-25,2024-08-25T00:00:00Z,19271
2024-08-26,2024-08-26T00:00:00Z,14939
2024-08-27,2024-08-27T00:00:00Z,19197
2024-08-28,2024-08-28T00:00:00Z,21747
2024-08-29,2024-08-29T00:00:00Z,18802
2024-08-30,2024-08-30T00:00:00Z,21157
2024-08-31,2024-08-31T00:00:00Z,15022
2024-09-01,2024-09-01T00:00:00Z,15703
2024-09-02,2024-09-02T00:00:00Z,11343
2024-09-03,2024-09-03T00:00:00Z,13953
2024-09-04,2024-09-04T00:00:00Z,14607
2024-09-05,2024-09-05T00:00:00Z,9691
2024-09-06,2024-09-06T00:00:00Z,17321
2024-09-07,2024-09-07T00:00:00Z,14387
2024-09-08,2024-09-08T00:00:00Z,17995
2024-09-09,2024-09-09T00:00:00Z,13003
2024-09-10,2024-09-10T00:00:00Z,9861
2024-09-11,2024-09-11T00:00:00Z,15473
2024-09-12,2024-09-12T00:00:00Z,12858
2024-09-13,2024-09-13T00:00:00Z,14575
2024-09-14,2024-09-14T00:00:00Z,16510
2024-09-15,2024-09-15T00:00:00Z,15548
2024-09-16,2024-09-16T00:00:00Z,8917
2024-09-17,2024-09-17T00:00:00Z,8810
2024-09-18,2024-09-18T00:00:00Z,8209
2024-09-19,2024-09-19T00:00:00Z,7436
2024-09-20,2024-09-20T00:00:00Z,6764
2024-09-21,2024-09-21T00:00:00Z,5051
2024-09-22,2024-09-22T00:00:00Z,7548
2024-09-23,2024-09-23T00:00:00Z,6754
2024-09-24,2024-09-24T00:00:00Z,5492
2024-09-25,2024-09-25T00:00:00Z,6306
2024-09-26,2024-09-26T00:00:00Z,6131
2024-09-27,2024-09-27T00:00:00Z,7869
2024-09-28,2024-09-28T00:00:00Z,9178
2024-09-29,2024-09-29T00:00:00Z,7651
2024-09-30,2024-09-30T00:00:00Z,10779
2024-10-01,2024-10-01T00:00:00Z,8689
2024-10-02,2024-10-02T00:00:00Z,9656
2024-10-03,2024-10-03T00:00:00Z,10575
2024-10-04,2024-10-04T00:00:00Z,10038
2024-10-05,2024-10-05T00:00:00Z,10162
2024-10-06,2024-10-06T00:00:00Z,9450
2024-10-07,2024-10-07T00:00:00Z,6701
2024-10-08,2024-10-08T00:00:00Z,6281
2024-10-09,2024-10-09T00:00:00Z,5473
2024-10-10,2024-10-10T00:00:00Z,7739
2024-10-11,2024-10-11T00:00:00Z,5835
2024-10-12,2024-10-12T00:00:00Z,5407
2024-10-13,2024-10-13T00:00:00Z,5274
2024-10-14,2024-10-14T00:00:00Z,7479
2024-10-15,2024-10-15T00:00:00Z,7200
2024-10-16,2024-10-16T00:00:00Z,7195
2024-10-17,2024-10-17T00:00:00Z,6252
2024-10-18,2024-10-18T00:00:00Z,5182
2024-10-19,2024-10-19T00:00:00Z,6744
2024-10-20,2024-10-20T00:00:00Z,8935
2024-10-21,2024-10-21T00:00:00Z,9662
2024-10-22,2024-10-22T00:00:00Z,7834
2024-10-23,2024-10-23T00:00:00Z,9087
2024-10-24,2024-10-24T00:00:00Z,7611
2024-10-25,2024-10-25T00:00:00Z,12711
2024-10-26,2024-10-26T00:00:00Z,11687
2024-10-27,2024-10-27T00:00:00Z,9110
2024-10-28,2024-10-28T00:00:00Z,8578
2024-10-29,2024-10-29T00:00:00Z,11920
2024-10-30,2024-10-30T00:00:00Z,7878
2024-10-31,2024-10-31T00:00:00Z,8698
2024-11-01,2024-11-01T00:00:00Z,9921
2024-11-02,2024-11-02T00:00:00Z,11467
2024-11-03,2024-11-03T00:00:00Z,12511
2024-11-04,2024-11-04T00:00:00Z,10279
2024-11-05,2024-11-05T00:00:00Z,11230
2024-11-06,2024-11-06T00:00:00Z,14297
2024-11-07,2024-11-07T00:00:00Z,10032
2024-11-08,2024-11-08T00:00:00Z,7463
2024-11-09,2024-11-09T00:00:00Z,7756
2024-11-10,2024-11-10T00:00:00Z,11377
2024-11-11,2024-11-11T00:00:00Z,13245
2024-11-12,2024-11-12T00:00:00Z,13383
2024-11-13,2024-11-13T00:00:00Z,10660
2024-11-14,2024-11-14T00:00:00Z,9648
2024-11-15,2024-11-15T00:00:00Z,9363
2024-11-16,2024-11-16T00:00:00Z,7408
2024-11-17,2024-11-17T00:00:00Z,8662
2024-11-18,2024-11-18T00:00:00Z,9419
2024-11-19,2024-11-19T00:00:00Z,10727
2024-11-20,2024-11-20T00:00:00Z,12385
2024-11-21,2024-11-21T00:00:00Z,18003
2024-11-22,2024-11-22T00:00:00Z,13601
2024-11-23,2024-11-23T00:00:00Z,11698
2024-11-24,2024-11-24T00:00:00Z,9856
2024-11-25,2024-11-25T00:00:00Z,13507
2024-11-26,2024-11-26T00:00:00Z,13369
2024-11-27,2024-11-27T00:00:00Z,11120
2024-11-28,2024-11-28T00:00:00Z,8043
2024-11-29,2024-11-29T00:00:00Z,8740
2024-11-30,2024-11-30T00:00:00Z,8079
2024-12-01,2024-12-01T00:00:00Z,6268
2024-12-02,2024-12-02T00:00:00Z,7719
2024-12-03,2024-12-03T00:00:00Z,6544
2024-12-04,2024-12-04T00:00:00Z,8934
2024-12-05,2024-12-05T00:00:00Z,14779
2024-12-06,2024-12-06T00:00:00Z,9630
2024-12-07,2024-12-07T00:00:00Z,6045
2024-12-08,2024-12-08T00:00:00Z,6879
2024-12-09,2024-12-09T00:00:00Z,9024
2024-12-10,2024-12-10T00:00:00Z,9313
2024-12-11,2024-12-11T00:00:00Z,8733
2024-12-12,2024-12-12T00:00:00Z,7287
2024-12-13,2024-12-13T00:00:00Z,6225
2024-12-14,2024-12-14T00:00:00Z,7883
2024-12-15,2024-12-15T00:00:00Z,10034
2024-12-16,2024-12-16T00:00:00Z,9812
2024-12-17,2024-12-17T00:00:00Z,8496
2024-12-18,2024-12-18T00:00:00Z,9413
2024-12-19,2024-12-19T00:00:00Z,10655
2024-12-20,2024-12-20T00:00:00Z,13700
2024-12-21,2024-12-21T00:00:00Z,8527
2024-12-22,2024-12-22T00:00:00Z,9324
2024-12-23,2024-12-23T00:00:00Z,12591
2024-12-24,2024-12-24T00:00:00Z,9534
2024-12-25,2024-12-25T00:00:00Z,11897
2024-12-26,2024-12-26T00:00:00Z,16819
2024-12-27,2024-12-27T00:00:00Z,16856
2024-12-28,2024-12-28T00:00:00Z,14399
2024-12-29,2024-12-29T00:00:00Z,13726
2024-12-30,2024-12-30T00:00:00Z,11401
2024-12-31,2024-12-31T00:00:00Z,7599
2025-01-01,2025-01-01T00:00:00Z,5827
2025-01-02,2025-01-02T00:00:00Z,6096
2025-01-03,2025-01-03T00:00:00Z,6538
2025-01-04,2025-01-04T00:00:00Z,6812
2025-01-05,2025-01-05T00:00:00Z,6518
2025-01-06,2025-01-06T00:00:00Z,7918
2025-01-07,2025-01-07T00:00:00Z,10769
2025-01-08,2025-01-08T00:00:00Z,12487
2025-01-09,2025-01-09T00:00:00Z,14574
2025-01-10,2025-01-10T00:00:00Z,11747
2025-01-11,2025-01-11T00:00:00Z,13505
2025-01-12,2025-01-12T00:00:00Z,10754
2025-01-13,2025-01-13T00:00:00Z,14377
2025-01-14,2025-01-14T00:00:00Z,10467
2025-01-15,2025-01-15T00:00:00Z,10193
2025-01-16,2025-01-16T00:00:00Z,11413
2025-01-17,2025-01-17T00:00:00Z,14585
2025-01-18,2025-01-18T00:00:00Z,10402
2025-01-19,2025-01-19T00:00:00Z,12284
2025-01-20,2025-01-20T00:00:00Z,15313
2025-01-21,2025-01-21T00:00:00Z,13567
2025-01-22,2025-01-22T00:00:00Z,10790
2025-01-23,2025-01-23T00:00:00Z,15449
2025-01-24,2025-01-24T00:00:00Z,10475
2025-01-25,2025-01-25T00:00:00Z,9517
2025-01-26,2025-01-26T00:00:00Z,8628
2025-01-27,2025-01-27T00:00:00Z,15037
2025-01-28,2025-01-28T00:00:00Z,12883
2025-01-29,2025-01-29T00:00:00Z,14781
2025-01-30,2025-01-30T00:00:00Z,17935
2025-01-31,2025-01-31T00:00:00Z,18191
2025-02-01,2025-02-01T00:00:00Z,19477
2025-02-02,2025-02-02T00:00:00Z,26832
2025-02-03,2025-02-03T00:00:00Z,30793
2025-02-04,2025-02-04T00:00:00Z,22655
2025-02-05,2025-02-05T00:00:00Z,17969
2025-02-06,2025-02-06T00:00:00Z,17597
2025-02-07,2025-02-07T00:00:00Z,23853
2025-02-08,2025-02-08T00:00:00Z,14611
2025-02-09,2025-02-09T00:00:00Z,14830
2025-02-10,2025-02-10T00:00:00Z,19036
2025-02-11,2025-02-11T00:00:00Z,14038
2025-02-12,2025-02-12T00:00:00Z,28501
2025-02-13,2025-02-13T00:00:00Z,20584
2025-02-14,2025-02-14T00:00:00Z,15238
2025-02-15,2025-02-15T00:00:00Z,14462
2025-02-16,2025-02-16T00:00:00Z,10730
2025-02-17,2025-02-17T00:00:00Z,13020
2025-02-18,2025-02-18T00:00:00Z,18490
2025-02-19,2025-02-19T00:00:00Z,14180
2025-02-20,2025-02-20T00:00:00Z,13392
2025-02-21,2025-02-21T00:00:00Z,17071
2025-02-22,2025-02-22T00:00:00Z,12270
2025-02-23,2025-02-23T00:00:00Z,15492
2025-02-24,2025-02-24T00:00:00Z,20061
2025-02-25,2025-02-25T00:00:00Z,34470
2025-02-26,2025-02-26T00:00:00Z,26447
2025-02-27,2025-02-27T00:00:00Z,23327
2025-02-28,2025-02-28T00:00:00Z,36035
2025-03-01,2025-03-01T00:00:00Z,17188
2025-03-02,2025-03-02T00:00:00Z,25301
2025-03-03,2025-03-03T00:00:00Z,33970
2025-03-04,2025-03-04T00:00:00Z,30393
2025-03-05,2025-03-05T00:00:00Z,23409
2025-03-06,2025-03-06T00:00:00Z,22756
2025-03-07,2025-03-07T00:00:00Z,28712
2025-03-08,2025-03-08T00:00:00Z,15050
2025-03-09,2025-03-09T00:00:00Z,21519
2025-03-10,2025-03-10T00:00:00Z,31342
2025-03-11,2025-03-11T00:00:00Z,29613
2025-03-12,2025-03-12T00:00:00Z,24834
2025-03-13,2025-03-13T00:00:00Z,22157
2025-03-14,2025-03-14T00:00:00Z,17529
2025-03-15,2025-03-15T00:00:00Z,10937
2025-03-16,2025-03-16T00:00:00Z,13613
2025-03-17,2025-03-17T00:00:00Z,16637
2025-03-18,2025-03-18T00:00:00Z,15989
2025-03-19,2025-03-19T00:00:00Z,17842
2025-03-20,2025-03-20T00:00:00Z,17017
2025-03-21,2025-03-21T00:00:00Z,13175
2025-03-22,2025-03-22T00:00:00Z,7996
2025-03-23,2025-03-23T00:00:00Z,10302
2025-03-24,2025-03-24T00:00:00Z,17880
2025-03-25,2025-03-25T00:00:00Z,17693
2025-03-26,2025-03-26T00:00:00Z,15216
2025-03-27,2025-03-27T00:00:00Z,14637
2025-03-28,2025-03-28T00:00:00Z,20862
2025-03-29,2025-03-29T00:00:00Z,16344
2025-03-30,2025-03-30T00:00:00Z,13361
2025-03-31,2025-03-31T00:00:00Z,17118
2025-04-01,2025-04-01T00:00:00Z,15804
2025-04-02,2025-04-02T00:00:00Z,20718
2025-04-03,2025-04-03T00:00:00Z,20495
2025-04-04,2025-04-04T00:00:00Z,23710
2025-04-05,2025-04-05T00:00:00Z,13987
2025-04-06,2025-04-06T00:00:00Z,23973
2025-04-07,2025-04-07T00:00:00Z,42099
2025-04-08,2025-04-08T00:00:00Z,29549
2025-04-09,2025-04-09T00:00:00Z,40754
2025-04-10,2025-04-10T00:00:00Z,23441
2025-04-11,2025-04-11T00:00:00Z,26336
2025-04-12,2025-04-12T00:00:00Z,19870
2025-04-13,2025-04-13T00:00:00Z,20201
2025-04-14,2025-04-14T00:00:00Z,24660
2025-04-15,2025-04-15T00:00:00Z,19978
2025-04-16,2025-04-16T00:00:00Z,23171
2025-04-17,2025-04-17T00:00:00Z,17584
2025-04-18,2025-04-18T00:00:00Z,15106
2025-04-19,2025-04-19T00:00:00Z,13885
2025-04-20,2025-04-20T00:00:00Z,12303
2025-04-21,2025-04-21T00:00:00Z,27683
2025-04-22,2025-04-22T00:00:00Z,25037
2025-04-23,2025-04-23T00:00:00Z,23802
2025-04-24,2025-04-24T00:00:00Z,16536
2025-04-25,2025-04-25T00:00:00Z,21298
2025-04-26,2025-04-26T00:00:00Z,15088
2025-04-27,2025-04-27T00:00:00Z,13980
2025-04-28,2025-04-28T00:00:00Z,18813
2025-04-29,2025-04-29T00:00:00Z,20998
2025-04-30,2025-04-30T00:00:00Z,17161
2025-05-01,2025-05-01T00:00:00Z,16778
2025-05-02,2025-05-02T00:00:00Z,14237
2025-05-03,2025-05-03T00:00:00Z,11184
2025-05-04,2025-05-04T00:00:00Z,13482
2025-05-05,2025-05-05T00:00:00Z,17077
2025-05-06,2025-05-06T00:00:00Z,17253
2025-05-07,2025-05-07T00:00:00Z,17558
2025-05-08,2025-05-08T00:00:00Z,21530
2025-05-09,2025-05-09T00:00:00Z,23473
2025-05-10,2025-05-10T00:00:00Z,21666
2025-05-11,2025-05-11T00:00:00Z,18606
2025-05-12,2025-05-12T00:00:00Z,19659
2025-05-13,2025-05-13T00:00:00Z,19373
2025-05-14,2025-05-14T00:00:00Z,17987
2025-05-15,2025-05-15T00:00:00Z,20718
2025-05-16,2025-05-16T00:00:00Z,18253
2025-05-17,2025-05-17T00:00:00Z,19986
2025-05-18,2025-05-18T00:00:00Z,22869
2025-05-19,2025-05-19T00:00:00Z,24722
2025-05-20,2025-05-20T00:00:00Z,19650
2025-05-21,2025-05-21T00:00:00Z,25267
2025-05-22,2025-05-22T00:00:00Z,21930
2025-05-23,2025-05-23T00:00:00Z,20134
2025-05-24,2025-05-24T00:00:00Z,16726
2025-05-25,2025-05-25T00:00:00Z,17236
2025-05-26,2025-05-26T00:00:00Z,14684
2025-05-27,2025-05-27T00:00:00Z,16226
2025-05-28,2025-05-28T00:00:00Z,13796
2025-05-29,2025-05-29T00:00:00Z,16375
2025-05-30,2025-05-30T00:00:00Z,15841
2025-05-31,2025-05-31T00:00:00Z,14288
2025-06-01,2025-06-01T00:00:00Z,14684
2025-06-02,2025-06-02T00:00:00Z,14887
2025-06-03,2025-06-03T00:00:00Z,12656
2025-06-04,2025-06-04T00:00:00Z,11539
2025-06-05,2025-06-05T00:00:00Z,16541
2025-06-06,2025-06-06T00:00:00Z,16763
2025-06-07,2025-06-07T00:00:00Z,12683
2025-06-08,2025-06-08T00:00:00Z,12364
2025-06-09,2025-06-09T00:00:00Z,16382
2025-06-10,2025-06-10T00:00:00Z,17212
2025-06-11,2025-06-11T00:00:00Z,14816
2025-06-12,2025-06-12T00:00:00Z,15253
2025-06-13,2025-06-13T00:00:00Z,21928
2025-06-14,2025-06-14T00:00:00Z,14784
2025-06-15,2025-06-15T00:00:00Z,16296
2025-06-16,2025-06-16T00:00:00Z,19228
2025-06-17,2025-06-17T00:00:00Z,19818
2025-06-18,2025-06-18T00:00:00Z,18744
2025-06-19,2025-06-19T00:00:00Z,12280
2025-06-20,2025-06-20T00:00:00Z,18056
2025-06-21,2025-06-21T00:00:00Z,18922
2025-06-22,2025-06-22T00:00:00Z,27486
2025-06-23,2025-06-23T00:00:00Z,20960
2025-06-24,2025-06-24T00:00:00Z,11857
2025-06-25,2025-06-25T00:00:00Z,12024
2025-06-26,2025-06-26T00:00:00Z,14084
2025-06-27,2025-06-27T00:00:00Z,15793
2025-06-28,2025-06-28T00:00:00Z,10665
2025-06-29,2025-06-29T00:00:00Z,13572
2025-06-30,2025-06-30T00:00:00Z,15688
2025-07-01,2025-07-01T00:00:00Z,16251
2025-07-02,2025-07-02T00:00:00Z,18517
2025-07-03,2025-07-03T00:00:00Z,15953
2025-07-04,2025-07-04T00:00:00Z,16981
2025-07-05,2025-07-05T00:00:00Z,11337
2025-07-06,2025-07-06T00:00:00Z,11733
2025-07-07,2025-07-07T00:00:00Z,13653
2025-07-08,2025-07-08T00:00:00Z,12478
2025-07-09,2025-07-09T00:00:00Z,14507
2025-07-10,2025-07-10T00:00:00Z,17696
2025-07-11,2025-07-11T00:00:00Z,18788
2025-07-12,2025-07-12T00:00:00Z,14404
2025-07-13,2025-07-13T00:00:00Z,13860
2025-07-14,2025-07-14T00:00:00Z,20111
2025-07-15,2025-07-15T00:00:00Z,24124
2025-07-16,2025-07-16T00:00:00Z,18967
2025-07-17,2025-07-17T00:00:00Z,17193
2025-07-18,2025-07-18T00:00:00Z,18116
2025-07-19,2025-07-19T00:00:00Z,14064
2025-07-20,2025-07-20T00:00:00Z,18320
2025-07-21,2025-07-21T00:00:00Z,19225
2025-07-22,2025-07-22T00:00:00Z,24867
2025-07-23,2025-07-23T00:00:00Z,21281
2025-07-24,2025-07-24T00:00:00Z,23967
2025-07-25,2025-07-25T00:00:00Z,33466
2025-07-26,2025-07-26T00:00:00Z,16696
2025-07-27,2025-07-27T00:00:00Z,20117
2025-07-28,2025-07-28T00:00:00Z,22326
2025-07-29,2025-07-29T00:00:00Z,17628
2025-07-30,2025-07-30T00:00:00Z,13958
2025-07-31,2025-07-31T00:00:00Z,13866
2025-08-01,2025-08-01T00:00:00Z,29853
2025-08-02,2025-08-02T00:00:00Z,22000
2025-08-03,2025-08-03T00:00:00Z,15743
2025-08-04,2025-08-04T00:00:00Z,21167
2025-08-05,2025-08-05T00:00:00Z,21415
2025-08-06,2025-08-06T00:00:00Z,17574
2025-08-07,2025-08-07T00:00:00Z,20570
2025-08-08,2025-08-08T00:00:00Z,17745
2025-08-09,2025-08-09T00:00:00Z,19490
2025-08-10,2025-08-10T00:00:00Z,22703
2025-08-11,2025-08-11T00:00:00Z,26626
2025-08-12,2025-08-12T00:00:00Z,20223
2025-08-13,2025-08-13T00:00:00Z,23133
2025-08-14,2025-08-14T00:00:00Z,26187
2025-08-15,2025-08-15T00:00:00Z,20866
2025-08-16,2025-08-16T00:00:00Z,15572
2025-08-17,2025-08-17T00:00:00Z,17827
2025-08-18,2025-08-18T00:00:00Z,27610
2025-08-19,2025-08-19T00:00:00Z,25235
2025-08-20,2025-08-20T00:00:00Z,22175
2025-08-21,2025-08-21T00:00:00Z,18701
2025-08-22,2025-08-22T00:00:00Z,28742
2025-08-23,2025-08-23T00:00:00Z,17362
2025-08-24,2025-08-24T00:00:00Z,24867
2025-08-25,2025-08-25T00:00:00Z,32940
2025-08-26,2025-08-26T00:00:00Z,26805
2025-08-27,2025-08-27T00:00:00Z,20608
2025-08-28,2025-08-28T00:00:00Z,18695
2025-08-29,2025-08-29T00:00:00Z,25940
2025-08-30,2025-08-30T00:00:00Z,17240
2025-08-31,2025-08-31T00:00:00Z,16006
2025-09-01,2025-09-01T00:00:00Z,19391
2025-09-02,2025-09-02T00:00:00Z,26859
2025-09-03,2025-09-03T00:00:00Z,18033
2025-09-04,2025-09-04T00:00:00Z,18760
2025-09-05,2025-09-05T00:00:00Z,20282
2025-09-06,2025-09-06T00:00:00Z,11384
2025-09-07,2025-09-07T00:00:00Z,13740
2025-09-08,2025-09-08T00:00:00Z,15747
2025-09-09,2025-09-09T00:00:00Z,15708
2025-09-10,2025-09-10T00:00:00Z,18047
2025-09-11,2025-09-11T00:00:00Z,18241
2025-09-12,2025-09-12T00:00:00Z,19867
2025-09-13,2025-09-13T00:00:00Z,14294
2025-09-14,2025-09-14T00:00:00Z,13568
2025-09-15,2025-09-15T00:00:00Z,17856
2025-09-16,2025-09-16T00:00:00Z,15040
2025-09-17,2025-09-17T00:00:00Z,20037
2025-09-18,2025-09-18T00:00:00Z,15143
2025-09-19,2025-09-19T00:00:00Z,14721
2025-09-20,2025-09-20T00:00:00Z,10525
2025-09-21,2025-09-21T00:00:00Z,14703
2025-09-22,2025-09-22T00:00:00Z,22083
2025-09-23,2025-09-23T00:00:00Z,19210
2025-09-24,2025-09-24T00:00:00Z,22319
2025-09-25,2025-09-25T00:00:00Z,26050
2025-09-26,2025-09-26T00:00:00Z,23422
2025-09-27,2025-09-27T00:00:00Z,22984
2025-09-28,2025-09-28T00:00:00Z,18509
2025-09-29,2025-09-29T00:00:00Z,16206
2025-09-30,2025-09-30T00:00:00Z,19773
2025-10-01,2025-10-01T00:00:00Z,22985
2025-10-02,2025-10-02T00:00:00Z,29077
2025-10-03,2025-10-03T00:00:00Z,31371
2025-10-04,2025-10-04T00:00:00Z,18174
2025-10-05,2025-10-05T00:00:00Z,29646
2025-10-06,2025-10-06T00:00:00Z,24637
2025-10-07,2025-10-07T00:00:00Z,29522
2025-10-08,2025-10-08T00:00:00Z,27572
2025-10-09,2025-10-09T00:00:00Z,30539
2025-10-10,2025-10-10T00:00:00Z,36276
2025-10-11,2025-10-11T00:00:00Z,38055
2025-10-12,2025-10-12T00:00:00Z,40552
2025-10-13,2025-10-13T00:00:00Z,32971
2025-10-14,2025-10-14T00:00:00Z,44534
2025-10-15,2025-10-15T00:00:00Z,30469
2025-10-16,2025-10-16T00:00:00Z,35143
2025-10-17,2025-10-17T00:00:00Z,42224
2025-10-18,2025-10-18T00:00:00Z,21820
2025-10-19,2025-10-19T00:00:00Z,32187
2025-10-20,2025-10-20T00:00:00Z,29937
2025-10-21,2025-10-21T00:00:00Z,41832
2025-10-22,2025-10-22T00:00:00Z,31320
2025-10-23,2025-10-23T00:00:00Z,26996
2025-10-24,2025-10-24T00:00:00Z,20495
2025-10-25,2025-10-25T00:00:00Z,13934
2025-10-26,2025-10-26T00:00:00Z,22052
2025-10-27,2025-10-27T00:00:00Z,24868
2025-10-28,2025-10-28T00:00:00Z,24106
2025-10-29,2025-10-29T00:00:00Z,25632
2025-10-30,2025-10-30T00:00:00Z,34274
2025-10-31,2025-10-31T00:00:00Z,30141
2025-11-01,2025-11-01T00:00:00Z,15771
2025-11-02,2025-11-02T00:00:00Z,17367
2025-11-03,2025-11-03T00:00:00Z,31923
2025-11-04,2025-11-04T00:00:00Z,44505
2025-11-05,2025-11-05T00:00:00Z,35441
2025-11-06,2025-11-06T00:00:00Z,25062
2025-11-07,2025-11-07T00:00:00Z,29758
2025-11-08,2025-11-08T00:00:00Z,22599
2025-11-09,2025-11-09T00:00:00Z,29817
2025-11-10,2025-11-10T00:00:00Z,30239
2025-11-11,2025-11-11T00:00:00Z,35685
2025-11-12,2025-11-12T00:00:00Z,33914
2025-11-13,2025-11-13T00:00:00Z,46787
2025-11-14,2025-11-14T00:00:00Z,55437
2025-11-15,2025-11-15T00:00:00Z,33644
2025-11-16,2025-11-16T00:00:00Z,40785
2025-11-17,2025-11-17T00:00:00Z,45967
2025-11-18,2025-11-18T00:00:00Z,55755
2025-11-19,2025-11-19T00:00:00Z,48909
2025-11-20,2025-11-20T00:00:00Z,50277
2025-11-21,2025-11-21T00:00:00Z,76801
2025-11-22,2025-11-22T00:00:00Z,35197
2025-11-23,2025-11-23T00:00:00Z,43656
2025-11-24,2025-11-24T00:00:00Z,45585
2025-11-25,2025-11-25T00:00:00Z,40419
2025-11-26,2025-11-26T00:00:00Z,40778
2025-11-27,2025-11-27T00:00:00Z,38316
2025-11-28,2025-11-28T00:00:00Z,38391
2025-11-29,2025-11-29T00:00:00Z,21812
2025-11-30,2025-11-30T00:00:00Z,24005
2025-12-01,2025-12-01T00:00:00Z,64051
2025-12-02,2025-12-02T00:00:00Z,50483
2025-12-03,2025-12-03T00:00:00Z,52391
2025-12-04,2025-12-04T00:00:00Z,43396
2025-12-05,2025-12-05T00:00:00Z,44631
2025-12-06,2025-12-06T00:00:00Z,20413
2025-12-07,2025-12-07T00:00:00Z,26948
2025-12-08,2025-12-08T00:00:00Z,29556
2025-12-09,2025-12-09T00:00:00Z,37169
2025-12-10,2025-12-10T00:00:00Z,36898
2025-12-11,2025-12-11T00:00:00Z,47116
2025-12-12,2025-12-12T00:00:00Z,37550
2025-12-13,2025-12-13T00:00:00Z,20708
2025-12-14,2025-12-14T00:00:00Z,30605
2025-12-15,2025-12-15T00:00:00Z,49337
2025-12-16,2025-12-16T00:00:00Z,44658
2025-12-17,2025-12-17T00:00:00Z,51105
2025-12-18,2025-12-18T00:00:00Z,57585
2025-12-19,2025-12-19T00:00:00Z,47730
2025-12-20,2025-12-20T00:00:00Z,17418
2025-12-21,2025-12-21T00:00:00Z,24108
2025-12-22,2025-12-22T00:00:00Z,95402
2025-12-23,2025-12-23T00:00:00Z,37119
2025-12-24,2025-12-24T00:00:00Z,24964
2025-12-25,2025-12-25T00:00:00Z,21485
2025-12-26,2025-12-26T00:00:00Z,31388
2025-12-27,2025-12-27T00:00:00Z,17828
2025-12-28,2025-12-28T00:00:00Z,18738
2025-12-29,2025-12-29T00:00:00Z,43777
2025-12-30,2025-12-30T00:00:00Z,32611
2025-12-31,2025-12-31T00:00:00Z,26557
2026-01-01,2026-01-01T00:00:00Z,22904
2026-01-02,2026-01-02T00:00:00Z,38280
2026-01-03,2026-01-03T00:00:00Z,22573
2026-01-04,2026-01-04T00:00:00Z,25140
2026-01-05,2026-01-05T00:00:00Z,43755
2026-01-06,2026-01-06T00:00:00Z,41525
2026-01-07,2026-01-07T00:00:00Z,36428
2026-01-08,2026-01-08T00:00:00Z,35482
2026-01-09,2026-01-09T00:00:00Z,34177
2026-01-10,2026-01-10T00:00:00Z,15622
2026-01-11,2026-01-11T00:00:00Z,20615
2026-01-12,2026-01-12T00:00:00Z,37986
2026-01-13,2026-01-13T00:00:00Z,41449
2026-01-14,2026-01-14T00:00:00Z,42711
2026-01-15,2026-01-15T00:00:00Z,38050
2026-01-16,2026-01-16T00:00:00Z,29787
2026-01-17,2026-01-17T00:00:00Z,19764
2026-01-18,2026-01-18T00:00:00Z,19421
2026-01-19,2026-01-19T00:00:00Z,37335
2026-01-20,2026-01-20T00:00:00Z,50045
2026-01-21,2026-01-21T00:00:00Z,49924
2026-01-22,2026-01-22T00:00:00Z,38379
2026-01-23,2026-01-23T00:00:00Z,36678
2026-01-24,2026-01-24T00:00:00Z,19093
2026-01-25,2026-01-25T00:00:00Z,44453
2026-01-26,2026-01-26T00:00:00Z,40348
2026-01-27,2026-01-27T00:00:00Z,30545
2026-01-28,2026-01-28T00:00:00Z,34295
2026-01-29,2026-01-29T00:00:00Z,40681
2026-01-30,2026-01-30T00:00:00Z,55514
2026-01-31,2026-01-31T00:00:00Z,65269
2026-02-01,2026-02-01T00:00:00Z,63103
2026-02-02,2026-02-02T00:00:00Z,65768
2026-02-03,2026-02-03T00:00:00Z,63012
2026-02-04,2026-02-04T00:00:00Z,60590
2026-02-05,2026-02-05T00:00:00Z,113866
2026-02-06,2026-02-06T00:00:00Z,105077
2026-02-07,2026-02-07T00:00:00Z,60525
2026-02-08,2026-02-08T00:00:00Z,49884
2026-02-09,2026-02-09T00:00:00Z,53604
2026-02-10,2026-02-10T00:00:00Z,41782
2026-02-11,2026-02-11T00:00:00Z,55539
2026-02-12,2026-02-12T00:00:00Z,48301
2026-02-13,2026-02-13T00:00:00Z,39593
2026-02-14,2026-02-14T00:00:00Z,31174
2026-02-15,2026-02-15T00:00:00Z,41423
2026-02-16,2026-02-16T00:00:00Z,36411
2026-02-17,2026-02-17T00:00:00Z,37404
2026-02-18,2026-02-18T00:00:00Z,42164
2026-02-19,2026-02-19T00:00:00Z,56513
2026-02-20,2026-02-20T00:00:00Z,51580
2026-02-21,2026-02-21T00:00:00Z,32493
2026-02-22,2026-02-22T00:00:00Z,29162
2026-02-23,2026-02-23T00:00:00Z,59203
2026-02-24,2026-02-24T00:00:00Z,54043
2026-02-25,2026-02-25T00:00:00Z,62599
2026-02-26,2026-02-26T00:00:00Z,55075
2026-02-27,2026-02-27T00:00:00Z,50591
2026-02-28,2026-02-28T00:00:00Z,58134
2026-03-01,2026-03-01T00:00:00Z,57625
2026-03-02,2026-03-02T00:00:00Z,58549
2026-03-03,2026-03-03T00:00:00Z,54489
2026-03-04,2026-03-04T00:00:00Z,71743
2026-03-05,2026-03-05T00:00:00Z,58802
2026-03-06,2026-03-06T00:00:00Z,48897
2026-03-07,2026-03-07T00:00:00Z,30607
2026-03-08,2026-03-08T00:00:00Z,40591
2026-03-09,2026-03-09T00:00:00Z,51392
2026-03-10,2026-03-10T00:00:00Z,54379
2026-03-11,2026-03-11T00:00:00Z,41978
2026-03-12,2026-03-12T00:00:00Z,45215
2026-03-13,2026-03-13T00:00:00Z,52992
2026-03-14,2026-03-14T00:00:00Z,23417
2026-03-15,2026-03-15T00:00:00Z,36635
2026-03-16,2026-03-16T00:00:00Z,57841
2026-03-17,2026-03-17T00:00:00Z,50696
2026-03-18,2026-03-18T00:00:00Z,42645
2026-03-19,2026-03-19T00:00:00Z,46363
2026-03-20,2026-03-20T00:00:00Z,41187
2026-03-21,2026-03-21T00:00:00Z,22094
2026-03-22,2026-03-22T00:00:00Z,36434
2026-03-23,2026-03-23T00:00:00Z,52957
2026-03-24,2026-03-24T00:00:00Z,40904
2026-03-25,2026-03-25T00:00:00Z,39226
2026-03-26,2026-03-26T00:00:00Z,36048
2026-03-27,2026-03-27T00:00:00Z,36744
2026-03-28,2026-03-28T00:00:00Z,101094
2026-03-29,2026-03-29T00:00:00Z,244473
2026-03-30,2026-03-30T00:00:00Z,104971
2026-03-31,2026-03-31T00:00:00Z,57036
2026-04-01,2026-04-01T00:00:00Z,34902
2026-04-02,2026-04-02T00:00:00Z,195986
2026-04-03,2026-04-03T00:00:00Z,528533
2026-04-04,2026-04-04T00:00:00Z,1026299
2026-04-05,2026-04-05T00:00:00Z,1043706
2026-04-06,2026-04-06T00:00:00Z,203845
2026-04-07,2026-04-07T00:00:00Z,43258
2026-04-08,2026-04-08T00:00:00Z,35353
2026-04-09,2026-04-09T00:00:00Z,37030
2026-04-10,2026-04-10T00:00:00Z,31171
2026-04-11,2026-04-11T00:00:00Z,23218
