Datetime,Transfer Count (Total)
2026-04-11T00:00:00Z,20917
2026-04-10T00:00:00Z,28333
2026-04-09T00:00:00Z,33331
2026-04-08T00:00:00Z,31916
2026-04-07T00:00:00Z,39406
2026-04-06T00:00:00Z,198725
2026-04-05T00:00:00Z,1028579
2026-04-04T00:00:00Z,1011420
2026-04-03T00:00:00Z,518177
2026-04-02T00:00:00Z,190034
2026-04-01T00:00:00Z,32132
2026-03-31T00:00:00Z,53547
2026-03-30T00:00:00Z,101125
2026-03-29T00:00:00Z,239549
2026-03-28T00:00:00Z,98113
2026-03-27T00:00:00Z,33697
2026-03-26T00:00:00Z,32898
2026-03-25T00:00:00Z,35770
2026-03-24T00:00:00Z,37351
2026-03-23T00:00:00Z,48767
2026-03-22T00:00:00Z,33053
2026-03-21T00:00:00Z,19612
2026-03-20T00:00:00Z,37749
2026-03-19T00:00:00Z,42036
2026-03-18T00:00:00Z,38782
2026-03-17T00:00:00Z,45874
2026-03-16T00:00:00Z,52030
2026-03-15T00:00:00Z,32785
2026-03-14T00:00:00Z,20805
2026-03-13T00:00:00Z,47846
2026-03-12T00:00:00Z,40726
2026-03-11T00:00:00Z,37853
2026-03-10T00:00:00Z,49330
2026-03-09T00:00:00Z,46810
2026-03-08T00:00:00Z,37024
2026-03-07T00:00:00Z,27421
2026-03-06T00:00:00Z,44676
2026-03-05T00:00:00Z,53575
2026-03-04T00:00:00Z,65529
2026-03-03T00:00:00Z,50102
2026-03-02T00:00:00Z,53504
2026-03-01T00:00:00Z,52346
2026-02-28T00:00:00Z,52086
2026-02-27T00:00:00Z,45023
2026-02-26T00:00:00Z,48928
2026-02-25T00:00:00Z,56710
2026-02-24T00:00:00Z,49290
2026-02-23T00:00:00Z,54335
2026-02-22T00:00:00Z,26490
2026-02-21T00:00:00Z,29561
2026-02-20T00:00:00Z,47452
2026-02-19T00:00:00Z,51041
2026-02-18T00:00:00Z,38513
2026-02-17T00:00:00Z,34399
2026-02-16T00:00:00Z,33109
2026-02-15T00:00:00Z,37240
2026-02-14T00:00:00Z,26855
2026-02-13T00:00:00Z,34967
2026-02-12T00:00:00Z,43037
2026-02-11T00:00:00Z,50233
2026-02-10T00:00:00Z,37717
2026-02-09T00:00:00Z,47903
2026-02-08T00:00:00Z,45022
2026-02-07T00:00:00Z,54870
2026-02-06T00:00:00Z,92306
2026-02-05T00:00:00Z,101961
2026-02-04T00:00:00Z,55329
2026-02-03T00:00:00Z,57734
2026-02-02T00:00:00Z,59916
2026-02-01T00:00:00Z,56636
2026-01-31T00:00:00Z,58632
2026-01-30T00:00:00Z,49868
2026-01-29T00:00:00Z,36308
2026-01-28T00:00:00Z,30646
2026-01-27T00:00:00Z,27112
2026-01-26T00:00:00Z,35795
2026-01-25T00:00:00Z,39292
2026-01-24T00:00:00Z,16750
2026-01-23T00:00:00Z,32486
2026-01-22T00:00:00Z,34367
2026-01-21T00:00:00Z,45111
2026-01-20T00:00:00Z,44705
2026-01-19T00:00:00Z,33114
2026-01-18T00:00:00Z,17113
2026-01-17T00:00:00Z,17087
2026-01-16T00:00:00Z,26365
2026-01-15T00:00:00Z,33950
2026-01-14T00:00:00Z,38048
2026-01-13T00:00:00Z,36920
2026-01-12T00:00:00Z,34084
2026-01-11T00:00:00Z,18265
2026-01-10T00:00:00Z,13723
2026-01-09T00:00:00Z,30805
2026-01-08T00:00:00Z,31936
2026-01-07T00:00:00Z,32694
2026-01-06T00:00:00Z,36919
2026-01-05T00:00:00Z,38717
2026-01-04T00:00:00Z,22269
2026-01-03T00:00:00Z,20115
2026-01-02T00:00:00Z,34514
2026-01-01T00:00:00Z,20426
2025-12-31T00:00:00Z,22982
2025-12-30T00:00:00Z,29254
2025-12-29T00:00:00Z,39048
2025-12-28T00:00:00Z,16374
2025-12-27T00:00:00Z,15412
2025-12-26T00:00:00Z,28138
2025-12-25T00:00:00Z,18948
2025-12-24T00:00:00Z,22263
2025-12-23T00:00:00Z,32983
2025-12-22T00:00:00Z,88978
2025-12-21T00:00:00Z,21180
2025-12-20T00:00:00Z,14740
2025-12-19T00:00:00Z,42783
2025-12-18T00:00:00Z,51227
2025-12-17T00:00:00Z,45765
2025-12-16T00:00:00Z,39532
2025-12-15T00:00:00Z,43690
2025-12-14T00:00:00Z,26660
2025-12-13T00:00:00Z,17378
2025-12-12T00:00:00Z,32914
2025-12-11T00:00:00Z,41892
2025-12-10T00:00:00Z,32617
2025-12-09T00:00:00Z,32761
2025-12-08T00:00:00Z,26288
2025-12-07T00:00:00Z,24204
2025-12-06T00:00:00Z,18146
2025-12-05T00:00:00Z,39886
2025-12-04T00:00:00Z,38493
2025-12-03T00:00:00Z,46304
2025-12-02T00:00:00Z,44864
2025-12-01T00:00:00Z,56845
2025-11-30T00:00:00Z,21059
2025-11-29T00:00:00Z,19179
2025-11-28T00:00:00Z,33745
2025-11-27T00:00:00Z,33727
2025-11-26T00:00:00Z,36335
2025-11-25T00:00:00Z,35292
2025-11-24T00:00:00Z,40364
2025-11-23T00:00:00Z,38761
2025-11-22T00:00:00Z,30753
2025-11-21T00:00:00Z,68013
2025-11-20T00:00:00Z,44975
2025-11-19T00:00:00Z,43455
2025-11-18T00:00:00Z,49268
2025-11-17T00:00:00Z,40610
2025-11-16T00:00:00Z,36307
2025-11-15T00:00:00Z,29762
2025-11-14T00:00:00Z,49119
2025-11-13T00:00:00Z,41948
2025-11-12T00:00:00Z,30173
2025-11-11T00:00:00Z,31746
2025-11-10T00:00:00Z,26901
2025-11-09T00:00:00Z,26616
2025-11-08T00:00:00Z,19925
2025-11-07T00:00:00Z,26319
2025-11-06T00:00:00Z,21884
2025-11-05T00:00:00Z,30833
2025-11-04T00:00:00Z,39672
2025-11-03T00:00:00Z,28473
2025-11-02T00:00:00Z,15283
2025-11-01T00:00:00Z,13815
2025-10-31T00:00:00Z,26930
2025-10-30T00:00:00Z,30348
2025-10-29T00:00:00Z,22586
2025-10-28T00:00:00Z,21444
2025-10-27T00:00:00Z,21677
2025-10-26T00:00:00Z,19430
2025-10-25T00:00:00Z,11982
2025-10-24T00:00:00Z,18268
2025-10-23T00:00:00Z,24095
2025-10-22T00:00:00Z,27586
2025-10-21T00:00:00Z,37375
2025-10-20T00:00:00Z,26814
2025-10-19T00:00:00Z,29129
2025-10-18T00:00:00Z,19384
2025-10-17T00:00:00Z,36831
2025-10-16T00:00:00Z,31449
2025-10-15T00:00:00Z,27070
2025-10-14T00:00:00Z,39710
2025-10-13T00:00:00Z,28791
2025-10-12T00:00:00Z,35942
2025-10-11T00:00:00Z,33553
2025-10-10T00:00:00Z,32588
2025-10-09T00:00:00Z,27173
2025-10-08T00:00:00Z,23888
2025-10-07T00:00:00Z,25980
2025-10-06T00:00:00Z,21457
2025-10-05T00:00:00Z,26257
2025-10-04T00:00:00Z,15716
2025-10-03T00:00:00Z,27186
2025-10-02T00:00:00Z,24753
2025-10-01T00:00:00Z,19785
2025-09-30T00:00:00Z,17080
2025-09-29T00:00:00Z,14027
2025-09-28T00:00:00Z,15598
2025-09-27T00:00:00Z,20788
2025-09-26T00:00:00Z,20339
2025-09-25T00:00:00Z,22792
2025-09-24T00:00:00Z,19551
2025-09-23T00:00:00Z,16521
2025-09-22T00:00:00Z,19368
2025-09-21T00:00:00Z,12694
2025-09-20T00:00:00Z,8729
2025-09-19T00:00:00Z,12940
2025-09-18T00:00:00Z,13154
2025-09-17T00:00:00Z,17512
2025-09-16T00:00:00Z,13178
2025-09-15T00:00:00Z,15847
2025-09-14T00:00:00Z,11812
2025-09-13T00:00:00Z,12462
2025-09-12T00:00:00Z,17455
2025-09-11T00:00:00Z,15679
2025-09-10T00:00:00Z,15888
2025-09-09T00:00:00Z,13361
2025-09-08T00:00:00Z,13724
2025-09-07T00:00:00Z,11639
2025-09-06T00:00:00Z,9729
2025-09-05T00:00:00Z,17466
2025-09-04T00:00:00Z,16626
2025-09-03T00:00:00Z,15650
2025-09-02T00:00:00Z,23112
2025-09-01T00:00:00Z,17562
2025-08-31T00:00:00Z,14212
2025-08-30T00:00:00Z,14874
2025-08-29T00:00:00Z,22578
2025-08-28T00:00:00Z,15222
2025-08-27T00:00:00Z,18066
2025-08-26T00:00:00Z,23611
2025-08-25T00:00:00Z,29047
2025-08-24T00:00:00Z,21754
2025-08-23T00:00:00Z,14502
2025-08-22T00:00:00Z,25089
2025-08-21T00:00:00Z,16272
2025-08-20T00:00:00Z,19526
2025-08-19T00:00:00Z,21966
2025-08-18T00:00:00Z,24145
2025-08-17T00:00:00Z,14749
2025-08-16T00:00:00Z,13336
2025-08-15T00:00:00Z,16948
2025-08-14T00:00:00Z,23155
2025-08-13T00:00:00Z,20067
2025-08-12T00:00:00Z,16603
2025-08-11T00:00:00Z,23350
2025-08-10T00:00:00Z,19262
2025-08-09T00:00:00Z,16884
2025-08-08T00:00:00Z,14775
2025-08-07T00:00:00Z,15642
2025-08-06T00:00:00Z,13680
2025-08-05T00:00:00Z,14987
2025-08-04T00:00:00Z,15941
2025-08-03T00:00:00Z,12525
2025-08-02T00:00:00Z,18730
2025-08-01T00:00:00Z,25357
2025-07-31T00:00:00Z,11951
2025-07-30T00:00:00Z,11822
2025-07-29T00:00:00Z,15024
2025-07-28T00:00:00Z,17730
2025-07-27T00:00:00Z,16031
2025-07-26T00:00:00Z,12782
2025-07-25T00:00:00Z,28559
2025-07-24T00:00:00Z,20128
2025-07-23T00:00:00Z,18769
2025-07-22T00:00:00Z,21830
2025-07-21T00:00:00Z,16951
2025-07-20T00:00:00Z,15962
2025-07-19T00:00:00Z,11425
2025-07-18T00:00:00Z,16030
2025-07-17T00:00:00Z,15215
2025-07-16T00:00:00Z,16150
2025-07-15T00:00:00Z,20941
2025-07-14T00:00:00Z,17467
2025-07-13T00:00:00Z,12142
2025-07-12T00:00:00Z,11836
2025-07-11T00:00:00Z,16420
2025-07-10T00:00:00Z,15540
2025-07-09T00:00:00Z,12815
2025-07-08T00:00:00Z,10883
2025-07-07T00:00:00Z,11732
2025-07-06T00:00:00Z,10011
2025-07-05T00:00:00Z,9329
2025-07-04T00:00:00Z,14543
2025-07-03T00:00:00Z,13815
2025-07-02T00:00:00Z,15994
2025-07-01T00:00:00Z,13578
2025-06-30T00:00:00Z,12718
2025-06-29T00:00:00Z,11492
2025-06-28T00:00:00Z,8536
2025-06-27T00:00:00Z,13477
2025-06-26T00:00:00Z,12231
2025-06-25T00:00:00Z,10524
2025-06-24T00:00:00Z,10693
2025-06-23T00:00:00Z,17576
2025-06-22T00:00:00Z,23514
2025-06-21T00:00:00Z,15449
2025-06-20T00:00:00Z,15439
2025-06-19T00:00:00Z,10202
2025-06-18T00:00:00Z,16271
2025-06-17T00:00:00Z,17271
2025-06-16T00:00:00Z,15781
2025-06-15T00:00:00Z,11442
2025-06-14T00:00:00Z,11939
2025-06-13T00:00:00Z,19364
2025-06-12T00:00:00Z,13463
2025-06-11T00:00:00Z,13116
2025-06-10T00:00:00Z,15228
2025-06-09T00:00:00Z,14322
2025-06-08T00:00:00Z,10618
2025-06-07T00:00:00Z,10785
2025-06-06T00:00:00Z,14640
2025-06-05T00:00:00Z,14381
2025-06-04T00:00:00Z,10031
2025-06-03T00:00:00Z,10931
2025-06-02T00:00:00Z,13300
2025-06-01T00:00:00Z,12593
2025-05-31T00:00:00Z,12411
2025-05-30T00:00:00Z,14180
2025-05-29T00:00:00Z,14577
2025-05-28T00:00:00Z,12045
2025-05-27T00:00:00Z,14453
2025-05-26T00:00:00Z,12626
2025-05-25T00:00:00Z,15251
2025-05-24T00:00:00Z,14518
2025-05-23T00:00:00Z,17945
2025-05-22T00:00:00Z,19178
2025-05-21T00:00:00Z,22455
2025-05-20T00:00:00Z,17328
2025-05-19T00:00:00Z,22265
2025-05-18T00:00:00Z,20613
2025-05-17T00:00:00Z,18007
2025-05-16T00:00:00Z,15935
2025-05-15T00:00:00Z,18080
2025-05-14T00:00:00Z,15731
2025-05-13T00:00:00Z,17143
2025-05-12T00:00:00Z,17517
2025-05-11T00:00:00Z,16580
2025-05-10T00:00:00Z,19150
2025-05-09T00:00:00Z,20744
2025-05-08T00:00:00Z,19101
2025-05-07T00:00:00Z,15533
2025-05-06T00:00:00Z,15260
2025-05-05T00:00:00Z,15130
2025-05-04T00:00:00Z,11714
2025-05-03T00:00:00Z,9676
2025-05-02T00:00:00Z,12580
2025-05-01T00:00:00Z,14932
2025-04-30T00:00:00Z,15259
2025-04-29T00:00:00Z,19034
2025-04-28T00:00:00Z,17024
2025-04-27T00:00:00Z,12389
2025-04-26T00:00:00Z,13107
2025-04-25T00:00:00Z,18431
2025-04-24T00:00:00Z,13490
2025-04-23T00:00:00Z,21004
2025-04-22T00:00:00Z,22512
2025-04-21T00:00:00Z,25068
2025-04-20T00:00:00Z,10682
2025-04-19T00:00:00Z,11360
2025-04-18T00:00:00Z,13291
2025-04-17T00:00:00Z,15527
2025-04-16T00:00:00Z,20864
2025-04-15T00:00:00Z,17682
2025-04-14T00:00:00Z,22328
2025-04-13T00:00:00Z,18087
2025-04-12T00:00:00Z,17536
2025-04-11T00:00:00Z,22869
2025-04-10T00:00:00Z,20678
2025-04-09T00:00:00Z,34249
2025-04-08T00:00:00Z,26380
2025-04-07T00:00:00Z,36883
2025-04-06T00:00:00Z,21239
2025-04-05T00:00:00Z,12219
2025-04-04T00:00:00Z,21548
2025-04-03T00:00:00Z,17498
2025-04-02T00:00:00Z,18339
2025-04-01T00:00:00Z,13938
2025-03-31T00:00:00Z,14903
2025-03-30T00:00:00Z,11613
2025-03-29T00:00:00Z,14453
2025-03-28T00:00:00Z,18597
2025-03-27T00:00:00Z,12891
2025-03-26T00:00:00Z,13511
2025-03-25T00:00:00Z,15734
2025-03-24T00:00:00Z,15909
2025-03-23T00:00:00Z,9191
2025-03-22T00:00:00Z,6874
2025-03-21T00:00:00Z,11719
2025-03-20T00:00:00Z,15230
2025-03-19T00:00:00Z,16448
2025-03-18T00:00:00Z,14138
2025-03-17T00:00:00Z,14828
2025-03-16T00:00:00Z,12038
2025-03-15T00:00:00Z,9640
2025-03-14T00:00:00Z,15835
2025-03-13T00:00:00Z,19677
2025-03-12T00:00:00Z,22393
2025-03-11T00:00:00Z,26148
2025-03-10T00:00:00Z,28122
2025-03-09T00:00:00Z,19353
2025-03-08T00:00:00Z,13197
2025-03-07T00:00:00Z,25873
2025-03-06T00:00:00Z,20383
2025-03-05T00:00:00Z,21148
2025-03-04T00:00:00Z,27506
2025-03-03T00:00:00Z,30749
2025-03-02T00:00:00Z,22868
2025-03-01T00:00:00Z,15463
2025-02-28T00:00:00Z,32425
2025-02-27T00:00:00Z,21044
2025-02-26T00:00:00Z,23913
2025-02-25T00:00:00Z,30687
2025-02-24T00:00:00Z,17737
2025-02-23T00:00:00Z,13992
2025-02-22T00:00:00Z,10873
2025-02-21T00:00:00Z,15528
2025-02-20T00:00:00Z,12057
2025-02-19T00:00:00Z,12787
2025-02-18T00:00:00Z,17003
2025-02-17T00:00:00Z,11780
2025-02-16T00:00:00Z,9674
2025-02-15T00:00:00Z,10809
2025-02-14T00:00:00Z,13858
2025-02-13T00:00:00Z,18899
2025-02-12T00:00:00Z,19783
2025-02-11T00:00:00Z,12688
2025-02-10T00:00:00Z,17426
2025-02-09T00:00:00Z,13454
2025-02-08T00:00:00Z,13275
2025-02-07T00:00:00Z,21878
2025-02-06T00:00:00Z,16173
2025-02-05T00:00:00Z,16207
2025-02-04T00:00:00Z,20660
2025-02-03T00:00:00Z,27958
2025-02-02T00:00:00Z,22975
2025-02-01T00:00:00Z,16473
2025-01-31T00:00:00Z,16111
2025-01-30T00:00:00Z,13955
2025-01-29T00:00:00Z,13011
2025-01-28T00:00:00Z,11389
2025-01-27T00:00:00Z,13656
2025-01-26T00:00:00Z,7738
2025-01-25T00:00:00Z,8485
2025-01-24T00:00:00Z,9397
2025-01-23T00:00:00Z,13927
2025-01-22T00:00:00Z,9552
2025-01-21T00:00:00Z,12363
2025-01-20T00:00:00Z,14020
2025-01-19T00:00:00Z,11177
2025-01-18T00:00:00Z,9433
2025-01-17T00:00:00Z,12947
2025-01-16T00:00:00Z,10276
2025-01-15T00:00:00Z,9217
2025-01-14T00:00:00Z,9477
2025-01-13T00:00:00Z,12740
2025-01-12T00:00:00Z,9426
2025-01-11T00:00:00Z,12461
2025-01-10T00:00:00Z,10654
2025-01-09T00:00:00Z,13031
2025-01-08T00:00:00Z,10849
2025-01-07T00:00:00Z,9182
2025-01-06T00:00:00Z,7075
2025-01-05T00:00:00Z,5725
2025-01-04T00:00:00Z,5850
2025-01-03T00:00:00Z,5732
2025-01-02T00:00:00Z,5325
2025-01-01T00:00:00Z,5002
2024-12-31T00:00:00Z,6675
2024-12-30T00:00:00Z,9834
2024-12-29T00:00:00Z,10402
2024-12-28T00:00:00Z,11248
2024-12-27T00:00:00Z,14172
2024-12-26T00:00:00Z,14236
2024-12-25T00:00:00Z,10502
2024-12-24T00:00:00Z,8678
2024-12-23T00:00:00Z,11310
2024-12-22T00:00:00Z,8406
2024-12-21T00:00:00Z,7759
2024-12-20T00:00:00Z,12201
2024-12-19T00:00:00Z,9683
2024-12-18T00:00:00Z,8547
2024-12-17T00:00:00Z,7643
2024-12-16T00:00:00Z,8900
2024-12-15T00:00:00Z,9119
2024-12-14T00:00:00Z,7108
2024-12-13T00:00:00Z,5538
2024-12-12T00:00:00Z,6503
2024-12-11T00:00:00Z,7874
2024-12-10T00:00:00Z,8459
2024-12-09T00:00:00Z,8248
2024-12-08T00:00:00Z,5977
2024-12-07T00:00:00Z,5264
2024-12-06T00:00:00Z,8538
2024-12-05T00:00:00Z,13372
2024-12-04T00:00:00Z,7988
2024-12-03T00:00:00Z,5727
2024-12-02T00:00:00Z,6908
2024-12-01T00:00:00Z,5508
2024-11-30T00:00:00Z,7155
2024-11-29T00:00:00Z,7804
2024-11-28T00:00:00Z,7102
2024-11-27T00:00:00Z,9997
2024-11-26T00:00:00Z,11860
2024-11-25T00:00:00Z,12237
2024-11-24T00:00:00Z,8863
2024-11-23T00:00:00Z,10548
2024-11-22T00:00:00Z,12089
2024-11-21T00:00:00Z,16192
2024-11-20T00:00:00Z,11116
2024-11-19T00:00:00Z,9687
2024-11-18T00:00:00Z,8504
2024-11-17T00:00:00Z,7764
2024-11-16T00:00:00Z,6525
2024-11-15T00:00:00Z,8381
2024-11-14T00:00:00Z,8624
2024-11-13T00:00:00Z,9570
2024-11-12T00:00:00Z,12045
2024-11-11T00:00:00Z,11733
2024-11-10T00:00:00Z,10165
2024-11-09T00:00:00Z,6888
2024-11-08T00:00:00Z,6558
2024-11-07T00:00:00Z,8943
2024-11-06T00:00:00Z,12755
2024-11-05T00:00:00Z,9934
2024-11-04T00:00:00Z,9229
2024-11-03T00:00:00Z,11351
2024-11-02T00:00:00Z,10411
2024-11-01T00:00:00Z,8948
2024-10-31T00:00:00Z,7666
2024-10-30T00:00:00Z,6937
2024-10-29T00:00:00Z,10652
2024-10-28T00:00:00Z,7576
2024-10-27T00:00:00Z,8176
2024-10-26T00:00:00Z,10590
2024-10-25T00:00:00Z,11562
2024-10-24T00:00:00Z,6789
2024-10-23T00:00:00Z,8015
2024-10-22T00:00:00Z,6982
2024-10-21T00:00:00Z,8608
2024-10-20T00:00:00Z,8006
2024-10-19T00:00:00Z,5864
2024-10-18T00:00:00Z,4587
2024-10-17T00:00:00Z,5388
2024-10-16T00:00:00Z,6244
2024-10-15T00:00:00Z,6470
2024-10-14T00:00:00Z,6696
2024-10-13T00:00:00Z,4665
2024-10-12T00:00:00Z,4777
2024-10-11T00:00:00Z,5122
2024-10-10T00:00:00Z,6820
2024-10-09T00:00:00Z,4779
2024-10-08T00:00:00Z,5519
2024-10-07T00:00:00Z,5936
2024-10-06T00:00:00Z,8611
2024-10-05T00:00:00Z,9044
2024-10-04T00:00:00Z,8929
2024-10-03T00:00:00Z,9614
2024-10-02T00:00:00Z,8580
2024-10-01T00:00:00Z,7670
2024-09-30T00:00:00Z,9438
2024-09-29T00:00:00Z,6680
2024-09-28T00:00:00Z,7622
2024-09-27T00:00:00Z,6771
2024-09-26T00:00:00Z,5418
2024-09-25T00:00:00Z,5567
2024-09-24T00:00:00Z,4832
2024-09-23T00:00:00Z,6058
2024-09-22T00:00:00Z,6854
2024-09-21T00:00:00Z,4405
2024-09-20T00:00:00Z,5994
2024-09-19T00:00:00Z,6449
2024-09-18T00:00:00Z,7239
2024-09-17T00:00:00Z,7737
2024-09-16T00:00:00Z,7799
2024-09-15T00:00:00Z,13296
2024-09-14T00:00:00Z,14645
2024-09-13T00:00:00Z,13046
2024-09-12T00:00:00Z,11327
2024-09-11T00:00:00Z,14065
2024-09-10T00:00:00Z,8727
2024-09-09T00:00:00Z,11394
2024-09-08T00:00:00Z,15733
2024-09-07T00:00:00Z,12175
2024-09-06T00:00:00Z,15481
2024-09-05T00:00:00Z,8669
2024-09-04T00:00:00Z,12723
2024-09-03T00:00:00Z,12232
2024-09-02T00:00:00Z,10276
2024-09-01T00:00:00Z,14104
2024-08-31T00:00:00Z,13595
2024-08-30T00:00:00Z,19724
2024-08-29T00:00:00Z,17106
2024-08-28T00:00:00Z,20149
2024-08-27T00:00:00Z,17044
2024-08-26T00:00:00Z,13557
2024-08-25T00:00:00Z,17829
2024-08-24T00:00:00Z,23206
2024-08-23T00:00:00Z,16437
2024-08-22T00:00:00Z,11506
2024-08-21T00:00:00Z,14961
2024-08-20T00:00:00Z,13355
2024-08-19T00:00:00Z,11257
2024-08-18T00:00:00Z,17902
2024-08-17T00:00:00Z,11806
2024-08-16T00:00:00Z,17621
2024-08-15T00:00:00Z,12144
2024-08-14T00:00:00Z,13487
2024-08-13T00:00:00Z,11814
2024-08-12T00:00:00Z,15697
2024-08-11T00:00:00Z,24333
2024-08-10T00:00:00Z,15943
2024-08-09T00:00:00Z,12511
2024-08-08T00:00:00Z,12938
2024-08-07T00:00:00Z,15447
2024-08-06T00:00:00Z,14790
2024-08-05T00:00:00Z,27080
2024-08-04T00:00:00Z,15380
2024-08-03T00:00:00Z,11098
2024-08-02T00:00:00Z,9949
2024-08-01T00:00:00Z,8111
2024-07-31T00:00:00Z,5630
2024-07-30T00:00:00Z,7291
2024-07-29T00:00:00Z,12057
2024-07-28T00:00:00Z,10817
2024-07-27T00:00:00Z,14073
2024-07-26T00:00:00Z,9603
2024-07-25T00:00:00Z,10405
2024-07-24T00:00:00Z,7400
2024-07-23T00:00:00Z,8527
2024-07-22T00:00:00Z,6688
2024-07-21T00:00:00Z,7306
2024-07-20T00:00:00Z,5855
2024-07-19T00:00:00Z,6651
2024-07-18T00:00:00Z,4571
2024-07-17T00:00:00Z,4591
2024-07-16T00:00:00Z,6296
2024-07-15T00:00:00Z,6581
2024-07-14T00:00:00Z,5557
2024-07-13T00:00:00Z,5152
2024-07-12T00:00:00Z,5931
2024-07-11T00:00:00Z,5485
2024-07-10T00:00:00Z,5983
2024-07-09T00:00:00Z,6626
2024-07-08T00:00:00Z,9376
2024-07-07T00:00:00Z,7727
2024-07-06T00:00:00Z,10473
2024-07-05T00:00:00Z,13559
2024-07-04T00:00:00Z,9062
2024-07-03T00:00:00Z,5446
2024-07-02T00:00:00Z,3960
2024-07-01T00:00:00Z,5054
2024-06-30T00:00:00Z,4303
2024-06-29T00:00:00Z,4063
2024-06-28T00:00:00Z,4522
2024-06-27T00:00:00Z,4950
2024-06-26T00:00:00Z,4627
2024-06-25T00:00:00Z,6009
2024-06-24T00:00:00Z,10677
2024-06-23T00:00:00Z,4314
2024-06-22T00:00:00Z,3662
2024-06-21T00:00:00Z,5203
2024-06-20T00:00:00Z,3600
2024-06-19T00:00:00Z,4919
2024-06-18T00:00:00Z,6359
2024-06-17T00:00:00Z,6003
2024-06-16T00:00:00Z,3972
2024-06-15T00:00:00Z,4334
2024-06-14T00:00:00Z,5631
2024-06-13T00:00:00Z,4505
2024-06-12T00:00:00Z,4452
2024-06-11T00:00:00Z,5776
2024-06-10T00:00:00Z,7398
2024-06-09T00:00:00Z,2924
2024-06-08T00:00:00Z,3322
2024-06-07T00:00:00Z,4384
2024-06-06T00:00:00Z,3187
2024-06-05T00:00:00Z,5485
2024-06-04T00:00:00Z,5111
2024-06-03T00:00:00Z,4815
2024-06-02T00:00:00Z,3547
2024-06-01T00:00:00Z,3629
2024-05-31T00:00:00Z,4742
2024-05-30T00:00:00Z,4299
2024-05-29T00:00:00Z,4128
2024-05-28T00:00:00Z,4530
2024-05-27T00:00:00Z,5167
2024-05-26T00:00:00Z,5388
2024-05-25T00:00:00Z,5134
2024-05-24T00:00:00Z,7570
2024-05-23T00:00:00Z,10613
2024-05-22T00:00:00Z,7172
2024-05-21T00:00:00Z,11150
2024-05-20T00:00:00Z,9999
2024-05-19T00:00:00Z,6750
2024-05-18T00:00:00Z,7272
2024-05-17T00:00:00Z,7701
2024-05-16T00:00:00Z,8499
2024-05-15T00:00:00Z,8912
2024-05-14T00:00:00Z,6689
2024-05-13T00:00:00Z,6680
2024-05-12T00:00:00Z,4319
2024-05-11T00:00:00Z,4946
2024-05-10T00:00:00Z,5907
2024-05-09T00:00:00Z,6077
2024-05-08T00:00:00Z,7471
2024-05-07T00:00:00Z,6282
2024-05-06T00:00:00Z,8023
2024-05-05T00:00:00Z,6497
2024-05-04T00:00:00Z,7289
2024-05-03T00:00:00Z,8760
2024-05-02T00:00:00Z,9647
2024-05-01T00:00:00Z,14367
2024-04-30T00:00:00Z,7213
2024-04-29T00:00:00Z,5625
2024-04-28T00:00:00Z,5069
2024-04-27T00:00:00Z,6334
2024-04-26T00:00:00Z,5643
2024-04-25T00:00:00Z,5342
2024-04-24T00:00:00Z,5081
2024-04-23T00:00:00Z,5348
2024-04-22T00:00:00Z,7327
2024-04-21T00:00:00Z,5580
2024-04-20T00:00:00Z,7314
2024-04-19T00:00:00Z,11257
2024-04-18T00:00:00Z,10144
2024-04-17T00:00:00Z,8696
2024-04-16T00:00:00Z,9859
2024-04-15T00:00:00Z,9491
2024-04-14T00:00:00Z,10793
2024-04-13T00:00:00Z,9472
2024-04-12T00:00:00Z,6570
2024-04-11T00:00:00Z,6166
2024-04-10T00:00:00Z,6081
2024-04-09T00:00:00Z,5334
2024-04-08T00:00:00Z,6431
2024-04-07T00:00:00Z,5078
2024-04-06T00:00:00Z,3859
2024-04-05T00:00:00Z,5530
2024-04-04T00:00:00Z,4884
2024-04-03T00:00:00Z,4353
2024-04-02T00:00:00Z,6007
2024-04-01T00:00:00Z,4926
2024-03-31T00:00:00Z,3891
2024-03-30T00:00:00Z,3567
2024-03-29T00:00:00Z,3979
2024-03-28T00:00:00Z,4659
2024-03-27T00:00:00Z,4388
2024-03-26T00:00:00Z,4721
2024-03-25T00:00:00Z,5947
2024-03-24T00:00:00Z,5908
2024-03-23T00:00:00Z,5075
2024-03-22T00:00:00Z,5101
2024-03-21T00:00:00Z,4984
2024-03-20T00:00:00Z,8593
2024-03-19T00:00:00Z,7967
2024-03-18T00:00:00Z,4659
2024-03-17T00:00:00Z,5646
2024-03-16T00:00:00Z,4931
2024-03-15T00:00:00Z,7312
2024-03-14T00:00:00Z,5184
2024-03-13T00:00:00Z,3981
2024-03-12T00:00:00Z,5352
2024-03-11T00:00:00Z,6169
2024-03-10T00:00:00Z,3990
2024-03-09T00:00:00Z,3047
2024-03-08T00:00:00Z,5352
2024-03-07T00:00:00Z,5091
2024-03-06T00:00:00Z,6188
2024-03-05T00:00:00Z,9018
2024-03-04T00:00:00Z,6621
2024-03-03T00:00:00Z,3294
2024-03-02T00:00:00Z,3252
2024-03-01T00:00:00Z,4891
2024-02-29T00:00:00Z,7335
2024-02-28T00:00:00Z,9151
2024-02-27T00:00:00Z,6953
2024-02-26T00:00:00Z,5410
2024-02-25T00:00:00Z,4898
2024-02-24T00:00:00Z,4128
2024-02-23T00:00:00Z,3879
2024-02-22T00:00:00Z,3611
2024-02-21T00:00:00Z,4182
2024-02-20T00:00:00Z,5088
2024-02-19T00:00:00Z,4744
2024-02-18T00:00:00Z,4268
2024-02-17T00:00:00Z,3640
2024-02-16T00:00:00Z,5078
2024-02-15T00:00:00Z,6126
2024-02-14T00:00:00Z,5771
2024-02-13T00:00:00Z,5014
2024-02-12T00:00:00Z,5182
2024-02-11T00:00:00Z,4550
2024-02-10T00:00:00Z,3319
2024-02-09T00:00:00Z,5047
2024-02-08T00:00:00Z,4248
2024-02-07T00:00:00Z,3778
2024-02-06T00:00:00Z,4487
2024-02-05T00:00:00Z,4547
2024-02-04T00:00:00Z,2823
2024-02-03T00:00:00Z,2683
2024-02-02T00:00:00Z,3873
2024-02-01T00:00:00Z,3847
2024-01-31T00:00:00Z,4520
2024-01-30T00:00:00Z,5742
2024-01-29T00:00:00Z,5069
2024-01-28T00:00:00Z,3744
2024-01-27T00:00:00Z,3921
2024-01-26T00:00:00Z,5760
2024-01-25T00:00:00Z,4100
2024-01-24T00:00:00Z,5835
2024-01-23T00:00:00Z,8355
2024-01-22T00:00:00Z,6657
2024-01-21T00:00:00Z,2214
2024-01-20T00:00:00Z,2622
2024-01-19T00:00:00Z,4570
2024-01-18T00:00:00Z,3875
2024-01-17T00:00:00Z,3368
2024-01-16T00:00:00Z,4041
2024-01-15T00:00:00Z,4909
2024-01-14T00:00:00Z,5443
2024-01-13T00:00:00Z,8259
2024-01-12T00:00:00Z,13143
2024-01-11T00:00:00Z,12350
2024-01-10T00:00:00Z,12426
2024-01-09T00:00:00Z,11869
2024-01-08T00:00:00Z,8603
2024-01-07T00:00:00Z,4010
2024-01-06T00:00:00Z,3785
2024-01-05T00:00:00Z,6408
2024-01-04T00:00:00Z,6005
2024-01-03T00:00:00Z,5992
2024-01-02T00:00:00Z,7138
2024-01-01T00:00:00Z,4781
2023-12-31T00:00:00Z,3621
2023-12-30T00:00:00Z,3733
2023-12-29T00:00:00Z,4531
2023-12-28T00:00:00Z,4894
2023-12-27T00:00:00Z,4741
2023-12-26T00:00:00Z,4586
2023-12-25T00:00:00Z,3587
2023-12-24T00:00:00Z,3744
2023-12-23T00:00:00Z,3138
2023-12-22T00:00:00Z,4487
2023-12-21T00:00:00Z,3956
2023-12-20T00:00:00Z,3894
2023-12-19T00:00:00Z,4008
2023-12-18T00:00:00Z,4183
2023-12-17T00:00:00Z,2515
2023-12-16T00:00:00Z,1797
2023-12-15T00:00:00Z,2730
2023-12-14T00:00:00Z,3478
2023-12-13T00:00:00Z,3432
2023-12-12T00:00:00Z,4060
2023-12-11T00:00:00Z,5459
2023-12-10T00:00:00Z,2581
2023-12-09T00:00:00Z,4132
2023-12-08T00:00:00Z,4891
2023-12-07T00:00:00Z,4656
2023-12-06T00:00:00Z,5166
2023-12-05T00:00:00Z,7596
2023-12-04T00:00:00Z,6840
2023-12-03T00:00:00Z,3329
2023-12-02T00:00:00Z,3364
2023-12-01T00:00:00Z,3251
2023-11-30T00:00:00Z,2087
2023-11-29T00:00:00Z,3065
2023-11-28T00:00:00Z,2696
2023-11-27T00:00:00Z,2905
2023-11-26T00:00:00Z,2761
2023-11-25T00:00:00Z,2263
2023-11-24T00:00:00Z,3534
2023-11-23T00:00:00Z,2813
2023-11-22T00:00:00Z,6351
2023-11-21T00:00:00Z,4545
2023-11-20T00:00:00Z,3678
2023-11-19T00:00:00Z,2834
2023-11-18T00:00:00Z,2954
2023-11-17T00:00:00Z,4442
2023-11-16T00:00:00Z,5658
2023-11-15T00:00:00Z,5464
2023-11-14T00:00:00Z,4913
2023-11-13T00:00:00Z,6179
2023-11-12T00:00:00Z,5626
2023-11-11T00:00:00Z,5945
2023-11-10T00:00:00Z,7813
2023-11-09T00:00:00Z,13103
2023-11-08T00:00:00Z,5116
2023-11-07T00:00:00Z,4788
2023-11-06T00:00:00Z,3783
2023-11-05T00:00:00Z,4938
2023-11-04T00:00:00Z,5438
2023-11-03T00:00:00Z,5845
2023-11-02T00:00:00Z,5571
2023-11-01T00:00:00Z,6207
2023-10-31T00:00:00Z,3800
2023-10-30T00:00:00Z,4771
2023-10-29T00:00:00Z,3821
2023-10-28T00:00:00Z,3746
2023-10-27T00:00:00Z,4333
2023-10-26T00:00:00Z,7049
2023-10-25T00:00:00Z,7826
2023-10-24T00:00:00Z,11868
2023-10-23T00:00:00Z,9598
2023-10-22T00:00:00Z,5185
2023-10-21T00:00:00Z,4736
2023-10-20T00:00:00Z,6628
2023-10-19T00:00:00Z,4480
2023-10-18T00:00:00Z,5195
2023-10-17T00:00:00Z,5778
2023-10-16T00:00:00Z,8113
2023-10-15T00:00:00Z,7279
2023-10-14T00:00:00Z,3032
2023-10-13T00:00:00Z,3756
2023-10-12T00:00:00Z,3282
2023-10-11T00:00:00Z,4501
2023-10-10T00:00:00Z,3111
2023-10-09T00:00:00Z,10275
2023-10-08T00:00:00Z,16851
2023-10-07T00:00:00Z,15239
2023-10-06T00:00:00Z,9935
2023-10-05T00:00:00Z,3719
2023-10-04T00:00:00Z,3365
2023-10-03T00:00:00Z,3468
2023-10-02T00:00:00Z,5257
2023-10-01T00:00:00Z,2771
2023-09-30T00:00:00Z,2423
2023-09-29T00:00:00Z,3392
2023-09-28T00:00:00Z,3510
2023-09-27T00:00:00Z,2736
2023-09-26T00:00:00Z,1919
2023-09-25T00:00:00Z,2398
2023-09-24T00:00:00Z,1896
2023-09-23T00:00:00Z,1359
2023-09-22T00:00:00Z,2397
2023-09-21T00:00:00Z,2817
2023-09-20T00:00:00Z,3074
2023-09-19T00:00:00Z,3331
2023-09-18T00:00:00Z,3212
2023-09-17T00:00:00Z,1959
2023-09-16T00:00:00Z,1842
2023-09-15T00:00:00Z,2766
2023-09-14T00:00:00Z,2911
2023-09-13T00:00:00Z,2575
2023-09-12T00:00:00Z,3929
2023-09-11T00:00:00Z,3568
2023-09-10T00:00:00Z,2239
2023-09-09T00:00:00Z,1493
2023-09-08T00:00:00Z,2027
2023-09-07T00:00:00Z,2608
2023-09-06T00:00:00Z,2295
2023-09-05T00:00:00Z,2248
2023-09-04T00:00:00Z,2117
2023-09-03T00:00:00Z,2421
2023-09-02T00:00:00Z,2078
2023-09-01T00:00:00Z,2892
2023-08-31T00:00:00Z,2789
2023-08-30T00:00:00Z,2511
2023-08-29T00:00:00Z,3733
2023-08-28T00:00:00Z,2345
2023-08-27T00:00:00Z,1318
2023-08-26T00:00:00Z,1314
2023-08-25T00:00:00Z,2110
2023-08-24T00:00:00Z,2291
2023-08-23T00:00:00Z,3197
2023-08-22T00:00:00Z,2944
2023-08-21T00:00:00Z,2279
2023-08-20T00:00:00Z,2875
2023-08-19T00:00:00Z,2888
2023-08-18T00:00:00Z,5779
2023-08-17T00:00:00Z,5190
2023-08-16T00:00:00Z,2384
2023-08-15T00:00:00Z,2798
2023-08-14T00:00:00Z,3147
2023-08-13T00:00:00Z,1823
2023-08-12T00:00:00Z,1798
2023-08-11T00:00:00Z,2025
2023-08-10T00:00:00Z,2604
2023-08-09T00:00:00Z,3826
2023-08-08T00:00:00Z,3627
2023-08-07T00:00:00Z,2631
2023-08-06T00:00:00Z,2395
2023-08-05T00:00:00Z,2636
2023-08-04T00:00:00Z,2935
2023-08-03T00:00:00Z,2089
2023-08-02T00:00:00Z,3050
2023-08-01T00:00:00Z,3708
2023-07-31T00:00:00Z,3441
2023-07-30T00:00:00Z,2144
2023-07-29T00:00:00Z,1887
2023-07-28T00:00:00Z,1592
2023-07-27T00:00:00Z,1721
2023-07-26T00:00:00Z,2480
2023-07-25T00:00:00Z,1633
2023-07-24T00:00:00Z,2005
2023-07-23T00:00:00Z,1556
2023-07-22T00:00:00Z,1621
2023-07-21T00:00:00Z,1608
2023-07-20T00:00:00Z,2305
2023-07-19T00:00:00Z,1956
2023-07-18T00:00:00Z,2060
2023-07-17T00:00:00Z,2765
2023-07-16T00:00:00Z,2181
2023-07-15T00:00:00Z,2066
2023-07-14T00:00:00Z,4206
2023-07-13T00:00:00Z,3626
2023-07-12T00:00:00Z,2293
2023-07-11T00:00:00Z,2578
2023-07-10T00:00:00Z,3092
2023-07-09T00:00:00Z,2297
2023-07-08T00:00:00Z,2010
2023-07-07T00:00:00Z,2436
2023-07-06T00:00:00Z,3259
2023-07-05T00:00:00Z,1713
2023-07-04T00:00:00Z,2685
2023-07-03T00:00:00Z,3599
2023-07-02T00:00:00Z,2237
2023-07-01T00:00:00Z,2799
2023-06-30T00:00:00Z,5011
2023-06-29T00:00:00Z,2672
2023-06-28T00:00:00Z,3304
2023-06-27T00:00:00Z,3205
2023-06-26T00:00:00Z,3717
2023-06-25T00:00:00Z,3817
2023-06-24T00:00:00Z,2897
2023-06-23T00:00:00Z,4741
2023-06-22T00:00:00Z,5123
2023-06-21T00:00:00Z,6903
2023-06-20T00:00:00Z,5116
2023-06-19T00:00:00Z,2869
2023-06-18T00:00:00Z,1838
2023-06-17T00:00:00Z,2162
2023-06-16T00:00:00Z,2533
2023-06-15T00:00:00Z,3399
2023-06-14T00:00:00Z,2940
2023-06-13T00:00:00Z,2491
2023-06-12T00:00:00Z,2988
2023-06-11T00:00:00Z,2178
2023-06-10T00:00:00Z,4279
2023-06-09T00:00:00Z,2129
2023-06-08T00:00:00Z,2126
2023-06-07T00:00:00Z,3390
2023-06-06T00:00:00Z,4492
2023-06-05T00:00:00Z,2944
2023-06-04T00:00:00Z,1425
2023-06-03T00:00:00Z,1543
2023-06-02T00:00:00Z,2066
2023-06-01T00:00:00Z,2293
2023-05-31T00:00:00Z,1886
2023-05-30T00:00:00Z,1580
2023-05-29T00:00:00Z,2134
2023-05-28T00:00:00Z,2815
2023-05-27T00:00:00Z,1455
2023-05-26T00:00:00Z,2446
2023-05-25T00:00:00Z,2178
2023-05-24T00:00:00Z,3125
2023-05-23T00:00:00Z,1717
2023-05-22T00:00:00Z,1803
2023-05-21T00:00:00Z,1325
2023-05-20T00:00:00Z,1256
2023-05-19T00:00:00Z,1664
2023-05-18T00:00:00Z,1711
2023-05-17T00:00:00Z,1758
2023-05-16T00:00:00Z,1774
2023-05-15T00:00:00Z,1764
2023-05-14T00:00:00Z,1836
2023-05-13T00:00:00Z,2132
2023-05-12T00:00:00Z,2745
2023-05-11T00:00:00Z,1693
2023-05-10T00:00:00Z,1906
2023-05-09T00:00:00Z,1832
2023-05-08T00:00:00Z,2658
2023-05-07T00:00:00Z,1559
2023-05-06T00:00:00Z,2277
2023-05-05T00:00:00Z,2860
2023-05-04T00:00:00Z,1643
2023-05-03T00:00:00Z,2437
2023-05-02T00:00:00Z,1908
2023-05-01T00:00:00Z,2446
2023-04-30T00:00:00Z,1990
2023-04-29T00:00:00Z,1516
2023-04-28T00:00:00Z,2625
2023-04-27T00:00:00Z,4214
2023-04-26T00:00:00Z,4833
2023-04-25T00:00:00Z,2947
2023-04-24T00:00:00Z,2511
2023-04-23T00:00:00Z,1806
2023-04-22T00:00:00Z,2117
2023-04-21T00:00:00Z,3655
2023-04-20T00:00:00Z,2940
2023-04-19T00:00:00Z,3011
2023-04-18T00:00:00Z,3432
2023-04-17T00:00:00Z,3156
2023-04-16T00:00:00Z,2927
2023-04-15T00:00:00Z,2873
2023-04-14T00:00:00Z,6304
2023-04-13T00:00:00Z,4158
2023-04-12T00:00:00Z,4740
2023-04-11T00:00:00Z,5546
2023-04-10T00:00:00Z,4206
2023-04-09T00:00:00Z,2945
2023-04-08T00:00:00Z,2405
2023-04-07T00:00:00Z,2433
2023-04-06T00:00:00Z,2899
2023-04-05T00:00:00Z,3974
2023-04-04T00:00:00Z,4117
2023-04-03T00:00:00Z,4282
2023-04-02T00:00:00Z,3022
2023-04-01T00:00:00Z,3087
2023-03-31T00:00:00Z,4303
2023-03-30T00:00:00Z,4425
2023-03-29T00:00:00Z,4336
2023-03-28T00:00:00Z,4528
2023-03-27T00:00:00Z,4556
2023-03-26T00:00:00Z,4053
2023-03-25T00:00:00Z,3085
2023-03-24T00:00:00Z,4593
2023-03-23T00:00:00Z,5112
2023-03-22T00:00:00Z,7498
2023-03-21T00:00:00Z,6569
2023-03-20T00:00:00Z,8450
2023-03-19T00:00:00Z,7351
2023-03-18T00:00:00Z,7864
2023-03-17T00:00:00Z,9495
2023-03-16T00:00:00Z,4978
2023-03-15T00:00:00Z,7062
2023-03-14T00:00:00Z,8779
2023-03-13T00:00:00Z,8678
2023-03-12T00:00:00Z,6722
2023-03-11T00:00:00Z,10109
2023-03-10T00:00:00Z,6552
2023-03-09T00:00:00Z,4397
2023-03-08T00:00:00Z,2514
2023-03-07T00:00:00Z,2704
2023-03-06T00:00:00Z,1749
2023-03-05T00:00:00Z,2322
2023-03-04T00:00:00Z,1848
2023-03-03T00:00:00Z,2989
2023-03-02T00:00:00Z,2843
2023-03-01T00:00:00Z,3148
2023-02-28T00:00:00Z,2809
2023-02-27T00:00:00Z,3373
2023-02-26T00:00:00Z,2445
2023-02-25T00:00:00Z,2982
2023-02-24T00:00:00Z,3381
2023-02-23T00:00:00Z,3428
2023-02-22T00:00:00Z,4408
2023-02-21T00:00:00Z,3777
2023-02-20T00:00:00Z,3820
2023-02-19T00:00:00Z,3703
2023-02-18T00:00:00Z,3122
2023-02-17T00:00:00Z,4150
2023-02-16T00:00:00Z,4709
2023-02-15T00:00:00Z,3363
2023-02-14T00:00:00Z,3145
2023-02-13T00:00:00Z,3485
2023-02-12T00:00:00Z,2660
2023-02-11T00:00:00Z,3079
2023-02-10T00:00:00Z,3906
2023-02-09T00:00:00Z,3982
2023-02-08T00:00:00Z,3185
2023-02-07T00:00:00Z,4050
2023-02-06T00:00:00Z,3447
2023-02-05T00:00:00Z,3047
2023-02-04T00:00:00Z,3466
2023-02-03T00:00:00Z,3547
2023-02-02T00:00:00Z,4540
2023-02-01T00:00:00Z,3868
2023-01-31T00:00:00Z,3362
2023-01-30T00:00:00Z,4875
2023-01-29T00:00:00Z,5076
2023-01-28T00:00:00Z,4254
2023-01-27T00:00:00Z,4238
2023-01-26T00:00:00Z,4498
2023-01-25T00:00:00Z,5847
2023-01-24T00:00:00Z,6491
2023-01-23T00:00:00Z,4891
2023-01-22T00:00:00Z,5487
2023-01-21T00:00:00Z,6997
2023-01-20T00:00:00Z,4511
2023-01-19T00:00:00Z,4097
2023-01-18T00:00:00Z,6761
2023-01-17T00:00:00Z,4782
2023-01-16T00:00:00Z,5272
2023-01-15T00:00:00Z,4456
2023-01-14T00:00:00Z,7225
2023-01-13T00:00:00Z,5437
2023-01-12T00:00:00Z,5798
2023-01-11T00:00:00Z,3881
2023-01-10T00:00:00Z,5328
2023-01-09T00:00:00Z,4447
2023-01-08T00:00:00Z,1875
2023-01-07T00:00:00Z,2198
2023-01-06T00:00:00Z,2683
2023-01-05T00:00:00Z,2276
2023-01-04T00:00:00Z,3222
2023-01-03T00:00:00Z,2208
2023-01-02T00:00:00Z,2394
2023-01-01T00:00:00Z,2201
2022-12-31T00:00:00Z,2187
2022-12-30T00:00:00Z,2377
2022-12-29T00:00:00Z,2782
2022-12-28T00:00:00Z,3292
2022-12-27T00:00:00Z,4703
2022-12-26T00:00:00Z,2324
2022-12-25T00:00:00Z,2300
2022-12-24T00:00:00Z,2209
2022-12-23T00:00:00Z,2372
2022-12-22T00:00:00Z,3267
2022-12-21T00:00:00Z,2913
2022-12-20T00:00:00Z,4047
2022-12-19T00:00:00Z,3648
2022-12-18T00:00:00Z,3319
2022-12-17T00:00:00Z,4066
2022-12-16T00:00:00Z,4772
2022-12-15T00:00:00Z,3853
2022-12-14T00:00:00Z,5152
2022-12-13T00:00:00Z,6426
2022-12-12T00:00:00Z,3359
2022-12-11T00:00:00Z,2050
2022-12-10T00:00:00Z,2137
2022-12-09T00:00:00Z,2479
2022-12-08T00:00:00Z,3137
2022-12-07T00:00:00Z,3381
2022-12-06T00:00:00Z,2484
2022-12-05T00:00:00Z,3110
2022-12-04T00:00:00Z,2461
2022-12-03T00:00:00Z,2612
2022-12-02T00:00:00Z,3053
2022-12-01T00:00:00Z,3612
2022-11-30T00:00:00Z,4650
2022-11-29T00:00:00Z,4002
2022-11-28T00:00:00Z,4405
2022-11-27T00:00:00Z,4485
2022-11-26T00:00:00Z,6778
2022-11-25T00:00:00Z,10022
2022-11-24T00:00:00Z,5424
2022-11-23T00:00:00Z,4978
2022-11-22T00:00:00Z,6146
2022-11-21T00:00:00Z,8669
2022-11-20T00:00:00Z,7091
2022-11-19T00:00:00Z,4304
2022-11-18T00:00:00Z,5195
2022-11-17T00:00:00Z,7444
2022-11-16T00:00:00Z,6847
2022-11-15T00:00:00Z,5046
2022-11-14T00:00:00Z,8387
2022-11-13T00:00:00Z,6137
2022-11-12T00:00:00Z,6601
2022-11-11T00:00:00Z,9846
2022-11-10T00:00:00Z,12554
2022-11-09T00:00:00Z,14890
2022-11-08T00:00:00Z,10076
2022-11-07T00:00:00Z,4495
2022-11-06T00:00:00Z,3412
2022-11-05T00:00:00Z,3312
2022-11-04T00:00:00Z,4604
2022-11-03T00:00:00Z,3215
2022-11-02T00:00:00Z,4475
2022-11-01T00:00:00Z,3628
2022-10-31T00:00:00Z,4140
2022-10-30T00:00:00Z,3852
2022-10-29T00:00:00Z,5034
2022-10-28T00:00:00Z,4406
2022-10-27T00:00:00Z,4669
2022-10-26T00:00:00Z,6167
2022-10-25T00:00:00Z,4919
2022-10-24T00:00:00Z,3005
2022-10-23T00:00:00Z,2942
2022-10-22T00:00:00Z,2072
2022-10-21T00:00:00Z,2470
2022-10-20T00:00:00Z,2562
2022-10-19T00:00:00Z,3027
2022-10-18T00:00:00Z,3284
2022-10-17T00:00:00Z,3589
2022-10-16T00:00:00Z,3046
2022-10-15T00:00:00Z,2171
2022-10-14T00:00:00Z,3903
2022-10-13T00:00:00Z,4726
2022-10-12T00:00:00Z,2124
2022-10-11T00:00:00Z,2818
2022-10-10T00:00:00Z,2403
2022-10-09T00:00:00Z,1542
2022-10-08T00:00:00Z,2301
2022-10-07T00:00:00Z,4535
2022-10-06T00:00:00Z,4277
2022-10-05T00:00:00Z,4205
2022-10-04T00:00:00Z,4892
2022-10-03T00:00:00Z,3692
2022-10-02T00:00:00Z,5778
2022-10-01T00:00:00Z,3682
2022-09-30T00:00:00Z,5332
2022-09-29T00:00:00Z,5561
2022-09-28T00:00:00Z,5828
2022-09-27T00:00:00Z,6197
2022-09-26T00:00:00Z,5945
2022-09-25T00:00:00Z,4536
2022-09-24T00:00:00Z,4804
2022-09-23T00:00:00Z,6875
2022-09-22T00:00:00Z,6794
2022-09-21T00:00:00Z,6575
2022-09-20T00:00:00Z,5433
2022-09-19T00:00:00Z,7710
2022-09-18T00:00:00Z,5404
2022-09-17T00:00:00Z,4687
2022-09-16T00:00:00Z,4997
2022-09-15T00:00:00Z,6504
2022-09-14T00:00:00Z,5351
2022-09-13T00:00:00Z,6587
2022-09-12T00:00:00Z,5382
2022-09-11T00:00:00Z,3507
2022-09-10T00:00:00Z,4996
2022-09-09T00:00:00Z,5674
2022-09-08T00:00:00Z,4232
2022-09-07T00:00:00Z,4864
2022-09-06T00:00:00Z,6185
2022-09-05T00:00:00Z,3723
2022-09-04T00:00:00Z,3391
2022-09-03T00:00:00Z,4135
2022-09-02T00:00:00Z,4042
2022-09-01T00:00:00Z,3858
2022-08-31T00:00:00Z,4214
2022-08-30T00:00:00Z,4340
2022-08-29T00:00:00Z,4059
2022-08-28T00:00:00Z,3439
2022-08-27T00:00:00Z,4469
2022-08-26T00:00:00Z,5083
2022-08-25T00:00:00Z,4433
2022-08-24T00:00:00Z,4881
2022-08-23T00:00:00Z,4395
2022-08-22T00:00:00Z,4265
2022-08-21T00:00:00Z,5034
2022-08-20T00:00:00Z,4966
2022-08-19T00:00:00Z,5781
2022-08-18T00:00:00Z,3279
2022-08-17T00:00:00Z,4413
2022-08-16T00:00:00Z,3739
2022-08-15T00:00:00Z,4641
2022-08-14T00:00:00Z,4006
2022-08-13T00:00:00Z,4527
2022-08-12T00:00:00Z,3895
2022-08-11T00:00:00Z,5132
2022-08-10T00:00:00Z,4883
2022-08-09T00:00:00Z,4077
2022-08-08T00:00:00Z,4443
2022-08-07T00:00:00Z,2871
2022-08-06T00:00:00Z,3646
2022-08-05T00:00:00Z,4635
2022-08-04T00:00:00Z,3669
2022-08-03T00:00:00Z,4006
2022-08-02T00:00:00Z,5633
2022-08-01T00:00:00Z,4322
2022-07-31T00:00:00Z,4449
2022-07-30T00:00:00Z,5978
2022-07-29T00:00:00Z,7720
2022-07-28T00:00:00Z,6267
2022-07-27T00:00:00Z,6471
2022-07-26T00:00:00Z,5487
2022-07-25T00:00:00Z,5675
2022-07-24T00:00:00Z,5549
2022-07-23T00:00:00Z,4987
2022-07-22T00:00:00Z,5777
2022-07-21T00:00:00Z,5877
2022-07-20T00:00:00Z,7239
2022-07-19T00:00:00Z,7933
2022-07-18T00:00:00Z,8107
2022-07-17T00:00:00Z,5332
2022-07-16T00:00:00Z,5724
2022-07-15T00:00:00Z,4766
2022-07-14T00:00:00Z,4846
2022-07-13T00:00:00Z,5618
2022-07-12T00:00:00Z,5199
2022-07-11T00:00:00Z,4297
2022-07-10T00:00:00Z,4069
2022-07-09T00:00:00Z,3212
2022-07-08T00:00:00Z,4864
2022-07-07T00:00:00Z,4035
2022-07-06T00:00:00Z,3928
2022-07-05T00:00:00Z,5278
2022-07-04T00:00:00Z,4477
2022-07-03T00:00:00Z,3670
2022-07-02T00:00:00Z,4360
2022-07-01T00:00:00Z,5944
2022-06-30T00:00:00Z,5301
2022-06-29T00:00:00Z,4272
2022-06-28T00:00:00Z,4197
2022-06-27T00:00:00Z,3192
2022-06-26T00:00:00Z,3450
2022-06-25T00:00:00Z,3358
2022-06-24T00:00:00Z,5267
2022-06-23T00:00:00Z,4094
2022-06-22T00:00:00Z,5287
2022-06-21T00:00:00Z,5941
2022-06-20T00:00:00Z,8717
2022-06-19T00:00:00Z,9880
2022-06-18T00:00:00Z,11662
2022-06-17T00:00:00Z,6285
2022-06-16T00:00:00Z,7581
2022-06-15T00:00:00Z,12676
2022-06-14T00:00:00Z,12441
2022-06-13T00:00:00Z,15529
2022-06-12T00:00:00Z,6327
2022-06-11T00:00:00Z,4889
2022-06-10T00:00:00Z,3595
2022-06-09T00:00:00Z,2115
2022-06-08T00:00:00Z,2888
2022-06-07T00:00:00Z,4233
2022-06-06T00:00:00Z,3088
2022-06-05T00:00:00Z,1843
2022-06-04T00:00:00Z,1734
2022-06-03T00:00:00Z,2843
2022-06-02T00:00:00Z,2689
2022-06-01T00:00:00Z,4059
2022-05-31T00:00:00Z,3303
2022-05-30T00:00:00Z,4963
2022-05-29T00:00:00Z,2914
2022-05-28T00:00:00Z,3362
2022-05-27T00:00:00Z,5569
2022-05-26T00:00:00Z,5281
2022-05-25T00:00:00Z,3362
2022-05-24T00:00:00Z,3309
2022-05-23T00:00:00Z,4000
2022-05-22T00:00:00Z,3087
2022-05-21T00:00:00Z,3187
2022-05-20T00:00:00Z,4260
2022-05-19T00:00:00Z,5458
2022-05-18T00:00:00Z,4836
2022-05-17T00:00:00Z,4214
2022-05-16T00:00:00Z,6199
2022-05-15T00:00:00Z,4752
2022-05-14T00:00:00Z,4770
2022-05-13T00:00:00Z,6422
2022-05-12T00:00:00Z,11041
2022-05-11T00:00:00Z,8672
2022-05-10T00:00:00Z,7275
2022-05-09T00:00:00Z,8149
2022-05-08T00:00:00Z,4772
2022-05-07T00:00:00Z,2698
2022-05-06T00:00:00Z,3347
2022-05-05T00:00:00Z,3238
2022-05-04T00:00:00Z,2924
2022-05-03T00:00:00Z,2043
2022-05-02T00:00:00Z,2884
2022-05-01T00:00:00Z,2399
2022-04-30T00:00:00Z,2804
2022-04-29T00:00:00Z,2586
2022-04-28T00:00:00Z,2657
2022-04-27T00:00:00Z,2499
2022-04-26T00:00:00Z,3077
2022-04-25T00:00:00Z,3198
2022-04-24T00:00:00Z,1751
2022-04-23T00:00:00Z,1823
2022-04-22T00:00:00Z,2413
2022-04-21T00:00:00Z,2277
2022-04-20T00:00:00Z,2080
2022-04-19T00:00:00Z,2178
2022-04-18T00:00:00Z,3264
2022-04-17T00:00:00Z,2802
2022-04-16T00:00:00Z,1755
2022-04-15T00:00:00Z,2136
2022-04-14T00:00:00Z,2254
2022-04-13T00:00:00Z,2733
2022-04-12T00:00:00Z,3244
2022-04-11T00:00:00Z,5773
2022-04-10T00:00:00Z,2726
2022-04-09T00:00:00Z,2325
2022-04-08T00:00:00Z,3285
2022-04-07T00:00:00Z,2721
2022-04-06T00:00:00Z,3632
2022-04-05T00:00:00Z,2102
2022-04-04T00:00:00Z,2350
2022-04-03T00:00:00Z,2302
2022-04-02T00:00:00Z,2533
2022-04-01T00:00:00Z,3312
2022-03-31T00:00:00Z,2723
2022-03-30T00:00:00Z,2719
2022-03-29T00:00:00Z,3554
2022-03-28T00:00:00Z,3416
2022-03-27T00:00:00Z,3301
2022-03-26T00:00:00Z,2099
2022-03-25T00:00:00Z,3337
2022-03-24T00:00:00Z,3145
2022-03-23T00:00:00Z,2766
2022-03-22T00:00:00Z,3021
2022-03-21T00:00:00Z,2988
2022-03-20T00:00:00Z,2696
2022-03-19T00:00:00Z,2916
2022-03-18T00:00:00Z,3289
2022-03-17T00:00:00Z,3108
2022-03-16T00:00:00Z,4493
2022-03-15T00:00:00Z,2941
2022-03-14T00:00:00Z,3043
2022-03-13T00:00:00Z,2173
2022-03-12T00:00:00Z,2051
2022-03-11T00:00:00Z,3534
2022-03-10T00:00:00Z,3960
2022-03-09T00:00:00Z,4023
2022-03-08T00:00:00Z,3234
2022-03-07T00:00:00Z,4040
2022-03-06T00:00:00Z,3236
2022-03-05T00:00:00Z,2664
2022-03-04T00:00:00Z,3571
2022-03-03T00:00:00Z,2797
2022-03-02T00:00:00Z,3414
2022-03-01T00:00:00Z,4317
2022-02-28T00:00:00Z,3996
2022-02-27T00:00:00Z,3766
2022-02-26T00:00:00Z,2556
2022-02-25T00:00:00Z,4063
2022-02-24T00:00:00Z,6065
2022-02-23T00:00:00Z,2481
2022-02-22T00:00:00Z,3152
2022-02-21T00:00:00Z,3148
2022-02-20T00:00:00Z,2817
2022-02-19T00:00:00Z,1874
2022-02-18T00:00:00Z,2439
2022-02-17T00:00:00Z,2564
2022-02-16T00:00:00Z,1998
2022-02-15T00:00:00Z,2383
2022-02-14T00:00:00Z,2187
2022-02-13T00:00:00Z,1957
2022-02-12T00:00:00Z,2206
2022-02-11T00:00:00Z,2811
2022-02-10T00:00:00Z,2912
2022-02-09T00:00:00Z,2336
2022-02-08T00:00:00Z,2665
2022-02-07T00:00:00Z,2261
2022-02-06T00:00:00Z,1692
2022-02-05T00:00:00Z,2289
2022-02-04T00:00:00Z,3026
2022-02-03T00:00:00Z,2067
2022-02-02T00:00:00Z,2118
2022-02-01T00:00:00Z,2198
2022-01-31T00:00:00Z,1958
2022-01-30T00:00:00Z,1720
2022-01-29T00:00:00Z,1888
2022-01-28T00:00:00Z,2612
2022-01-27T00:00:00Z,2788
2022-01-26T00:00:00Z,3739
2022-01-25T00:00:00Z,3135
2022-01-24T00:00:00Z,5961
2022-01-23T00:00:00Z,3496
2022-01-22T00:00:00Z,7729
2022-01-21T00:00:00Z,5849
2022-01-20T00:00:00Z,2525
2022-01-19T00:00:00Z,2422
2022-01-18T00:00:00Z,2129
2022-01-17T00:00:00Z,1880
2022-01-16T00:00:00Z,1778
2022-01-15T00:00:00Z,1787
2022-01-14T00:00:00Z,1588
2022-01-13T00:00:00Z,1759
2022-01-12T00:00:00Z,1923
2022-01-11T00:00:00Z,2095
2022-01-10T00:00:00Z,2324
2022-01-09T00:00:00Z,1761
2022-01-08T00:00:00Z,2891
2022-01-07T00:00:00Z,4091
2022-01-06T00:00:00Z,3378
2022-01-05T00:00:00Z,2905
2022-01-04T00:00:00Z,1967
2022-01-03T00:00:00Z,1841
2022-01-02T00:00:00Z,1883
2022-01-01T00:00:00Z,2213
2021-12-31T00:00:00Z,2623
2021-12-30T00:00:00Z,2217
2021-12-29T00:00:00Z,1833
2021-12-28T00:00:00Z,2246
2021-12-27T00:00:00Z,2048
2021-12-26T00:00:00Z,2218
2021-12-25T00:00:00Z,1751
2021-12-24T00:00:00Z,2193
2021-12-23T00:00:00Z,2390
2021-12-22T00:00:00Z,2134
2021-12-21T00:00:00Z,2762
2021-12-20T00:00:00Z,3012
2021-12-19T00:00:00Z,2833
2021-12-18T00:00:00Z,3061
2021-12-17T00:00:00Z,3179
2021-12-16T00:00:00Z,2205
2021-12-15T00:00:00Z,3116
2021-12-14T00:00:00Z,2986
2021-12-13T00:00:00Z,3369
2021-12-12T00:00:00Z,2754
2021-12-11T00:00:00Z,3051
2021-12-10T00:00:00Z,3762
2021-12-09T00:00:00Z,2819
2021-12-08T00:00:00Z,2941
2021-12-07T00:00:00Z,2828
2021-12-06T00:00:00Z,3883
2021-12-05T00:00:00Z,3210
2021-12-04T00:00:00Z,5903
2021-12-03T00:00:00Z,3244
2021-12-02T00:00:00Z,3504
2021-12-01T00:00:00Z,3124
2021-11-30T00:00:00Z,3614
2021-11-29T00:00:00Z,2850
2021-11-28T00:00:00Z,2749
2021-11-27T00:00:00Z,2544
2021-11-26T00:00:00Z,4330
2021-11-25T00:00:00Z,3378
2021-11-24T00:00:00Z,3137
2021-11-23T00:00:00Z,3455
2021-11-22T00:00:00Z,3212
2021-11-21T00:00:00Z,2775
2021-11-20T00:00:00Z,3044
2021-11-19T00:00:00Z,4230
2021-11-18T00:00:00Z,3863
2021-11-17T00:00:00Z,3575
2021-11-16T00:00:00Z,4010
2021-11-15T00:00:00Z,2625
2021-11-14T00:00:00Z,2823
2021-11-13T00:00:00Z,2237
2021-11-12T00:00:00Z,3112
2021-11-11T00:00:00Z,2506
2021-11-10T00:00:00Z,2961
2021-11-09T00:00:00Z,2843
2021-11-08T00:00:00Z,4650
2021-11-07T00:00:00Z,3208
2021-11-06T00:00:00Z,2849
2021-11-05T00:00:00Z,2569
2021-11-04T00:00:00Z,3462
2021-11-03T00:00:00Z,3578
2021-11-02T00:00:00Z,2901
2021-11-01T00:00:00Z,2758
2021-10-31T00:00:00Z,2470
2021-10-30T00:00:00Z,2007
2021-10-29T00:00:00Z,3978
2021-10-28T00:00:00Z,3480
2021-10-27T00:00:00Z,3930
2021-10-26T00:00:00Z,3589
2021-10-25T00:00:00Z,3673
2021-10-24T00:00:00Z,3421
2021-10-23T00:00:00Z,3985
2021-10-22T00:00:00Z,5475
2021-10-21T00:00:00Z,5602
2021-10-20T00:00:00Z,5821
2021-10-19T00:00:00Z,6051
2021-10-18T00:00:00Z,4712
2021-10-17T00:00:00Z,4387
2021-10-16T00:00:00Z,4749
2021-10-15T00:00:00Z,8192
2021-10-14T00:00:00Z,4604
2021-10-13T00:00:00Z,5363
2021-10-12T00:00:00Z,6438
2021-10-11T00:00:00Z,5892
2021-10-10T00:00:00Z,5003
2021-10-09T00:00:00Z,4328
2021-10-08T00:00:00Z,4654
2021-10-07T00:00:00Z,4395
2021-10-06T00:00:00Z,6374
2021-10-05T00:00:00Z,4635
2021-10-04T00:00:00Z,3462
2021-10-03T00:00:00Z,3360
2021-10-02T00:00:00Z,4150
2021-10-01T00:00:00Z,4526
2021-09-30T00:00:00Z,3517
2021-09-29T00:00:00Z,3043
2021-09-28T00:00:00Z,3082
2021-09-27T00:00:00Z,3154
2021-09-26T00:00:00Z,4350
2021-09-25T00:00:00Z,4491
2021-09-24T00:00:00Z,5331
2021-09-23T00:00:00Z,3945
2021-09-22T00:00:00Z,4630
2021-09-21T00:00:00Z,5482
2021-09-20T00:00:00Z,5708
2021-09-19T00:00:00Z,3611
2021-09-18T00:00:00Z,3829
2021-09-17T00:00:00Z,3261
2021-09-16T00:00:00Z,4335
2021-09-15T00:00:00Z,4380
2021-09-14T00:00:00Z,4097
2021-09-13T00:00:00Z,4006
2021-09-12T00:00:00Z,4097
2021-09-11T00:00:00Z,4644
2021-09-10T00:00:00Z,4971
2021-09-09T00:00:00Z,3471
2021-09-08T00:00:00Z,5058
2021-09-07T00:00:00Z,5910
2021-09-06T00:00:00Z,3948
2021-09-05T00:00:00Z,2978
2021-09-04T00:00:00Z,3118
2021-09-03T00:00:00Z,3340
2021-09-02T00:00:00Z,5168
2021-09-01T00:00:00Z,4668
2021-08-31T00:00:00Z,4059
2021-08-30T00:00:00Z,3562
2021-08-29T00:00:00Z,3171
2021-08-28T00:00:00Z,2856
2021-08-27T00:00:00Z,3459
2021-08-26T00:00:00Z,3522
2021-08-25T00:00:00Z,3397
2021-08-24T00:00:00Z,3759
2021-08-23T00:00:00Z,4869
2021-08-22T00:00:00Z,5439
2021-08-21T00:00:00Z,5532
2021-08-20T00:00:00Z,5456
2021-08-19T00:00:00Z,4966
2021-08-18T00:00:00Z,5224
2021-08-17T00:00:00Z,4489
2021-08-16T00:00:00Z,4169
2021-08-15T00:00:00Z,4167
2021-08-14T00:00:00Z,3947
2021-08-13T00:00:00Z,5790
2021-08-12T00:00:00Z,5003
2021-08-11T00:00:00Z,4747
2021-08-10T00:00:00Z,5850
2021-08-09T00:00:00Z,6124
2021-08-08T00:00:00Z,7030
2021-08-07T00:00:00Z,8257
2021-08-06T00:00:00Z,7851
2021-08-05T00:00:00Z,8657
2021-08-04T00:00:00Z,7865
2021-08-03T00:00:00Z,6196
2021-08-02T00:00:00Z,6275
2021-08-01T00:00:00Z,6946
2021-07-31T00:00:00Z,6369
2021-07-30T00:00:00Z,8262
2021-07-29T00:00:00Z,6789
2021-07-28T00:00:00Z,7941
2021-07-27T00:00:00Z,7682
2021-07-26T00:00:00Z,10631
2021-07-25T00:00:00Z,5764
2021-07-24T00:00:00Z,5421
2021-07-23T00:00:00Z,5876
2021-07-22T00:00:00Z,6577
2021-07-21T00:00:00Z,8764
2021-07-20T00:00:00Z,8330
2021-07-19T00:00:00Z,6455
2021-07-18T00:00:00Z,6132
2021-07-17T00:00:00Z,5298
2021-07-16T00:00:00Z,5457
2021-07-15T00:00:00Z,5733
2021-07-14T00:00:00Z,6630
2021-07-13T00:00:00Z,5710
2021-07-12T00:00:00Z,5800
2021-07-11T00:00:00Z,5035
2021-07-10T00:00:00Z,6147
2021-07-09T00:00:00Z,6911
2021-07-08T00:00:00Z,6653
2021-07-07T00:00:00Z,5139
2021-07-06T00:00:00Z,6370
2021-07-05T00:00:00Z,7527
2021-07-04T00:00:00Z,7107
2021-07-03T00:00:00Z,7244
2021-07-02T00:00:00Z,8389
2021-07-01T00:00:00Z,8162
2021-06-30T00:00:00Z,9256
2021-06-29T00:00:00Z,9553
2021-06-28T00:00:00Z,9771
2021-06-27T00:00:00Z,10880
2021-06-26T00:00:00Z,11332
2021-06-25T00:00:00Z,12120
2021-06-24T00:00:00Z,9555
2021-06-23T00:00:00Z,11140
2021-06-22T00:00:00Z,11956
2021-06-21T00:00:00Z,12052
2021-06-20T00:00:00Z,9317
2021-06-19T00:00:00Z,8046
2021-06-18T00:00:00Z,8748
2021-06-17T00:00:00Z,7688
2021-06-16T00:00:00Z,7884
2021-06-15T00:00:00Z,7986
2021-06-14T00:00:00Z,9185
2021-06-13T00:00:00Z,10105
2021-06-12T00:00:00Z,10689
2021-06-11T00:00:00Z,8949
2021-06-10T00:00:00Z,9040
2021-06-09T00:00:00Z,10015
2021-06-08T00:00:00Z,8309
2021-06-07T00:00:00Z,6038
2021-06-06T00:00:00Z,5029
2021-06-05T00:00:00Z,5109
2021-06-04T00:00:00Z,5231
2021-06-03T00:00:00Z,4920
2021-06-02T00:00:00Z,5218
2021-06-01T00:00:00Z,5260
2021-05-31T00:00:00Z,6606
2021-05-30T00:00:00Z,5754
2021-05-29T00:00:00Z,7547
2021-05-28T00:00:00Z,7660
2021-05-27T00:00:00Z,6072
2021-05-26T00:00:00Z,9177
2021-05-25T00:00:00Z,9828
2021-05-24T00:00:00Z,11068
2021-05-23T00:00:00Z,12667
2021-05-22T00:00:00Z,10255
2021-05-21T00:00:00Z,9601
2021-05-20T00:00:00Z,10495
2021-05-19T00:00:00Z,13840
2021-05-18T00:00:00Z,6037
2021-05-17T00:00:00Z,8588
2021-05-16T00:00:00Z,7019
2021-05-15T00:00:00Z,5742
2021-05-14T00:00:00Z,5209
2021-05-13T00:00:00Z,8369
2021-05-12T00:00:00Z,5231
2021-05-11T00:00:00Z,2971
2021-05-10T00:00:00Z,5507
2021-05-09T00:00:00Z,4796
2021-05-08T00:00:00Z,5491
2021-05-07T00:00:00Z,6283
2021-05-06T00:00:00Z,6612
2021-05-05T00:00:00Z,7227
2021-05-04T00:00:00Z,8832
2021-05-03T00:00:00Z,8467
2021-05-02T00:00:00Z,5931
2021-05-01T00:00:00Z,7082
2021-04-30T00:00:00Z,8028
2021-04-29T00:00:00Z,8417
2021-04-28T00:00:00Z,7355
2021-04-27T00:00:00Z,5288
2021-04-26T00:00:00Z,6414
2021-04-25T00:00:00Z,6510
2021-04-24T00:00:00Z,5463
2021-04-23T00:00:00Z,7723
2021-04-22T00:00:00Z,6904
2021-04-21T00:00:00Z,4064
2021-04-20T00:00:00Z,3314
2021-04-19T00:00:00Z,3399
2021-04-18T00:00:00Z,6112
2021-04-17T00:00:00Z,3376
2021-04-16T00:00:00Z,4080
2021-04-15T00:00:00Z,5527
2021-04-14T00:00:00Z,5603
2021-04-13T00:00:00Z,4773
2021-04-12T00:00:00Z,3776
2021-04-11T00:00:00Z,4301
2021-04-10T00:00:00Z,5177
2021-04-09T00:00:00Z,3626
2021-04-08T00:00:00Z,4132
2021-04-07T00:00:00Z,4366
2021-04-06T00:00:00Z,3750
2021-04-05T00:00:00Z,3581
2021-04-04T00:00:00Z,3651
2021-04-03T00:00:00Z,4776
2021-04-02T00:00:00Z,4422
2021-04-01T00:00:00Z,4998
2021-03-31T00:00:00Z,3524
2021-03-30T00:00:00Z,4295
2021-03-29T00:00:00Z,5572
2021-03-28T00:00:00Z,3386
2021-03-27T00:00:00Z,3932
2021-03-26T00:00:00Z,4206
2021-03-25T00:00:00Z,4732
2021-03-24T00:00:00Z,4981
2021-03-23T00:00:00Z,4780
2021-03-22T00:00:00Z,3457
2021-03-21T00:00:00Z,4023
2021-03-20T00:00:00Z,3914
2021-03-19T00:00:00Z,3569
2021-03-18T00:00:00Z,3448
2021-03-17T00:00:00Z,3675
2021-03-16T00:00:00Z,4191
2021-03-15T00:00:00Z,4045
2021-03-14T00:00:00Z,3677
2021-03-13T00:00:00Z,4982
2021-03-12T00:00:00Z,5086
2021-03-11T00:00:00Z,4339
2021-03-10T00:00:00Z,5119
2021-03-09T00:00:00Z,4787
2021-03-08T00:00:00Z,5765
2021-03-07T00:00:00Z,7754
2021-03-06T00:00:00Z,5896
2021-03-05T00:00:00Z,5066
2021-03-04T00:00:00Z,5626
2021-03-03T00:00:00Z,6406
2021-03-02T00:00:00Z,7295
2021-03-01T00:00:00Z,6364
2021-02-28T00:00:00Z,8953
2021-02-27T00:00:00Z,5865
2021-02-26T00:00:00Z,6727
2021-02-25T00:00:00Z,5668
2021-02-24T00:00:00Z,6366
2021-02-23T00:00:00Z,8069
2021-02-22T00:00:00Z,6238
2021-02-21T00:00:00Z,6898
2021-02-20T00:00:00Z,6901
2021-02-19T00:00:00Z,8128
2021-02-18T00:00:00Z,6016
2021-02-17T00:00:00Z,7991
2021-02-16T00:00:00Z,6010
2021-02-15T00:00:00Z,6650
2021-02-14T00:00:00Z,6829
2021-02-13T00:00:00Z,5913
2021-02-12T00:00:00Z,7105
2021-02-11T00:00:00Z,6984
2021-02-10T00:00:00Z,7250
2021-02-09T00:00:00Z,8621
2021-02-08T00:00:00Z,10180
2021-02-07T00:00:00Z,7592
2021-02-06T00:00:00Z,11389
2021-02-05T00:00:00Z,7430
2021-02-04T00:00:00Z,6265
2021-02-03T00:00:00Z,6824
2021-02-02T00:00:00Z,6457
2021-02-01T00:00:00Z,7603
2021-01-31T00:00:00Z,7468
2021-01-30T00:00:00Z,7929
2021-01-29T00:00:00Z,13045
2021-01-28T00:00:00Z,8948
2021-01-27T00:00:00Z,11879
2021-01-26T00:00:00Z,11747
2021-01-25T00:00:00Z,12517
2021-01-24T00:00:00Z,10442
2021-01-23T00:00:00Z,14247
2021-01-22T00:00:00Z,9147
2021-01-21T00:00:00Z,8339
2021-01-20T00:00:00Z,7094
2021-01-19T00:00:00Z,8212
2021-01-18T00:00:00Z,5647
2021-01-17T00:00:00Z,5604
2021-01-16T00:00:00Z,5719
2021-01-15T00:00:00Z,5896
2021-01-14T00:00:00Z,6105
2021-01-13T00:00:00Z,6236
2021-01-12T00:00:00Z,6684
2021-01-11T00:00:00Z,9186
2021-01-10T00:00:00Z,7642
2021-01-09T00:00:00Z,6402
2021-01-08T00:00:00Z,7378
2021-01-07T00:00:00Z,6869
2021-01-06T00:00:00Z,6364
2021-01-05T00:00:00Z,6012
2021-01-04T00:00:00Z,7680
2021-01-03T00:00:00Z,9296
2021-01-02T00:00:00Z,8993
2021-01-01T00:00:00Z,5825
2020-12-31T00:00:00Z,5716
2020-12-30T00:00:00Z,6943
2020-12-29T00:00:00Z,6743
2020-12-28T00:00:00Z,6787
2020-12-27T00:00:00Z,11264
2020-12-26T00:00:00Z,9907
2020-12-25T00:00:00Z,6423
2020-12-24T00:00:00Z,4828
2020-12-23T00:00:00Z,4991
2020-12-22T00:00:00Z,4578
2020-12-21T00:00:00Z,4798
2020-12-20T00:00:00Z,5192
2020-12-19T00:00:00Z,4897
2020-12-18T00:00:00Z,4822
2020-12-17T00:00:00Z,6603
2020-12-16T00:00:00Z,5686
2020-12-15T00:00:00Z,4070
2020-12-14T00:00:00Z,3929
2020-12-13T00:00:00Z,4704
2020-12-12T00:00:00Z,4022
2020-12-11T00:00:00Z,4144
2020-12-10T00:00:00Z,4101
2020-12-09T00:00:00Z,4433
2020-12-08T00:00:00Z,4977
2020-12-07T00:00:00Z,5202
2020-12-06T00:00:00Z,7305
2020-12-05T00:00:00Z,5141
2020-12-04T00:00:00Z,9655
2020-12-03T00:00:00Z,6320
2020-12-02T00:00:00Z,4453
2020-12-01T00:00:00Z,4197
2020-11-30T00:00:00Z,4466
2020-11-29T00:00:00Z,3888
2020-11-28T00:00:00Z,3860
2020-11-27T00:00:00Z,4285
2020-11-26T00:00:00Z,7119
2020-11-25T00:00:00Z,4921
2020-11-24T00:00:00Z,6176
2020-11-23T00:00:00Z,5079
2020-11-22T00:00:00Z,6003
2020-11-21T00:00:00Z,5609
2020-11-20T00:00:00Z,5851
2020-11-19T00:00:00Z,5955
2020-11-18T00:00:00Z,9133
2020-11-17T00:00:00Z,7777
2020-11-16T00:00:00Z,5305
2020-11-15T00:00:00Z,3873
2020-11-14T00:00:00Z,3989
2020-11-13T00:00:00Z,4164
2020-11-12T00:00:00Z,4527
2020-11-11T00:00:00Z,4432
2020-11-10T00:00:00Z,3777
2020-11-09T00:00:00Z,3853
2020-11-08T00:00:00Z,3975
2020-11-07T00:00:00Z,5502
2020-11-06T00:00:00Z,6228
2020-11-05T00:00:00Z,7705
2020-11-04T00:00:00Z,4639
2020-11-03T00:00:00Z,4348
2020-11-02T00:00:00Z,4205
2020-11-01T00:00:00Z,4140
2020-10-31T00:00:00Z,4048
2020-10-30T00:00:00Z,5354
2020-10-29T00:00:00Z,4755
2020-10-28T00:00:00Z,5321
2020-10-27T00:00:00Z,4771
2020-10-26T00:00:00Z,5001
2020-10-25T00:00:00Z,3605
2020-10-24T00:00:00Z,3791
2020-10-23T00:00:00Z,3805
2020-10-22T00:00:00Z,5271
2020-10-21T00:00:00Z,7206
2020-10-20T00:00:00Z,6489
2020-10-19T00:00:00Z,3682
2020-10-18T00:00:00Z,3622
2020-10-17T00:00:00Z,3513
2020-10-16T00:00:00Z,4145
2020-10-15T00:00:00Z,2772
2020-10-14T00:00:00Z,2846
2020-10-13T00:00:00Z,2570
2020-10-12T00:00:00Z,3224
2020-10-11T00:00:00Z,2898
2020-10-10T00:00:00Z,3268
2020-10-09T00:00:00Z,3618
2020-10-08T00:00:00Z,2958
2020-10-07T00:00:00Z,2603
2020-10-06T00:00:00Z,2859
2020-10-05T00:00:00Z,2864
2020-10-04T00:00:00Z,2371
2020-10-03T00:00:00Z,2485
2020-10-02T00:00:00Z,3322
2020-10-01T00:00:00Z,3126
2020-09-30T00:00:00Z,2931
2020-09-29T00:00:00Z,2983
2020-09-28T00:00:00Z,3583
2020-09-27T00:00:00Z,3114
2020-09-26T00:00:00Z,3587
2020-09-25T00:00:00Z,4717
2020-09-24T00:00:00Z,3987
2020-09-23T00:00:00Z,4192
2020-09-22T00:00:00Z,3015
2020-09-21T00:00:00Z,4117
2020-09-20T00:00:00Z,4317
2020-09-19T00:00:00Z,5906
2020-09-18T00:00:00Z,7642
2020-09-17T00:00:00Z,6992
2020-09-16T00:00:00Z,3573
2020-09-15T00:00:00Z,2529
2020-09-14T00:00:00Z,2305
2020-09-13T00:00:00Z,2914
2020-09-12T00:00:00Z,3464
2020-09-11T00:00:00Z,3503
2020-09-10T00:00:00Z,4952
2020-09-09T00:00:00Z,3316
2020-09-08T00:00:00Z,3310
2020-09-07T00:00:00Z,3135
2020-09-06T00:00:00Z,2841
2020-09-05T00:00:00Z,3487
2020-09-04T00:00:00Z,2146
2020-09-03T00:00:00Z,2602
2020-09-02T00:00:00Z,1778
2020-09-01T00:00:00Z,2896
2020-08-31T00:00:00Z,3156
2020-08-30T00:00:00Z,3551
2020-08-29T00:00:00Z,2300
2020-08-28T00:00:00Z,2338
2020-08-27T00:00:00Z,2522
2020-08-26T00:00:00Z,2528
2020-08-25T00:00:00Z,1901
2020-08-24T00:00:00Z,2025
2020-08-23T00:00:00Z,2645
2020-08-22T00:00:00Z,2526
2020-08-21T00:00:00Z,1764
2020-08-20T00:00:00Z,1849
2020-08-19T00:00:00Z,2202
2020-08-18T00:00:00Z,1812
2020-08-17T00:00:00Z,2441
2020-08-16T00:00:00Z,2408
2020-08-15T00:00:00Z,2258
2020-08-14T00:00:00Z,2150
2020-08-13T00:00:00Z,1098
2020-08-12T00:00:00Z,876
2020-08-11T00:00:00Z,1093
2020-08-10T00:00:00Z,1674
2020-08-09T00:00:00Z,1350
2020-08-08T00:00:00Z,1136
2020-08-07T00:00:00Z,1141
2020-08-06T00:00:00Z,1573
2020-08-05T00:00:00Z,1137
2020-08-04T00:00:00Z,1083
2020-08-03T00:00:00Z,1034
2020-08-02T00:00:00Z,1665
2020-08-01T00:00:00Z,1423
2020-07-31T00:00:00Z,920
2020-07-30T00:00:00Z,1424
2020-07-29T00:00:00Z,1732
2020-07-28T00:00:00Z,2053
2020-07-27T00:00:00Z,2627
2020-07-26T00:00:00Z,1992
2020-07-25T00:00:00Z,1523
2020-07-24T00:00:00Z,1031
2020-07-23T00:00:00Z,1201
2020-07-22T00:00:00Z,1166
2020-07-21T00:00:00Z,919
2020-07-20T00:00:00Z,1233
2020-07-19T00:00:00Z,1193
2020-07-18T00:00:00Z,901
2020-07-17T00:00:00Z,743
2020-07-16T00:00:00Z,944
2020-07-15T00:00:00Z,754
2020-07-14T00:00:00Z,768
2020-07-13T00:00:00Z,928
2020-07-12T00:00:00Z,1154
2020-07-11T00:00:00Z,1079
2020-07-10T00:00:00Z,885
2020-07-09T00:00:00Z,1008
2020-07-08T00:00:00Z,1305
2020-07-07T00:00:00Z,1192
2020-07-06T00:00:00Z,1473
2020-07-05T00:00:00Z,1572
2020-07-04T00:00:00Z,1317
2020-07-03T00:00:00Z,1423
2020-07-02T00:00:00Z,1586
2020-07-01T00:00:00Z,1278
2020-06-30T00:00:00Z,1148
2020-06-29T00:00:00Z,1229
2020-06-28T00:00:00Z,1644
2020-06-27T00:00:00Z,2354
2020-06-26T00:00:00Z,2085
2020-06-25T00:00:00Z,2068
2020-06-24T00:00:00Z,2180
2020-06-23T00:00:00Z,2690
2020-06-22T00:00:00Z,5281
2020-06-21T00:00:00Z,2776
2020-06-20T00:00:00Z,1544
2020-06-19T00:00:00Z,1866
2020-06-18T00:00:00Z,553
2020-06-17T00:00:00Z,657
2020-06-16T00:00:00Z,666
2020-06-15T00:00:00Z,822
2020-06-14T00:00:00Z,597
2020-06-13T00:00:00Z,539
2020-06-12T00:00:00Z,747
2020-06-11T00:00:00Z,1089
2020-06-10T00:00:00Z,630
2020-06-09T00:00:00Z,505
2020-06-08T00:00:00Z,677
2020-06-07T00:00:00Z,684
2020-06-06T00:00:00Z,745
2020-06-05T00:00:00Z,849
2020-06-04T00:00:00Z,825
2020-06-03T00:00:00Z,654
2020-06-02T00:00:00Z,1116
2020-06-01T00:00:00Z,886
2020-05-31T00:00:00Z,698
2020-05-30T00:00:00Z,890
2020-05-29T00:00:00Z,967
2020-05-28T00:00:00Z,686
2020-05-27T00:00:00Z,540
2020-05-26T00:00:00Z,495
2020-05-25T00:00:00Z,651
2020-05-24T00:00:00Z,705
2020-05-23T00:00:00Z,601
2020-05-22T00:00:00Z,795
2020-05-21T00:00:00Z,698
2020-05-20T00:00:00Z,880
2020-05-19T00:00:00Z,865
2020-05-18T00:00:00Z,720
2020-05-17T00:00:00Z,585
2020-05-16T00:00:00Z,438
2020-05-15T00:00:00Z,690
2020-05-14T00:00:00Z,814
2020-05-13T00:00:00Z,729
2020-05-12T00:00:00Z,551
2020-05-11T00:00:00Z,1123
2020-05-10T00:00:00Z,3104
2020-05-09T00:00:00Z,1656
2020-05-08T00:00:00Z,1799
2020-05-07T00:00:00Z,2715
2020-05-06T00:00:00Z,1858
2020-05-05T00:00:00Z,1338
2020-05-04T00:00:00Z,1910
2020-05-03T00:00:00Z,2066
2020-05-02T00:00:00Z,1030
2020-05-01T00:00:00Z,1836
2020-04-30T00:00:00Z,3504
2020-04-29T00:00:00Z,2564
2020-04-28T00:00:00Z,636
2020-04-27T00:00:00Z,958
2020-04-26T00:00:00Z,772
2020-04-25T00:00:00Z,372
2020-04-24T00:00:00Z,798
2020-04-23T00:00:00Z,1617
2020-04-22T00:00:00Z,678
2020-04-21T00:00:00Z,894
2020-04-20T00:00:00Z,1217
2020-04-19T00:00:00Z,794
2020-04-18T00:00:00Z,858
2020-04-17T00:00:00Z,904
2020-04-16T00:00:00Z,1826
2020-04-15T00:00:00Z,930
2020-04-14T00:00:00Z,897
2020-04-13T00:00:00Z,1344
2020-04-12T00:00:00Z,987
2020-04-11T00:00:00Z,789
2020-04-10T00:00:00Z,1520
2020-04-09T00:00:00Z,892
2020-04-08T00:00:00Z,1224
2020-04-07T00:00:00Z,1784
2020-04-06T00:00:00Z,1617
2020-04-05T00:00:00Z,237
2020-04-04T00:00:00Z,345
2020-04-03T00:00:00Z,1039
2020-04-02T00:00:00Z,640
2020-04-01T00:00:00Z,532
2020-03-31T00:00:00Z,325
2020-03-30T00:00:00Z,488
2020-03-29T00:00:00Z,266
2020-03-28T00:00:00Z,465
2020-03-27T00:00:00Z,428
2020-03-26T00:00:00Z,638
2020-03-25T00:00:00Z,372
2020-03-24T00:00:00Z,474
2020-03-23T00:00:00Z,504
2020-03-22T00:00:00Z,438
2020-03-21T00:00:00Z,333
2020-03-20T00:00:00Z,895
2020-03-19T00:00:00Z,911
2020-03-18T00:00:00Z,632
2020-03-17T00:00:00Z,1020
2020-03-16T00:00:00Z,2058
2020-03-15T00:00:00Z,783
2020-03-14T00:00:00Z,1014
2020-03-13T00:00:00Z,1319
2020-03-12T00:00:00Z,1354
2020-03-11T00:00:00Z,533
2020-03-10T00:00:00Z,459
2020-03-09T00:00:00Z,1036
2020-03-08T00:00:00Z,837
2020-03-07T00:00:00Z,404
2020-03-06T00:00:00Z,297
2020-03-05T00:00:00Z,730
2020-03-04T00:00:00Z,485
2020-03-03T00:00:00Z,416
2020-03-02T00:00:00Z,324
2020-03-01T00:00:00Z,361
2020-02-29T00:00:00Z,431
2020-02-28T00:00:00Z,556
2020-02-27T00:00:00Z,964
2020-02-26T00:00:00Z,692
2020-02-25T00:00:00Z,449
2020-02-24T00:00:00Z,411
2020-02-23T00:00:00Z,289
2020-02-22T00:00:00Z,477
2020-02-21T00:00:00Z,277
2020-02-20T00:00:00Z,618
2020-02-19T00:00:00Z,472
2020-02-18T00:00:00Z,616
2020-02-17T00:00:00Z,1188
2020-02-16T00:00:00Z,1781
2020-02-15T00:00:00Z,1517
2020-02-14T00:00:00Z,934
2020-02-13T00:00:00Z,1015
2020-02-12T00:00:00Z,1272
2020-02-11T00:00:00Z,603
2020-02-10T00:00:00Z,556
2020-02-09T00:00:00Z,609
2020-02-08T00:00:00Z,689
2020-02-07T00:00:00Z,697
2020-02-06T00:00:00Z,579
2020-02-05T00:00:00Z,751
2020-02-04T00:00:00Z,418
2020-02-03T00:00:00Z,468
2020-02-02T00:00:00Z,627
2020-02-01T00:00:00Z,515
2020-01-31T00:00:00Z,543
2020-01-30T00:00:00Z,545
2020-01-29T00:00:00Z,732
2020-01-28T00:00:00Z,611
2020-01-27T00:00:00Z,483
2020-01-26T00:00:00Z,230
2020-01-25T00:00:00Z,295
2020-01-24T00:00:00Z,450
2020-01-23T00:00:00Z,503
2020-01-22T00:00:00Z,446
2020-01-21T00:00:00Z,668
2020-01-20T00:00:00Z,418
2020-01-19T00:00:00Z,748
2020-01-18T00:00:00Z,509
2020-01-17T00:00:00Z,578
2020-01-16T00:00:00Z,556
2020-01-15T00:00:00Z,675
2020-01-14T00:00:00Z,928
2020-01-13T00:00:00Z,226
2020-01-12T00:00:00Z,281
2020-01-11T00:00:00Z,477
2020-01-10T00:00:00Z,298
2020-01-09T00:00:00Z,336
2020-01-08T00:00:00Z,843
2020-01-07T00:00:00Z,719
2020-01-06T00:00:00Z,430
2020-01-05T00:00:00Z,412
2020-01-04T00:00:00Z,183
2020-01-03T00:00:00Z,274
2020-01-02T00:00:00Z,399
2020-01-01T00:00:00Z,381
2019-12-31T00:00:00Z,200
2019-12-30T00:00:00Z,335
2019-12-29T00:00:00Z,284
2019-12-28T00:00:00Z,180
2019-12-27T00:00:00Z,160
2019-12-26T00:00:00Z,202
2019-12-25T00:00:00Z,193
2019-12-24T00:00:00Z,324
2019-12-23T00:00:00Z,401
2019-12-22T00:00:00Z,278
2019-12-21T00:00:00Z,126
2019-12-20T00:00:00Z,160
2019-12-19T00:00:00Z,404
2019-12-18T00:00:00Z,485
2019-12-17T00:00:00Z,635
2019-12-16T00:00:00Z,348
2019-12-15T00:00:00Z,149
2019-12-14T00:00:00Z,171
2019-12-13T00:00:00Z,179
2019-12-12T00:00:00Z,185
2019-12-11T00:00:00Z,244
2019-12-10T00:00:00Z,255
2019-12-09T00:00:00Z,214
2019-12-08T00:00:00Z,197
2019-12-07T00:00:00Z,162
2019-12-06T00:00:00Z,288
2019-12-05T00:00:00Z,299
2019-12-04T00:00:00Z,276
2019-12-03T00:00:00Z,81
2019-12-02T00:00:00Z,165
2019-12-01T00:00:00Z,220
2019-11-30T00:00:00Z,226
2019-11-29T00:00:00Z,243
2019-11-28T00:00:00Z,243
2019-11-27T00:00:00Z,271
2019-11-26T00:00:00Z,233
2019-11-25T00:00:00Z,517
2019-11-24T00:00:00Z,382
2019-11-23T00:00:00Z,354
2019-11-22T00:00:00Z,622
2019-11-21T00:00:00Z,525
2019-11-20T00:00:00Z,241
2019-11-19T00:00:00Z,280
2019-11-18T00:00:00Z,354
2019-11-17T00:00:00Z,192
2019-11-16T00:00:00Z,182
2019-11-15T00:00:00Z,172
2019-11-14T00:00:00Z,234
2019-11-13T00:00:00Z,204
2019-11-12T00:00:00Z,231
2019-11-11T00:00:00Z,180
2019-11-10T00:00:00Z,202
2019-11-09T00:00:00Z,201
2019-11-08T00:00:00Z,299
2019-11-07T00:00:00Z,131
2019-11-06T00:00:00Z,321
2019-11-05T00:00:00Z,159
2019-11-04T00:00:00Z,166
2019-11-03T00:00:00Z,180
2019-11-02T00:00:00Z,133
2019-11-01T00:00:00Z,323
2019-10-31T00:00:00Z,243
2019-10-30T00:00:00Z,174
2019-10-29T00:00:00Z,241
2019-10-28T00:00:00Z,286
2019-10-27T00:00:00Z,387
2019-10-26T00:00:00Z,839
2019-10-25T00:00:00Z,533
2019-10-24T00:00:00Z,265
2019-10-23T00:00:00Z,408
2019-10-22T00:00:00Z,172
2019-10-21T00:00:00Z,244
2019-10-20T00:00:00Z,141
2019-10-19T00:00:00Z,156
2019-10-18T00:00:00Z,214
2019-10-17T00:00:00Z,119
2019-10-16T00:00:00Z,221
2019-10-15T00:00:00Z,149
2019-10-14T00:00:00Z,200
2019-10-13T00:00:00Z,154
2019-10-12T00:00:00Z,128
2019-10-11T00:00:00Z,190
2019-10-10T00:00:00Z,297
2019-10-09T00:00:00Z,446
2019-10-08T00:00:00Z,226
2019-10-07T00:00:00Z,300
2019-10-06T00:00:00Z,179
2019-10-05T00:00:00Z,144
2019-10-04T00:00:00Z,316
2019-10-03T00:00:00Z,251
2019-10-02T00:00:00Z,307
2019-10-01T00:00:00Z,319
2019-09-30T00:00:00Z,245
2019-09-29T00:00:00Z,203
2019-09-28T00:00:00Z,381
2019-09-27T00:00:00Z,389
2019-09-26T00:00:00Z,316
2019-09-25T00:00:00Z,457
2019-09-24T00:00:00Z,589
2019-09-23T00:00:00Z,193
2019-09-22T00:00:00Z,170
2019-09-21T00:00:00Z,187
2019-09-20T00:00:00Z,179
2019-09-19T00:00:00Z,384
2019-09-18T00:00:00Z,251
2019-09-17T00:00:00Z,457
2019-09-16T00:00:00Z,257
2019-09-15T00:00:00Z,214
2019-09-14T00:00:00Z,154
2019-09-13T00:00:00Z,112
2019-09-12T00:00:00Z,167
2019-09-11T00:00:00Z,160
2019-09-10T00:00:00Z,112
2019-09-09T00:00:00Z,161
2019-09-08T00:00:00Z,273
2019-09-07T00:00:00Z,229
2019-09-06T00:00:00Z,355
2019-09-05T00:00:00Z,276
2019-09-04T00:00:00Z,150
2019-09-03T00:00:00Z,329
2019-09-02T00:00:00Z,295
2019-09-01T00:00:00Z,94
2019-08-31T00:00:00Z,136
2019-08-30T00:00:00Z,242
2019-08-29T00:00:00Z,393
2019-08-28T00:00:00Z,453
2019-08-27T00:00:00Z,207
2019-08-26T00:00:00Z,143
2019-08-25T00:00:00Z,215
2019-08-24T00:00:00Z,283
2019-08-23T00:00:00Z,239
2019-08-22T00:00:00Z,288
2019-08-21T00:00:00Z,346
2019-08-20T00:00:00Z,230
2019-08-19T00:00:00Z,209
2019-08-18T00:00:00Z,379
2019-08-17T00:00:00Z,247
2019-08-16T00:00:00Z,534
2019-08-15T00:00:00Z,546
2019-08-14T00:00:00Z,753
2019-08-13T00:00:00Z,340
2019-08-12T00:00:00Z,242
2019-08-11T00:00:00Z,561
2019-08-10T00:00:00Z,379
2019-08-09T00:00:00Z,487
2019-08-08T00:00:00Z,336
2019-08-07T00:00:00Z,461
2019-08-06T00:00:00Z,634
2019-08-05T00:00:00Z,813
2019-08-04T00:00:00Z,233
2019-08-03T00:00:00Z,285
2019-08-02T00:00:00Z,270
2019-08-01T00:00:00Z,295
2019-07-31T00:00:00Z,272
2019-07-30T00:00:00Z,154
2019-07-29T00:00:00Z,160
2019-07-28T00:00:00Z,242
2019-07-27T00:00:00Z,211
2019-07-26T00:00:00Z,227
2019-07-25T00:00:00Z,254
2019-07-24T00:00:00Z,467
2019-07-23T00:00:00Z,315
2019-07-22T00:00:00Z,186
2019-07-21T00:00:00Z,237
2019-07-20T00:00:00Z,297
2019-07-19T00:00:00Z,210
2019-07-18T00:00:00Z,551
2019-07-17T00:00:00Z,674
2019-07-16T00:00:00Z,516
2019-07-15T00:00:00Z,561
2019-07-14T00:00:00Z,379
2019-07-13T00:00:00Z,346
2019-07-12T00:00:00Z,355
2019-07-11T00:00:00Z,497
2019-07-10T00:00:00Z,640
2019-07-09T00:00:00Z,459
2019-07-08T00:00:00Z,237
2019-07-07T00:00:00Z,174
2019-07-06T00:00:00Z,212
2019-07-05T00:00:00Z,294
2019-07-04T00:00:00Z,405
2019-07-03T00:00:00Z,339
2019-07-02T00:00:00Z,248
2019-07-01T00:00:00Z,170
2019-06-30T00:00:00Z,207
2019-06-29T00:00:00Z,220
2019-06-28T00:00:00Z,411
2019-06-27T00:00:00Z,484
2019-06-26T00:00:00Z,635
2019-06-25T00:00:00Z,209
2019-06-24T00:00:00Z,229
2019-06-23T00:00:00Z,235
2019-06-22T00:00:00Z,449
2019-06-21T00:00:00Z,229
2019-06-20T00:00:00Z,150
2019-06-19T00:00:00Z,110
2019-06-18T00:00:00Z,145
2019-06-17T00:00:00Z,175
2019-06-16T00:00:00Z,331
2019-06-15T00:00:00Z,187
2019-06-14T00:00:00Z,194
2019-06-13T00:00:00Z,152
2019-06-12T00:00:00Z,185
2019-06-11T00:00:00Z,122
2019-06-10T00:00:00Z,67
2019-06-09T00:00:00Z,109
2019-06-08T00:00:00Z,49
2019-06-07T00:00:00Z,70
2019-06-06T00:00:00Z,63
2019-06-05T00:00:00Z,147
2019-06-04T00:00:00Z,130
2019-06-03T00:00:00Z,84
2019-06-02T00:00:00Z,85
2019-06-01T00:00:00Z,75
2019-05-31T00:00:00Z,82
2019-05-30T00:00:00Z,194
2019-05-29T00:00:00Z,145
2019-05-28T00:00:00Z,70
2019-05-27T00:00:00Z,139
2019-05-26T00:00:00Z,134
2019-05-25T00:00:00Z,71
2019-05-24T00:00:00Z,100
2019-05-23T00:00:00Z,209
2019-05-22T00:00:00Z,89
2019-05-21T00:00:00Z,83
2019-05-20T00:00:00Z,129
2019-05-19T00:00:00Z,116
2019-05-18T00:00:00Z,105
2019-05-17T00:00:00Z,135
2019-05-16T00:00:00Z,221
2019-05-15T00:00:00Z,178
2019-05-14T00:00:00Z,225
2019-05-13T00:00:00Z,221
2019-05-12T00:00:00Z,152
2019-05-11T00:00:00Z,275
2019-05-10T00:00:00Z,180
2019-05-09T00:00:00Z,111
2019-05-08T00:00:00Z,83
2019-05-07T00:00:00Z,131
2019-05-06T00:00:00Z,256
2019-05-05T00:00:00Z,271
2019-05-04T00:00:00Z,257
2019-05-03T00:00:00Z,258
2019-05-02T00:00:00Z,115
2019-05-01T00:00:00Z,175
2019-04-30T00:00:00Z,139
2019-04-29T00:00:00Z,77
2019-04-28T00:00:00Z,87
2019-04-27T00:00:00Z,115
2019-04-26T00:00:00Z,125
2019-04-25T00:00:00Z,119
2019-04-24T00:00:00Z,196
2019-04-23T00:00:00Z,191
2019-04-22T00:00:00Z,184
2019-04-21T00:00:00Z,107
2019-04-20T00:00:00Z,130
2019-04-19T00:00:00Z,141
2019-04-18T00:00:00Z,124
2019-04-17T00:00:00Z,110
2019-04-16T00:00:00Z,51
2019-04-15T00:00:00Z,95
2019-04-14T00:00:00Z,78
2019-04-13T00:00:00Z,91
2019-04-12T00:00:00Z,141
2019-04-11T00:00:00Z,126
2019-04-10T00:00:00Z,104
2019-04-09T00:00:00Z,73
2019-04-08T00:00:00Z,104
2019-04-07T00:00:00Z,47
2019-04-06T00:00:00Z,51
2019-04-05T00:00:00Z,56
2019-04-04T00:00:00Z,129
2019-04-03T00:00:00Z,182
2019-04-02T00:00:00Z,197
2019-04-01T00:00:00Z,53
2019-03-31T00:00:00Z,36
2019-03-30T00:00:00Z,32
2019-03-29T00:00:00Z,48
2019-03-28T00:00:00Z,71
2019-03-27T00:00:00Z,100
2019-03-26T00:00:00Z,54
2019-03-25T00:00:00Z,107
2019-03-24T00:00:00Z,27
2019-03-23T00:00:00Z,48
2019-03-22T00:00:00Z,122
2019-03-21T00:00:00Z,134
2019-03-20T00:00:00Z,194
2019-03-19T00:00:00Z,55
2019-03-18T00:00:00Z,75
2019-03-17T00:00:00Z,64
2019-03-16T00:00:00Z,36
2019-03-15T00:00:00Z,31
2019-03-14T00:00:00Z,48
2019-03-13T00:00:00Z,42
2019-03-12T00:00:00Z,39
2019-03-11T00:00:00Z,30
2019-03-10T00:00:00Z,14
2019-03-09T00:00:00Z,38
2019-03-08T00:00:00Z,43
2019-03-07T00:00:00Z,90
2019-03-06T00:00:00Z,37
2019-03-05T00:00:00Z,97
2019-03-04T00:00:00Z,55
2019-03-03T00:00:00Z,53
2019-03-02T00:00:00Z,44
2019-03-01T00:00:00Z,22
2019-02-28T00:00:00Z,21
2019-02-27T00:00:00Z,46
2019-02-26T00:00:00Z,32
2019-02-25T00:00:00Z,68
2019-02-24T00:00:00Z,38
2019-02-23T00:00:00Z,96
2019-02-22T00:00:00Z,38
2019-02-21T00:00:00Z,54
2019-02-20T00:00:00Z,53
2019-02-19T00:00:00Z,24
2019-02-18T00:00:00Z,42
2019-02-17T00:00:00Z,34
2019-02-16T00:00:00Z,39
2019-02-15T00:00:00Z,36
2019-02-14T00:00:00Z,19
2019-02-13T00:00:00Z,30
2019-02-12T00:00:00Z,28
2019-02-11T00:00:00Z,44
2019-02-10T00:00:00Z,34
2019-02-09T00:00:00Z,22
2019-02-08T00:00:00Z,56
2019-02-07T00:00:00Z,21
2019-02-06T00:00:00Z,29
2019-02-05T00:00:00Z,33
2019-02-04T00:00:00Z,59
2019-02-03T00:00:00Z,69
2019-02-02T00:00:00Z,49
2019-02-01T00:00:00Z,89
2019-01-31T00:00:00Z,258
2019-01-30T00:00:00Z,76
2019-01-29T00:00:00Z,6
2019-01-28T00:00:00Z,3
2019-01-27T00:00:00Z,0
2019-01-26T00:00:00Z,1
2019-01-25T00:00:00Z,4
2019-01-24T00:00:00Z,13
2019-01-23T00:00:00Z,12
2019-01-22T00:00:00Z,0
2019-01-21T00:00:00Z,0
2019-01-20T00:00:00Z,0
2019-01-19T00:00:00Z,0
2019-01-18T00:00:00Z,0
2019-01-17T00:00:00Z,0
2019-01-16T00:00:00Z,0
2019-01-15T00:00:00Z,0
2019-01-14T00:00:00Z,0
2019-01-13T00:00:00Z,0
2019-01-12T00:00:00Z,0
2019-01-11T00:00:00Z,1
2019-01-10T00:00:00Z,0
2019-01-09T00:00:00Z,0
2019-01-08T00:00:00Z,0
2019-01-07T00:00:00Z,1
2019-01-06T00:00:00Z,0
2019-01-05T00:00:00Z,0
2019-01-04T00:00:00Z,0
2019-01-03T00:00:00Z,0
2019-01-02T00:00:00Z,0
2019-01-01T00:00:00Z,0
2018-12-31T00:00:00Z,0
2018-12-30T00:00:00Z,0
2018-12-29T00:00:00Z,0
2018-12-28T00:00:00Z,0
2018-12-27T00:00:00Z,0
2018-12-26T00:00:00Z,0
2018-12-25T00:00:00Z,0
2018-12-24T00:00:00Z,0
2018-12-23T00:00:00Z,0
2018-12-22T00:00:00Z,0
2018-12-21T00:00:00Z,0
2018-12-20T00:00:00Z,0
2018-12-19T00:00:00Z,0
2018-12-18T00:00:00Z,0
2018-12-17T00:00:00Z,0
2018-12-16T00:00:00Z,0
2018-12-15T00:00:00Z,0
2018-12-14T00:00:00Z,0
2018-12-13T00:00:00Z,0
2018-12-12T00:00:00Z,0
2018-12-11T00:00:00Z,0
2018-12-10T00:00:00Z,0
2018-12-09T00:00:00Z,0
2018-12-08T00:00:00Z,0
2018-12-07T00:00:00Z,0
2018-12-06T00:00:00Z,0
2018-12-05T00:00:00Z,0
2018-12-04T00:00:00Z,0
2018-12-03T00:00:00Z,0
2018-12-02T00:00:00Z,0
2018-12-01T00:00:00Z,0
2018-11-30T00:00:00Z,0
2018-11-29T00:00:00Z,0
2018-11-28T00:00:00Z,14
2018-11-27T00:00:00Z,4
2018-11-26T00:00:00Z,0
2018-11-25T00:00:00Z,0
2018-11-24T00:00:00Z,0
