Datetime,Active Addresses
2026-04-08T00:00:00Z,1149890
2026-04-07T00:00:00Z,1162323
2026-04-06T00:00:00Z,1112678
2026-04-05T00:00:00Z,891570
2026-04-04T00:00:00Z,955410
2026-04-03T00:00:00Z,1070385
2026-04-02T00:00:00Z,1159553
2026-04-01T00:00:00Z,1192691
2026-03-31T00:00:00Z,1173855
2026-03-30T00:00:00Z,1112633
2026-03-29T00:00:00Z,878307
2026-03-28T00:00:00Z,913836
2026-03-27T00:00:00Z,1089819
2026-03-26T00:00:00Z,1080962
2026-03-25T00:00:00Z,1091928
2026-03-24T00:00:00Z,1093774
2026-03-23T00:00:00Z,1123284
2026-03-22T00:00:00Z,882793
2026-03-21T00:00:00Z,899789
2026-03-20T00:00:00Z,1083038
2026-03-19T00:00:00Z,1125810
2026-03-18T00:00:00Z,1126126
2026-03-17T00:00:00Z,1137199
2026-03-16T00:00:00Z,1165085
2026-03-15T00:00:00Z,934759
2026-03-14T00:00:00Z,930867
2026-03-13T00:00:00Z,1102510
2026-03-12T00:00:00Z,1075291
2026-03-11T00:00:00Z,1106224
2026-03-10T00:00:00Z,1172382
2026-03-09T00:00:00Z,1112873
2026-03-08T00:00:00Z,890010
2026-03-07T00:00:00Z,934711
2026-03-06T00:00:00Z,1123228
2026-03-05T00:00:00Z,1121491
2026-03-04T00:00:00Z,1121499
2026-03-03T00:00:00Z,1132547
2026-03-02T00:00:00Z,1149469
2026-03-01T00:00:00Z,941787
2026-02-28T00:00:00Z,967529
2026-02-27T00:00:00Z,1062742
2026-02-26T00:00:00Z,1029355
2026-02-25T00:00:00Z,1044461
2026-02-24T00:00:00Z,1027296
2026-02-23T00:00:00Z,988549
2026-02-22T00:00:00Z,794172
2026-02-21T00:00:00Z,824464
2026-02-20T00:00:00Z,941781
2026-02-19T00:00:00Z,914595
2026-02-18T00:00:00Z,920871
2026-02-17T00:00:00Z,922746
2026-02-16T00:00:00Z,996571
2026-02-15T00:00:00Z,893166
2026-02-14T00:00:00Z,919612
2026-02-13T00:00:00Z,1076251
2026-02-12T00:00:00Z,1062179
2026-02-11T00:00:00Z,1095506
2026-02-10T00:00:00Z,1118670
2026-02-09T00:00:00Z,1105461
2026-02-08T00:00:00Z,886857
2026-02-07T00:00:00Z,941485
2026-02-06T00:00:00Z,1156232
2026-02-05T00:00:00Z,1203014
2026-02-04T00:00:00Z,1137122
2026-02-03T00:00:00Z,1176063
2026-02-02T00:00:00Z,1232927
2026-02-01T00:00:00Z,992460
2026-01-31T00:00:00Z,1035696
2026-01-30T00:00:00Z,1183204
2026-01-29T00:00:00Z,1169470
2026-01-28T00:00:00Z,1129901
2026-01-27T00:00:00Z,1124577
2026-01-26T00:00:00Z,1124320
2026-01-25T00:00:00Z,902295
2026-01-24T00:00:00Z,914956
2026-01-23T00:00:00Z,1060713
2026-01-22T00:00:00Z,1078529
2026-01-21T00:00:00Z,1114756
2026-01-20T00:00:00Z,1144841
2026-01-19T00:00:00Z,1104208
2026-01-18T00:00:00Z,904122
2026-01-17T00:00:00Z,952993
2026-01-16T00:00:00Z,1129319
2026-01-15T00:00:00Z,1173701
2026-01-14T00:00:00Z,1124575
2026-01-13T00:00:00Z,1113992
2026-01-12T00:00:00Z,1148451
2026-01-11T00:00:00Z,906629
2026-01-10T00:00:00Z,955682
2026-01-09T00:00:00Z,1138608
2026-01-08T00:00:00Z,1145241
2026-01-07T00:00:00Z,1144339
2026-01-06T00:00:00Z,1174989
2026-01-05T00:00:00Z,1187601
2026-01-04T00:00:00Z,961472
2026-01-03T00:00:00Z,954136
2026-01-02T00:00:00Z,1049402
2026-01-01T00:00:00Z,947575
2025-12-31T00:00:00Z,1172442
2025-12-30T00:00:00Z,1225111
2025-12-29T00:00:00Z,1209795
2025-12-28T00:00:00Z,945024
2025-12-27T00:00:00Z,986006
2025-12-26T00:00:00Z,1119470
2025-12-25T00:00:00Z,998151
2025-12-24T00:00:00Z,1115137
2025-12-23T00:00:00Z,1157495
2025-12-22T00:00:00Z,1172568
2025-12-21T00:00:00Z,948257
2025-12-20T00:00:00Z,1016448
2025-12-19T00:00:00Z,1140167
2025-12-18T00:00:00Z,1148530
2025-12-17T00:00:00Z,1223496
2025-12-16T00:00:00Z,1245117
2025-12-15T00:00:00Z,1267308
2025-12-14T00:00:00Z,1009437
2025-12-13T00:00:00Z,1041761
2025-12-12T00:00:00Z,1150269
2025-12-11T00:00:00Z,1154222
2025-12-10T00:00:00Z,1191339
2025-12-09T00:00:00Z,1214801
2025-12-08T00:00:00Z,1222920
2025-12-07T00:00:00Z,963938
2025-12-06T00:00:00Z,1051944
2025-12-05T00:00:00Z,1240599
2025-12-04T00:00:00Z,1197557
2025-12-03T00:00:00Z,1264207
2025-12-02T00:00:00Z,1281849
2025-12-01T00:00:00Z,1322158
2025-11-30T00:00:00Z,1044243
2025-11-29T00:00:00Z,1061681
2025-11-28T00:00:00Z,1226492
2025-11-27T00:00:00Z,1208231
2025-11-26T00:00:00Z,1152174
2025-11-25T00:00:00Z,1194626
2025-11-24T00:00:00Z,1165168
2025-11-23T00:00:00Z,958412
2025-11-22T00:00:00Z,986389
2025-11-21T00:00:00Z,1213242
2025-11-20T00:00:00Z,1182105
2025-11-19T00:00:00Z,1168748
2025-11-18T00:00:00Z,1180947
2025-11-17T00:00:00Z,1216379
2025-11-16T00:00:00Z,1011756
2025-11-15T00:00:00Z,1043133
2025-11-14T00:00:00Z,1230253
2025-11-13T00:00:00Z,1195735
2025-11-12T00:00:00Z,1167175
2025-11-11T00:00:00Z,1236161
2025-11-10T00:00:00Z,1211853
2025-11-09T00:00:00Z,956793
2025-11-08T00:00:00Z,987381
2025-11-07T00:00:00Z,1157534
2025-11-06T00:00:00Z,1149915
2025-11-05T00:00:00Z,1219166
2025-11-04T00:00:00Z,1236315
2025-11-03T00:00:00Z,1201629
2025-11-02T00:00:00Z,967215
2025-11-01T00:00:00Z,1042346
2025-10-31T00:00:00Z,1188692
2025-10-30T00:00:00Z,1168720
2025-10-29T00:00:00Z,1140560
2025-10-28T00:00:00Z,1149446
2025-10-27T00:00:00Z,1143832
2025-10-26T00:00:00Z,928548
2025-10-25T00:00:00Z,949743
2025-10-24T00:00:00Z,1094575
2025-10-23T00:00:00Z,1098194
2025-10-22T00:00:00Z,1139495
2025-10-21T00:00:00Z,1174363
2025-10-20T00:00:00Z,1155434
2025-10-19T00:00:00Z,947885
2025-10-18T00:00:00Z,995648
2025-10-17T00:00:00Z,1220047
2025-10-16T00:00:00Z,1184522
2025-10-15T00:00:00Z,1253734
2025-10-14T00:00:00Z,1231411
2025-10-13T00:00:00Z,1149841
2025-10-12T00:00:00Z,969777
2025-10-11T00:00:00Z,1081385
2025-10-10T00:00:00Z,1274198
2025-10-09T00:00:00Z,1182606
2025-10-08T00:00:00Z,1123807
2025-10-07T00:00:00Z,1175335
2025-10-06T00:00:00Z,1138869
2025-10-05T00:00:00Z,930682
2025-10-04T00:00:00Z,949157
2025-10-03T00:00:00Z,1158717
2025-10-02T00:00:00Z,1165798
2025-10-01T00:00:00Z,1235820
2025-09-30T00:00:00Z,1228913
2025-09-29T00:00:00Z,1117015
2025-09-28T00:00:00Z,906250
2025-09-27T00:00:00Z,933159
2025-09-26T00:00:00Z,1123011
2025-09-25T00:00:00Z,1165699
2025-09-24T00:00:00Z,1103939
2025-09-23T00:00:00Z,1141999
2025-09-22T00:00:00Z,1132442
2025-09-21T00:00:00Z,933918
2025-09-20T00:00:00Z,954900
2025-09-19T00:00:00Z,1117097
2025-09-18T00:00:00Z,1113236
2025-09-17T00:00:00Z,1170004
2025-09-16T00:00:00Z,1188150
2025-09-15T00:00:00Z,1194632
2025-09-14T00:00:00Z,989911
2025-09-13T00:00:00Z,1022711
2025-09-12T00:00:00Z,1135889
2025-09-11T00:00:00Z,1089870
2025-09-10T00:00:00Z,1129285
2025-09-09T00:00:00Z,1178528
2025-09-08T00:00:00Z,1153710
2025-09-07T00:00:00Z,892381
2025-09-06T00:00:00Z,922152
2025-09-05T00:00:00Z,1139525
2025-09-04T00:00:00Z,1114636
2025-09-03T00:00:00Z,1130373
2025-09-02T00:00:00Z,1186704
2025-09-01T00:00:00Z,1171801
2025-08-31T00:00:00Z,927801
2025-08-30T00:00:00Z,928399
2025-08-29T00:00:00Z,1064087
2025-08-28T00:00:00Z,1056153
2025-08-27T00:00:00Z,1049765
2025-08-26T00:00:00Z,1089398
2025-08-25T00:00:00Z,1101259
2025-08-24T00:00:00Z,888646
2025-08-23T00:00:00Z,932184
2025-08-22T00:00:00Z,1068130
2025-08-21T00:00:00Z,1023938
2025-08-20T00:00:00Z,1130405
2025-08-19T00:00:00Z,1104666
2025-08-18T00:00:00Z,1099426
2025-08-17T00:00:00Z,901674
2025-08-16T00:00:00Z,951234
2025-08-15T00:00:00Z,1114347
2025-08-14T00:00:00Z,1121697
2025-08-13T00:00:00Z,1079197
2025-08-12T00:00:00Z,1106200
2025-08-11T00:00:00Z,1141089
2025-08-10T00:00:00Z,908309
2025-08-09T00:00:00Z,923913
2025-08-08T00:00:00Z,1067523
2025-08-07T00:00:00Z,1053155
2025-08-06T00:00:00Z,1082606
2025-08-05T00:00:00Z,1113762
2025-08-04T00:00:00Z,1095470
2025-08-03T00:00:00Z,896269
2025-08-02T00:00:00Z,939353
2025-08-01T00:00:00Z,1131254
2025-07-31T00:00:00Z,1101609
2025-07-30T00:00:00Z,1074189
2025-07-29T00:00:00Z,1043678
2025-07-28T00:00:00Z,1056476
2025-07-27T00:00:00Z,893115
2025-07-26T00:00:00Z,920735
2025-07-25T00:00:00Z,1051326
2025-07-24T00:00:00Z,1061309
2025-07-23T00:00:00Z,1074102
2025-07-22T00:00:00Z,1085487
2025-07-21T00:00:00Z,1088060
2025-07-20T00:00:00Z,898528
2025-07-19T00:00:00Z,908615
2025-07-18T00:00:00Z,1086848
2025-07-17T00:00:00Z,1100879
2025-07-16T00:00:00Z,1140417
2025-07-15T00:00:00Z,1153601
2025-07-14T00:00:00Z,1112096
2025-07-13T00:00:00Z,909333
2025-07-12T00:00:00Z,942007
2025-07-11T00:00:00Z,1092932
2025-07-10T00:00:00Z,1156341
2025-07-09T00:00:00Z,1112355
2025-07-08T00:00:00Z,1080250
2025-07-07T00:00:00Z,1153921
2025-07-06T00:00:00Z,879732
2025-07-05T00:00:00Z,910861
2025-07-04T00:00:00Z,1047017
2025-07-03T00:00:00Z,1088490
2025-07-02T00:00:00Z,1136230
2025-07-01T00:00:00Z,1183620
2025-06-30T00:00:00Z,1128438
2025-06-29T00:00:00Z,879797
2025-06-28T00:00:00Z,898080
2025-06-27T00:00:00Z,1027231
2025-06-26T00:00:00Z,1033017
2025-06-25T00:00:00Z,1052071
2025-06-24T00:00:00Z,1072259
2025-06-23T00:00:00Z,1091518
2025-06-22T00:00:00Z,919515
2025-06-21T00:00:00Z,955395
2025-06-20T00:00:00Z,1053053
2025-06-19T00:00:00Z,1039673
2025-06-18T00:00:00Z,1192809
2025-06-17T00:00:00Z,1121276
2025-06-16T00:00:00Z,1134490
2025-06-15T00:00:00Z,955462
2025-06-14T00:00:00Z,940913
2025-06-13T00:00:00Z,1083519
2025-06-12T00:00:00Z,1094143
2025-06-11T00:00:00Z,1117309
2025-06-10T00:00:00Z,1162841
2025-06-09T00:00:00Z,1101136
2025-06-08T00:00:00Z,898017
2025-06-07T00:00:00Z,920046
2025-06-06T00:00:00Z,1058497
2025-06-05T00:00:00Z,1124094
2025-06-04T00:00:00Z,1112879
2025-06-03T00:00:00Z,1116341
2025-06-02T00:00:00Z,1130424
2025-06-01T00:00:00Z,947589
2025-05-31T00:00:00Z,997379
2025-05-30T00:00:00Z,1107921
2025-05-29T00:00:00Z,1105286
2025-05-28T00:00:00Z,1112135
2025-05-27T00:00:00Z,1128364
2025-05-26T00:00:00Z,1128555
2025-05-25T00:00:00Z,944340
2025-05-24T00:00:00Z,955201
2025-05-23T00:00:00Z,1121417
2025-05-22T00:00:00Z,1125055
2025-05-21T00:00:00Z,1120911
2025-05-20T00:00:00Z,1138647
2025-05-19T00:00:00Z,1117223
2025-05-18T00:00:00Z,939518
2025-05-17T00:00:00Z,962660
2025-05-16T00:00:00Z,1109399
2025-05-15T00:00:00Z,1188073
2025-05-14T00:00:00Z,1111287
2025-05-13T00:00:00Z,1129408
2025-05-12T00:00:00Z,1144273
2025-05-11T00:00:00Z,920918
2025-05-10T00:00:00Z,958929
2025-05-09T00:00:00Z,1085082
2025-05-08T00:00:00Z,1135250
2025-05-07T00:00:00Z,1107781
2025-05-06T00:00:00Z,1109017
2025-05-05T00:00:00Z,1089834
2025-05-04T00:00:00Z,873280
2025-05-03T00:00:00Z,893448
2025-05-02T00:00:00Z,1029913
2025-05-01T00:00:00Z,1033598
2025-04-30T00:00:00Z,1118060
2025-04-29T00:00:00Z,1068047
2025-04-28T00:00:00Z,1051853
2025-04-27T00:00:00Z,855969
2025-04-26T00:00:00Z,876324
2025-04-25T00:00:00Z,1011631
2025-04-24T00:00:00Z,991443
2025-04-23T00:00:00Z,1025972
2025-04-22T00:00:00Z,1053860
2025-04-21T00:00:00Z,1046715
2025-04-20T00:00:00Z,863801
2025-04-19T00:00:00Z,888378
2025-04-18T00:00:00Z,988995
2025-04-17T00:00:00Z,1061010
2025-04-16T00:00:00Z,1118243
2025-04-15T00:00:00Z,1162366
2025-04-14T00:00:00Z,1083281
2025-04-13T00:00:00Z,884749
2025-04-12T00:00:00Z,918754
2025-04-11T00:00:00Z,1094275
2025-04-10T00:00:00Z,1134084
2025-04-09T00:00:00Z,1160571
2025-04-08T00:00:00Z,1144864
2025-04-07T00:00:00Z,1216067
2025-04-06T00:00:00Z,933003
2025-04-05T00:00:00Z,926284
2025-04-04T00:00:00Z,1061564
2025-04-03T00:00:00Z,1112757
2025-04-02T00:00:00Z,1106571
2025-04-01T00:00:00Z,1138047
2025-03-31T00:00:00Z,1124819
2025-03-30T00:00:00Z,884969
2025-03-29T00:00:00Z,945956
2025-03-28T00:00:00Z,1096224
2025-03-27T00:00:00Z,1113285
2025-03-26T00:00:00Z,1070456
2025-03-25T00:00:00Z,1081022
2025-03-24T00:00:00Z,1076717
2025-03-23T00:00:00Z,856845
2025-03-22T00:00:00Z,896415
2025-03-21T00:00:00Z,1053320
2025-03-20T00:00:00Z,1064744
2025-03-19T00:00:00Z,1065338
2025-03-18T00:00:00Z,1104136
2025-03-17T00:00:00Z,1101810
2025-03-16T00:00:00Z,894877
2025-03-15T00:00:00Z,920634
2025-03-14T00:00:00Z,1042257
2025-03-13T00:00:00Z,1033780
2025-03-12T00:00:00Z,1047240
2025-03-11T00:00:00Z,1120344
2025-03-10T00:00:00Z,1133397
2025-03-09T00:00:00Z,880030
2025-03-08T00:00:00Z,914500
2025-03-07T00:00:00Z,1080866
2025-03-06T00:00:00Z,1068020
2025-03-05T00:00:00Z,1094037
2025-03-04T00:00:00Z,1112749
2025-03-03T00:00:00Z,1115339
2025-03-02T00:00:00Z,911705
2025-03-01T00:00:00Z,944640
2025-02-28T00:00:00Z,1145527
2025-02-27T00:00:00Z,1054200
2025-02-26T00:00:00Z,1059158
2025-02-25T00:00:00Z,1122598
2025-02-24T00:00:00Z,1059912
2025-02-23T00:00:00Z,806942
2025-02-22T00:00:00Z,862724
2025-02-21T00:00:00Z,1017878
2025-02-20T00:00:00Z,1051801
2025-02-19T00:00:00Z,974850
2025-02-18T00:00:00Z,1000561
2025-02-17T00:00:00Z,1000897
2025-02-16T00:00:00Z,809947
2025-02-15T00:00:00Z,850804
2025-02-14T00:00:00Z,972069
2025-02-13T00:00:00Z,953564
2025-02-12T00:00:00Z,967928
2025-02-11T00:00:00Z,988179
2025-02-10T00:00:00Z,1015243
2025-02-09T00:00:00Z,775187
2025-02-08T00:00:00Z,810315
2025-02-07T00:00:00Z,944909
2025-02-06T00:00:00Z,935748
2025-02-05T00:00:00Z,956844
2025-02-04T00:00:00Z,944824
2025-02-03T00:00:00Z,1067581
2025-02-02T00:00:00Z,798787
2025-02-01T00:00:00Z,772182
2025-01-31T00:00:00Z,870333
2025-01-30T00:00:00Z,813519
2025-01-29T00:00:00Z,780683
2025-01-28T00:00:00Z,849002
2025-01-27T00:00:00Z,991269
2025-01-26T00:00:00Z,771732
2025-01-25T00:00:00Z,832562
2025-01-24T00:00:00Z,970055
2025-01-23T00:00:00Z,988288
2025-01-22T00:00:00Z,1014970
2025-01-21T00:00:00Z,1058750
2025-01-20T00:00:00Z,1201690
2025-01-19T00:00:00Z,1022116
2025-01-18T00:00:00Z,926781
2025-01-17T00:00:00Z,1013286
2025-01-16T00:00:00Z,1037012
2025-01-15T00:00:00Z,1071300
2025-01-14T00:00:00Z,986407
2025-01-13T00:00:00Z,1027045
2025-01-12T00:00:00Z,801399
2025-01-11T00:00:00Z,837579
2025-01-10T00:00:00Z,1018216
2025-01-09T00:00:00Z,982533
2025-01-08T00:00:00Z,991033
2025-01-07T00:00:00Z,996179
2025-01-06T00:00:00Z,1033524
2025-01-05T00:00:00Z,808375
2025-01-04T00:00:00Z,828320
2025-01-03T00:00:00Z,963932
2025-01-02T00:00:00Z,924042
2025-01-01T00:00:00Z,769259
2024-12-31T00:00:00Z,925863
2024-12-30T00:00:00Z,995630
2024-12-29T00:00:00Z,802968
2024-12-28T00:00:00Z,840662
2024-12-27T00:00:00Z,959843
2024-12-26T00:00:00Z,936047
2024-12-25T00:00:00Z,895711
2024-12-24T00:00:00Z,985833
2024-12-23T00:00:00Z,1023186
2024-12-22T00:00:00Z,823174
2024-12-21T00:00:00Z,883472
2024-12-20T00:00:00Z,1115345
2024-12-19T00:00:00Z,1078892
2024-12-18T00:00:00Z,1059652
2024-12-17T00:00:00Z,1075982
2024-12-16T00:00:00Z,1113281
2024-12-15T00:00:00Z,867500
2024-12-14T00:00:00Z,874967
2024-12-13T00:00:00Z,1028951
2024-12-12T00:00:00Z,1042436
2024-12-11T00:00:00Z,1073368
2024-12-10T00:00:00Z,1168214
2024-12-09T00:00:00Z,1153462
2024-12-08T00:00:00Z,880227
2024-12-07T00:00:00Z,918118
2024-12-06T00:00:00Z,1120384
2024-12-05T00:00:00Z,1163070
2024-12-04T00:00:00Z,1149965
2024-12-03T00:00:00Z,1252961
2024-12-02T00:00:00Z,1274394
2024-12-01T00:00:00Z,998845
2024-11-30T00:00:00Z,1052073
2024-11-29T00:00:00Z,1241742
2024-11-28T00:00:00Z,1120334
2024-11-27T00:00:00Z,1148047
2024-11-26T00:00:00Z,1220907
2024-11-25T00:00:00Z,1208913
2024-11-24T00:00:00Z,921087
2024-11-23T00:00:00Z,996278
2024-11-22T00:00:00Z,1171066
2024-11-21T00:00:00Z,1148337
2024-11-20T00:00:00Z,1131512
2024-11-19T00:00:00Z,1166719
2024-11-18T00:00:00Z,1182156
2024-11-17T00:00:00Z,912036
2024-11-16T00:00:00Z,997961
2024-11-15T00:00:00Z,1206640
2024-11-14T00:00:00Z,1162210
2024-11-13T00:00:00Z,1172112
2024-11-12T00:00:00Z,1243202
2024-11-11T00:00:00Z,1235650
2024-11-10T00:00:00Z,966606
2024-11-09T00:00:00Z,952584
2024-11-08T00:00:00Z,1126654
2024-11-07T00:00:00Z,1134819
2024-11-06T00:00:00Z,1174295
2024-11-05T00:00:00Z,1151411
2024-11-04T00:00:00Z,1101836
2024-11-03T00:00:00Z,883573
2024-11-02T00:00:00Z,932840
2024-11-01T00:00:00Z,1127378
2024-10-31T00:00:00Z,1092938
2024-10-30T00:00:00Z,1071688
2024-10-29T00:00:00Z,1125111
2024-10-28T00:00:00Z,1101343
2024-10-27T00:00:00Z,878354
2024-10-26T00:00:00Z,967390
2024-10-25T00:00:00Z,1134296
2024-10-24T00:00:00Z,1112373
2024-10-23T00:00:00Z,1059950
2024-10-22T00:00:00Z,1038544
2024-10-21T00:00:00Z,1073912
2024-10-20T00:00:00Z,883779
2024-10-19T00:00:00Z,913287
2024-10-18T00:00:00Z,1054665
2024-10-17T00:00:00Z,1052986
2024-10-16T00:00:00Z,1119617
2024-10-15T00:00:00Z,1147182
2024-10-14T00:00:00Z,1103333
2024-10-13T00:00:00Z,847807
2024-10-12T00:00:00Z,883707
2024-10-11T00:00:00Z,1044112
2024-10-10T00:00:00Z,1085594
2024-10-09T00:00:00Z,1063481
2024-10-08T00:00:00Z,1095787
2024-10-07T00:00:00Z,1084946
2024-10-06T00:00:00Z,867244
2024-10-05T00:00:00Z,901490
2024-10-04T00:00:00Z,1046697
2024-10-03T00:00:00Z,1037842
2024-10-02T00:00:00Z,1060110
2024-10-01T00:00:00Z,1120152
2024-09-30T00:00:00Z,1145130
2024-09-29T00:00:00Z,914782
2024-09-28T00:00:00Z,919876
2024-09-27T00:00:00Z,1097944
2024-09-26T00:00:00Z,1133307
2024-09-25T00:00:00Z,1093898
2024-09-24T00:00:00Z,1132672
2024-09-23T00:00:00Z,1138658
2024-09-22T00:00:00Z,885210
2024-09-21T00:00:00Z,925434
2024-09-20T00:00:00Z,1124288
2024-09-19T00:00:00Z,1138694
2024-09-18T00:00:00Z,1093390
2024-09-17T00:00:00Z,1028745
2024-09-16T00:00:00Z,1073824
2024-09-15T00:00:00Z,926113
2024-09-14T00:00:00Z,933150
2024-09-13T00:00:00Z,1056606
2024-09-12T00:00:00Z,1034077
2024-09-11T00:00:00Z,1030041
2024-09-10T00:00:00Z,1048286
2024-09-09T00:00:00Z,1044899
2024-09-08T00:00:00Z,832864
2024-09-07T00:00:00Z,885810
2024-09-06T00:00:00Z,1065460
2024-09-05T00:00:00Z,1042244
2024-09-04T00:00:00Z,1023538
2024-09-03T00:00:00Z,1045872
2024-09-02T00:00:00Z,1030870
2024-09-01T00:00:00Z,842506
2024-08-31T00:00:00Z,861094
2024-08-30T00:00:00Z,976850
2024-08-29T00:00:00Z,968091
2024-08-28T00:00:00Z,1029694
2024-08-27T00:00:00Z,1080643
2024-08-26T00:00:00Z,1081720
2024-08-25T00:00:00Z,805197
2024-08-24T00:00:00Z,831331
2024-08-23T00:00:00Z,944037
2024-08-22T00:00:00Z,938578
2024-08-21T00:00:00Z,960917
2024-08-20T00:00:00Z,996837
2024-08-19T00:00:00Z,986528
2024-08-18T00:00:00Z,845657
2024-08-17T00:00:00Z,854513
2024-08-16T00:00:00Z,970808
2024-08-15T00:00:00Z,1020006
2024-08-14T00:00:00Z,1002637
2024-08-13T00:00:00Z,1031384
2024-08-12T00:00:00Z,1016378
2024-08-11T00:00:00Z,828941
2024-08-10T00:00:00Z,855010
2024-08-09T00:00:00Z,995045
2024-08-08T00:00:00Z,1003171
2024-08-07T00:00:00Z,991152
2024-08-06T00:00:00Z,1043292
2024-08-05T00:00:00Z,1195091
2024-08-04T00:00:00Z,853993
2024-08-03T00:00:00Z,882140
2024-08-02T00:00:00Z,1035567
2024-08-01T00:00:00Z,1058726
2024-07-31T00:00:00Z,1031357
2024-07-30T00:00:00Z,983618
2024-07-29T00:00:00Z,1014831
2024-07-28T00:00:00Z,783544
2024-07-27T00:00:00Z,818401
2024-07-26T00:00:00Z,946986
2024-07-25T00:00:00Z,983643
2024-07-24T00:00:00Z,945807
2024-07-23T00:00:00Z,978370
2024-07-22T00:00:00Z,1017644
2024-07-21T00:00:00Z,834021
2024-07-20T00:00:00Z,861027
2024-07-19T00:00:00Z,983415
2024-07-18T00:00:00Z,979550
2024-07-17T00:00:00Z,1003606
2024-07-16T00:00:00Z,1025313
2024-07-15T00:00:00Z,1067228
2024-07-14T00:00:00Z,890225
2024-07-13T00:00:00Z,877656
2024-07-12T00:00:00Z,1009586
2024-07-11T00:00:00Z,1013625
2024-07-10T00:00:00Z,1022455
2024-07-09T00:00:00Z,982685
2024-07-08T00:00:00Z,1020312
2024-07-07T00:00:00Z,811939
2024-07-06T00:00:00Z,852491
2024-07-05T00:00:00Z,1087267
2024-07-04T00:00:00Z,1033115
2024-07-03T00:00:00Z,1035094
2024-07-02T00:00:00Z,1007912
2024-07-01T00:00:00Z,1128585
2024-06-30T00:00:00Z,900185
2024-06-29T00:00:00Z,856378
2024-06-28T00:00:00Z,988256
2024-06-27T00:00:00Z,983462
2024-06-26T00:00:00Z,1018316
2024-06-25T00:00:00Z,1045108
2024-06-24T00:00:00Z,1059967
2024-06-23T00:00:00Z,805523
2024-06-22T00:00:00Z,835312
2024-06-21T00:00:00Z,991824
2024-06-20T00:00:00Z,1032184
2024-06-19T00:00:00Z,1003226
2024-06-18T00:00:00Z,1102908
2024-06-17T00:00:00Z,1068155
2024-06-16T00:00:00Z,876541
2024-06-15T00:00:00Z,935323
2024-06-14T00:00:00Z,1053356
2024-06-13T00:00:00Z,1019279
2024-06-12T00:00:00Z,1059326
2024-06-11T00:00:00Z,1120406
2024-06-10T00:00:00Z,1007169
2024-06-09T00:00:00Z,819616
2024-06-08T00:00:00Z,864987
2024-06-07T00:00:00Z,1056023
2024-06-06T00:00:00Z,1008579
2024-06-05T00:00:00Z,1030549
2024-06-04T00:00:00Z,1008670
2024-06-03T00:00:00Z,1048274
2024-06-02T00:00:00Z,864342
2024-06-01T00:00:00Z,961675
2024-05-31T00:00:00Z,1047873
2024-05-30T00:00:00Z,987097
2024-05-29T00:00:00Z,960553
2024-05-28T00:00:00Z,985380
2024-05-27T00:00:00Z,975512
2024-05-26T00:00:00Z,819231
2024-05-25T00:00:00Z,860940
2024-05-24T00:00:00Z,999527
2024-05-23T00:00:00Z,1019463
2024-05-22T00:00:00Z,1052313
2024-05-21T00:00:00Z,1130044
2024-05-20T00:00:00Z,1104385
2024-05-19T00:00:00Z,925240
2024-05-18T00:00:00Z,975909
2024-05-17T00:00:00Z,1137106
2024-05-16T00:00:00Z,1122492
2024-05-15T00:00:00Z,1099189
2024-05-14T00:00:00Z,1040944
2024-05-13T00:00:00Z,1024993
2024-05-12T00:00:00Z,848367
2024-05-11T00:00:00Z,916444
2024-05-10T00:00:00Z,1217348
2024-05-09T00:00:00Z,914876
2024-05-08T00:00:00Z,946819
2024-05-07T00:00:00Z,948001
2024-05-06T00:00:00Z,953051
2024-05-05T00:00:00Z,787764
2024-05-04T00:00:00Z,812525
2024-05-03T00:00:00Z,912060
2024-05-02T00:00:00Z,921599
2024-05-01T00:00:00Z,935445
2024-04-30T00:00:00Z,961017
2024-04-29T00:00:00Z,910865
2024-04-28T00:00:00Z,770866
2024-04-27T00:00:00Z,788383
2024-04-26T00:00:00Z,883201
2024-04-25T00:00:00Z,908579
2024-04-24T00:00:00Z,938676
2024-04-23T00:00:00Z,966166
2024-04-22T00:00:00Z,943839
2024-04-21T00:00:00Z,789714
2024-04-20T00:00:00Z,847474
2024-04-19T00:00:00Z,960627
2024-04-18T00:00:00Z,947198
2024-04-17T00:00:00Z,975722
2024-04-16T00:00:00Z,990646
2024-04-15T00:00:00Z,998277
2024-04-14T00:00:00Z,835898
2024-04-13T00:00:00Z,909576
2024-04-12T00:00:00Z,1000281
2024-04-11T00:00:00Z,945460
2024-04-10T00:00:00Z,948856
2024-04-09T00:00:00Z,976916
2024-04-08T00:00:00Z,989452
2024-04-07T00:00:00Z,817831
2024-04-06T00:00:00Z,825448
2024-04-05T00:00:00Z,968382
2024-04-04T00:00:00Z,960914
2024-04-03T00:00:00Z,1006624
2024-04-02T00:00:00Z,1016862
2024-04-01T00:00:00Z,1015585
2024-03-31T00:00:00Z,833052
2024-03-30T00:00:00Z,834158
2024-03-29T00:00:00Z,926883
2024-03-28T00:00:00Z,968467
2024-03-27T00:00:00Z,998474
2024-03-26T00:00:00Z,1022956
2024-03-25T00:00:00Z,984081
2024-03-24T00:00:00Z,811432
2024-03-23T00:00:00Z,840685
2024-03-22T00:00:00Z,965177
2024-03-21T00:00:00Z,991214
2024-03-20T00:00:00Z,1014437
2024-03-19T00:00:00Z,1036020
2024-03-18T00:00:00Z,1013860
2024-03-17T00:00:00Z,887652
2024-03-16T00:00:00Z,923335
2024-03-15T00:00:00Z,1055342
2024-03-14T00:00:00Z,1018656
2024-03-13T00:00:00Z,1022548
2024-03-12T00:00:00Z,1018531
2024-03-11T00:00:00Z,1047652
2024-03-10T00:00:00Z,877785
2024-03-09T00:00:00Z,916624
2024-03-08T00:00:00Z,997677
2024-03-07T00:00:00Z,1015393
2024-03-06T00:00:00Z,1043135
2024-03-05T00:00:00Z,1153057
2024-03-04T00:00:00Z,1056888
2024-03-03T00:00:00Z,890131
2024-03-02T00:00:00Z,948980
2024-03-01T00:00:00Z,1040293
2024-02-29T00:00:00Z,1052118
2024-02-28T00:00:00Z,1046826
2024-02-27T00:00:00Z,982365
2024-02-26T00:00:00Z,928552
2024-02-25T00:00:00Z,753771
2024-02-24T00:00:00Z,756542
2024-02-23T00:00:00Z,849520
2024-02-22T00:00:00Z,884509
2024-02-21T00:00:00Z,885664
2024-02-20T00:00:00Z,903100
2024-02-19T00:00:00Z,894490
2024-02-18T00:00:00Z,742161
2024-02-17T00:00:00Z,745506
2024-02-16T00:00:00Z,827907
2024-02-15T00:00:00Z,841013
2024-02-14T00:00:00Z,807553
2024-02-13T00:00:00Z,789482
2024-02-12T00:00:00Z,762725
2024-02-11T00:00:00Z,623952
2024-02-10T00:00:00Z,647426
2024-02-09T00:00:00Z,781319
2024-02-08T00:00:00Z,799481
2024-02-07T00:00:00Z,826370
2024-02-06T00:00:00Z,852265
2024-02-05T00:00:00Z,884974
2024-02-04T00:00:00Z,714852
2024-02-03T00:00:00Z,763333
2024-02-02T00:00:00Z,869498
2024-02-01T00:00:00Z,896627
2024-01-31T00:00:00Z,889181
2024-01-30T00:00:00Z,846964
2024-01-29T00:00:00Z,828127
2024-01-28T00:00:00Z,712303
2024-01-27T00:00:00Z,752742
2024-01-26T00:00:00Z,823285
2024-01-25T00:00:00Z,831199
2024-01-24T00:00:00Z,839205
2024-01-23T00:00:00Z,870689
2024-01-22T00:00:00Z,891703
2024-01-21T00:00:00Z,741037
2024-01-20T00:00:00Z,772112
2024-01-19T00:00:00Z,894045
2024-01-18T00:00:00Z,868150
2024-01-17T00:00:00Z,854746
2024-01-16T00:00:00Z,859980
2024-01-15T00:00:00Z,892287
2024-01-14T00:00:00Z,705556
2024-01-13T00:00:00Z,743456
2024-01-12T00:00:00Z,884827
2024-01-11T00:00:00Z,929968
2024-01-10T00:00:00Z,909081
2024-01-09T00:00:00Z,882654
2024-01-08T00:00:00Z,875010
2024-01-07T00:00:00Z,696860
2024-01-06T00:00:00Z,739984
2024-01-05T00:00:00Z,837330
2024-01-04T00:00:00Z,837922
2024-01-03T00:00:00Z,889065
2024-01-02T00:00:00Z,824028
2024-01-01T00:00:00Z,695035
2023-12-31T00:00:00Z,685320
2023-12-30T00:00:00Z,736682
2023-12-29T00:00:00Z,911850
2023-12-28T00:00:00Z,901592
2023-12-27T00:00:00Z,866808
2023-12-26T00:00:00Z,860411
2023-12-25T00:00:00Z,824004
2023-12-24T00:00:00Z,744512
2023-12-23T00:00:00Z,781373
2023-12-22T00:00:00Z,859994
2023-12-21T00:00:00Z,869554
2023-12-20T00:00:00Z,940515
2023-12-19T00:00:00Z,925790
2023-12-18T00:00:00Z,963874
2023-12-17T00:00:00Z,739912
2023-12-16T00:00:00Z,775802
2023-12-15T00:00:00Z,937989
2023-12-14T00:00:00Z,911678
2023-12-13T00:00:00Z,896049
2023-12-12T00:00:00Z,907715
2023-12-11T00:00:00Z,926708
2023-12-10T00:00:00Z,751570
2023-12-09T00:00:00Z,799481
2023-12-08T00:00:00Z,913016
2023-12-07T00:00:00Z,928105
2023-12-06T00:00:00Z,910085
2023-12-05T00:00:00Z,929552
2023-12-04T00:00:00Z,939333
2023-12-03T00:00:00Z,745315
2023-12-02T00:00:00Z,769894
2023-12-01T00:00:00Z,919685
2023-11-30T00:00:00Z,896622
2023-11-29T00:00:00Z,885328
2023-11-28T00:00:00Z,871716
2023-11-27T00:00:00Z,888665
2023-11-26T00:00:00Z,709806
2023-11-25T00:00:00Z,752277
2023-11-24T00:00:00Z,854999
2023-11-23T00:00:00Z,882051
2023-11-22T00:00:00Z,979309
2023-11-21T00:00:00Z,1026644
2023-11-20T00:00:00Z,1038529
2023-11-19T00:00:00Z,819032
2023-11-18T00:00:00Z,788194
2023-11-17T00:00:00Z,897896
2023-11-16T00:00:00Z,910334
2023-11-15T00:00:00Z,947766
2023-11-14T00:00:00Z,926405
2023-11-13T00:00:00Z,943845
2023-11-12T00:00:00Z,753556
2023-11-11T00:00:00Z,829904
2023-11-10T00:00:00Z,900106
2023-11-09T00:00:00Z,909144
2023-11-08T00:00:00Z,876551
2023-11-07T00:00:00Z,891613
2023-11-06T00:00:00Z,874122
2023-11-05T00:00:00Z,856567
2023-11-04T00:00:00Z,856381
2023-11-03T00:00:00Z,1072561
2023-11-02T00:00:00Z,1002878
2023-11-01T00:00:00Z,1095715
2023-10-31T00:00:00Z,1057990
2023-10-30T00:00:00Z,1015150
2023-10-29T00:00:00Z,891049
2023-10-28T00:00:00Z,873319
2023-10-27T00:00:00Z,972492
2023-10-26T00:00:00Z,931767
2023-10-25T00:00:00Z,1007115
2023-10-24T00:00:00Z,963406
2023-10-23T00:00:00Z,908791
2023-10-22T00:00:00Z,783711
2023-10-21T00:00:00Z,792012
2023-10-20T00:00:00Z,924690
2023-10-19T00:00:00Z,889279
2023-10-18T00:00:00Z,876316
2023-10-17T00:00:00Z,894785
2023-10-16T00:00:00Z,919951
2023-10-15T00:00:00Z,753525
2023-10-14T00:00:00Z,756733
2023-10-13T00:00:00Z,893791
2023-10-12T00:00:00Z,881183
2023-10-11T00:00:00Z,890627
2023-10-10T00:00:00Z,899855
2023-10-09T00:00:00Z,919261
2023-10-08T00:00:00Z,773314
2023-10-07T00:00:00Z,823908
2023-10-06T00:00:00Z,940103
2023-10-05T00:00:00Z,884605
2023-10-04T00:00:00Z,881919
2023-10-03T00:00:00Z,874985
2023-10-02T00:00:00Z,901888
2023-10-01T00:00:00Z,770062
2023-09-30T00:00:00Z,815949
2023-09-29T00:00:00Z,842229
2023-09-28T00:00:00Z,1048223
2023-09-27T00:00:00Z,919473
2023-09-26T00:00:00Z,943331
2023-09-25T00:00:00Z,921740
2023-09-24T00:00:00Z,742672
2023-09-23T00:00:00Z,768286
2023-09-22T00:00:00Z,898043
2023-09-21T00:00:00Z,957200
2023-09-20T00:00:00Z,925076
2023-09-19T00:00:00Z,953253
2023-09-18T00:00:00Z,908103
2023-09-17T00:00:00Z,717856
2023-09-16T00:00:00Z,726776
2023-09-15T00:00:00Z,832133
2023-09-14T00:00:00Z,794645
2023-09-13T00:00:00Z,791885
2023-09-12T00:00:00Z,802715
2023-09-11T00:00:00Z,833798
2023-09-10T00:00:00Z,665214
2023-09-09T00:00:00Z,692661
2023-09-08T00:00:00Z,806456
2023-09-07T00:00:00Z,814536
2023-09-06T00:00:00Z,813056
2023-09-05T00:00:00Z,863903
2023-09-04T00:00:00Z,822252
2023-09-03T00:00:00Z,686249
2023-09-02T00:00:00Z,724733
2023-09-01T00:00:00Z,849380
2023-08-31T00:00:00Z,829801
2023-08-30T00:00:00Z,838143
2023-08-29T00:00:00Z,837302
2023-08-28T00:00:00Z,807374
2023-08-27T00:00:00Z,654830
2023-08-26T00:00:00Z,663110
2023-08-25T00:00:00Z,776327
2023-08-24T00:00:00Z,761986
2023-08-23T00:00:00Z,779988
2023-08-22T00:00:00Z,784259
2023-08-21T00:00:00Z,806015
2023-08-20T00:00:00Z,654453
2023-08-19T00:00:00Z,684176
2023-08-18T00:00:00Z,817364
2023-08-17T00:00:00Z,827254
2023-08-16T00:00:00Z,818474
2023-08-15T00:00:00Z,838705
2023-08-14T00:00:00Z,838381
2023-08-13T00:00:00Z,643786
2023-08-12T00:00:00Z,687909
2023-08-11T00:00:00Z,800802
2023-08-10T00:00:00Z,867080
2023-08-09T00:00:00Z,854366
2023-08-08T00:00:00Z,950573
2023-08-07T00:00:00Z,1011455
2023-08-06T00:00:00Z,652906
2023-08-05T00:00:00Z,693183
2023-08-04T00:00:00Z,917220
2023-08-03T00:00:00Z,906025
2023-08-02T00:00:00Z,930819
2023-08-01T00:00:00Z,953144
2023-07-31T00:00:00Z,920686
2023-07-30T00:00:00Z,668701
2023-07-29T00:00:00Z,675485
2023-07-28T00:00:00Z,793746
2023-07-27T00:00:00Z,815328
2023-07-26T00:00:00Z,875562
2023-07-25T00:00:00Z,869946
2023-07-24T00:00:00Z,884251
2023-07-23T00:00:00Z,618575
2023-07-22T00:00:00Z,671328
2023-07-21T00:00:00Z,876414
2023-07-20T00:00:00Z,818571
2023-07-19T00:00:00Z,820498
2023-07-18T00:00:00Z,873761
2023-07-17T00:00:00Z,848969
2023-07-16T00:00:00Z,845342
2023-07-15T00:00:00Z,806789
2023-07-14T00:00:00Z,859095
2023-07-13T00:00:00Z,815783
2023-07-12T00:00:00Z,815856
2023-07-11T00:00:00Z,819364
2023-07-10T00:00:00Z,873721
2023-07-09T00:00:00Z,664996
2023-07-08T00:00:00Z,700512
2023-07-07T00:00:00Z,834119
2023-07-06T00:00:00Z,823371
2023-07-05T00:00:00Z,835341
2023-07-04T00:00:00Z,826629
2023-07-03T00:00:00Z,837332
2023-07-02T00:00:00Z,647103
2023-07-01T00:00:00Z,687503
2023-06-30T00:00:00Z,840923
2023-06-29T00:00:00Z,767280
2023-06-28T00:00:00Z,781374
2023-06-27T00:00:00Z,786300
2023-06-26T00:00:00Z,794160
2023-06-25T00:00:00Z,635838
2023-06-24T00:00:00Z,677752
2023-06-23T00:00:00Z,741988
2023-06-22T00:00:00Z,720169
2023-06-21T00:00:00Z,787748
2023-06-20T00:00:00Z,794985
2023-06-19T00:00:00Z,773433
2023-06-18T00:00:00Z,633816
2023-06-17T00:00:00Z,701356
2023-06-16T00:00:00Z,912154
2023-06-15T00:00:00Z,1145492
2023-06-14T00:00:00Z,998236
2023-06-13T00:00:00Z,1094960
2023-06-12T00:00:00Z,1091041
2023-06-11T00:00:00Z,947982
2023-06-10T00:00:00Z,1080589
2023-06-09T00:00:00Z,1009003
2023-06-08T00:00:00Z,1088047
2023-06-07T00:00:00Z,982327
2023-06-06T00:00:00Z,982559
2023-06-05T00:00:00Z,983577
2023-06-04T00:00:00Z,711030
2023-06-03T00:00:00Z,792641
2023-06-02T00:00:00Z,919422
2023-06-01T00:00:00Z,926005
2023-05-31T00:00:00Z,972695
2023-05-30T00:00:00Z,943326
2023-05-29T00:00:00Z,935351
2023-05-28T00:00:00Z,745644
2023-05-27T00:00:00Z,793091
2023-05-26T00:00:00Z,801712
2023-05-25T00:00:00Z,831786
2023-05-24T00:00:00Z,856456
2023-05-23T00:00:00Z,850204
2023-05-22T00:00:00Z,870141
2023-05-21T00:00:00Z,764761
2023-05-20T00:00:00Z,855357
2023-05-19T00:00:00Z,987713
2023-05-18T00:00:00Z,991075
2023-05-17T00:00:00Z,1037156
2023-05-16T00:00:00Z,1066585
2023-05-15T00:00:00Z,1064073
2023-05-14T00:00:00Z,823731
2023-05-13T00:00:00Z,852693
2023-05-12T00:00:00Z,997368
2023-05-11T00:00:00Z,992786
2023-05-10T00:00:00Z,985434
2023-05-09T00:00:00Z,955283
2023-05-08T00:00:00Z,984057
2023-05-07T00:00:00Z,794370
2023-05-06T00:00:00Z,873004
2023-05-05T00:00:00Z,1094956
2023-05-04T00:00:00Z,1062416
2023-05-03T00:00:00Z,1073715
2023-05-02T00:00:00Z,1061994
2023-05-01T00:00:00Z,1047592
2023-04-30T00:00:00Z,849043
2023-04-29T00:00:00Z,857795
2023-04-28T00:00:00Z,1043099
2023-04-27T00:00:00Z,1012170
2023-04-26T00:00:00Z,1032338
2023-04-25T00:00:00Z,999076
2023-04-24T00:00:00Z,900277
2023-04-23T00:00:00Z,682981
2023-04-22T00:00:00Z,709034
2023-04-21T00:00:00Z,924683
2023-04-20T00:00:00Z,977034
2023-04-19T00:00:00Z,1039796
2023-04-18T00:00:00Z,1028752
2023-04-17T00:00:00Z,1045311
2023-04-16T00:00:00Z,734700
2023-04-15T00:00:00Z,829261
2023-04-14T00:00:00Z,1029323
2023-04-13T00:00:00Z,1016594
2023-04-12T00:00:00Z,1008537
2023-04-11T00:00:00Z,1014213
2023-04-10T00:00:00Z,1014661
2023-04-09T00:00:00Z,788134
2023-04-08T00:00:00Z,905762
2023-04-07T00:00:00Z,909519
2023-04-06T00:00:00Z,929680
2023-04-05T00:00:00Z,932208
2023-04-04T00:00:00Z,965954
2023-04-03T00:00:00Z,943982
2023-04-02T00:00:00Z,748913
2023-04-01T00:00:00Z,754779
2023-03-31T00:00:00Z,881806
2023-03-30T00:00:00Z,875051
2023-03-29T00:00:00Z,982325
2023-03-28T00:00:00Z,940330
2023-03-27T00:00:00Z,881247
2023-03-26T00:00:00Z,679891
2023-03-25T00:00:00Z,718346
2023-03-24T00:00:00Z,825606
2023-03-23T00:00:00Z,874660
2023-03-22T00:00:00Z,837478
2023-03-21T00:00:00Z,820110
2023-03-20T00:00:00Z,871640
2023-03-19T00:00:00Z,670529
2023-03-18T00:00:00Z,717237
2023-03-17T00:00:00Z,838571
2023-03-16T00:00:00Z,843872
2023-03-15T00:00:00Z,843955
2023-03-14T00:00:00Z,839745
2023-03-13T00:00:00Z,841399
2023-03-12T00:00:00Z,645321
2023-03-11T00:00:00Z,723594
2023-03-10T00:00:00Z,842638
2023-03-09T00:00:00Z,820127
2023-03-08T00:00:00Z,787423
2023-03-07T00:00:00Z,804561
2023-03-06T00:00:00Z,763620
2023-03-05T00:00:00Z,652131
2023-03-04T00:00:00Z,685825
2023-03-03T00:00:00Z,771327
2023-03-02T00:00:00Z,807686
2023-03-01T00:00:00Z,840698
2023-02-28T00:00:00Z,792210
2023-02-27T00:00:00Z,784869
2023-02-26T00:00:00Z,641426
2023-02-25T00:00:00Z,678669
2023-02-24T00:00:00Z,760867
2023-02-23T00:00:00Z,773906
2023-02-22T00:00:00Z,774243
2023-02-21T00:00:00Z,772550
2023-02-20T00:00:00Z,803300
2023-02-19T00:00:00Z,645274
2023-02-18T00:00:00Z,668960
2023-02-17T00:00:00Z,759435
2023-02-16T00:00:00Z,762723
2023-02-15T00:00:00Z,756590
2023-02-14T00:00:00Z,746440
2023-02-13T00:00:00Z,745935
2023-02-12T00:00:00Z,606856
2023-02-11T00:00:00Z,700596
2023-02-10T00:00:00Z,795631
2023-02-09T00:00:00Z,833701
2023-02-08T00:00:00Z,828270
2023-02-07T00:00:00Z,751391
2023-02-06T00:00:00Z,756408
2023-02-05T00:00:00Z,774062
2023-02-04T00:00:00Z,849249
2023-02-03T00:00:00Z,906333
2023-02-02T00:00:00Z,957330
2023-02-01T00:00:00Z,875170
2023-01-31T00:00:00Z,872847
2023-01-30T00:00:00Z,876243
2023-01-29T00:00:00Z,770130
2023-01-28T00:00:00Z,739348
2023-01-27T00:00:00Z,788841
2023-01-26T00:00:00Z,772912
2023-01-25T00:00:00Z,829884
2023-01-24T00:00:00Z,803707
2023-01-23T00:00:00Z,836948
2023-01-22T00:00:00Z,683556
2023-01-21T00:00:00Z,707388
2023-01-20T00:00:00Z,845128
2023-01-19T00:00:00Z,858560
2023-01-18T00:00:00Z,831372
2023-01-17T00:00:00Z,973156
2023-01-16T00:00:00Z,1033433
2023-01-15T00:00:00Z,814024
2023-01-14T00:00:00Z,864595
2023-01-13T00:00:00Z,983041
2023-01-12T00:00:00Z,973312
2023-01-11T00:00:00Z,935618
2023-01-10T00:00:00Z,991379
2023-01-09T00:00:00Z,1086560
2023-01-08T00:00:00Z,853710
2023-01-07T00:00:00Z,846991
2023-01-06T00:00:00Z,965085
2023-01-05T00:00:00Z,967071
2023-01-04T00:00:00Z,947320
2023-01-03T00:00:00Z,890624
2023-01-02T00:00:00Z,836537
2023-01-01T00:00:00Z,735109
2022-12-31T00:00:00Z,832212
2022-12-30T00:00:00Z,912051
2022-12-29T00:00:00Z,962826
2022-12-28T00:00:00Z,960558
2022-12-27T00:00:00Z,941915
2022-12-26T00:00:00Z,888089
2022-12-25T00:00:00Z,731376
2022-12-24T00:00:00Z,777002
2022-12-23T00:00:00Z,909448
2022-12-22T00:00:00Z,940245
2022-12-21T00:00:00Z,1002832
2022-12-20T00:00:00Z,1035457
2022-12-19T00:00:00Z,1076338
2022-12-18T00:00:00Z,857211
2022-12-17T00:00:00Z,968705
2022-12-16T00:00:00Z,1009312
2022-12-15T00:00:00Z,979194
2022-12-14T00:00:00Z,1289397
2022-12-13T00:00:00Z,1093287
2022-12-12T00:00:00Z,1305263
2022-12-11T00:00:00Z,958133
2022-12-10T00:00:00Z,2811617
2022-12-09T00:00:00Z,1076741
2022-12-08T00:00:00Z,1319712
2022-12-07T00:00:00Z,1050270
2022-12-06T00:00:00Z,1129514
2022-12-05T00:00:00Z,1293658
2022-12-04T00:00:00Z,1044634
2022-12-03T00:00:00Z,1044211
2022-12-02T00:00:00Z,1097358
2022-12-01T00:00:00Z,1148402
2022-11-30T00:00:00Z,1063904
2022-11-29T00:00:00Z,1230220
2022-11-28T00:00:00Z,1051755
2022-11-27T00:00:00Z,882653
2022-11-26T00:00:00Z,937494
2022-11-25T00:00:00Z,947711
2022-11-24T00:00:00Z,985283
2022-11-23T00:00:00Z,910106
2022-11-22T00:00:00Z,900530
2022-11-21T00:00:00Z,960293
2022-11-20T00:00:00Z,867226
2022-11-19T00:00:00Z,983066
2022-11-18T00:00:00Z,928458
2022-11-17T00:00:00Z,1138235
2022-11-16T00:00:00Z,1134358
2022-11-15T00:00:00Z,1062230
2022-11-14T00:00:00Z,914668
2022-11-13T00:00:00Z,831258
2022-11-12T00:00:00Z,783899
2022-11-11T00:00:00Z,868484
2022-11-10T00:00:00Z,935472
2022-11-09T00:00:00Z,960957
2022-11-08T00:00:00Z,915333
2022-11-07T00:00:00Z,825169
2022-11-06T00:00:00Z,686767
2022-11-05T00:00:00Z,738276
2022-11-04T00:00:00Z,753892
2022-11-03T00:00:00Z,777208
2022-11-02T00:00:00Z,748719
2022-11-01T00:00:00Z,773262
2022-10-31T00:00:00Z,772407
2022-10-30T00:00:00Z,647286
2022-10-29T00:00:00Z,674659
2022-10-28T00:00:00Z,752481
2022-10-27T00:00:00Z,762522
2022-10-26T00:00:00Z,780143
2022-10-25T00:00:00Z,733592
2022-10-24T00:00:00Z,736892
2022-10-23T00:00:00Z,631740
2022-10-22T00:00:00Z,652568
2022-10-21T00:00:00Z,745043
2022-10-20T00:00:00Z,718142
2022-10-19T00:00:00Z,685354
2022-10-18T00:00:00Z,705947
2022-10-17T00:00:00Z,684918
2022-10-16T00:00:00Z,570715
2022-10-15T00:00:00Z,595254
2022-10-14T00:00:00Z,664594
2022-10-13T00:00:00Z,676303
2022-10-12T00:00:00Z,632373
2022-10-11T00:00:00Z,654659
2022-10-10T00:00:00Z,647130
2022-10-09T00:00:00Z,515670
2022-10-08T00:00:00Z,574544
2022-10-07T00:00:00Z,599380
2022-10-06T00:00:00Z,594829
2022-10-05T00:00:00Z,610672
2022-10-04T00:00:00Z,604793
2022-10-03T00:00:00Z,575489
2022-10-02T00:00:00Z,502752
2022-10-01T00:00:00Z,550493
2022-09-30T00:00:00Z,687260
2022-09-29T00:00:00Z,636222
2022-09-28T00:00:00Z,762789
2022-09-27T00:00:00Z,1147025
2022-09-26T00:00:00Z,661280
2022-09-25T00:00:00Z,471413
2022-09-24T00:00:00Z,517861
2022-09-23T00:00:00Z,607861
2022-09-22T00:00:00Z,591903
2022-09-21T00:00:00Z,623442
2022-09-20T00:00:00Z,637880
2022-09-19T00:00:00Z,625078
2022-09-18T00:00:00Z,507092
2022-09-17T00:00:00Z,509656
2022-09-16T00:00:00Z,723192
2022-09-15T00:00:00Z,607598
2022-09-14T00:00:00Z,606747
2022-09-13T00:00:00Z,617170
2022-09-12T00:00:00Z,580106
2022-09-11T00:00:00Z,468818
2022-09-10T00:00:00Z,485483
2022-09-09T00:00:00Z,601379
2022-09-08T00:00:00Z,591600
2022-09-07T00:00:00Z,597009
2022-09-06T00:00:00Z,627145
2022-09-05T00:00:00Z,621229
2022-09-04T00:00:00Z,496098
2022-09-03T00:00:00Z,533406
2022-09-02T00:00:00Z,609963
2022-09-01T00:00:00Z,605888
2022-08-31T00:00:00Z,600371
2022-08-30T00:00:00Z,594959
2022-08-29T00:00:00Z,580097
2022-08-28T00:00:00Z,484400
2022-08-27T00:00:00Z,531084
2022-08-26T00:00:00Z,583929
2022-08-25T00:00:00Z,577677
2022-08-24T00:00:00Z,577674
2022-08-23T00:00:00Z,571617
2022-08-22T00:00:00Z,594235
2022-08-21T00:00:00Z,473715
2022-08-20T00:00:00Z,514141
2022-08-19T00:00:00Z,602262
2022-08-18T00:00:00Z,574082
2022-08-17T00:00:00Z,679295
2022-08-16T00:00:00Z,570582
2022-08-15T00:00:00Z,609206
2022-08-14T00:00:00Z,524161
2022-08-13T00:00:00Z,525586
2022-08-12T00:00:00Z,585695
2022-08-11T00:00:00Z,605387
2022-08-10T00:00:00Z,617370
2022-08-09T00:00:00Z,604880
2022-08-08T00:00:00Z,618494
2022-08-07T00:00:00Z,505044
2022-08-06T00:00:00Z,536966
2022-08-05T00:00:00Z,628021
2022-08-04T00:00:00Z,595800
2022-08-03T00:00:00Z,622425
2022-08-02T00:00:00Z,622549
2022-08-01T00:00:00Z,614575
2022-07-31T00:00:00Z,527802
2022-07-30T00:00:00Z,531314
2022-07-29T00:00:00Z,598263
2022-07-28T00:00:00Z,583434
2022-07-27T00:00:00Z,598800
2022-07-26T00:00:00Z,622479
2022-07-25T00:00:00Z,615562
2022-07-24T00:00:00Z,509052
2022-07-23T00:00:00Z,551946
2022-07-22T00:00:00Z,587922
2022-07-21T00:00:00Z,591978
2022-07-20T00:00:00Z,586833
2022-07-19T00:00:00Z,605325
2022-07-18T00:00:00Z,596281
2022-07-17T00:00:00Z,472824
2022-07-16T00:00:00Z,501487
2022-07-15T00:00:00Z,560709
2022-07-14T00:00:00Z,551987
2022-07-13T00:00:00Z,584548
2022-07-12T00:00:00Z,548240
2022-07-11T00:00:00Z,540562
2022-07-10T00:00:00Z,428517
2022-07-09T00:00:00Z,468519
2022-07-08T00:00:00Z,515457
2022-07-07T00:00:00Z,542372
2022-07-06T00:00:00Z,569583
2022-07-05T00:00:00Z,564667
2022-07-04T00:00:00Z,568556
2022-07-03T00:00:00Z,451157
2022-07-02T00:00:00Z,515711
2022-07-01T00:00:00Z,556374
2022-06-30T00:00:00Z,553715
2022-06-29T00:00:00Z,535690
2022-06-28T00:00:00Z,689463
2022-06-27T00:00:00Z,571548
2022-06-26T00:00:00Z,497011
2022-06-25T00:00:00Z,557093
2022-06-24T00:00:00Z,591543
2022-06-23T00:00:00Z,566788
2022-06-22T00:00:00Z,575830
2022-06-21T00:00:00Z,594373
2022-06-20T00:00:00Z,595096
2022-06-19T00:00:00Z,516688
2022-06-18T00:00:00Z,528340
2022-06-17T00:00:00Z,562113
2022-06-16T00:00:00Z,584633
2022-06-15T00:00:00Z,649134
2022-06-14T00:00:00Z,632998
2022-06-13T00:00:00Z,677858
2022-06-12T00:00:00Z,521890
2022-06-11T00:00:00Z,530654
2022-06-10T00:00:00Z,585440
2022-06-09T00:00:00Z,573589
2022-06-08T00:00:00Z,579212
2022-06-07T00:00:00Z,591943
2022-06-06T00:00:00Z,602335
2022-06-05T00:00:00Z,460408
2022-06-04T00:00:00Z,471586
2022-06-03T00:00:00Z,555673
2022-06-02T00:00:00Z,587868
2022-06-01T00:00:00Z,612621
2022-05-31T00:00:00Z,644848
2022-05-30T00:00:00Z,644483
2022-05-29T00:00:00Z,510774
2022-05-28T00:00:00Z,517621
2022-05-27T00:00:00Z,593044
2022-05-26T00:00:00Z,591392
2022-05-25T00:00:00Z,563666
2022-05-24T00:00:00Z,581571
2022-05-23T00:00:00Z,588466
2022-05-22T00:00:00Z,471824
2022-05-21T00:00:00Z,491124
2022-05-20T00:00:00Z,558509
2022-05-19T00:00:00Z,560746
2022-05-18T00:00:00Z,569304
2022-05-17T00:00:00Z,588010
2022-05-16T00:00:00Z,612406
2022-05-15T00:00:00Z,647695
2022-05-14T00:00:00Z,724938
2022-05-13T00:00:00Z,792650
2022-05-12T00:00:00Z,889789
2022-05-11T00:00:00Z,840564
2022-05-10T00:00:00Z,736517
2022-05-09T00:00:00Z,773104
2022-05-08T00:00:00Z,567391
2022-05-07T00:00:00Z,661546
2022-05-06T00:00:00Z,663017
2022-05-05T00:00:00Z,694211
2022-05-04T00:00:00Z,606198
2022-05-03T00:00:00Z,575845
2022-05-02T00:00:00Z,589659
2022-05-01T00:00:00Z,566091
2022-04-30T00:00:00Z,590637
2022-04-29T00:00:00Z,643778
2022-04-28T00:00:00Z,616662
2022-04-27T00:00:00Z,612220
2022-04-26T00:00:00Z,612748
2022-04-25T00:00:00Z,627451
2022-04-24T00:00:00Z,500250
2022-04-23T00:00:00Z,513181
2022-04-22T00:00:00Z,618037
2022-04-21T00:00:00Z,640862
2022-04-20T00:00:00Z,767934
2022-04-19T00:00:00Z,638458
2022-04-18T00:00:00Z,570806
2022-04-17T00:00:00Z,471348
2022-04-16T00:00:00Z,498442
2022-04-15T00:00:00Z,600737
2022-04-14T00:00:00Z,532228
2022-04-13T00:00:00Z,550451
2022-04-12T00:00:00Z,558762
2022-04-11T00:00:00Z,598175
2022-04-10T00:00:00Z,494631
2022-04-09T00:00:00Z,517337
2022-04-08T00:00:00Z,543792
2022-04-07T00:00:00Z,549577
2022-04-06T00:00:00Z,584099
2022-04-05T00:00:00Z,581466
2022-04-04T00:00:00Z,577161
2022-04-03T00:00:00Z,487015
2022-04-02T00:00:00Z,506566
2022-04-01T00:00:00Z,569550
2022-03-31T00:00:00Z,599596
2022-03-30T00:00:00Z,581946
2022-03-29T00:00:00Z,567220
2022-03-28T00:00:00Z,555099
2022-03-27T00:00:00Z,446705
2022-03-26T00:00:00Z,453802
2022-03-25T00:00:00Z,523288
2022-03-24T00:00:00Z,528466
2022-03-23T00:00:00Z,483280
2022-03-22T00:00:00Z,493252
2022-03-21T00:00:00Z,493815
2022-03-20T00:00:00Z,438810
2022-03-19T00:00:00Z,445191
2022-03-18T00:00:00Z,485632
2022-03-17T00:00:00Z,488478
2022-03-16T00:00:00Z,484483
2022-03-15T00:00:00Z,478535
2022-03-14T00:00:00Z,512434
2022-03-13T00:00:00Z,414127
2022-03-12T00:00:00Z,418131
2022-03-11T00:00:00Z,452466
2022-03-10T00:00:00Z,475997
2022-03-09T00:00:00Z,519096
2022-03-08T00:00:00Z,548548
2022-03-07T00:00:00Z,537199
2022-03-06T00:00:00Z,496620
2022-03-05T00:00:00Z,495154
2022-03-04T00:00:00Z,501244
2022-03-03T00:00:00Z,519623
2022-03-02T00:00:00Z,526941
2022-03-01T00:00:00Z,533547
2022-02-28T00:00:00Z,552009
2022-02-27T00:00:00Z,452985
2022-02-26T00:00:00Z,460758
2022-02-25T00:00:00Z,532897
2022-02-24T00:00:00Z,586181
2022-02-23T00:00:00Z,500006
2022-02-22T00:00:00Z,564868
2022-02-21T00:00:00Z,518039
2022-02-20T00:00:00Z,479020
2022-02-19T00:00:00Z,486267
2022-02-18T00:00:00Z,508447
2022-02-17T00:00:00Z,533853
2022-02-16T00:00:00Z,525763
2022-02-15T00:00:00Z,555162
2022-02-14T00:00:00Z,508563
2022-02-13T00:00:00Z,445427
2022-02-12T00:00:00Z,463332
2022-02-11T00:00:00Z,522024
2022-02-10T00:00:00Z,518708
2022-02-09T00:00:00Z,565144
2022-02-08T00:00:00Z,527489
2022-02-07T00:00:00Z,528906
2022-02-06T00:00:00Z,444618
2022-02-05T00:00:00Z,453267
2022-02-04T00:00:00Z,440458
2022-02-03T00:00:00Z,407925
2022-02-02T00:00:00Z,413428
2022-02-01T00:00:00Z,411489
2022-01-31T00:00:00Z,456848
2022-01-30T00:00:00Z,400748
2022-01-29T00:00:00Z,424632
2022-01-28T00:00:00Z,468794
2022-01-27T00:00:00Z,470468
2022-01-26T00:00:00Z,619417
2022-01-25T00:00:00Z,600794
2022-01-24T00:00:00Z,522008
2022-01-23T00:00:00Z,423733
2022-01-22T00:00:00Z,530067
2022-01-21T00:00:00Z,518854
2022-01-20T00:00:00Z,484784
2022-01-19T00:00:00Z,477825
2022-01-18T00:00:00Z,527776
2022-01-17T00:00:00Z,535134
2022-01-16T00:00:00Z,424366
2022-01-15T00:00:00Z,445750
2022-01-14T00:00:00Z,446187
2022-01-13T00:00:00Z,445054
2022-01-12T00:00:00Z,493149
2022-01-11T00:00:00Z,470171
2022-01-10T00:00:00Z,486280
2022-01-09T00:00:00Z,400416
2022-01-08T00:00:00Z,418784
2022-01-07T00:00:00Z,497139
2022-01-06T00:00:00Z,476269
2022-01-05T00:00:00Z,533209
2022-01-04T00:00:00Z,477430
2022-01-03T00:00:00Z,442008
2022-01-02T00:00:00Z,392341
2022-01-01T00:00:00Z,341734
2021-12-31T00:00:00Z,426032
2021-12-30T00:00:00Z,507064
2021-12-29T00:00:00Z,473143
2021-12-28T00:00:00Z,465892
2021-12-27T00:00:00Z,454768
2021-12-26T00:00:00Z,387397
2021-12-25T00:00:00Z,374989
2021-12-24T00:00:00Z,791506
2021-12-23T00:00:00Z,484564
2021-12-22T00:00:00Z,522154
2021-12-21T00:00:00Z,517181
2021-12-20T00:00:00Z,538291
2021-12-19T00:00:00Z,402685
2021-12-18T00:00:00Z,426556
2021-12-17T00:00:00Z,477394
2021-12-16T00:00:00Z,478456
2021-12-15T00:00:00Z,539902
2021-12-14T00:00:00Z,542445
2021-12-13T00:00:00Z,542100
2021-12-12T00:00:00Z,461825
2021-12-11T00:00:00Z,421387
2021-12-10T00:00:00Z,543383
2021-12-09T00:00:00Z,511874
2021-12-08T00:00:00Z,519844
2021-12-07T00:00:00Z,567392
2021-12-06T00:00:00Z,580985
2021-12-05T00:00:00Z,473443
2021-12-04T00:00:00Z,617262
2021-12-03T00:00:00Z,741010
2021-12-02T00:00:00Z,548086
2021-12-01T00:00:00Z,639075
2021-11-30T00:00:00Z,640869
2021-11-29T00:00:00Z,549505
2021-11-28T00:00:00Z,446361
2021-11-27T00:00:00Z,486523
2021-11-26T00:00:00Z,610120
2021-11-25T00:00:00Z,631228
2021-11-24T00:00:00Z,580129
2021-11-23T00:00:00Z,527692
2021-11-22T00:00:00Z,544197
2021-11-21T00:00:00Z,462328
2021-11-20T00:00:00Z,453841
2021-11-19T00:00:00Z,588338
2021-11-18T00:00:00Z,559795
2021-11-17T00:00:00Z,527373
2021-11-16T00:00:00Z,642598
2021-11-15T00:00:00Z,833560
2021-11-14T00:00:00Z,466323
2021-11-13T00:00:00Z,476868
2021-11-12T00:00:00Z,578452
2021-11-11T00:00:00Z,552760
2021-11-10T00:00:00Z,576346
2021-11-09T00:00:00Z,591222
2021-11-08T00:00:00Z,584701
2021-11-07T00:00:00Z,470509
2021-11-06T00:00:00Z,467103
2021-11-05T00:00:00Z,605285
2021-11-04T00:00:00Z,590240
2021-11-03T00:00:00Z,574553
2021-11-02T00:00:00Z,606214
2021-11-01T00:00:00Z,531109
2021-10-31T00:00:00Z,521402
2021-10-30T00:00:00Z,560808
2021-10-29T00:00:00Z,615678
2021-10-28T00:00:00Z,562703
2021-10-27T00:00:00Z,550389
2021-10-26T00:00:00Z,503044
2021-10-25T00:00:00Z,487166
2021-10-24T00:00:00Z,402049
2021-10-23T00:00:00Z,409272
2021-10-22T00:00:00Z,437374
2021-10-21T00:00:00Z,447241
2021-10-20T00:00:00Z,440860
2021-10-19T00:00:00Z,437457
2021-10-18T00:00:00Z,425506
2021-10-17T00:00:00Z,354200
2021-10-16T00:00:00Z,383296
2021-10-15T00:00:00Z,428606
2021-10-14T00:00:00Z,422436
2021-10-13T00:00:00Z,410409
2021-10-12T00:00:00Z,400888
2021-10-11T00:00:00Z,426688
2021-10-10T00:00:00Z,364560
2021-10-09T00:00:00Z,387120
2021-10-08T00:00:00Z,422333
2021-10-07T00:00:00Z,456095
2021-10-06T00:00:00Z,407679
2021-10-05T00:00:00Z,386298
2021-10-04T00:00:00Z,378831
2021-10-03T00:00:00Z,301566
2021-10-02T00:00:00Z,318590
2021-10-01T00:00:00Z,332459
2021-09-30T00:00:00Z,355442
2021-09-29T00:00:00Z,319922
2021-09-28T00:00:00Z,336786
2021-09-27T00:00:00Z,330722
2021-09-26T00:00:00Z,353086
2021-09-25T00:00:00Z,309565
2021-09-24T00:00:00Z,399740
2021-09-23T00:00:00Z,332228
2021-09-22T00:00:00Z,345999
2021-09-21T00:00:00Z,329394
2021-09-20T00:00:00Z,406686
2021-09-19T00:00:00Z,296283
2021-09-18T00:00:00Z,309248
2021-09-17T00:00:00Z,355088
2021-09-16T00:00:00Z,397712
2021-09-15T00:00:00Z,356556
2021-09-14T00:00:00Z,347675
2021-09-13T00:00:00Z,387517
2021-09-12T00:00:00Z,340538
2021-09-11T00:00:00Z,326931
2021-09-10T00:00:00Z,398161
2021-09-09T00:00:00Z,372623
2021-09-08T00:00:00Z,416008
2021-09-07T00:00:00Z,456095
2021-09-06T00:00:00Z,440255
2021-09-05T00:00:00Z,365183
2021-09-04T00:00:00Z,369994
2021-09-03T00:00:00Z,396245
2021-09-02T00:00:00Z,365637
2021-09-01T00:00:00Z,357228
2021-08-31T00:00:00Z,357095
2021-08-30T00:00:00Z,344744
2021-08-29T00:00:00Z,317933
2021-08-28T00:00:00Z,305361
2021-08-27T00:00:00Z,354334
2021-08-26T00:00:00Z,319993
2021-08-25T00:00:00Z,344148
2021-08-24T00:00:00Z,348188
2021-08-23T00:00:00Z,374416
2021-08-22T00:00:00Z,342757
2021-08-21T00:00:00Z,316624
2021-08-20T00:00:00Z,376338
2021-08-19T00:00:00Z,316328
2021-08-18T00:00:00Z,307992
2021-08-17T00:00:00Z,324037
2021-08-16T00:00:00Z,389141
2021-08-15T00:00:00Z,383320
2021-08-14T00:00:00Z,374165
2021-08-13T00:00:00Z,378103
2021-08-12T00:00:00Z,357959
2021-08-11T00:00:00Z,373844
2021-08-10T00:00:00Z,338758
2021-08-09T00:00:00Z,351589
2021-08-08T00:00:00Z,295418
2021-08-07T00:00:00Z,331076
2021-08-06T00:00:00Z,362597
2021-08-05T00:00:00Z,313800
2021-08-04T00:00:00Z,336758
2021-08-03T00:00:00Z,417120
2021-08-02T00:00:00Z,299676
2021-08-01T00:00:00Z,260290
2021-07-31T00:00:00Z,267593
2021-07-30T00:00:00Z,360078
2021-07-29T00:00:00Z,267234
2021-07-28T00:00:00Z,260116
2021-07-27T00:00:00Z,266183
2021-07-26T00:00:00Z,294445
2021-07-25T00:00:00Z,292002
2021-07-24T00:00:00Z,229898
2021-07-23T00:00:00Z,223457
2021-07-22T00:00:00Z,212056
2021-07-21T00:00:00Z,246654
2021-07-20T00:00:00Z,228775
2021-07-19T00:00:00Z,229122
2021-07-18T00:00:00Z,210265
2021-07-17T00:00:00Z,203707
2021-07-16T00:00:00Z,273517
2021-07-15T00:00:00Z,228600
2021-07-14T00:00:00Z,222372
2021-07-13T00:00:00Z,220709
2021-07-12T00:00:00Z,236273
2021-07-11T00:00:00Z,213954
2021-07-10T00:00:00Z,232034
2021-07-09T00:00:00Z,259460
2021-07-08T00:00:00Z,256797
2021-07-07T00:00:00Z,305932
2021-07-06T00:00:00Z,364287
2021-07-05T00:00:00Z,255550
2021-07-04T00:00:00Z,228021
2021-07-03T00:00:00Z,211350
2021-07-02T00:00:00Z,271813
2021-07-01T00:00:00Z,309079
2021-06-30T00:00:00Z,254524
2021-06-29T00:00:00Z,249967
2021-06-28T00:00:00Z,228070
2021-06-27T00:00:00Z,200651
2021-06-26T00:00:00Z,214689
2021-06-25T00:00:00Z,232321
2021-06-24T00:00:00Z,245542
2021-06-23T00:00:00Z,227861
2021-06-22T00:00:00Z,319292
2021-06-21T00:00:00Z,282878
2021-06-20T00:00:00Z,222685
2021-06-19T00:00:00Z,219635
2021-06-18T00:00:00Z,262613
2021-06-17T00:00:00Z,275332
2021-06-16T00:00:00Z,245557
2021-06-15T00:00:00Z,246524
2021-06-14T00:00:00Z,231643
2021-06-13T00:00:00Z,193619
2021-06-12T00:00:00Z,228636
2021-06-11T00:00:00Z,272521
2021-06-10T00:00:00Z,265631
2021-06-09T00:00:00Z,286735
2021-06-08T00:00:00Z,276253
2021-06-07T00:00:00Z,261188
2021-06-06T00:00:00Z,220996
2021-06-05T00:00:00Z,253147
2021-06-04T00:00:00Z,299941
2021-06-03T00:00:00Z,312990
2021-06-02T00:00:00Z,323011
2021-06-01T00:00:00Z,271994
2021-05-31T00:00:00Z,241623
2021-05-30T00:00:00Z,786049
2021-05-29T00:00:00Z,523982
2021-05-28T00:00:00Z,255903
2021-05-27T00:00:00Z,240156
2021-05-26T00:00:00Z,295422
2021-05-25T00:00:00Z,275213
2021-05-24T00:00:00Z,517575
2021-05-23T00:00:00Z,269512
2021-05-22T00:00:00Z,262101
2021-05-21T00:00:00Z,333603
2021-05-20T00:00:00Z,366697
2021-05-19T00:00:00Z,434710
2021-05-18T00:00:00Z,412174
2021-05-17T00:00:00Z,396966
2021-05-16T00:00:00Z,361022
2021-05-15T00:00:00Z,394181
2021-05-14T00:00:00Z,480374
2021-05-13T00:00:00Z,478169
2021-05-12T00:00:00Z,607392
2021-05-11T00:00:00Z,718800
2021-05-10T00:00:00Z,701089
2021-05-09T00:00:00Z,444408
2021-05-08T00:00:00Z,468235
2021-05-07T00:00:00Z,372410
2021-05-06T00:00:00Z,360166
2021-05-05T00:00:00Z,320542
2021-05-04T00:00:00Z,343009
2021-05-03T00:00:00Z,290281
2021-05-02T00:00:00Z,246319
2021-05-01T00:00:00Z,262280
2021-04-30T00:00:00Z,297269
2021-04-29T00:00:00Z,267583
2021-04-28T00:00:00Z,267020
2021-04-27T00:00:00Z,289207
2021-04-26T00:00:00Z,304176
2021-04-25T00:00:00Z,220897
2021-04-24T00:00:00Z,222933
2021-04-23T00:00:00Z,299062
2021-04-22T00:00:00Z,290314
2021-04-21T00:00:00Z,377517
2021-04-20T00:00:00Z,385787
2021-04-19T00:00:00Z,373028
2021-04-18T00:00:00Z,318434
2021-04-17T00:00:00Z,354489
2021-04-16T00:00:00Z,324658
2021-04-15T00:00:00Z,327811
2021-04-14T00:00:00Z,295162
2021-04-13T00:00:00Z,290892
2021-04-12T00:00:00Z,312965
2021-04-11T00:00:00Z,262542
2021-04-10T00:00:00Z,257263
2021-04-09T00:00:00Z,269422
2021-04-08T00:00:00Z,273055
2021-04-07T00:00:00Z,288251
2021-04-06T00:00:00Z,312639
2021-04-05T00:00:00Z,304015
2021-04-04T00:00:00Z,299296
2021-04-03T00:00:00Z,283991
2021-04-02T00:00:00Z,310375
2021-04-01T00:00:00Z,318882
2021-03-31T00:00:00Z,314060
2021-03-30T00:00:00Z,302369
2021-03-29T00:00:00Z,255863
2021-03-28T00:00:00Z,206298
2021-03-27T00:00:00Z,214241
2021-03-26T00:00:00Z,233422
2021-03-25T00:00:00Z,232793
2021-03-24T00:00:00Z,283977
2021-03-23T00:00:00Z,235245
2021-03-22T00:00:00Z,263209
2021-03-21T00:00:00Z,237246
2021-03-20T00:00:00Z,253726
2021-03-19T00:00:00Z,400928
2021-03-18T00:00:00Z,522234
2021-03-17T00:00:00Z,229457
2021-03-16T00:00:00Z,247556
2021-03-15T00:00:00Z,257551
2021-03-14T00:00:00Z,210944
2021-03-13T00:00:00Z,215839
2021-03-12T00:00:00Z,215318
2021-03-11T00:00:00Z,260932
2021-03-10T00:00:00Z,224490
2021-03-09T00:00:00Z,215826
2021-03-08T00:00:00Z,187923
2021-03-07T00:00:00Z,174461
2021-03-06T00:00:00Z,157427
2021-03-05T00:00:00Z,181480
2021-03-04T00:00:00Z,186914
2021-03-03T00:00:00Z,210681
2021-03-02T00:00:00Z,205331
2021-03-01T00:00:00Z,299524
2021-02-28T00:00:00Z,214137
2021-02-27T00:00:00Z,194905
2021-02-26T00:00:00Z,200564
2021-02-25T00:00:00Z,232112
2021-02-24T00:00:00Z,232679
2021-02-23T00:00:00Z,236640
2021-02-22T00:00:00Z,247732
2021-02-21T00:00:00Z,222788
2021-02-20T00:00:00Z,243445
2021-02-19T00:00:00Z,246771
2021-02-18T00:00:00Z,276824
2021-02-17T00:00:00Z,189186
2021-02-16T00:00:00Z,187567
2021-02-15T00:00:00Z,185206
2021-02-14T00:00:00Z,158843
2021-02-13T00:00:00Z,163723
2021-02-12T00:00:00Z,155516
2021-02-11T00:00:00Z,183821
2021-02-10T00:00:00Z,212787
2021-02-09T00:00:00Z,215572
2021-02-08T00:00:00Z,192221
2021-02-07T00:00:00Z,167099
2021-02-06T00:00:00Z,181332
2021-02-05T00:00:00Z,177249
2021-02-04T00:00:00Z,166728
2021-02-03T00:00:00Z,157226
2021-02-02T00:00:00Z,148921
2021-02-01T00:00:00Z,148378
2021-01-31T00:00:00Z,141352
2021-01-30T00:00:00Z,140247
2021-01-29T00:00:00Z,157728
2021-01-28T00:00:00Z,119186
2021-01-27T00:00:00Z,107060
2021-01-26T00:00:00Z,111893
2021-01-25T00:00:00Z,132380
2021-01-24T00:00:00Z,116943
2021-01-23T00:00:00Z,108419
2021-01-22T00:00:00Z,128481
2021-01-21T00:00:00Z,152282
2021-01-20T00:00:00Z,129240
2021-01-19T00:00:00Z,130865
2021-01-18T00:00:00Z,119629
2021-01-17T00:00:00Z,103403
2021-01-16T00:00:00Z,97248
2021-01-15T00:00:00Z,91319
2021-01-14T00:00:00Z,103311
2021-01-13T00:00:00Z,111891
2021-01-12T00:00:00Z,89148
2021-01-11T00:00:00Z,108787
2021-01-10T00:00:00Z,110881
2021-01-09T00:00:00Z,103942
2021-01-08T00:00:00Z,101654
2021-01-07T00:00:00Z,104946
2021-01-06T00:00:00Z,113580
2021-01-05T00:00:00Z,96576
2021-01-04T00:00:00Z,104462
2021-01-03T00:00:00Z,87713
2021-01-02T00:00:00Z,80404
2021-01-01T00:00:00Z,75953
2020-12-31T00:00:00Z,92602
2020-12-30T00:00:00Z,85091
2020-12-29T00:00:00Z,101761
2020-12-28T00:00:00Z,94032
2020-12-27T00:00:00Z,77439
2020-12-26T00:00:00Z,83080
2020-12-25T00:00:00Z,82640
2020-12-24T00:00:00Z,87583
2020-12-23T00:00:00Z,82777
2020-12-22T00:00:00Z,69799
2020-12-21T00:00:00Z,76032
2020-12-20T00:00:00Z,65690
2020-12-19T00:00:00Z,76932
2020-12-18T00:00:00Z,79704
2020-12-17T00:00:00Z,104120
2020-12-16T00:00:00Z,69696
2020-12-15T00:00:00Z,59225
2020-12-14T00:00:00Z,61058
2020-12-13T00:00:00Z,53565
2020-12-12T00:00:00Z,58060
2020-12-11T00:00:00Z,55779
2020-12-10T00:00:00Z,64844
2020-12-09T00:00:00Z,64049
2020-12-08T00:00:00Z,63932
2020-12-07T00:00:00Z,55298
2020-12-06T00:00:00Z,49045
2020-12-05T00:00:00Z,97171
2020-12-04T00:00:00Z,123491
2020-12-03T00:00:00Z,77651
2020-12-02T00:00:00Z,69135
2020-12-01T00:00:00Z,76142
2020-11-30T00:00:00Z,69045
2020-11-29T00:00:00Z,55961
2020-11-28T00:00:00Z,70996
2020-11-27T00:00:00Z,69166
2020-11-26T00:00:00Z,75070
2020-11-25T00:00:00Z,55223
2020-11-24T00:00:00Z,86018
2020-11-23T00:00:00Z,81285
2020-11-22T00:00:00Z,71809
2020-11-21T00:00:00Z,54685
2020-11-20T00:00:00Z,59347
2020-11-19T00:00:00Z,66431
2020-11-18T00:00:00Z,57894
2020-11-17T00:00:00Z,73982
2020-11-16T00:00:00Z,61755
2020-11-15T00:00:00Z,57903
2020-11-14T00:00:00Z,60350
2020-11-13T00:00:00Z,82269
2020-11-12T00:00:00Z,101292
2020-11-11T00:00:00Z,72272
2020-11-10T00:00:00Z,75206
2020-11-09T00:00:00Z,66075
2020-11-08T00:00:00Z,58018
2020-11-07T00:00:00Z,79009
2020-11-06T00:00:00Z,84530
2020-11-05T00:00:00Z,73699
2020-11-04T00:00:00Z,66449
2020-11-03T00:00:00Z,60766
2020-11-02T00:00:00Z,85202
2020-11-01T00:00:00Z,65974
2020-10-31T00:00:00Z,70096
2020-10-30T00:00:00Z,71994
2020-10-29T00:00:00Z,75470
2020-10-28T00:00:00Z,63151
2020-10-27T00:00:00Z,76310
2020-10-26T00:00:00Z,75623
2020-10-25T00:00:00Z,86505
2020-10-24T00:00:00Z,73721
2020-10-23T00:00:00Z,68801
2020-10-22T00:00:00Z,105348
2020-10-21T00:00:00Z,163258
2020-10-20T00:00:00Z,91677
2020-10-19T00:00:00Z,78347
2020-10-18T00:00:00Z,66284
2020-10-17T00:00:00Z,71288
2020-10-16T00:00:00Z,75842
2020-10-15T00:00:00Z,81259
2020-10-14T00:00:00Z,74958
2020-10-13T00:00:00Z,70727
2020-10-12T00:00:00Z,74818
2020-10-11T00:00:00Z,66682
2020-10-10T00:00:00Z,88517
2020-10-09T00:00:00Z,79290
2020-10-08T00:00:00Z,78808
2020-10-07T00:00:00Z,70200
2020-10-06T00:00:00Z,46873
2020-10-05T00:00:00Z,65644
2020-10-04T00:00:00Z,58007
2020-10-03T00:00:00Z,58279
2020-10-02T00:00:00Z,62477
2020-10-01T00:00:00Z,54734
2020-09-30T00:00:00Z,62130
2020-09-29T00:00:00Z,68647
2020-09-28T00:00:00Z,80074
2020-09-27T00:00:00Z,76558
2020-09-26T00:00:00Z,86977
2020-09-25T00:00:00Z,76006
2020-09-24T00:00:00Z,65124
2020-09-23T00:00:00Z,74084
2020-09-22T00:00:00Z,62698
2020-09-21T00:00:00Z,61821
2020-09-20T00:00:00Z,67154
2020-09-19T00:00:00Z,75492
2020-09-18T00:00:00Z,77292
2020-09-17T00:00:00Z,65014
2020-09-16T00:00:00Z,58336
2020-09-15T00:00:00Z,65825
2020-09-14T00:00:00Z,60380
2020-09-13T00:00:00Z,46909
2020-09-12T00:00:00Z,62443
2020-09-11T00:00:00Z,69112
2020-09-10T00:00:00Z,58414
2020-09-09T00:00:00Z,58073
2020-09-08T00:00:00Z,73559
2020-09-07T00:00:00Z,73473
2020-09-06T00:00:00Z,69873
2020-09-05T00:00:00Z,76073
2020-09-04T00:00:00Z,81495
2020-09-03T00:00:00Z,82843
2020-09-02T00:00:00Z,74788
2020-09-01T00:00:00Z,68308
2020-08-31T00:00:00Z,65028
2020-08-30T00:00:00Z,74407
2020-08-29T00:00:00Z,44298
2020-08-28T00:00:00Z,49131
2020-08-27T00:00:00Z,63464
2020-08-26T00:00:00Z,67913
2020-08-25T00:00:00Z,54539
2020-08-24T00:00:00Z,50734
2020-08-23T00:00:00Z,48620
2020-08-22T00:00:00Z,51955
2020-08-21T00:00:00Z,52634
2020-08-20T00:00:00Z,49930
2020-08-19T00:00:00Z,35177
2020-08-18T00:00:00Z,54434
2020-08-17T00:00:00Z,61617
2020-08-16T00:00:00Z,49607
2020-08-15T00:00:00Z,50242
2020-08-14T00:00:00Z,55250
2020-08-13T00:00:00Z,53469
2020-08-12T00:00:00Z,49756
2020-08-11T00:00:00Z,48264
2020-08-10T00:00:00Z,44134
2020-08-09T00:00:00Z,39424
2020-08-08T00:00:00Z,41094
2020-08-07T00:00:00Z,44549
2020-08-06T00:00:00Z,42866
2020-08-05T00:00:00Z,27242
2020-08-04T00:00:00Z,24653
2020-08-03T00:00:00Z,34549
2020-08-02T00:00:00Z,36231
2020-08-01T00:00:00Z,39063
2020-07-31T00:00:00Z,33430
2020-07-30T00:00:00Z,32587
2020-07-29T00:00:00Z,32564
2020-07-28T00:00:00Z,20353
2020-07-27T00:00:00Z,21539
2020-07-26T00:00:00Z,19875
2020-07-25T00:00:00Z,21518
2020-07-24T00:00:00Z,23342
2020-07-23T00:00:00Z,22104
2020-07-22T00:00:00Z,22110
2020-07-21T00:00:00Z,21202
2020-07-20T00:00:00Z,20689
2020-07-19T00:00:00Z,17073
2020-07-18T00:00:00Z,18311
2020-07-17T00:00:00Z,18563
2020-07-16T00:00:00Z,18265
2020-07-15T00:00:00Z,18047
2020-07-14T00:00:00Z,17784
2020-07-13T00:00:00Z,19131
2020-07-12T00:00:00Z,15803
2020-07-11T00:00:00Z,18449
2020-07-10T00:00:00Z,17694
2020-07-09T00:00:00Z,18264
2020-07-08T00:00:00Z,18983
2020-07-07T00:00:00Z,18548
2020-07-06T00:00:00Z,18631
2020-07-05T00:00:00Z,17023
2020-07-04T00:00:00Z,17001
2020-07-03T00:00:00Z,20029
2020-07-02T00:00:00Z,21258
2020-07-01T00:00:00Z,17508
2020-06-30T00:00:00Z,19846
2020-06-29T00:00:00Z,17890
2020-06-28T00:00:00Z,18602
2020-06-27T00:00:00Z,17371
2020-06-26T00:00:00Z,16871
2020-06-25T00:00:00Z,17053
2020-06-24T00:00:00Z,18941
2020-06-23T00:00:00Z,17140
2020-06-22T00:00:00Z,19343
2020-06-21T00:00:00Z,18082
2020-06-20T00:00:00Z,17972
2020-06-19T00:00:00Z,15074
2020-06-18T00:00:00Z,14715
2020-06-17T00:00:00Z,14324
2020-06-16T00:00:00Z,14587
2020-06-15T00:00:00Z,15808
2020-06-14T00:00:00Z,13207
2020-06-13T00:00:00Z,13328
2020-06-12T00:00:00Z,16755
2020-06-11T00:00:00Z,17068
2020-06-10T00:00:00Z,18150
2020-06-09T00:00:00Z,18967
2020-06-08T00:00:00Z,16734
2020-06-07T00:00:00Z,12502
2020-06-06T00:00:00Z,11742
2020-06-05T00:00:00Z,13364
2020-06-04T00:00:00Z,12231
2020-06-03T00:00:00Z,11626
2020-06-02T00:00:00Z,12150
2020-06-01T00:00:00Z,11528
2020-05-31T00:00:00Z,9986
2020-05-30T00:00:00Z,10278
2020-05-29T00:00:00Z,9769
2020-05-28T00:00:00Z,9165
2020-05-27T00:00:00Z,8755
2020-05-26T00:00:00Z,8585
2020-05-25T00:00:00Z,8829
2020-05-24T00:00:00Z,8798
2020-05-23T00:00:00Z,9141
2020-05-22T00:00:00Z,8438
2020-05-21T00:00:00Z,6869
2020-05-20T00:00:00Z,5486
2020-05-19T00:00:00Z,4812
2020-05-18T00:00:00Z,5397
2020-05-17T00:00:00Z,4610
2020-05-16T00:00:00Z,4897
2020-05-15T00:00:00Z,5514
2020-05-14T00:00:00Z,7786
2020-05-13T00:00:00Z,8050
2020-05-12T00:00:00Z,4794
2020-05-11T00:00:00Z,5621
2020-05-10T00:00:00Z,5343
2020-05-09T00:00:00Z,4573
2020-05-08T00:00:00Z,4707
2020-05-07T00:00:00Z,5743
2020-05-06T00:00:00Z,6065
2020-05-05T00:00:00Z,5203
2020-05-04T00:00:00Z,4463
2020-05-03T00:00:00Z,3861
2020-05-02T00:00:00Z,3929
2020-05-01T00:00:00Z,4175
2020-04-30T00:00:00Z,6796
2020-04-29T00:00:00Z,6021
2020-04-28T00:00:00Z,4354
2020-04-27T00:00:00Z,5852
2020-04-26T00:00:00Z,3906
2020-04-25T00:00:00Z,4061
2020-04-24T00:00:00Z,21664
2020-04-23T00:00:00Z,24046
2020-04-22T00:00:00Z,24684
2020-04-21T00:00:00Z,24090
2020-04-20T00:00:00Z,24590
2020-04-19T00:00:00Z,24425
2020-04-18T00:00:00Z,24097
2020-04-17T00:00:00Z,24634
2020-04-16T00:00:00Z,18183
2020-04-15T00:00:00Z,7804
2020-04-14T00:00:00Z,6105
2020-04-13T00:00:00Z,5603
2020-04-12T00:00:00Z,22953
2020-04-11T00:00:00Z,22461
2020-04-10T00:00:00Z,5095
2020-04-09T00:00:00Z,5477
2020-04-08T00:00:00Z,7041
2020-04-07T00:00:00Z,4648
2020-04-06T00:00:00Z,4872
2020-04-05T00:00:00Z,3951
2020-04-04T00:00:00Z,21670
2020-04-03T00:00:00Z,20399
2020-04-02T00:00:00Z,22638
2020-04-01T00:00:00Z,16219
2020-03-31T00:00:00Z,21926
2020-03-30T00:00:00Z,21865
2020-03-29T00:00:00Z,21396
2020-03-28T00:00:00Z,17542
2020-03-27T00:00:00Z,4647
2020-03-26T00:00:00Z,4398
2020-03-25T00:00:00Z,3801
2020-03-24T00:00:00Z,3077
2020-03-23T00:00:00Z,4825
2020-03-22T00:00:00Z,12338
2020-03-21T00:00:00Z,20472
2020-03-20T00:00:00Z,19895
2020-03-19T00:00:00Z,20297
2020-03-18T00:00:00Z,19539
2020-03-17T00:00:00Z,22000
2020-03-16T00:00:00Z,24402
2020-03-15T00:00:00Z,21928
2020-03-14T00:00:00Z,19211
2020-03-13T00:00:00Z,20972
2020-03-12T00:00:00Z,22772
2020-03-11T00:00:00Z,21343
2020-03-10T00:00:00Z,21231
2020-03-09T00:00:00Z,22297
2020-03-08T00:00:00Z,21130
2020-03-07T00:00:00Z,3043
2020-03-06T00:00:00Z,2882
2020-03-05T00:00:00Z,3286
2020-03-04T00:00:00Z,4136
2020-03-03T00:00:00Z,4119
2020-03-02T00:00:00Z,3130
2020-03-01T00:00:00Z,2300
2020-02-29T00:00:00Z,2796
2020-02-28T00:00:00Z,2780
2020-02-27T00:00:00Z,3380
2020-02-26T00:00:00Z,3822
2020-02-25T00:00:00Z,3638
2020-02-24T00:00:00Z,3144
2020-02-23T00:00:00Z,2545
2020-02-22T00:00:00Z,2566
2020-02-21T00:00:00Z,2648
2020-02-20T00:00:00Z,2912
2020-02-19T00:00:00Z,2924
2020-02-18T00:00:00Z,2523
2020-02-17T00:00:00Z,2629
2020-02-16T00:00:00Z,2573
2020-02-15T00:00:00Z,3195
2020-02-14T00:00:00Z,3373
2020-02-13T00:00:00Z,20278
2020-02-12T00:00:00Z,14411
2020-02-11T00:00:00Z,20519
2020-02-10T00:00:00Z,21428
2020-02-09T00:00:00Z,19852
2020-02-08T00:00:00Z,2226
2020-02-07T00:00:00Z,3094
2020-02-06T00:00:00Z,2750
2020-02-05T00:00:00Z,20010
2020-02-04T00:00:00Z,18964
2020-02-03T00:00:00Z,19240
2020-02-02T00:00:00Z,19117
2020-02-01T00:00:00Z,1995
2020-01-31T00:00:00Z,20072
2020-01-30T00:00:00Z,19683
2020-01-29T00:00:00Z,22819
2020-01-28T00:00:00Z,19414
2020-01-27T00:00:00Z,18491
2020-01-26T00:00:00Z,17349
2020-01-25T00:00:00Z,18339
2020-01-24T00:00:00Z,11020
2020-01-23T00:00:00Z,1505
2020-01-22T00:00:00Z,17539
2020-01-21T00:00:00Z,11375
2020-01-20T00:00:00Z,18987
2020-01-19T00:00:00Z,19263
2020-01-18T00:00:00Z,19092
2020-01-17T00:00:00Z,19124
2020-01-16T00:00:00Z,18890
2020-01-15T00:00:00Z,13721
2020-01-14T00:00:00Z,19965
2020-01-13T00:00:00Z,19061
2020-01-12T00:00:00Z,18616
2020-01-11T00:00:00Z,18753
2020-01-10T00:00:00Z,18985
2020-01-09T00:00:00Z,18802
2020-01-08T00:00:00Z,18380
2020-01-07T00:00:00Z,11784
2020-01-06T00:00:00Z,18675
2020-01-05T00:00:00Z,18354
2020-01-04T00:00:00Z,18485
2020-01-03T00:00:00Z,11054
2020-01-02T00:00:00Z,2285
2020-01-01T00:00:00Z,1053
2019-12-31T00:00:00Z,1123
2019-12-30T00:00:00Z,1453
2019-12-29T00:00:00Z,17900
2019-12-28T00:00:00Z,17817
2019-12-27T00:00:00Z,10365
2019-12-26T00:00:00Z,964
2019-12-25T00:00:00Z,974
2019-12-24T00:00:00Z,1042
2019-12-23T00:00:00Z,1017
2019-12-22T00:00:00Z,906
2019-12-21T00:00:00Z,986
2019-12-20T00:00:00Z,1045
2019-12-19T00:00:00Z,1087
2019-12-18T00:00:00Z,1271
2019-12-17T00:00:00Z,1334
2019-12-16T00:00:00Z,1109
2019-12-15T00:00:00Z,871
2019-12-14T00:00:00Z,1006
2019-12-13T00:00:00Z,1040
2019-12-12T00:00:00Z,972
2019-12-11T00:00:00Z,998
2019-12-10T00:00:00Z,1171
2019-12-09T00:00:00Z,1124
2019-12-08T00:00:00Z,12079
2019-12-07T00:00:00Z,17881
2019-12-06T00:00:00Z,16200
2019-12-05T00:00:00Z,17542
2019-12-04T00:00:00Z,17930
2019-12-03T00:00:00Z,17007
2019-12-02T00:00:00Z,12753
2019-12-01T00:00:00Z,722
2019-11-30T00:00:00Z,753
2019-11-29T00:00:00Z,11465
2019-11-28T00:00:00Z,7035
2019-11-27T00:00:00Z,1020
2019-11-26T00:00:00Z,758
2019-11-25T00:00:00Z,984
2019-11-24T00:00:00Z,717
2019-11-23T00:00:00Z,788
2019-11-22T00:00:00Z,1105
2019-11-21T00:00:00Z,1023
2019-11-20T00:00:00Z,779
2019-11-19T00:00:00Z,782
2019-11-18T00:00:00Z,741
2019-11-17T00:00:00Z,797
2019-11-16T00:00:00Z,1911
2019-11-15T00:00:00Z,1514
2019-11-14T00:00:00Z,1860
2019-11-13T00:00:00Z,1436
2019-11-12T00:00:00Z,2465
2019-11-11T00:00:00Z,1130
2019-11-10T00:00:00Z,981
2019-11-09T00:00:00Z,1223
2019-11-08T00:00:00Z,1194
2019-11-07T00:00:00Z,1274
2019-11-06T00:00:00Z,1168
2019-11-05T00:00:00Z,1393
2019-11-04T00:00:00Z,638
2019-11-03T00:00:00Z,444
2019-11-02T00:00:00Z,408
2019-11-01T00:00:00Z,493
2019-10-31T00:00:00Z,384
2019-10-30T00:00:00Z,504
2019-10-29T00:00:00Z,885
2019-10-28T00:00:00Z,916
2019-10-27T00:00:00Z,694
2019-10-26T00:00:00Z,613
2019-10-25T00:00:00Z,565
2019-10-24T00:00:00Z,350
2019-10-23T00:00:00Z,475
2019-10-22T00:00:00Z,1025
2019-10-21T00:00:00Z,948
2019-10-20T00:00:00Z,250
2019-10-19T00:00:00Z,183
2019-10-18T00:00:00Z,208
2019-10-17T00:00:00Z,743
2019-10-16T00:00:00Z,1051
2019-10-15T00:00:00Z,916
2019-10-14T00:00:00Z,953
2019-10-13T00:00:00Z,916
2019-10-12T00:00:00Z,522
2019-10-11T00:00:00Z,414
2019-10-10T00:00:00Z,356
2019-10-09T00:00:00Z,212
2019-10-08T00:00:00Z,200
2019-10-07T00:00:00Z,228
2019-10-06T00:00:00Z,290
2019-10-05T00:00:00Z,268
2019-10-04T00:00:00Z,281
2019-10-03T00:00:00Z,308
2019-10-02T00:00:00Z,409
2019-10-01T00:00:00Z,334
2019-09-30T00:00:00Z,242
2019-09-29T00:00:00Z,149
2019-09-28T00:00:00Z,152
2019-09-27T00:00:00Z,180
2019-09-26T00:00:00Z,153
2019-09-25T00:00:00Z,169
2019-09-24T00:00:00Z,159
2019-09-23T00:00:00Z,85
2019-09-22T00:00:00Z,79
2019-09-21T00:00:00Z,68
2019-09-20T00:00:00Z,77
2019-09-19T00:00:00Z,87
2019-09-18T00:00:00Z,110
2019-09-17T00:00:00Z,117
2019-09-16T00:00:00Z,94
2019-09-15T00:00:00Z,61
2019-09-14T00:00:00Z,55
2019-09-13T00:00:00Z,85
2019-09-12T00:00:00Z,73
2019-09-11T00:00:00Z,99
2019-09-10T00:00:00Z,116
2019-09-09T00:00:00Z,143
2019-09-08T00:00:00Z,173
2019-09-07T00:00:00Z,128
2019-09-06T00:00:00Z,134
2019-09-05T00:00:00Z,204
2019-09-04T00:00:00Z,232
2019-09-03T00:00:00Z,239
2019-09-02T00:00:00Z,230
2019-09-01T00:00:00Z,241
2019-08-31T00:00:00Z,218
2019-08-30T00:00:00Z,203
2019-08-29T00:00:00Z,178
2019-08-28T00:00:00Z,197
2019-08-27T00:00:00Z,190
2019-08-26T00:00:00Z,172
2019-08-25T00:00:00Z,133
2019-08-24T00:00:00Z,87
2019-08-23T00:00:00Z,199
2019-08-22T00:00:00Z,180
2019-08-21T00:00:00Z,115
2019-08-20T00:00:00Z,177
2019-08-19T00:00:00Z,194
2019-08-18T00:00:00Z,199
2019-08-17T00:00:00Z,150
2019-08-16T00:00:00Z,137
2019-08-15T00:00:00Z,1912
2019-08-14T00:00:00Z,1922
2019-08-13T00:00:00Z,1893
2019-08-12T00:00:00Z,1880
2019-08-11T00:00:00Z,1848
2019-08-10T00:00:00Z,1818
2019-08-09T00:00:00Z,1784
2019-08-08T00:00:00Z,1801
2019-08-07T00:00:00Z,1818
2019-08-06T00:00:00Z,1845
2019-08-05T00:00:00Z,1742
2019-08-04T00:00:00Z,1718
2019-08-03T00:00:00Z,1684
2019-08-02T00:00:00Z,1700
2019-08-01T00:00:00Z,1695
2019-07-31T00:00:00Z,1658
2019-07-30T00:00:00Z,1687
2019-07-29T00:00:00Z,1672
2019-07-28T00:00:00Z,1707
2019-07-27T00:00:00Z,1751
2019-07-26T00:00:00Z,1726
2019-07-25T00:00:00Z,1699
2019-07-24T00:00:00Z,1699
2019-07-23T00:00:00Z,1730
2019-07-22T00:00:00Z,1752
2019-07-21T00:00:00Z,1699
2019-07-20T00:00:00Z,1742
2019-07-19T00:00:00Z,1714
2019-07-18T00:00:00Z,1763
2019-07-17T00:00:00Z,66
2019-07-16T00:00:00Z,0
2019-07-15T00:00:00Z,0
2019-07-14T00:00:00Z,0
2019-07-13T00:00:00Z,0
2019-07-12T00:00:00Z,0
2019-07-11T00:00:00Z,0
2019-07-10T00:00:00Z,0
2019-07-09T00:00:00Z,0
2019-07-08T00:00:00Z,0
2019-07-07T00:00:00Z,0
2019-07-06T00:00:00Z,0
2019-07-05T00:00:00Z,0
2019-07-04T00:00:00Z,0
2019-07-03T00:00:00Z,0
2019-07-02T00:00:00Z,0
2019-07-01T00:00:00Z,0
