date,Active Sending Addresses (%)
2017-11-28,80.0
2017-12-21,50.0
2017-12-27,66.66666667
2017-12-28,85.71428571
2017-12-31,50.0
2018-01-10,0.0
2018-01-22,40.0
2018-01-23,63.63636364
2018-01-24,44.44444444
2018-01-25,66.66666667
2018-01-26,57.14285714
2018-01-27,83.33333333
2018-01-28,84.375
2018-01-29,78.57142857
2018-01-30,86.66666667
2018-01-31,87.87878788
2018-02-01,76.19047619
2018-02-02,87.87878788
2018-02-03,70.83333333
2018-02-04,87.27272727
2018-02-05,74.28571429
2018-02-06,90.47619048
2018-02-07,63.33333333
2018-02-08,66.66666667
2018-02-09,40.0
2018-02-10,60.60606061
2018-02-11,36.0
2018-02-12,68.96551724
2018-02-13,47.82608696
2018-02-14,73.68421053
2018-02-15,62.5
2018-02-16,66.66666667
2018-02-17,36.0
2018-02-18,55.17241379
2018-02-19,50.0
2018-02-20,47.05882353
2018-02-21,75.0
2018-02-22,52.17391304
2018-02-23,50.0
2018-02-24,55.55555556
2018-02-25,50.0
2018-02-26,62.5
2018-02-27,80.0
2018-02-28,64.0
2018-03-01,79.16666667
2018-03-02,77.77777778
2018-03-03,85.71428571
2018-03-04,62.5
2018-03-05,68.42105263
2018-03-06,64.28571429
2018-03-07,77.27272727
2018-03-08,70.0
2018-03-09,70.83333333
2018-03-10,71.42857143
2018-03-11,68.75
2018-03-12,69.23076923
2018-03-13,53.84615385
2018-03-14,82.92682927
2018-03-15,64.51612903
2018-03-16,72.72727273
2018-03-17,58.06451613
2018-03-18,74.19354839
2018-03-19,75.0
2018-03-20,80.55555556
2018-03-21,54.54545455
2018-03-22,70.0
2018-03-23,84.0
2018-03-24,86.36363636
2018-03-25,81.81818182
2018-03-26,44.82758621
2018-03-27,63.33333333
2018-03-28,56.52173913
2018-03-29,73.91304348
2018-03-30,59.52380952
2018-03-31,71.42857143
2018-04-01,68.18181818
2018-04-02,52.94117647
2018-04-03,50.0
2018-04-04,75.0
2018-04-05,70.83333333
2018-04-06,72.4137931
2018-04-07,81.25
2018-04-08,58.33333333
2018-04-09,62.96296296
2018-04-10,64.58333333
2018-04-11,62.5
2018-04-12,58.33333333
2018-04-13,67.24137931
2018-04-14,71.875
2018-04-15,65.78947368
2018-04-16,50.0
2018-04-17,68.29268293
2018-04-18,70.21276596
2018-04-19,50.0
2018-04-20,60.0
2018-04-21,70.42253521
2018-04-22,63.15789474
2018-04-23,59.67741935
2018-04-24,64.64646465
2018-04-25,59.375
2018-04-26,69.64285714
2018-04-27,62.68656716
2018-04-28,43.47826087
2018-04-29,63.26530612
2018-04-30,76.19047619
2018-05-01,60.0
2018-05-02,56.79012346
2018-05-03,52.63157895
2018-05-04,57.77777778
2018-05-05,56.52173913
2018-05-06,53.24675325
2018-05-07,54.65116279
2018-05-08,60.57692308
2018-05-09,62.33766234
2018-05-10,38.88888889
2018-05-11,63.2183908
2018-05-12,71.62162162
2018-05-13,60.71428571
2018-05-14,50.0
2018-05-15,60.71428571
2018-05-16,52.94117647
2018-05-17,56.4516129
2018-05-18,63.04347826
2018-05-19,53.33333333
2018-05-20,72.72727273
2018-05-21,55.0
2018-05-22,79.36507937
2018-05-23,65.78947368
2018-05-24,69.0
2018-05-25,65.07936508
2018-05-26,60.0
2018-05-27,56.52173913
2018-05-28,62.5
2018-05-29,47.05882353
2018-05-30,47.91666667
2018-05-31,54.71698113
2018-06-01,67.24137931
2018-06-02,59.01639344
2018-06-03,83.21167883
2018-06-04,57.14285714
2018-06-05,66.66666667
2018-06-06,65.85365854
2018-06-07,55.76923077
2018-06-08,47.61904762
2018-06-09,50.0
2018-06-10,42.0
2018-06-11,53.48837209
2018-06-12,57.14285714
2018-06-13,55.31914894
2018-06-14,65.82278481
2018-06-15,45.45454545
2018-06-16,70.27027027
2018-06-17,55.55555556
2018-06-18,71.73913043
2018-06-19,70.27027027
2018-06-20,57.14285714
2018-06-21,48.07692308
2018-06-22,47.82608696
2018-06-23,58.82352941
2018-06-24,52.94117647
2018-06-25,58.2278481
2018-06-26,41.26984127
2018-06-27,54.43037975
2018-06-28,42.52199413
2018-06-29,41.55405405
2018-06-30,61.48148148
2018-07-01,18.28571429
2018-07-02,10.95890411
2018-07-03,23.58490566
2018-07-04,21.80094787
2018-07-05,87.97814208
2018-07-06,45.45454545
2018-07-07,77.14884696
2018-07-08,72.16494845
2018-07-09,80.0
2018-07-10,62.74509804
2018-07-11,64.28571429
2018-07-12,61.81818182
2018-07-13,48.8372093
2018-07-14,50.0
2018-07-15,63.63636364
2018-07-16,65.2173913
2018-07-17,53.33333333
2018-07-18,53.06122449
2018-07-19,58.13953488
2018-07-20,69.6969697
2018-07-21,55.0
2018-07-22,62.5
2018-07-23,45.45454545
2018-07-24,70.58823529
2018-07-25,63.26530612
2018-07-26,77.14285714
2018-07-27,52.77777778
2018-07-28,19.29824561
2018-07-29,33.33333333
2018-07-30,87.46518106
2018-07-31,81.39534884
2018-08-01,73.4939759
2018-08-02,66.66666667
2018-08-03,74.19354839
2018-08-04,57.89473684
2018-08-05,66.66666667
2018-08-06,70.0
2018-08-07,49.33333333
2018-08-08,53.125
2018-08-09,70.93023256
2018-08-10,44.7761194
2018-08-11,51.42857143
2018-08-12,54.16666667
2018-08-13,76.14678899
2018-08-14,60.81081081
2018-08-15,66.66666667
2018-08-16,43.33333333
2018-08-17,42.59259259
2018-08-18,55.55555556
2018-08-19,41.66666667
2018-08-20,57.14285714
2018-08-21,59.18367347
2018-08-22,52.72727273
2018-08-23,42.85714286
2018-08-24,40.6779661
2018-08-25,58.33333333
2018-08-26,46.51162791
2018-08-27,45.09803922
2018-08-28,46.37681159
2018-08-29,61.97183099
2018-08-30,61.70212766
2018-08-31,51.66666667
2018-09-01,42.10526316
2018-09-02,47.72727273
2018-09-03,47.56097561
2018-09-04,67.0
2018-09-05,51.51515152
2018-09-06,60.71428571
2018-09-07,67.27272727
2018-09-08,44.44444444
2018-09-09,62.29508197
2018-09-10,45.56962025
2018-09-11,65.65656566
2018-09-12,57.60869565
2018-09-13,57.8313253
2018-09-14,50.4950495
2018-09-15,53.93258427
2018-09-16,50.81967213
2018-09-17,45.95959596
2018-09-18,67.30769231
2018-09-19,31.81818182
2018-09-20,48.40182648
2018-09-21,40.42553191
2018-09-22,81.11111111
2018-09-23,46.34146341
2018-09-24,55.12820513
2018-09-25,59.48275862
2018-09-26,31.29770992
2018-09-27,46.72131148
2018-09-28,57.75862069
2018-09-29,36.09022556
2018-09-30,65.13761468
2018-10-01,61.01694915
2018-10-02,58.57142857
2018-10-03,68.96551724
2018-10-04,50.70422535
2018-10-05,56.41025641
2018-10-06,55.55555556
2018-10-07,56.4516129
2018-10-08,51.35135135
2018-10-09,70.12987013
2018-10-10,46.07843137
2018-10-11,72.26890756
2018-10-12,74.72527473
2018-10-13,61.11111111
2018-10-14,55.76923077
2018-10-15,73.8372093
2018-10-16,69.30693069
2018-10-17,67.5
2018-10-18,67.39130435
2018-10-19,71.42857143
2018-10-20,72.34042553
2018-10-21,55.73770492
2018-10-22,71.42857143
2018-10-23,68.0
2018-10-24,57.89473684
2018-10-25,64.61538462
2018-10-26,64.19753086
2018-10-27,60.6557377
2018-10-28,60.97560976
2018-10-29,63.52941176
2018-10-30,58.2278481
2018-10-31,59.52380952
2018-11-01,66.66666667
2018-11-02,59.70149254
2018-11-03,73.46938776
2018-11-04,58.73015873
2018-11-05,66.66666667
2018-11-06,63.41463415
2018-11-07,74.71264368
2018-11-08,46.73913043
2018-11-09,63.36633663
2018-11-10,65.45454545
2018-11-11,61.01694915
2018-11-12,58.06451613
2018-11-13,50.0
2018-11-14,60.74766355
2018-11-15,67.54966887
2018-11-16,61.95652174
2018-11-17,46.66666667
2018-11-18,50.68493151
2018-11-19,60.50420168
2018-11-20,69.52380952
2018-11-21,53.84615385
2018-11-22,75.70093458
2018-11-23,67.88990826
2018-11-24,67.85714286
2018-11-25,73.13432836
2018-11-26,61.79775281
2018-11-27,78.0
2018-11-28,68.60465116
2018-11-29,89.76377953
2018-11-30,57.57575758
2018-12-01,68.49315068
2018-12-02,65.625
2018-12-03,63.80952381
2018-12-04,59.09090909
2018-12-05,57.5
2018-12-06,65.80645161
2018-12-07,68.38709677
2018-12-08,46.34146341
2018-12-09,61.93548387
2018-12-10,46.95652174
2018-12-11,57.30337079
2018-12-12,65.66037736
2018-12-13,65.2173913
2018-12-14,60.60606061
2018-12-15,62.80487805
2018-12-16,55.27950311
2018-12-17,75.42372881
2018-12-18,70.24793388
2018-12-19,75.625
2018-12-20,75.79617834
2018-12-21,60.0
2018-12-22,70.83333333
2018-12-23,78.08219178
2018-12-24,76.99115044
2018-12-25,67.03296703
2018-12-26,69.41176471
2018-12-27,71.05263158
2018-12-28,67.24137931
2018-12-29,71.83098592
2018-12-30,68.25396825
2018-12-31,57.37704918
2019-01-01,63.46153846
2019-01-02,68.18181818
2019-01-03,68.13186813
2019-01-04,65.90909091
2019-01-05,68.49315068
2019-01-06,51.94805195
2019-01-07,66.08695652
2019-01-08,65.34653465
2019-01-09,68.53932584
2019-01-10,70.14925373
2019-01-11,75.90361446
2019-01-12,60.86956522
2019-01-13,66.66666667
2019-01-14,70.70707071
2019-01-15,60.43956044
2019-01-16,63.29113924
2019-01-17,50.0
2019-01-18,48.27586207
2019-01-19,60.56338028
2019-01-20,54.16666667
2019-01-21,66.16541353
2019-01-22,62.71186441
2019-01-23,53.33333333
2019-01-24,67.32673267
2019-01-25,49.42528736
2019-01-26,44.82758621
2019-01-27,62.5
2019-01-28,66.92307692
2019-01-29,64.89361702
2019-01-30,53.91304348
2019-01-31,61.11111111
2019-02-01,67.0212766
2019-02-02,72.34042553
2019-02-03,52.5
2019-02-04,69.04761905
2019-02-05,67.74193548
2019-02-06,62.79069767
2019-02-07,67.64705882
2019-02-08,46.0
2019-02-09,60.0
2019-02-10,57.14285714
2019-02-11,60.0
2019-02-12,64.51612903
2019-02-13,67.24137931
2019-02-14,73.56321839
2019-02-15,60.0
2019-02-16,55.71428571
2019-02-17,57.35294118
2019-02-18,59.40594059
2019-02-19,77.93103448
2019-02-20,72.85714286
2019-02-21,69.87951807
2019-02-22,80.43478261
2019-02-23,73.80952381
2019-02-24,80.12820513
2019-02-25,75.93984962
2019-02-26,67.51592357
2019-02-27,68.93939394
2019-02-28,70.80291971
2019-03-01,67.71653543
2019-03-02,78.37837838
2019-03-03,68.23529412
2019-03-04,69.11764706
2019-03-05,77.20207254
2019-03-06,81.01265823
2019-03-07,72.05882353
2019-03-08,74.65753425
2019-03-09,73.58490566
2019-03-10,65.30612245
2019-03-11,60.11904762
2019-03-12,61.45251397
2019-03-13,70.23809524
2019-03-14,62.91390728
2019-03-15,66.66666667
2019-03-16,57.2327044
2019-03-17,57.36434109
2019-03-18,76.13168724
2019-03-19,73.59307359
2019-03-20,72.93577982
2019-03-21,72.4137931
2019-03-22,73.7704918
2019-03-23,75.25252525
2019-03-24,70.73170732
2019-03-25,71.42857143
2019-03-26,77.1978022
2019-03-27,79.07692308
2019-03-28,76.64233577
2019-03-29,79.63636364
2019-03-30,72.36180905
2019-03-31,75.72815534
2019-04-01,76.23762376
2019-04-02,82.08955224
2019-04-03,77.97619048
2019-04-04,78.24427481
2019-04-05,80.17751479
2019-04-06,51.41242938
2019-04-07,66.90391459
2019-04-08,81.60469667
2019-04-09,79.88636364
2019-04-10,81.84176394
2019-04-11,76.63934426
2019-04-12,72.97709924
2019-04-13,74.52471483
2019-04-14,66.92913386
2019-04-15,60.03039514
2019-04-16,68.21917808
2019-04-17,78.05519054
2019-04-18,83.90804598
2019-04-19,79.81651376
2019-04-20,70.17017017
2019-04-21,55.01193317
2019-04-22,60.53082192
2019-04-23,86.13750699
2019-04-24,56.22406639
2019-04-25,79.97678468
2019-04-26,59.36073059
2019-04-27,43.22709163
2019-04-28,50.12562814
2019-04-29,45.48981571
2019-04-30,85.52009456
2019-05-01,86.63148637
2019-05-02,80.76923077
2019-05-03,76.95473251
2019-05-04,77.48049052
2019-05-05,44.55384615
2019-05-06,51.16407982
2019-05-07,77.14552239
2019-05-08,48.94795127
2019-05-09,42.73010227
2019-05-10,49.69217238
2019-05-11,43.34715417
2019-05-12,80.32230704
2019-05-13,77.42922724
2019-05-14,76.81438664
2019-05-15,68.77384196
2019-05-16,78.75576037
2019-05-17,82.60869565
2019-05-18,83.50449294
2019-05-19,74.74985285
2019-05-20,84.07578085
2019-05-21,76.70454545
2019-05-22,77.81753131
2019-05-23,74.33808554
2019-05-24,72.59862779
2019-05-25,74.95954693
2019-05-26,79.80732177
2019-05-27,77.13761468
2019-05-28,75.33521524
2019-05-29,83.20084791
2019-05-30,79.01944673
2019-05-31,83.54469533
2019-06-01,80.06396588
2019-06-02,71.16346956
2019-06-03,82.52611586
2019-06-04,80.25568182
2019-06-05,85.72821213
2019-06-06,81.71867722
2019-06-07,85.01202244
2019-06-08,82.66889472
2019-06-09,75.30929192
2019-06-10,71.14976665
2019-06-11,62.69331017
2019-06-12,72.03978744
2019-06-13,63.61181703
2019-06-14,67.9379715
2019-06-15,65.56191117
2019-06-16,61.79814588
2019-06-17,68.91629712
2019-06-18,71.4556962
2019-06-19,79.45622876
2019-06-20,81.17589537
2019-06-21,83.53490346
2019-06-22,86.60263514
2019-06-23,84.55414013
2019-06-24,69.74494283
2019-06-25,60.70516717
2019-06-26,82.43495444
2019-06-27,84.01299927
2019-06-28,82.92682927
2019-06-29,88.420137
2019-06-30,77.83390284
2019-07-01,69.95326063
2019-07-02,83.61630799
2019-07-03,82.92887029
2019-07-04,80.93528767
2019-07-05,83.56590704
2019-07-06,87.68784886
2019-07-07,83.63657985
2019-07-08,84.90112239
2019-07-09,76.03822882
2019-07-10,66.38295229
2019-07-11,64.60361251
2019-07-12,55.23255814
2019-07-13,50.9779091
2019-07-14,64.59352909
2019-07-15,59.03872247
2019-07-16,60.03879728
2019-07-17,66.95897741
2019-07-18,65.3103777
2019-07-19,64.88161646
2019-07-20,50.31386463
2019-07-21,54.08866309
2019-07-22,63.32028995
2019-07-23,63.57075804
2019-07-24,56.0852737
2019-07-25,54.49512259
2019-07-26,47.57817895
2019-07-27,65.01087937
2019-07-28,57.69407706
2019-07-29,66.22754491
2019-07-30,68.92971904
2019-07-31,71.32625141
2019-08-01,59.8184529
2019-08-02,58.95054969
2019-08-03,69.3035835
2019-08-04,68.94922617
2019-08-05,69.54614549
2019-08-06,67.99242424
2019-08-07,70.46554235
2019-08-08,74.71208435
2019-08-09,70.17136967
2019-08-10,75.09971994
2019-08-11,79.625513
2019-08-12,83.53092515
2019-08-13,90.90157155
2019-08-14,81.18803037
2019-08-15,81.79106985
2019-08-16,81.09560583
2019-08-17,72.96805002
2019-08-18,69.62102957
2019-08-19,58.83160622
2019-08-20,53.62928829
2019-08-21,58.9155727
2019-08-22,59.28133191
2019-08-23,65.09970064
2019-08-24,64.90961481
2019-08-25,67.23545459
2019-08-26,70.9197341
2019-08-27,75.81469649
2019-08-28,70.15561416
2019-08-29,69.67502474
2019-08-30,70.0404532
2019-08-31,71.55670303
2019-09-01,72.01117854
2019-09-02,78.44511101
2019-09-03,74.99190929
2019-09-04,74.21772116
2019-09-05,74.38692927
2019-09-06,76.57742553
2019-09-07,76.73268324
2019-09-08,76.28206382
2019-09-09,73.03606438
2019-09-10,68.94288689
2019-09-11,67.70025328
2019-09-12,73.977802
2019-09-13,70.37640559
2019-09-14,72.79863943
2019-09-15,70.51913604
2019-09-16,72.66860514
2019-09-17,71.61051993
2019-09-18,71.02366205
2019-09-19,68.77140071
2019-09-20,75.90732858
2019-09-21,76.88010204
2019-09-22,61.45747014
2019-09-23,71.1794723
2019-09-24,74.81944868
2019-09-25,78.12757794
2019-09-26,70.64696117
2019-09-27,78.13224822
2019-09-28,80.27810843
2019-09-29,72.76276443
2019-09-30,72.33156005
2019-10-01,78.6718581
2019-10-02,75.84087573
2019-10-03,77.37532142
2019-10-04,76.60261291
2019-10-05,76.89880408
2019-10-06,83.16746444
2019-10-07,72.8543397
2019-10-08,82.32444873
2019-10-09,73.73931094
2019-10-10,78.27454609
2019-10-11,80.49227825
2019-10-12,77.2538466
2019-10-13,76.5555834
2019-10-14,74.80143355
2019-10-15,77.86255747
2019-10-16,70.58541267
2019-10-17,76.0881025
2019-10-18,77.04292748
2019-10-19,81.47126074
2019-10-20,81.21284882
2019-10-21,78.45490343
2019-10-22,78.65785762
2019-10-23,81.36649096
2019-10-24,80.94997339
2019-10-25,72.88488846
2019-10-26,77.03478727
2019-10-27,77.305504
2019-10-28,78.88236289
2019-10-29,72.19275997
2019-10-30,75.37053616
2019-10-31,80.3388265
2019-11-01,69.88111282
2019-11-02,71.74557808
2019-11-03,76.52883094
2019-11-04,74.07772574
2019-11-05,75.79507487
2019-11-06,75.69279092
2019-11-07,73.96394455
2019-11-08,72.90427658
2019-11-09,77.01487424
2019-11-10,77.79127242
2019-11-11,72.52084523
2019-11-12,75.14174264
2019-11-13,80.20625904
2019-11-14,73.15344638
2019-11-15,71.58786456
2019-11-16,71.73196949
2019-11-17,74.96191106
2019-11-18,71.29907901
2019-11-19,70.40715235
2019-11-20,72.33588983
2019-11-21,72.92902894
2019-11-22,70.57509544
2019-11-23,73.90482399
2019-11-24,66.34020341
2019-11-25,71.35389145
2019-11-26,70.43549785
2019-11-27,71.24650216
2019-11-28,72.33370201
2019-11-29,70.29180546
2019-11-30,67.62465917
2019-12-01,70.61533594
2019-12-02,78.37853489
2019-12-03,73.60564563
2019-12-04,72.90334612
2019-12-05,70.99089963
2019-12-06,70.62865869
2019-12-07,70.28335257
2019-12-08,68.85502471
2019-12-09,70.95118294
2019-12-10,71.98537459
2019-12-11,71.43237416
2019-12-12,73.01077041
2019-12-13,71.56612695
2019-12-14,70.38682039
2019-12-15,72.28136285
2019-12-16,72.22780159
2019-12-17,69.24089402
2019-12-18,72.038954
2019-12-19,71.1826219
2019-12-20,70.05289075
2019-12-21,68.42760639
2019-12-22,66.87325141
2019-12-23,69.4306508
2019-12-24,69.24167676
2019-12-25,68.40641905
2019-12-26,70.22346369
2019-12-27,69.8264202
2019-12-28,69.94390617
2019-12-29,66.55083795
2019-12-30,68.16026748
2019-12-31,67.62491253
2020-01-01,66.0020753
2020-01-02,64.50909335
2020-01-03,63.77858002
2020-01-04,66.01795487
2020-01-05,66.07723313
2020-01-06,70.61949797
2020-01-07,69.06125282
2020-01-08,66.14223114
2020-01-09,63.2754475
2020-01-10,68.38815129
2020-01-11,69.45495481
2020-01-12,67.51840469
2020-01-13,68.98378955
2020-01-14,69.75607219
2020-01-15,74.37204301
2020-01-16,81.99962788
2020-01-17,71.76553562
2020-01-18,65.5980705
2020-01-19,67.46284877
2020-01-20,70.12556395
2020-01-21,72.52519517
2020-01-22,74.3859291
2020-01-23,71.8254248
2020-01-24,70.86993085
2020-01-25,69.70860927
2020-01-26,70.17420713
2020-01-27,70.21557814
2020-01-28,72.52586171
2020-01-29,71.84811074
2020-01-30,72.60985444
2020-01-31,71.88876014
2020-02-01,71.00494847
2020-02-02,68.98000278
2020-02-03,61.68856543
2020-02-04,65.35576453
2020-02-05,66.9700093
2020-02-06,66.91420708
2020-02-07,68.88411056
2020-02-08,72.42381273
2020-02-09,59.02934537
2020-02-10,63.5649705
2020-02-11,64.16024526
2020-02-12,63.92372777
2020-02-13,63.48050372
2020-02-14,56.59320495
2020-02-15,58.48273477
2020-02-16,68.36026593
2020-02-17,67.15564186
2020-02-18,71.61012454
2020-02-19,63.06637061
2020-02-20,62.06924794
2020-02-21,74.22757551
2020-02-22,64.56307
2020-02-23,58.2124018
2020-02-24,60.08724855
2020-02-25,64.27677951
2020-02-26,64.20815752
2020-02-27,65.68121875
2020-02-28,59.21897621
2020-02-29,66.94393543
2020-03-01,62.20161505
2020-03-02,70.23413227
2020-03-03,66.56668388
2020-03-04,71.21454058
2020-03-05,73.75340283
2020-03-06,68.88274247
2020-03-07,63.94026777
2020-03-08,71.32599026
2020-03-09,66.99722528
2020-03-10,67.73062262
2020-03-11,62.06862389
2020-03-12,47.01994468
2020-03-13,58.84257587
2020-03-14,58.64119385
2020-03-15,57.28638217
2020-03-16,62.53411082
2020-03-17,55.71115569
2020-03-18,52.42394798
2020-03-19,55.70330325
2020-03-20,60.58096161
2020-03-21,62.0711501
2020-03-22,62.08158168
2020-03-23,64.89910331
2020-03-24,58.98879228
2020-03-25,59.33546768
2020-03-26,54.73115466
2020-03-27,59.19023547
2020-03-28,56.16982651
2020-03-29,47.86801943
2020-03-30,61.49141995
2020-03-31,56.61567115
2020-04-01,66.53516141
2020-04-02,69.58939381
2020-04-03,68.77529402
2020-04-04,62.50678024
2020-04-05,58.09346717
2020-04-06,54.23238065
2020-04-07,57.18239587
2020-04-08,56.86300693
2020-04-09,50.86267339
2020-04-10,57.31080973
2020-04-11,51.33458618
2020-04-12,60.80197957
2020-04-13,57.64176759
2020-04-14,53.61335047
2020-04-15,54.56147573
2020-04-16,54.12018224
2020-04-17,56.62125752
2020-04-18,57.82636692
2020-04-19,57.74923166
2020-04-20,60.12037529
2020-04-21,56.91167283
2020-04-22,55.99083459
2020-04-23,55.31040475
2020-04-24,52.0039374
2020-04-25,48.96783422
2020-04-26,51.89807221
2020-04-27,56.84459284
2020-04-28,55.69864845
2020-04-29,54.53029124
2020-04-30,53.01482256
2020-05-01,60.77089379
2020-05-02,58.90462599
2020-05-03,57.05168565
2020-05-04,57.31387907
2020-05-05,50.89206225
2020-05-06,52.95422637
2020-05-07,61.7571743
2020-05-08,57.60461314
2020-05-09,54.5510038
2020-05-10,56.50127558
2020-05-11,62.75568738
2020-05-12,56.97415524
2020-05-13,48.61190704
2020-05-14,51.0113727
2020-05-15,54.44635096
2020-05-16,54.41462202
2020-05-17,55.16155289
2020-05-18,56.90788152
2020-05-19,52.65511005
2020-05-20,53.75246714
2020-05-21,48.42856242
2020-05-22,49.9654475
2020-05-23,57.32861976
2020-05-24,55.30627967
2020-05-25,49.4365471
2020-05-26,56.76630913
2020-05-27,62.06046913
2020-05-28,63.94430721
2020-05-29,65.89943583
2020-05-30,66.32154896
2020-05-31,66.47389353
2020-06-01,64.96119322
2020-06-02,65.55274553
2020-06-03,60.18806738
2020-06-04,61.59503829
2020-06-05,55.47360823
2020-06-06,28.28389386
2020-06-07,27.034587
2020-06-08,44.03630822
2020-06-09,70.86207037
2020-06-10,69.77666403
2020-06-11,68.53221273
2020-06-12,75.45447477
2020-06-13,73.17533917
2020-06-14,73.31959142
2020-06-15,71.14393086
2020-06-16,74.74978216
2020-06-17,73.07167638
2020-06-18,76.53804905
2020-06-19,76.02019833
2020-06-20,79.38129208
2020-06-21,73.63825776
2020-06-22,66.22176051
2020-06-23,63.4846988
2020-06-24,77.65580464
2020-06-25,78.20238296
2020-06-26,81.75903983
2020-06-27,82.92134117
2020-06-28,80.33238511
2020-06-29,74.17658183
2020-06-30,62.99580329
2020-07-01,70.21151343
2020-07-02,77.69391676
2020-07-03,76.66201315
2020-07-04,79.09787564
2020-07-05,72.8589841
2020-07-06,72.27138916
2020-07-07,75.32006473
2020-07-08,73.30825887
2020-07-09,73.04209255
2020-07-10,71.63979741
2020-07-11,72.56283
2020-07-12,71.28949268
2020-07-13,73.24394283
2020-07-14,72.52657965
2020-07-15,74.12789007
2020-07-16,71.12369959
2020-07-17,71.95959861
2020-07-18,72.55249895
2020-07-19,68.43702747
2020-07-20,68.21118684
2020-07-21,68.33741719
2020-07-22,70.9363759
2020-07-23,70.94470265
2020-07-24,70.12989447
2020-07-25,69.43434051
2020-07-26,69.8110572
2020-07-27,66.5310852
2020-07-28,74.03517485
2020-07-29,69.29566849
2020-07-30,72.79676335
2020-07-31,72.88426169
2020-08-01,72.06623098
2020-08-02,71.76813544
2020-08-03,72.2244182
2020-08-04,71.52605459
2020-08-05,74.97837717
2020-08-06,75.95810448
2020-08-07,72.30441342
2020-08-08,71.69643078
2020-08-09,71.05989841
2020-08-10,64.35136515
2020-08-11,61.26074763
2020-08-12,44.26690776
2020-08-13,51.38222969
2020-08-14,46.52908372
2020-08-15,54.59750812
2020-08-16,55.08933284
2020-08-17,52.07721393
2020-08-18,47.78026488
2020-08-19,51.05291656
2020-08-20,54.36833614
2020-08-21,52.53065074
2020-08-22,63.60841184
2020-08-23,73.81167066
2020-08-24,67.6324259
2020-08-25,62.99770078
2020-08-26,63.6872055
2020-08-27,66.37502019
2020-08-28,61.87875339
2020-08-29,56.83418531
2020-08-30,49.47044297
2020-08-31,50.35787403
2020-09-01,40.04872255
2020-09-02,41.93251561
2020-09-03,47.20329269
2020-09-04,53.17933433
2020-09-05,53.04475277
2020-09-06,58.61457404
2020-09-07,58.61828706
2020-09-08,58.44509068
2020-09-09,56.59506142
2020-09-10,57.02706641
2020-09-11,55.00434573
2020-09-12,56.10641378
2020-09-13,56.80675545
2020-09-14,54.58147785
2020-09-15,56.16656099
2020-09-16,56.10996588
2020-09-17,40.61366777
2020-09-18,46.993863
2020-09-19,54.33396752
2020-09-20,58.73752285
2020-09-21,57.4160083
2020-09-22,58.55493704
2020-09-23,57.20361127
2020-09-24,62.20891384
2020-09-25,63.30886904
2020-09-26,61.50518286
2020-09-27,60.3813006
2020-09-28,60.52095515
2020-09-29,64.87059751
2020-09-30,70.07305888
2020-10-01,64.79991229
2020-10-02,64.17505334
2020-10-03,62.69232505
2020-10-04,62.57516069
2020-10-05,60.48749671
2020-10-06,63.01863206
2020-10-07,63.92915878
2020-10-08,62.98440555
2020-10-09,64.46491671
2020-10-10,68.78566528
2020-10-11,73.11056725
2020-10-12,67.37695846
2020-10-13,70.03802516
2020-10-14,71.996997
2020-10-15,73.40213679
2020-10-16,72.46015507
2020-10-17,78.0239158
2020-10-18,81.24132216
2020-10-19,77.40781957
2020-10-20,76.73481007
2020-10-21,73.54185981
2020-10-22,77.58286454
2020-10-23,82.38981693
2020-10-24,79.11604822
2020-10-25,76.02861863
2020-10-26,74.78598749
2020-10-27,73.89304023
2020-10-28,76.42535651
2020-10-29,73.55999744
2020-10-30,76.73625284
2020-10-31,74.3996099
2020-11-01,74.76282626
2020-11-02,72.89834064
2020-11-03,73.35418754
2020-11-04,75.80581133
2020-11-05,72.88352286
2020-11-06,75.85569716
2020-11-07,77.59380304
2020-11-08,76.76646188
2020-11-09,77.62395962
2020-11-10,75.26263132
2020-11-11,72.03383749
2020-11-12,58.67348795
2020-11-13,59.11564215
2020-11-14,70.01627954
2020-11-15,71.75594938
2020-11-16,69.66407793
2020-11-17,70.69692335
2020-11-18,67.18437334
2020-11-19,67.19107255
2020-11-20,66.93200011
2020-11-21,66.30596537
2020-11-22,66.63086626
2020-11-23,66.77462531
2020-11-24,63.07054953
2020-11-25,65.10540597
2020-11-26,65.20143611
2020-11-27,67.63013664
2020-11-28,63.81787945
2020-11-29,63.21157807
2020-11-30,64.58335043
2020-12-01,72.52206904
2020-12-02,68.22344322
2020-12-03,67.49108734
2020-12-04,71.60661566
2020-12-05,71.66634804
2020-12-06,72.73847492
2020-12-07,70.47728745
2020-12-08,68.61933138
2020-12-09,68.37081455
2020-12-10,69.37952793
2020-12-11,69.4843099
2020-12-12,66.07381526
2020-12-13,61.65661958
2020-12-14,65.84555812
2020-12-15,70.04557846
2020-12-16,68.18372786
2020-12-17,57.04593696
2020-12-18,78.33918332
2020-12-19,71.08937469
2020-12-20,73.01346834
2020-12-21,71.35444591
2020-12-22,67.70265342
2020-12-23,63.97418741
2020-12-24,68.73440345
2020-12-25,67.1401197
2020-12-26,70.60462621
2020-12-27,64.9580034
2020-12-28,64.47073269
2020-12-29,64.72937072
2020-12-30,67.47843605
2020-12-31,67.76868551
2021-01-01,72.29469695
2021-01-02,66.77849535
2021-01-03,60.70356422
2021-01-04,59.29771228
2021-01-05,61.77109876
2021-01-06,66.23325078
2021-01-07,64.40624716
2021-01-08,64.74281595
2021-01-09,68.41790988
2021-01-10,68.67178805
2021-01-11,66.90228553
2021-01-12,71.61710829
2021-01-13,72.87881154
2021-01-14,72.62967016
2021-01-15,71.80804484
2021-01-16,71.52005718
2021-01-17,70.51239116
2021-01-18,71.44854972
2021-01-19,66.64779963
2021-01-20,69.09209823
2021-01-21,69.24209327
2021-01-22,72.31114138
2021-01-23,72.59676182
2021-01-24,68.52134668
2021-01-25,65.62490968
2021-01-26,71.41248786
2021-01-27,68.20911374
2021-01-28,70.16521625
2021-01-29,66.86379566
2021-01-30,66.29127716
2021-01-31,65.96556303
2021-02-01,63.93278017
2021-02-02,64.56983333
2021-02-03,61.90292141
2021-02-04,60.66291018
2021-02-05,56.6956207
2021-02-06,59.45155947
2021-02-07,60.84392553
2021-02-08,58.26888539
2021-02-09,57.33982008
2021-02-10,60.32381334
2021-02-11,57.83470104
2021-02-12,59.88630566
2021-02-13,56.77731577
2021-02-14,62.51978474
2021-02-15,60.76094482
2021-02-16,59.80841524
2021-02-17,60.22477597
2021-02-18,59.82711272
2021-02-19,59.38463058
2021-02-20,64.33026236
2021-02-21,64.4121142
2021-02-22,58.57244206
2021-02-23,60.72377837
2021-02-24,66.50484421
2021-02-25,66.97912674
2021-02-26,68.22742475
2021-02-27,68.50202208
2021-02-28,70.42741865
2021-03-01,70.05014092
2021-03-02,72.33924792
2021-03-03,68.06214169
2021-03-04,66.82157391
2021-03-05,68.1098915
2021-03-06,69.57297151
2021-03-07,65.82270655
2021-03-08,66.9629519
2021-03-09,65.25999538
2021-03-10,66.01981736
2021-03-11,64.15453342
2021-03-12,68.0342375
2021-03-13,64.50965192
2021-03-14,71.85084324
2021-03-15,59.39637343
2021-03-16,64.81875013
2021-03-17,64.54444307
2021-03-18,58.6361217
2021-03-19,64.93127461
2021-03-20,64.3605396
2021-03-21,64.88976005
2021-03-22,57.52401947
2021-03-23,63.75563426
2021-03-24,59.3006964
2021-03-25,69.43495033
2021-03-26,66.46273961
2021-03-27,65.98478314
2021-03-28,63.92899374
2021-03-29,65.15427116
2021-03-30,61.75349428
2021-03-31,58.31810677
2021-04-01,55.62345854
2021-04-02,68.40211764
2021-04-03,64.85724487
2021-04-04,64.60391426
2021-04-05,60.39897792
2021-04-06,61.62894333
2021-04-07,61.30206595
2021-04-08,64.20502159
2021-04-09,63.51068773
2021-04-10,59.35090466
2021-04-11,61.38581834
2021-04-12,58.36420802
2021-04-13,52.83955322
2021-04-14,67.67153546
2021-04-15,60.92599127
2021-04-16,61.06005519
2021-04-17,58.73869315
2021-04-18,60.92673885
2021-04-19,56.78683329
2021-04-20,44.90909399
2021-04-21,52.32259551
2021-04-22,56.43032692
2021-04-23,64.65104976
2021-04-24,64.78645711
2021-04-25,72.22869549
2021-04-26,66.19988136
2021-04-27,64.83698395
2021-04-28,63.23932279
2021-04-29,69.46514439
2021-04-30,66.86809752
2021-05-01,68.01500437
2021-05-02,65.95253368
2021-05-03,60.30672979
2021-05-04,61.8457363
2021-05-05,62.25537282
2021-05-06,61.48742879
2021-05-07,56.86201608
2021-05-08,47.85495942
2021-05-09,53.15111174
2021-05-10,39.93147347
2021-05-11,37.48414755
2021-05-12,43.14426686
2021-05-13,63.61932558
2021-05-14,63.62369603
2021-05-15,65.70081375
2021-05-16,63.88962759
2021-05-17,67.72845452
2021-05-18,61.8210879
2021-05-19,56.50960027
2021-05-20,64.360101
2021-05-21,64.57562367
2021-05-22,71.09179156
2021-05-23,66.60851787
2021-05-24,67.37756635
2021-05-25,71.07471769
2021-05-26,70.43938469
2021-05-27,72.45247569
2021-05-28,71.05938253
2021-05-29,73.76705142
2021-05-30,87.10112297
2021-05-31,77.74277242
2021-06-01,73.45718099
2021-06-02,72.73698337
2021-06-03,68.03750138
2021-06-04,74.5561428
2021-06-05,74.13356355
2021-06-06,72.55269258
2021-06-07,72.14276097
2021-06-08,70.52268345
2021-06-09,72.36391741
2021-06-10,70.42243791
2021-06-11,70.7868979
2021-06-12,72.80310197
2021-06-13,72.25755592
2021-06-14,70.11710327
2021-06-15,67.67134835
2021-06-16,69.49221379
2021-06-17,69.36591836
2021-06-18,72.34456503
2021-06-19,70.91587432
2021-06-20,69.26321153
2021-06-21,68.97729303
2021-06-22,69.79848555
2021-06-23,70.96763504
2021-06-24,68.130122
2021-06-25,72.74774775
2021-06-26,73.8422485
2021-06-27,68.03025045
2021-06-28,67.86122536
2021-06-29,68.10412574
2021-06-30,68.01790131
2021-07-01,68.45833382
2021-07-02,68.38612645
2021-07-03,68.50138875
2021-07-04,66.32678301
2021-07-05,67.49700125
2021-07-06,65.65819157
2021-07-07,67.08387366
2021-07-08,68.13848861
2021-07-09,69.90087014
2021-07-10,67.33874307
2021-07-11,68.92541015
2021-07-12,70.28212943
2021-07-13,67.27630727
2021-07-14,69.770435
2021-07-15,67.32852459
2021-07-16,66.96605868
2021-07-17,69.8815699
2021-07-18,69.26331218
2021-07-19,71.42345156
2021-07-20,69.40737249
2021-07-21,70.70575959
2021-07-22,69.08409551
2021-07-23,68.19001973
2021-07-24,67.6431326
2021-07-25,67.9481815
2021-07-26,64.59680123
2021-07-27,69.51094494
2021-07-28,66.25764471
2021-07-29,59.88615654
2021-07-30,69.61375227
2021-07-31,66.70330624
2021-08-01,62.08619328
2021-08-02,73.48941974
2021-08-03,66.5331559
2021-08-04,67.96980522
2021-08-05,65.17926114
2021-08-06,66.4930326
2021-08-07,67.22474007
2021-08-08,64.21540807
2021-08-09,65.36718042
2021-08-10,65.32346206
2021-08-11,63.90226902
2021-08-12,66.20545722
2021-08-13,67.02054839
2021-08-14,67.27530818
2021-08-15,66.31543387
2021-08-16,66.07485362
2021-08-17,65.44816531
2021-08-18,65.36763446
2021-08-19,68.00480378
2021-08-20,66.58308397
2021-08-21,66.59422087
2021-08-22,67.63791704
2021-08-23,64.0553571
2021-08-24,64.32871725
2021-08-25,64.32426888
2021-08-26,62.14617312
2021-08-27,60.51281318
2021-08-28,61.54023367
2021-08-29,61.34593101
2021-08-30,61.1999436
2021-08-31,58.82835289
2021-09-01,58.7391056
2021-09-02,58.5762036
2021-09-03,55.86095602
2021-09-04,59.13058414
2021-09-05,59.77776373
2021-09-06,56.94307738
2021-09-07,58.37850783
2021-09-08,58.54353524
2021-09-09,59.4936062
2021-09-10,63.35890899
2021-09-11,68.86115751
2021-09-12,66.71146577
2021-09-13,66.51997384
2021-09-14,66.44498347
2021-09-15,63.55324391
2021-09-16,62.01688139
2021-09-17,70.85661944
2021-09-18,67.50154607
2021-09-19,67.94124663
2021-09-20,62.49113685
2021-09-21,64.20768805
2021-09-22,66.96885813
2021-09-23,65.47691396
2021-09-24,67.0453763
2021-09-25,66.94076218
2021-09-26,63.46777517
2021-09-27,63.82316786
2021-09-28,62.32892225
2021-09-29,67.02533842
2021-09-30,61.46660958
2021-10-01,63.60770377
2021-10-02,64.01111626
2021-10-03,65.22950553
2021-10-04,58.11976861
2021-10-05,60.45169915
2021-10-06,54.07158126
2021-10-07,67.47600818
2021-10-08,64.22483633
2021-10-09,67.19464977
2021-10-10,66.73856209
2021-10-11,73.27248593
2021-10-12,65.59402504
2021-10-13,60.84097949
2021-10-14,58.21381635
2021-10-15,58.88134931
2021-10-16,63.54059695
2021-10-17,62.70237063
2021-10-18,62.50701932
2021-10-19,60.3522151
2021-10-20,59.51187284
2021-10-21,61.294328
2021-10-22,65.91832261
2021-10-23,63.20203304
2021-10-24,66.04542368
2021-10-25,59.07159073
2021-10-26,54.7168674
2021-10-27,48.19260858
2021-10-28,54.78077836
2021-10-29,51.85381122
2021-10-30,45.95010089
2021-10-31,57.59376595
2021-11-01,53.35681825
2021-11-02,52.51929057
2021-11-03,61.37333025
2021-11-04,61.73424438
2021-11-05,59.6444752
2021-11-06,63.41978022
2021-11-07,61.50661416
2021-11-08,62.60504634
2021-11-09,56.99447027
2021-11-10,56.88068463
2021-11-11,56.89041459
2021-11-12,58.24163293
2021-11-13,57.97649245
2021-11-14,59.69125214
2021-11-15,50.01996265
2021-11-16,61.84004723
2021-11-17,61.16168289
2021-11-18,53.77418161
2021-11-19,55.72707321
2021-11-20,56.92770183
2021-11-21,66.79165288
2021-11-22,54.36035914
2021-11-23,57.19522334
2021-11-24,55.35428041
2021-11-25,54.30108836
2021-11-26,57.20037704
2021-11-27,56.00838746
2021-11-28,57.98981744
2021-11-29,54.39348244
2021-11-30,54.64589162
2021-12-01,53.60648268
2021-12-02,53.53711462
2021-12-03,54.90994826
2021-12-04,59.58775426
2021-12-05,66.90649347
2021-12-06,64.46104831
2021-12-07,64.6622686
2021-12-08,66.11869938
2021-12-09,63.91165527
2021-12-10,61.07940132
2021-12-11,66.20304327
2021-12-12,64.17756639
2021-12-13,62.48025072
2021-12-14,62.13765141
2021-12-15,65.65202395
2021-12-16,66.12547742
2021-12-17,66.23276636
2021-12-18,63.04111056
2021-12-19,64.08210477
2021-12-20,65.12580899
2021-12-21,59.05350458
2021-12-22,58.03407884
2021-12-23,59.87402853
2021-12-24,57.59195723
2021-12-25,58.00292777
2021-12-26,56.79929514
2021-12-27,57.7291445
2021-12-28,60.09425978
2021-12-29,59.62506664
2021-12-30,62.63100331
2021-12-31,59.14897751
2022-01-01,59.0833229
2022-01-02,56.17581602
2022-01-03,60.70828313
2022-01-04,57.02378502
2022-01-05,57.14365225
2022-01-06,57.92603466
2022-01-07,58.16148639
2022-01-08,58.48290125
2022-01-09,56.87579729
2022-01-10,54.24145379
2022-01-11,57.63591209
2022-01-12,58.34861116
2022-01-13,57.72830064
2022-01-14,57.99215222
2022-01-15,57.85423061
2022-01-16,58.93562191
2022-01-17,61.13062611
2022-01-18,61.10600434
2022-01-19,61.43600105
2022-01-20,58.59275637
2022-01-21,54.50562804
2022-01-22,57.05857628
2022-01-23,59.74589213
2022-01-24,54.57725034
2022-01-25,55.19027658
2022-01-26,56.68768359
2022-01-27,55.29066423
2022-01-28,55.67217101
2022-01-29,60.62892523
2022-01-30,60.35186772
2022-01-31,58.27093554
2022-02-01,58.44883333
2022-02-02,57.34123023
2022-02-03,60.36968097
2022-02-04,57.76240438
2022-02-05,63.11565047
2022-02-06,58.54849781
2022-02-07,56.71498328
2022-02-08,55.83165868
2022-02-09,59.37846212
2022-02-10,64.23636333
2022-02-11,64.48402305
2022-02-12,59.71738062
2022-02-13,63.86781198
2022-02-14,64.27887745
2022-02-15,60.88706629
2022-02-16,57.85336389
2022-02-17,57.76720922
2022-02-18,57.48078438
2022-02-19,62.02170057
2022-02-20,58.92300518
2022-02-21,57.52443275
2022-02-22,58.45329967
2022-02-23,63.12699144
2022-02-24,57.24416604
2022-02-25,58.99415112
2022-02-26,61.38700867
2022-02-27,59.74378044
2022-02-28,61.59741971
2022-03-01,59.08531105
2022-03-02,56.08892611
2022-03-03,58.70599966
2022-03-04,60.21884674
2022-03-05,58.98269629
2022-03-06,65.78880353
2022-03-07,65.55665769
2022-03-08,69.99452954
2022-03-09,62.43315287
2022-03-10,64.82873003
2022-03-11,60.97069631
2022-03-12,65.40844952
2022-03-13,65.64558333
2022-03-14,64.13336684
2022-03-15,62.636973
2022-03-16,73.7092424
2022-03-17,62.89455501
2022-03-18,59.22057883
2022-03-19,76.4084507
2022-03-20,65.26927659
2022-03-21,62.34882469
2022-03-22,63.88500107
2022-03-23,67.64638944
2022-03-24,62.35445628
2022-03-25,62.35110262
2022-03-26,61.19798811
2022-03-27,68.31535545
2022-03-28,62.0444243
2022-03-29,62.81245742
2022-03-30,66.56292207
2022-03-31,63.87239929
2022-04-01,59.97728369
2022-04-02,63.33529296
2022-04-03,63.79642247
2022-04-04,62.75939823
2022-04-05,62.07260604
2022-04-06,61.59044185
2022-04-07,62.6848133
2022-04-08,61.26583622
2022-04-09,63.84505328
2022-04-10,62.79024954
2022-04-11,63.81493452
2022-04-12,64.42663058
2022-04-13,62.55644459
2022-04-14,61.94615136
2022-04-15,63.88787066
2022-04-16,62.8155705
2022-04-17,60.31850487
2022-04-18,61.48297585
2022-04-19,61.23975775
2022-04-20,61.00994857
2022-04-21,61.81039517
2022-04-22,62.8634609
2022-04-23,62.14049504
2022-04-24,62.55611708
2022-04-25,62.4092727
2022-04-26,63.00466807
2022-04-27,63.73267515
2022-04-28,63.1905206
2022-04-29,60.99194343
2022-04-30,65.6269041
2022-05-01,65.35580087
2022-05-02,60.84208863
2022-05-03,60.51876052
2022-05-04,63.45192645
2022-05-05,60.63574815
2022-05-06,60.08118357
2022-05-07,63.59604714
2022-05-08,64.79575491
2022-05-09,58.67797858
2022-05-10,66.36530761
2022-05-11,55.76807069
2022-05-12,64.02528522
2022-05-13,64.27616089
2022-05-14,59.47117231
2022-05-15,65.71433585
2022-05-16,65.99781931
2022-05-17,71.80553787
2022-05-18,72.7773814
2022-05-19,64.35773865
2022-05-20,64.74218218
2022-05-21,66.69107227
2022-05-22,64.56413529
2022-05-23,65.44890704
2022-05-24,66.73415823
2022-05-25,68.9555513
2022-05-26,64.0632806
2022-05-27,61.96348399
2022-05-28,62.61125654
2022-05-29,65.11835199
2022-05-30,60.24096386
2022-05-31,60.12444955
2022-06-01,59.34989113
2022-06-02,60.97001687
2022-06-03,58.40901173
2022-06-04,60.70121254
2022-06-05,60.34353996
2022-06-06,60.69478481
2022-06-07,61.71461623
2022-06-08,60.30826716
2022-06-09,61.29054378
2022-06-10,69.34401131
2022-06-11,67.51272391
2022-06-12,66.43232936
2022-06-13,63.46889634
2022-06-14,63.87755434
2022-06-15,67.77709683
2022-06-16,63.44855647
2022-06-17,71.47228551
2022-06-18,69.52249446
2022-06-19,68.8671891
2022-06-20,63.91000538
2022-06-21,63.78454718
2022-06-22,69.69256924
2022-06-23,65.52293995
2022-06-24,66.01802457
2022-06-25,66.36082336
2022-06-26,63.27596151
2022-06-27,66.48062703
2022-06-28,66.31260385
2022-06-29,66.03448276
2022-06-30,63.3751932
2022-07-01,69.4499233
2022-07-02,68.63714803
2022-07-03,69.28352546
2022-07-04,70.13098635
2022-07-05,71.3873058
2022-07-06,75.3550847
2022-07-07,69.52324938
2022-07-08,69.35071064
2022-07-09,71.9665362
2022-07-10,73.46682773
2022-07-11,69.99889274
2022-07-12,68.39065469
2022-07-13,66.7854725
2022-07-14,64.71545369
2022-07-15,67.66064996
2022-07-16,69.03623301
2022-07-17,65.0794519
2022-07-18,64.30690245
2022-07-19,65.37811421
2022-07-20,66.98418916
2022-07-21,65.71596869
2022-07-22,69.32836331
2022-07-23,68.47497589
2022-07-24,65.45588972
2022-07-25,66.13460414
2022-07-26,80.18670899
2022-07-27,77.7892305
2022-07-28,66.94496626
2022-07-29,68.50063358
2022-07-30,61.77208635
2022-07-31,70.20166569
2022-08-01,72.22770648
2022-08-02,80.31419179
2022-08-03,77.06002721
2022-08-04,72.88113318
2022-08-05,71.23522957
2022-08-06,71.89726567
2022-08-07,78.72516146
2022-08-08,67.5448918
2022-08-09,65.93581822
2022-08-10,65.17163212
2022-08-11,63.39261775
2022-08-12,65.19474487
2022-08-13,70.77547322
2022-08-14,70.24615001
2022-08-15,68.42003988
2022-08-16,67.55428612
2022-08-17,70.45535729
2022-08-18,70.10873365
2022-08-19,66.54001076
2022-08-20,69.98060954
2022-08-21,71.32493811
2022-08-22,65.95378184
2022-08-23,67.68972477
2022-08-24,68.13305141
2022-08-25,66.83634956
2022-08-26,65.9050272
2022-08-27,67.27986818
2022-08-28,67.84459342
2022-08-29,65.71780561
2022-08-30,64.9698171
2022-08-31,65.26030057
2022-09-01,68.16978308
2022-09-02,66.47853476
2022-09-03,70.20328297
2022-09-04,64.70245967
2022-09-05,66.34482508
2022-09-06,65.90187565
2022-09-07,66.76127902
2022-09-08,65.33111745
2022-09-09,65.22038212
2022-09-10,67.43698869
2022-09-11,65.23866635
2022-09-12,64.60292581
2022-09-13,63.74249555
2022-09-14,67.2330056
2022-09-15,62.5387865
2022-09-16,68.01262354
2022-09-17,66.45986129
2022-09-18,66.56861661
2022-09-19,66.72005954
2022-09-20,65.12645658
2022-09-21,68.44610788
2022-09-22,69.75683891
2022-09-23,68.08323952
2022-09-24,69.56053338
2022-09-25,69.31016324
2022-09-26,75.70343221
2022-09-27,84.8471648
2022-09-28,76.44859595
2022-09-29,70.65949247
2022-09-30,73.14746495
2022-10-01,73.85897957
2022-10-02,67.06818411
2022-10-03,70.48646819
2022-10-04,65.53223877
2022-10-05,57.63451285
2022-10-06,59.62826218
2022-10-07,57.7971124
2022-10-08,69.53659394
2022-10-09,62.78732577
2022-10-10,59.09083037
2022-10-11,62.73888221
2022-10-12,60.96511137
2022-10-13,56.67774619
2022-10-14,48.65717912
2022-10-15,64.53791882
2022-10-16,61.72650076
2022-10-17,61.36817102
2022-10-18,61.30716128
2022-10-19,61.62718591
2022-10-20,44.95412844
2022-10-21,60.35082898
2022-10-22,61.89345427
2022-10-23,62.98358086
2022-10-24,66.27691965
2022-10-25,62.26288275
2022-10-26,62.75544031
2022-10-27,65.3317588
2022-10-28,63.59054833
2022-10-29,66.06452484
2022-10-30,66.14205654
2022-10-31,66.71724287
2022-11-01,62.89651399
2022-11-02,62.91640392
2022-11-03,75.42432815
2022-11-04,63.15387336
2022-11-05,61.17823776
2022-11-06,61.15700969
2022-11-07,64.19735022
2022-11-08,66.16677861
2022-11-09,63.30205702
2022-11-10,72.20902406
2022-11-11,67.03214524
2022-11-12,66.72639123
2022-11-13,61.16611961
2022-11-14,65.91831084
2022-11-15,69.17623067
2022-11-16,70.10117542
2022-11-17,70.45517207
2022-11-18,71.82499807
2022-11-19,71.041815
2022-11-20,70.02585693
2022-11-21,68.22216387
2022-11-22,69.91051162
2022-11-23,68.63592977
2022-11-24,75.57237619
2022-11-25,76.5285952
2022-11-26,71.16979295
2022-11-27,60.96795877
2022-11-28,64.01134849
2022-11-29,72.8769624
2022-11-30,66.01620113
2022-12-01,58.92634356
2022-12-02,61.75488069
2022-12-03,56.02856314
2022-12-04,54.37005933
2022-12-05,53.56545828
2022-12-06,55.53470717
2022-12-07,52.28000574
2022-12-08,51.911426
2022-12-09,84.29969318
2022-12-10,87.02341052
2022-12-11,66.85450535
2022-12-12,66.43927378
2022-12-13,58.24859008
2022-12-14,63.72537419
2022-12-15,62.15261206
2022-12-16,64.06288452
2022-12-17,58.17979552
2022-12-18,63.74442623
2022-12-19,53.28160733
2022-12-20,56.72456687
2022-12-21,51.99253374
2022-12-22,48.06843537
2022-12-23,54.93160149
2022-12-24,62.46467891
2022-12-25,60.23893025
2022-12-26,54.45568744
2022-12-27,67.67947755
2022-12-28,59.26067025
2022-12-29,56.83170459
2022-12-30,54.27128781
2022-12-31,55.75058159
2023-01-01,54.94891978
2023-01-02,54.48066444
2023-01-03,56.16964924
2023-01-04,53.91235675
2023-01-05,57.97895727
2023-01-06,54.86115965
2023-01-07,51.47066093
2023-01-08,52.5531214
2023-01-09,54.26673262
2023-01-10,50.50949019
2023-01-11,56.97377837
2023-01-12,54.04054234
2023-01-13,61.23493892
2023-01-14,64.40078672
2023-01-15,51.35486079
2023-01-16,52.54372648
2023-01-17,55.80804752
2023-01-18,58.87215977
2023-01-19,58.23254196
2023-01-20,62.23142905
2023-01-21,56.22682932
2023-01-22,51.11922141
2023-01-23,57.07857598
2023-01-24,60.51814297
2023-01-25,48.16583963
2023-01-26,57.83891864
2023-01-27,64.39017873
2023-01-28,58.64900142
2023-01-29,58.90190565
2023-01-30,58.46885136
2023-01-31,53.59057136
2023-02-01,48.86296207
2023-02-02,49.88846895
2023-02-03,49.9571262
2023-02-04,47.53736099
2023-02-05,51.94582116
2023-02-06,42.89628023
2023-02-07,42.20022613
2023-02-08,39.54939032
2023-02-09,41.56856816
2023-02-10,39.90564128
2023-02-11,43.54252328
2023-02-12,41.6833647
2023-02-13,53.06848545
2023-02-14,61.36213533
2023-02-15,54.49300627
2023-02-16,56.45577589
2023-02-17,53.90900252
2023-02-18,53.84697572
2023-02-19,64.77566073
2023-02-20,64.35757301
2023-02-21,67.80275338
2023-02-22,65.09323952
2023-02-23,61.60805224
2023-02-24,63.28999856
2023-02-25,64.88642693
2023-02-26,62.32488775
2023-02-27,62.49458082
2023-02-28,59.10496304
2023-03-01,58.63606413
2023-03-02,58.93441623
2023-03-03,61.75563415
2023-03-04,62.79788507
2023-03-05,62.5065055
2023-03-06,63.94008237
2023-03-07,61.93649641
2023-03-08,65.11351364
2023-03-09,64.39784716
2023-03-10,60.57374465
2023-03-11,60.89209789
2023-03-12,63.18113686
2023-03-13,60.79936235
2023-03-14,67.29754337
2023-03-15,64.72123687
2023-03-16,58.96527485
2023-03-17,69.10579091
2023-03-18,66.49962473
2023-03-19,66.09873068
2023-03-20,70.32123525
2023-03-21,62.1430495
2023-03-22,60.26616161
2023-03-23,63.44367182
2023-03-24,61.78521165
2023-03-25,63.76763172
2023-03-26,63.01958038
2023-03-27,56.31567437
2023-03-28,56.78533481
2023-03-29,61.26374474
2023-03-30,62.68624229
2023-03-31,66.08395554
2023-04-01,60.48327645
2023-04-02,58.62099937
2023-04-03,61.89855349
2023-04-04,64.20982581
2023-04-05,63.99955376
2023-04-06,65.34274297
2023-04-07,65.85369243
2023-04-08,65.51705681
2023-04-09,66.85079851
2023-04-10,64.61999539
2023-04-11,64.90467229
2023-04-12,64.95697926
2023-04-13,64.5243605
2023-04-14,64.33446901
2023-04-15,67.32948599
2023-04-16,64.40529392
2023-04-17,64.57120186
2023-04-18,63.33497767
2023-04-19,61.09755784
2023-04-20,63.78044303
2023-04-21,68.6111013
2023-04-22,62.8661106
2023-04-23,63.91081857
2023-04-24,65.66689513
2023-04-25,65.41227608
2023-04-26,63.80930767
2023-04-27,64.75382706
2023-04-28,64.33625383
2023-04-29,64.89942449
2023-04-30,63.56443313
2023-05-01,58.48932997
2023-05-02,58.19800358
2023-05-03,59.0139077
2023-05-04,61.17649914
2023-05-05,58.25472273
2023-05-06,58.8216167
2023-05-07,60.03165525
2023-05-08,61.98294547
2023-05-09,63.48701018
2023-05-10,63.19181599
2023-05-11,63.6001938
2023-05-12,64.94818362
2023-05-13,64.54624934
2023-05-14,65.77510287
2023-05-15,64.7102526
2023-05-16,64.35962656
2023-05-17,64.24002706
2023-05-18,66.29078934
2023-05-19,68.52853758
2023-05-20,64.67039106
2023-05-21,67.701065
2023-05-22,64.5138909
2023-05-23,65.15008272
2023-05-24,65.77612968
2023-05-25,68.37579013
2023-05-26,67.37629294
2023-05-27,65.61651785
2023-05-28,62.53277614
2023-05-29,64.60488495
2023-05-30,65.09610251
2023-05-31,66.77801235
2023-06-01,64.51202321
2023-06-02,66.71331966
2023-06-03,67.15603436
2023-06-04,69.38352764
2023-06-05,67.81349598
2023-06-06,70.39140931
2023-06-07,64.88884712
2023-06-08,65.32574407
2023-06-09,65.49819703
2023-06-10,71.07463414
2023-06-11,79.51413566
2023-06-12,63.56390449
2023-06-13,64.09127738
2023-06-14,62.16558473
2023-06-15,65.97279603
2023-06-16,64.43674094
2023-06-17,65.07537688
2023-06-18,62.63487611
2023-06-19,64.2680195
2023-06-20,62.60339241
2023-06-21,62.86177194
2023-06-22,61.26095532
2023-06-23,61.99136465
2023-06-24,63.03626472
2023-06-25,61.96870855
2023-06-26,63.2436557
2023-06-27,62.02438647
2023-06-28,63.41121323
2023-06-29,61.71671518
2023-06-30,66.04526586
2023-07-01,65.55523733
2023-07-02,62.10354922
2023-07-03,61.48346629
2023-07-04,60.36481462
2023-07-05,58.6394732
2023-07-06,61.7896733
2023-07-07,61.82346716
2023-07-08,62.28256831
2023-07-09,61.04346529
2023-07-10,59.47706938
2023-07-11,62.38530991
2023-07-12,60.64565516
2023-07-13,58.80258977
2023-07-14,61.03146349
2023-07-15,61.26614987
2023-07-16,61.91199554
2023-07-17,60.23769224
2023-07-18,58.25172335
2023-07-19,61.37663165
2023-07-20,59.68244331
2023-07-21,63.92763699
2023-07-22,63.24120274
2023-07-23,61.50088453
2023-07-24,59.29316556
2023-07-25,63.33643516
2023-07-26,60.72881423
2023-07-27,57.11812545
2023-07-28,63.0539499
2023-07-29,61.55577045
2023-07-30,61.13003483
2023-07-31,60.6398838
2023-08-01,64.4520126
2023-08-02,61.30090326
2023-08-03,63.17608704
2023-08-04,62.68549354
2023-08-05,63.22425542
2023-08-06,64.38908358
2023-08-07,64.92447467
2023-08-08,65.83688674
2023-08-09,63.93427501
2023-08-10,62.36068184
2023-08-11,56.96262764
2023-08-12,64.86884221
2023-08-13,65.12404767
2023-08-14,62.28935444
2023-08-15,59.34269656
2023-08-16,57.65945437
2023-08-17,62.2902821
2023-08-18,61.92774038
2023-08-19,65.23282318
2023-08-20,59.80322512
2023-08-21,59.9154883
2023-08-22,62.00403048
2023-08-23,64.20017274
2023-08-24,62.28892813
2023-08-25,61.89100551
2023-08-26,62.71437467
2023-08-27,57.59827586
2023-08-28,63.01339776
2023-08-29,62.65999033
2023-08-30,65.03665873
2023-08-31,63.37034424
2023-09-01,64.80923273
2023-09-02,66.63129973
2023-09-03,64.54715322
2023-09-04,68.05567312
2023-09-05,64.59762944
2023-09-06,65.45220746
2023-09-07,64.33983471
2023-09-08,65.81682829
2023-09-09,64.15915119
2023-09-10,64.23801699
2023-09-11,62.82455774
2023-09-12,63.59578177
2023-09-13,63.07631631
2023-09-14,68.00545532
2023-09-15,66.21357125
2023-09-16,65.98783435
2023-09-17,63.38229294
2023-09-18,63.60171268
2023-09-19,66.11075685
2023-09-20,65.13507956
2023-09-21,63.21524181
2023-09-22,67.32872953
2023-09-23,67.94914687
2023-09-24,65.51173385
2023-09-25,66.11857312
2023-09-26,63.6533863
2023-09-27,64.26554913
2023-09-28,65.51286503
2023-09-29,65.45857433
2023-09-30,67.11952663
2023-10-01,65.7983591
2023-10-02,65.10734284
2023-10-03,67.47686056
2023-10-04,64.42965055
2023-10-05,67.46233362
2023-10-06,68.98575704
2023-10-07,74.51927794
2023-10-08,71.20598187
2023-10-09,69.80482456
2023-10-10,66.6895628
2023-10-11,65.38298922
2023-10-12,66.66625948
2023-10-13,66.17089387
2023-10-14,73.3380919
2023-10-15,65.70826408
2023-10-16,65.5189856
2023-10-17,65.53851885
2023-10-18,65.56894775
2023-10-19,64.15135661
2023-10-20,65.94872156
2023-10-21,65.60754717
2023-10-22,65.73789482
2023-10-23,62.90081287
2023-10-24,63.37109345
2023-10-25,63.49423909
2023-10-26,64.71940606
2023-10-27,63.92106848
2023-10-28,66.37646988
2023-10-29,65.31971439
2023-10-30,62.09013359
2023-10-31,65.81535915
2023-11-01,62.54642129
2023-11-02,63.26587796
2023-11-03,64.05936928
2023-11-04,64.51849677
2023-11-05,63.23295642
2023-11-06,62.12233848
2023-11-07,65.25661033
2023-11-08,61.05536642
2023-11-09,59.88510817
2023-11-10,63.17383652
2023-11-11,64.48627589
2023-11-12,64.19929127
2023-11-13,59.73221679
2023-11-14,60.82503556
2023-11-15,60.05424213
2023-11-16,61.74471993
2023-11-17,62.56090099
2023-11-18,64.54493499
2023-11-19,63.76223269
2023-11-20,58.81304449
2023-11-21,58.3074242
2023-11-22,59.30213763
2023-11-23,61.66032313
2023-11-24,60.22698128
2023-11-25,63.22981539
2023-11-26,59.85692524
2023-11-27,61.07623318
2023-11-28,60.7156031
2023-11-29,56.71019055
2023-11-30,60.14819588
2023-12-01,60.77593484
2023-12-02,59.96963693
2023-12-03,60.43779581
2023-12-04,57.99329016
2023-12-05,59.60157631
2023-12-06,61.43154743
2023-12-07,62.26037794
2023-12-08,64.52796128
2023-12-09,65.01495864
2023-12-10,62.78852551
2023-12-11,65.82172218
2023-12-12,62.04825387
2023-12-13,64.34768355
2023-12-14,63.69023361
2023-12-15,61.94448571
2023-12-16,62.79924492
2023-12-17,63.13381282
2023-12-18,55.92044564
2023-12-19,63.36216672
2023-12-20,61.62441294
2023-12-21,64.34932459
2023-12-22,64.22965283
2023-12-23,67.12147077
2023-12-24,66.93509161
2023-12-25,66.90070606
2023-12-26,65.40171647
2023-12-27,63.08162708
2023-12-28,63.84218011
2023-12-29,60.56734884
2023-12-30,63.94956825
2023-12-31,65.64985417
2024-01-01,63.51361183
2024-01-02,63.63905325
2024-01-03,61.09006328
2024-01-04,63.6756811
2024-01-05,62.57079511
2024-01-06,63.67213571
2024-01-07,61.79282626
2024-01-08,63.61247424
2024-01-09,63.0401354
2024-01-10,60.39168831
2024-01-11,61.69894375
2024-01-12,62.61654798
2024-01-13,64.72803075
2024-01-14,63.31730424
2024-01-15,63.33756077
2024-01-16,64.16755248
2024-01-17,62.41107724
2024-01-18,62.49698141
2024-01-19,68.44021481
2024-01-20,65.95479281
2024-01-21,67.26853958
2024-01-22,65.10446693
2024-01-23,66.24194244
2024-01-24,65.76375885
2024-01-25,62.90789458
2024-01-26,64.77776406
2024-01-27,64.42766704
2024-01-28,65.04561924
2024-01-29,68.14675719
2024-01-30,65.89959816
2024-01-31,64.19763202
2024-02-01,62.69055653
2024-02-02,63.28238081
2024-02-03,64.68060891
2024-02-04,64.22300939
2024-02-05,63.48155051
2024-02-06,60.88002264
2024-02-07,61.45030092
2024-02-08,62.79001778
2024-02-09,62.94942949
2024-02-10,63.80718696
2024-02-11,63.33167865
2024-02-12,63.02722635
2024-02-13,63.21329056
2024-02-14,64.99524361
2024-02-15,63.47788487
2024-02-16,64.00448288
2024-02-17,64.32356807
2024-02-18,62.56991507
2024-02-19,63.12555271
2024-02-20,63.05223988
2024-02-21,63.37129893
2024-02-22,63.44215849
2024-02-23,63.48313232
2024-02-24,65.23920498
2024-02-25,63.21614583
2024-02-26,64.38571242
2024-02-27,63.00690521
2024-02-28,61.14854909
2024-02-29,60.96502156
2024-03-01,63.33432776
2024-03-02,63.35240302
2024-03-03,63.37431383
2024-03-04,59.08215116
2024-03-05,55.10130956
2024-03-06,59.14945103
2024-03-07,62.11460696
2024-03-08,61.28764125
2024-03-09,61.46373786
2024-03-10,61.09318301
2024-03-11,60.22254576
2024-03-12,62.71589239
2024-03-13,60.76458974
2024-03-14,63.48066535
2024-03-15,63.13814846
2024-03-16,65.56720209
2024-03-17,65.45695162
2024-03-18,64.01219853
2024-03-19,62.99205471
2024-03-20,66.34238711
2024-03-21,63.26001165
2024-03-22,68.46348841
2024-03-23,72.06690562
2024-03-24,66.7209982
2024-03-25,61.07353113
2024-03-26,59.48726094
2024-03-27,61.03116275
2024-03-28,63.53810499
2024-03-29,63.1537861
2024-03-30,63.15572362
2024-03-31,64.13770687
2024-04-01,61.94232745
2024-04-02,61.0350046
2024-04-03,61.31517403
2024-04-04,66.54053018
2024-04-05,66.11813253
2024-04-06,65.51683664
2024-04-07,63.99357663
2024-04-08,63.4691113
2024-04-09,63.95311753
2024-04-10,66.84211574
2024-04-11,63.24247153
2024-04-12,62.91553656
2024-04-13,63.91304348
2024-04-14,66.65839238
2024-04-15,64.14898536
2024-04-16,68.31285139
2024-04-17,64.47228205
2024-04-18,65.35446168
2024-04-19,65.82427435
2024-04-20,65.98989013
2024-04-21,66.56319666
2024-04-22,66.8437282
2024-04-23,65.21677193
2024-04-24,64.70393875
2024-04-25,67.26986625
2024-04-26,66.95587119
2024-04-27,65.52785042
2024-04-28,65.83732199
2024-04-29,73.3380392
2024-04-30,67.99448077
2024-05-01,67.23659123
2024-05-02,68.01521627
2024-05-03,66.71533182
2024-05-04,66.61120028
2024-05-05,65.05611849
2024-05-06,66.25727056
2024-05-07,68.6862352
2024-05-08,66.64273913
2024-05-09,67.48204899
2024-05-10,65.9868609
2024-05-11,67.43222892
2024-05-12,66.59062699
2024-05-13,66.7108306
2024-05-14,68.60996824
2024-05-15,64.64021099
2024-05-16,63.01861355
2024-05-17,65.59416559
2024-05-18,73.12872724
2024-05-19,68.89894086
2024-05-20,61.78544097
2024-05-21,62.83744446
2024-05-22,65.17773349
2024-05-23,62.52624133
2024-05-24,64.47932513
2024-05-25,65.48984009
2024-05-26,62.50986582
2024-05-27,62.45234464
2024-05-28,63.76862157
2024-05-29,65.95144854
2024-05-30,67.58696488
2024-05-31,65.56383219
2024-06-01,67.84734719
2024-06-02,63.05390539
2024-06-03,66.68238252
2024-06-04,67.32036847
2024-06-05,64.44337246
2024-06-06,65.38457191
2024-06-07,67.25822469
2024-06-08,69.99939456
2024-06-09,68.72540415
2024-06-10,67.8909586
2024-06-11,70.18031316
2024-06-12,69.59027206
2024-06-13,67.78776144
2024-06-14,67.39949077
2024-06-15,69.20251355
2024-06-16,68.51392091
2024-06-17,67.44534709
2024-06-18,67.63458606
2024-06-19,67.37041141
2024-06-20,64.59939252
2024-06-21,69.10590911
2024-06-22,73.33426261
2024-06-23,66.84977311
2024-06-24,67.20481654
2024-06-25,67.29735866
2024-06-26,68.91021914
2024-06-27,66.90445011
2024-06-28,63.82240925
2024-06-29,66.0577933
2024-06-30,67.75654656
2024-07-01,66.64585609
2024-07-02,67.08319105
2024-07-03,64.57084687
2024-07-04,64.21268113
2024-07-05,67.32797879
2024-07-06,68.54548843
2024-07-07,62.90793107
2024-07-08,64.21590722
2024-07-09,64.49005048
2024-07-10,64.03287513
2024-07-11,63.84051273
2024-07-12,65.10105566
2024-07-13,66.78051957
2024-07-14,64.53912094
2024-07-15,63.32957071
2024-07-16,62.23957743
2024-07-17,62.67412526
2024-07-18,62.71851316
2024-07-19,63.68424921
2024-07-20,64.24089192
2024-07-21,63.4824925
2024-07-22,64.94590681
2024-07-23,65.28364349
2024-07-24,65.12042255
2024-07-25,66.70155623
2024-07-26,67.44926852
2024-07-27,64.49995371
2024-07-28,65.65050368
2024-07-29,65.99710353
2024-07-30,64.92219621
2024-07-31,64.95406561
2024-08-01,64.51268183
2024-08-02,63.34400913
2024-08-03,66.21744218
2024-08-04,62.18610918
2024-08-05,66.34806884
2024-08-06,67.38745053
2024-08-07,66.00890092
2024-08-08,66.78810367
2024-08-09,63.72015282
2024-08-10,66.10678952
2024-08-11,64.71024661
2024-08-12,64.56799909
2024-08-13,67.49608453
2024-08-14,65.60304076
2024-08-15,65.40865467
2024-08-16,65.2635759
2024-08-17,67.45290061
2024-08-18,66.71323183
2024-08-19,67.72765551
2024-08-20,69.01726197
2024-08-21,68.86799269
2024-08-22,67.91361399
2024-08-23,67.911546
2024-08-24,65.5388517
2024-08-25,69.54950131
2024-08-26,64.77307029
2024-08-27,65.27740215
2024-08-28,65.98152737
2024-08-29,65.40180308
2024-08-30,67.75920675
2024-08-31,67.67496173
2024-09-01,67.56573951
2024-09-02,65.27694819
2024-09-03,66.12947463
2024-09-04,63.66395023
2024-09-05,65.97994332
2024-09-06,63.13948947
2024-09-07,60.5277379
2024-09-08,59.51041539
2024-09-09,62.66847573
2024-09-10,61.94012438
2024-09-11,65.05055886
2024-09-12,63.32832649
2024-09-13,62.88055949
2024-09-14,60.86808062
2024-09-15,63.10517725
2024-09-16,65.43206541
2024-09-17,64.37167383
2024-09-18,65.88361331
2024-09-19,63.03580376
2024-09-20,60.61427386
2024-09-21,63.33373285
2024-09-22,63.69930609
2024-09-23,61.59089533
2024-09-24,63.629289
2024-09-25,65.10401891
2024-09-26,61.49805736
2024-09-27,65.79686104
2024-09-28,65.51675716
2024-09-29,64.16361961
2024-09-30,65.90471509
2024-10-01,63.59483137
2024-10-02,65.80720381
2024-10-03,67.42967431
2024-10-04,66.41563786
2024-10-05,65.84375552
2024-10-06,64.5040816
2024-10-07,64.25295651
2024-10-08,63.34276285
2024-10-09,64.86675187
2024-10-10,66.72646686
2024-10-11,65.4389313
2024-10-12,66.66184134
2024-10-13,65.39919835
2024-10-14,65.32986756
2024-10-15,65.08240993
2024-10-16,66.0918614
2024-10-17,63.654169
2024-10-18,65.91438024
2024-10-19,64.44609756
2024-10-20,67.76527802
2024-10-21,65.55517711
2024-10-22,65.74112385
2024-10-23,65.14382595
2024-10-24,66.7386634
2024-10-25,66.11182513
2024-10-26,69.54783424
2024-10-27,65.66759603
2024-10-28,63.69525754
2024-10-29,64.37384201
2024-10-30,64.61389489
2024-10-31,65.64012129
2024-11-01,65.6371656
2024-11-02,68.11614461
2024-11-03,68.19010607
2024-11-04,65.57505648
2024-11-05,64.87397479
2024-11-06,62.96593679
2024-11-07,62.96410036
2024-11-08,68.93182824
2024-11-09,63.45710404
2024-11-10,62.71116605
2024-11-11,60.10298964
2024-11-12,60.25308123
2024-11-13,59.69307516
2024-11-14,61.6468916
2024-11-15,63.38596357
2024-11-16,63.29588446
2024-11-17,64.55934661
2024-11-18,64.79693172
2024-11-19,65.26292713
2024-11-20,62.38052944
2024-11-21,63.20813874
2024-11-22,65.18927009
2024-11-23,62.68095861
2024-11-24,63.62506363
2024-11-25,63.70746746
2024-11-26,64.57686445
2024-11-27,63.95172726
2024-11-28,65.07338899
2024-11-29,64.24266877
2024-11-30,63.57538797
2024-12-01,62.98595729
2024-12-02,60.2573076
2024-12-03,61.98687257
2024-12-04,60.95483
2024-12-05,59.66393517
2024-12-06,62.20285887
2024-12-07,62.26568171
2024-12-08,63.54093279
2024-12-09,60.1817215
2024-12-10,66.63798858
2024-12-11,63.05615731
2024-12-12,61.62006779
2024-12-13,61.90820311
2024-12-14,64.76891853
2024-12-15,63.13814543
2024-12-16,61.7278286
2024-12-17,64.39031463
2024-12-18,62.25482211
2024-12-19,66.3837363
2024-12-20,67.9669316
2024-12-21,70.27737117
2024-12-22,70.77999541
2024-12-23,69.42349816
2024-12-24,69.57261344
2024-12-25,68.75
2024-12-26,66.3618994
2024-12-27,69.69890393
2024-12-28,71.00252402
2024-12-29,70.26777575
2024-12-30,69.76625267
2024-12-31,70.9587443
2025-01-01,64.64658825
2025-01-02,64.3013712
2025-01-03,66.5720131
2025-01-04,65.75407223
2025-01-05,64.47531993
2025-01-06,65.29867972
2025-01-07,67.11721115
2025-01-08,67.65428244
2025-01-09,68.35268104
2025-01-10,66.64595161
2025-01-11,68.19530206
2025-01-12,67.77376881
2025-01-13,67.47836349
2025-01-14,63.7052658
2025-01-15,66.06711253
2025-01-16,67.48968077
2025-01-17,65.54459758
2025-01-18,65.11383016
2025-01-19,57.03494971
2025-01-20,66.75741347
2025-01-21,68.1800547
2025-01-22,68.95065099
2025-01-23,64.88813193
2025-01-24,65.66772152
2025-01-25,65.12449001
2025-01-26,62.73976812
2025-01-27,68.31318709
2025-01-28,60.09910053
2025-01-29,67.00699388
2025-01-30,66.80329979
2025-01-31,67.34114996
2025-02-01,67.89778026
2025-02-02,66.83209547
2025-02-03,73.34642054
2025-02-04,70.22141056
2025-02-05,71.11128167
2025-02-06,71.91876622
2025-02-07,70.5328427
2025-02-08,68.91885125
2025-02-09,55.73287555
2025-02-10,69.28298551
2025-02-11,70.93017123
2025-02-12,70.94738018
2025-02-13,70.50216987
2025-02-14,70.08288498
2025-02-15,65.95064204
2025-02-16,62.56903226
2025-02-17,62.95275783
2025-02-18,67.75554875
2025-02-19,66.59874192
2025-02-20,67.24835359
2025-02-21,66.08584394
2025-02-22,66.57191298
2025-02-23,65.40899914
2025-02-24,64.73799806
2025-02-25,68.01364548
2025-02-26,67.02381976
2025-02-27,68.77260333
2025-02-28,69.143809
2025-03-01,63.1458271
2025-03-02,64.78196639
2025-03-03,67.07404273
2025-03-04,68.29546398
2025-03-05,65.06214902
2025-03-06,64.71206506
2025-03-07,62.6910512
2025-03-08,64.80593444
2025-03-09,66.55836262
2025-03-10,69.46317897
2025-03-11,65.51666469
2025-03-12,67.71366654
2025-03-13,65.97775348
2025-03-14,65.50457394
2025-03-15,65.5183323
2025-03-16,65.90431767
2025-03-17,66.69587767
2025-03-18,63.44922191
2025-03-19,64.7330754
2025-03-20,63.7084498
2025-03-21,63.64154718
2025-03-22,67.45440178
2025-03-23,69.22513809
2025-03-24,63.26033308
2025-03-25,67.88281244
2025-03-26,66.31148762
2025-03-27,66.86338929
2025-03-28,68.52207003
2025-03-29,69.76456628
2025-03-30,67.03388543
2025-03-31,69.14579107
2025-04-01,67.35159114
2025-04-02,68.13166334
2025-04-03,57.22073062
2025-04-04,68.74128066
2025-04-05,67.50358131
2025-04-06,60.10124901
2025-04-07,65.58859934
2025-04-08,62.15580693
2025-04-09,60.41685223
2025-04-10,64.37658517
2025-04-11,61.93071993
2025-04-12,61.65227435
2025-04-13,63.1846168
2025-04-14,62.71789836
2025-04-15,61.93593925
2025-04-16,64.62959084
2025-04-17,60.72487668
2025-04-18,57.78655489
2025-04-19,51.75068928
2025-04-20,57.19742557
2025-04-21,61.32886526
2025-04-22,59.99271657
2025-04-23,57.37612081
2025-04-24,52.76140561
2025-04-25,53.9256628
2025-04-26,52.09225095
2025-04-27,54.1170499
2025-04-28,57.51379463
2025-04-29,57.65074646
2025-04-30,59.78310363
2025-05-01,59.30826238
2025-05-02,67.19106511
2025-05-03,67.32415624
2025-05-04,66.14595453
2025-05-05,62.72442314
2025-05-06,61.90121415
2025-05-07,64.04517974
2025-05-08,61.15985274
2025-05-09,58.96516838
2025-05-10,63.6188615
2025-05-11,63.01020408
2025-05-12,63.63172492
2025-05-13,63.86470802
2025-05-14,63.83688823
2025-05-15,67.34553671
2025-05-16,65.04451175
2025-05-17,66.77635358
2025-05-18,64.34367203
2025-05-19,65.52184411
2025-05-20,62.96609687
2025-05-21,63.49123007
2025-05-22,63.95950373
2025-05-23,62.56452445
2025-05-24,63.26409147
2025-05-25,63.25206912
2025-05-26,61.7066363
2025-05-27,62.18401211
2025-05-28,60.14911276
2025-05-29,61.65779429
2025-05-30,62.55920429
2025-05-31,62.28142147
2025-06-01,61.43595535
2025-06-02,65.64724678
2025-06-03,65.39440597
2025-06-04,64.93888818
2025-06-05,64.14752251
2025-06-06,69.68805221
2025-06-07,69.12291623
2025-06-08,66.79537531
2025-06-09,63.04156716
2025-06-10,63.74722134
2025-06-11,66.01108104
2025-06-12,68.81222132
2025-06-13,67.88166472
2025-06-14,67.54331385
2025-06-15,69.48235255
2025-06-16,68.4895715
2025-06-17,69.27244789
2025-06-18,70.37265774
2025-06-19,71.79773885
2025-06-20,70.51565865
2025-06-21,71.29011686
2025-06-22,67.5859586
2025-06-23,64.32465849
2025-06-24,66.37090275
2025-06-25,61.0167004
2025-06-26,63.07830258
2025-06-27,65.70609657
2025-06-28,67.61630322
2025-06-29,67.82960387
2025-06-30,62.57498495
2025-07-01,63.13198462
2025-07-02,60.86151057
2025-07-03,64.66819745
2025-07-04,64.1948236
2025-07-05,66.60274961
2025-07-06,66.2546316
2025-07-07,63.93257181
2025-07-08,63.28042249
2025-07-09,61.66374193
2025-07-10,60.18137874
2025-07-11,59.68325202
2025-07-12,62.31670243
2025-07-13,62.62925866
2025-07-14,60.08920986
2025-07-15,61.73379779
2025-07-16,62.89512113
2025-07-17,62.50351951
2025-07-18,62.71976374
2025-07-19,61.57582537
2025-07-20,61.02388757
2025-07-21,63.15535423
2025-07-22,63.52465201
2025-07-23,63.80644392
2025-07-24,63.89172219
2025-07-25,65.89508306
2025-07-26,66.58701139
2025-07-27,67.12569643
2025-07-28,66.28710203
2025-07-29,66.15992915
2025-07-30,65.99076782
2025-07-31,67.26538952
2025-08-01,64.41762261
2025-08-02,66.11913304
2025-08-03,68.28391001
2025-08-04,68.80887135
2025-08-05,66.70812377
2025-08-06,67.61515869
2025-08-07,67.39663504
2025-08-08,67.09246781
2025-08-09,67.91765232
2025-08-10,68.5563571
2025-08-11,67.82792447
2025-08-12,66.01139933
2025-08-13,65.76577175
2025-08-14,67.16590987
2025-08-15,66.14962015
2025-08-16,67.90590119
2025-08-17,68.9701978
2025-08-18,68.03184126
2025-08-19,67.58037023
2025-08-20,66.29578484
2025-08-21,67.55487149
2025-08-22,65.04601016
2025-08-23,68.64066932
2025-08-24,68.28959943
2025-08-25,68.7133056
2025-08-26,68.1384688
2025-08-27,67.94368904
2025-08-28,67.00702332
2025-08-29,71.0728825
2025-08-30,72.15429898
2025-08-31,72.77876953
2025-09-01,68.23839542
2025-09-02,71.99784123
2025-09-03,72.35629141
2025-09-04,71.82263579
2025-09-05,71.40907654
2025-09-06,71.03598605
2025-09-07,71.41427251
2025-09-08,70.06986546
2025-09-09,67.95532187
2025-09-10,65.60288258
2025-09-11,67.61852186
2025-09-12,68.40362862
2025-09-13,67.84427795
2025-09-14,68.39987268
2025-09-15,63.13138695
2025-09-16,65.26389028
2025-09-17,69.96707189
2025-09-18,67.05853663
2025-09-19,63.1168895
2025-09-20,67.18803054
2025-09-21,65.78905869
2025-09-22,65.27602792
2025-09-23,64.84548582
2025-09-24,65.95609671
2025-09-25,65.8917112
2025-09-26,63.10776306
2025-09-27,66.45934308
2025-09-28,65.739818
2025-09-29,65.76980486
2025-09-30,68.04124218
2025-10-01,66.27237964
2025-10-02,64.62173165
2025-10-03,63.57923524
2025-10-04,64.69618563
2025-10-05,67.83233284
2025-10-06,63.68819564
2025-10-07,66.84176909
2025-10-08,68.55550686
2025-10-09,66.73367427
2025-10-10,65.42184522
2025-10-11,67.69913196
2025-10-12,64.03711917
2025-10-13,67.44426383
2025-10-14,68.84712536
2025-10-15,64.23838388
2025-10-16,67.77730649
2025-10-17,62.10404083
2025-10-18,68.19286056
2025-10-19,65.85865148
2025-10-20,64.24054907
2025-10-21,66.32633659
2025-10-22,66.28265623
2025-10-23,69.25098437
2025-10-24,67.7367632
2025-10-25,67.44347802
2025-10-26,66.05389744
2025-10-27,66.85554095
2025-10-28,68.9472109
2025-10-29,69.31573222
2025-10-30,67.81218419
2025-10-31,67.27352567
2025-11-01,68.3072013
2025-11-02,66.44977771
2025-11-03,66.21473145
2025-11-04,66.40924893
2025-11-05,67.99110864
2025-11-06,68.53116347
2025-11-07,69.66393526
2025-11-08,60.56766499
2025-11-09,68.58373124
2025-11-10,64.34893954
2025-11-11,67.10410718
2025-11-12,64.93144084
2025-11-13,66.23623818
2025-11-14,64.01392985
2025-11-15,70.7687566
2025-11-16,67.98925642
2025-11-17,65.45862143
2025-11-18,64.3755021
2025-11-19,66.6023698
2025-11-20,63.46975177
2025-11-21,64.43853561
2025-11-22,63.93674135
2025-11-23,66.11350653
2025-11-24,61.35017891
2025-11-25,68.0264255
2025-11-26,67.70830524
2025-11-27,68.12462259
2025-11-28,71.59007149
2025-11-29,68.90157556
2025-11-30,66.70536352
2025-12-01,69.18404825
2025-12-02,69.93691942
2025-12-03,69.89859377
2025-12-04,69.67342895
2025-12-05,69.23932537
2025-12-06,72.36454793
2025-12-07,67.67663509
2025-12-08,69.64141529
2025-12-09,71.79949369
2025-12-10,71.06353926
2025-12-11,66.87549702
2025-12-12,66.4374607
2025-12-13,71.63957065
2025-12-14,74.447396
2025-12-15,72.66368656
2025-12-16,71.6503808
2025-12-17,72.31484457
2025-12-18,71.01928585
2025-12-19,69.4392993
2025-12-20,74.01227135
2025-12-21,75.21663155
2025-12-22,72.46773977
2025-12-23,78.77342156
2025-12-24,81.58739571
2025-12-25,80.58082167
2025-12-26,81.87518488
2025-12-27,83.65830073
2025-12-28,84.00722633
2025-12-29,80.11951033
2025-12-30,80.66455789
2025-12-31,80.58654744
2026-01-01,80.69743745
2026-01-02,77.56200521
2026-01-03,80.07041022
2026-01-04,80.13397681
2026-01-05,76.98282829
2026-01-06,79.45562198
2026-01-07,75.08113419
2026-01-08,76.32009415
2026-01-09,76.58105622
2026-01-10,81.1527479
2026-01-11,80.55965963
2026-01-12,81.19749549
2026-01-13,81.56918134
2026-01-14,76.84204575
2026-01-15,77.79760572
2026-01-16,77.6615103
2026-01-17,80.03809875
2026-01-18,79.90736283
2026-01-19,82.79803841
2026-01-20,75.17382349
2026-01-21,77.53410673
2026-01-22,75.55260162
2026-01-23,70.01276658
2026-01-24,73.19828464
2026-01-25,71.0253374
2026-01-26,72.25402043
2026-01-27,75.43112256
2026-01-28,71.68456572
2026-01-29,68.81982402
2026-01-30,64.11905155
2026-01-31,67.46095227
2026-02-01,62.11583466
2026-02-02,69.06575734
2026-02-03,71.33382529
2026-02-04,63.57372054
2026-02-05,67.12911725
2026-02-06,69.11920854
2026-02-07,62.09306029
2026-02-08,54.31407218
2026-02-09,68.18399189
2026-02-10,68.62192844
2026-02-11,71.85784395
2026-02-12,70.99312884
2026-02-13,74.90696589
2026-02-14,71.74306153
2026-02-15,69.06979516
2026-02-16,73.01830924
2026-02-17,70.90961129
2026-02-18,73.4541701
2026-02-19,69.6002579
2026-02-20,68.86321074
2026-02-21,65.8517936
2026-02-22,67.47391762
2026-02-23,69.0652728
2026-02-24,70.53096958
2026-02-25,68.47770764
2026-02-26,68.16806682
2026-02-27,69.31195581
2026-02-28,67.4650726
2026-03-01,70.0573737
2026-03-02,69.49475254
2026-03-03,69.90757209
2026-03-04,67.86973669
2026-03-05,68.71279816
2026-03-06,69.47540894
2026-03-07,67.62247028
2026-03-08,67.30879341
2026-03-09,67.35554203
2026-03-10,70.48803838
2026-03-11,72.32091767
2026-03-12,69.86151157
2026-03-13,68.21063068
2026-03-14,71.76417722
2026-03-15,65.45760249
2026-03-16,72.21015698
2026-03-17,69.87710894
2026-03-18,70.2855807
2026-03-19,69.02780575
2026-03-20,70.66274963
2026-03-21,69.87020049
2026-03-22,71.83382978
2026-03-23,69.40045059
2026-03-24,74.33986506
2026-03-25,74.13135469
2026-03-26,73.98835324
2026-03-27,72.83132552
2026-03-28,76.90521581
2026-03-29,73.43974125
2026-03-30,73.68350525
2026-03-31,72.95191903
2026-04-01,65.67827181
2026-04-02,69.80339519
2026-04-03,71.4205451
2026-04-04,71.8453421
2026-04-05,70.23948819
2026-04-06,75.60190572
2026-04-07,71.28366395
2026-04-08,69.05775056
2026-04-09,71.29611455
2026-04-10,72.63817178
2026-04-11,74.96644743
