date,window,step,horizon,connectedness_pct,lag_order,n,stable,row_sum_max_error,method,error,specification,variables
2021-09-10,252,21,10,46.9074473068828,1,252,True,2.22044604925031e-16,Pesaran-Shin generalized FEVD,,primary,BTC|ETH|XRP|DOT|ADA
2021-10-01,252,21,10,50.6179559404816,1,252,True,2.22044604925031e-16,Pesaran-Shin generalized FEVD,,primary,BTC|ETH|XRP|DOT|ADA
2021-10-22,252,21,10,56.9401722950308,1,252,True,2.22044604925031e-16,Pesaran-Shin generalized FEVD,,primary,BTC|ETH|XRP|DOT|ADA
2021-11-12,252,21,10,58.0315819293898,1,252,True,2.22044604925031e-16,Pesaran-Shin generalized FEVD,,primary,BTC|ETH|XRP|DOT|ADA
2021-12-03,252,21,10,59.7704129544228,1,252,True,1.11022302462516e-16,Pesaran-Shin generalized FEVD,,primary,BTC|ETH|XRP|DOT|ADA
2021-12-24,252,21,10,62.8881228820801,1,252,True,2.22044604925031e-16,Pesaran-Shin generalized FEVD,,primary,BTC|ETH|XRP|DOT|ADA
2022-01-14,252,21,10,64.1698391688677,1,252,True,2.22044604925031e-16,Pesaran-Shin generalized FEVD,,primary,BTC|ETH|XRP|DOT|ADA
2022-02-04,252,21,10,55.74369840204,1,252,True,2.22044604925031e-16,Pesaran-Shin generalized FEVD,,primary,BTC|ETH|XRP|DOT|ADA
2022-02-25,252,21,10,56.3406138786408,1,252,True,1.11022302462516e-16,Pesaran-Shin generalized FEVD,,primary,BTC|ETH|XRP|DOT|ADA
2022-03-18,252,21,10,53.1912982633944,1,252,True,2.22044604925031e-16,Pesaran-Shin generalized FEVD,,primary,BTC|ETH|XRP|DOT|ADA
2022-04-08,252,21,10,53.6016683886992,1,252,True,2.22044604925031e-16,Pesaran-Shin generalized FEVD,,primary,BTC|ETH|XRP|DOT|ADA
2022-04-29,252,21,10,57.3507148016921,1,252,True,2.22044604925031e-16,Pesaran-Shin generalized FEVD,,primary,BTC|ETH|XRP|DOT|ADA
2022-05-20,252,21,10,60.9351687877278,1,252,True,2.22044604925031e-16,Pesaran-Shin generalized FEVD,,primary,BTC|ETH|XRP|DOT|ADA
2022-06-10,252,21,10,59.7200350978567,1,252,True,2.22044604925031e-16,Pesaran-Shin generalized FEVD,,primary,BTC|ETH|XRP|DOT|ADA
2022-07-01,252,21,10,61.0200388443729,1,252,True,1.11022302462516e-16,Pesaran-Shin generalized FEVD,,primary,BTC|ETH|XRP|DOT|ADA
2022-07-22,252,21,10,61.7927057269312,1,252,True,2.22044604925031e-16,Pesaran-Shin generalized FEVD,,primary,BTC|ETH|XRP|DOT|ADA
2022-08-12,252,21,10,61.8895011961135,1,252,True,2.22044604925031e-16,Pesaran-Shin generalized FEVD,,primary,BTC|ETH|XRP|DOT|ADA
2022-09-02,252,21,10,63.7446571072889,1,252,True,1.11022302462516e-16,Pesaran-Shin generalized FEVD,,primary,BTC|ETH|XRP|DOT|ADA
2022-09-23,252,21,10,62.6371859984016,1,252,True,2.22044604925031e-16,Pesaran-Shin generalized FEVD,,primary,BTC|ETH|XRP|DOT|ADA
2022-10-14,252,21,10,62.0779450434683,1,252,True,0,Pesaran-Shin generalized FEVD,,primary,BTC|ETH|XRP|DOT|ADA
2022-11-04,252,21,10,63.4206837192477,1,252,True,2.22044604925031e-16,Pesaran-Shin generalized FEVD,,primary,BTC|ETH|XRP|DOT|ADA
2022-11-25,252,21,10,65.9776393947429,1,252,True,2.22044604925031e-16,Pesaran-Shin generalized FEVD,,primary,BTC|ETH|XRP|DOT|ADA
2022-12-16,252,21,10,66.570115892276,1,252,True,1.11022302462516e-16,Pesaran-Shin generalized FEVD,,primary,BTC|ETH|XRP|DOT|ADA
2023-01-06,252,21,10,66.6703722152186,1,252,True,2.22044604925031e-16,Pesaran-Shin generalized FEVD,,primary,BTC|ETH|XRP|DOT|ADA
2023-01-27,252,21,10,64.6871188207261,1,252,True,1.11022302462516e-16,Pesaran-Shin generalized FEVD,,primary,BTC|ETH|XRP|DOT|ADA
2023-02-17,252,21,10,64.960155281097,1,252,True,0,Pesaran-Shin generalized FEVD,,primary,BTC|ETH|XRP|DOT|ADA
2023-03-10,252,21,10,64.8103469458733,1,252,True,2.22044604925031e-16,Pesaran-Shin generalized FEVD,,primary,BTC|ETH|XRP|DOT|ADA
2023-03-31,252,21,10,63.4318702677542,1,252,True,2.22044604925031e-16,Pesaran-Shin generalized FEVD,,primary,BTC|ETH|XRP|DOT|ADA
2023-04-21,252,21,10,63.3169534013144,1,252,True,1.11022302462516e-16,Pesaran-Shin generalized FEVD,,primary,BTC|ETH|XRP|DOT|ADA
2023-05-12,252,21,10,62.2678927687971,1,252,True,0,Pesaran-Shin generalized FEVD,,primary,BTC|ETH|XRP|DOT|ADA
2023-06-02,252,21,10,63.0637290065556,1,252,True,2.22044604925031e-16,Pesaran-Shin generalized FEVD,,primary,BTC|ETH|XRP|DOT|ADA
2023-06-23,252,21,10,62.5717093133547,1,252,True,0,Pesaran-Shin generalized FEVD,,primary,BTC|ETH|XRP|DOT|ADA
2023-07-14,252,21,10,60.3197139819288,1,252,True,1.11022302462516e-16,Pesaran-Shin generalized FEVD,,primary,BTC|ETH|XRP|DOT|ADA
2023-08-04,252,21,10,53.8094228636286,1,252,True,1.11022302462516e-16,Pesaran-Shin generalized FEVD,,primary,BTC|ETH|XRP|DOT|ADA
2023-08-25,252,21,10,55.0730988939972,1,252,True,2.22044604925031e-16,Pesaran-Shin generalized FEVD,,primary,BTC|ETH|XRP|DOT|ADA
2023-09-15,252,21,10,55.2405139442463,1,252,True,1.11022302462516e-16,Pesaran-Shin generalized FEVD,,primary,BTC|ETH|XRP|DOT|ADA
2023-10-06,252,21,10,56.4755537064233,1,252,True,2.22044604925031e-16,Pesaran-Shin generalized FEVD,,primary,BTC|ETH|XRP|DOT|ADA
2023-10-27,252,21,10,56.7217834174283,1,252,True,0,Pesaran-Shin generalized FEVD,,primary,BTC|ETH|XRP|DOT|ADA
2023-11-17,252,21,10,54.4287681355972,1,252,True,1.11022302462516e-16,Pesaran-Shin generalized FEVD,,primary,BTC|ETH|XRP|DOT|ADA
2023-12-08,252,21,10,52.3030490667746,1,252,True,2.22044604925031e-16,Pesaran-Shin generalized FEVD,,primary,BTC|ETH|XRP|DOT|ADA
2023-12-29,252,21,10,47.634697947249,1,252,True,2.22044604925031e-16,Pesaran-Shin generalized FEVD,,primary,BTC|ETH|XRP|DOT|ADA
2024-01-19,252,21,10,49.6692000628884,1,252,True,2.22044604925031e-16,Pesaran-Shin generalized FEVD,,primary,BTC|ETH|XRP|DOT|ADA
2024-02-09,252,21,10,49.4565343013159,1,252,True,1.11022302462516e-16,Pesaran-Shin generalized FEVD,,primary,BTC|ETH|XRP|DOT|ADA
2024-03-01,252,21,10,48.0793530366579,1,252,True,1.11022302462516e-16,Pesaran-Shin generalized FEVD,,primary,BTC|ETH|XRP|DOT|ADA
2024-03-22,252,21,10,53.5280194645117,1,252,True,2.22044604925031e-16,Pesaran-Shin generalized FEVD,,primary,BTC|ETH|XRP|DOT|ADA
2024-04-12,252,21,10,55.5935031315196,1,252,True,2.22044604925031e-16,Pesaran-Shin generalized FEVD,,primary,BTC|ETH|XRP|DOT|ADA
2024-05-03,252,21,10,54.9708623856812,1,252,True,0,Pesaran-Shin generalized FEVD,,primary,BTC|ETH|XRP|DOT|ADA
2024-05-24,252,21,10,54.6720823893946,1,252,True,1.11022302462516e-16,Pesaran-Shin generalized FEVD,,primary,BTC|ETH|XRP|DOT|ADA
2024-06-14,252,21,10,54.5094258986027,1,252,True,1.11022302462516e-16,Pesaran-Shin generalized FEVD,,primary,BTC|ETH|XRP|DOT|ADA
2024-07-05,252,21,10,54.6488937090414,1,252,True,0,Pesaran-Shin generalized FEVD,,primary,BTC|ETH|XRP|DOT|ADA
2024-07-26,252,21,10,53.7588048712188,1,252,True,0,Pesaran-Shin generalized FEVD,,primary,BTC|ETH|XRP|DOT|ADA
2024-08-16,252,21,10,54.7525582553514,1,252,True,1.11022302462516e-16,Pesaran-Shin generalized FEVD,,primary,BTC|ETH|XRP|DOT|ADA
2024-09-06,252,21,10,57.3211822449829,1,252,True,2.22044604925031e-16,Pesaran-Shin generalized FEVD,,primary,BTC|ETH|XRP|DOT|ADA
2024-09-27,252,21,10,55.675607053368,1,252,True,2.22044604925031e-16,Pesaran-Shin generalized FEVD,,primary,BTC|ETH|XRP|DOT|ADA
2024-10-18,252,21,10,55.3400662071979,1,252,True,2.22044604925031e-16,Pesaran-Shin generalized FEVD,,primary,BTC|ETH|XRP|DOT|ADA
2024-11-08,252,21,10,56.13247931107,1,252,True,0,Pesaran-Shin generalized FEVD,,primary,BTC|ETH|XRP|DOT|ADA
2024-11-29,252,21,10,46.8289242633233,1,252,True,2.22044604925031e-16,Pesaran-Shin generalized FEVD,,primary,BTC|ETH|XRP|DOT|ADA
2024-12-20,252,21,10,44.5658250290055,1,252,True,1.11022302462516e-16,Pesaran-Shin generalized FEVD,,primary,BTC|ETH|XRP|DOT|ADA
2025-01-10,252,21,10,45.2081161901324,1,252,True,2.22044604925031e-16,Pesaran-Shin generalized FEVD,,primary,BTC|ETH|XRP|DOT|ADA
2025-01-31,252,21,10,44.7434454947993,1,252,True,0,Pesaran-Shin generalized FEVD,,primary,BTC|ETH|XRP|DOT|ADA
2025-02-21,252,21,10,43.9868681518838,1,252,True,1.11022302462516e-16,Pesaran-Shin generalized FEVD,,primary,BTC|ETH|XRP|DOT|ADA
2025-03-14,252,21,10,50.4049967561555,1,252,True,1.11022302462516e-16,Pesaran-Shin generalized FEVD,,primary,BTC|ETH|XRP|DOT|ADA
2025-04-04,252,21,10,51.7081918241834,1,252,True,2.22044604925031e-16,Pesaran-Shin generalized FEVD,,primary,BTC|ETH|XRP|DOT|ADA
2025-04-25,252,21,10,54.178392625175,1,252,True,1.11022302462516e-16,Pesaran-Shin generalized FEVD,,primary,BTC|ETH|XRP|DOT|ADA
2025-05-16,252,21,10,54.5263566445893,1,252,True,1.11022302462516e-16,Pesaran-Shin generalized FEVD,,primary,BTC|ETH|XRP|DOT|ADA
2025-06-06,252,21,10,55.3916492142187,1,252,True,0,Pesaran-Shin generalized FEVD,,primary,BTC|ETH|XRP|DOT|ADA
2025-06-27,252,21,10,55.4854242309762,1,252,True,1.11022302462516e-16,Pesaran-Shin generalized FEVD,,primary,BTC|ETH|XRP|DOT|ADA
2025-07-18,252,21,10,56.0185937526654,1,252,True,1.11022302462516e-16,Pesaran-Shin generalized FEVD,,primary,BTC|ETH|XRP|DOT|ADA
2025-08-08,252,21,10,61.4912354639999,1,252,True,0,Pesaran-Shin generalized FEVD,,primary,BTC|ETH|XRP|DOT|ADA
2025-08-29,252,21,10,62.4902699805385,1,252,True,2.22044604925031e-16,Pesaran-Shin generalized FEVD,,primary,BTC|ETH|XRP|DOT|ADA
2025-09-19,252,21,10,63.3740710809717,1,252,True,2.22044604925031e-16,Pesaran-Shin generalized FEVD,,primary,BTC|ETH|XRP|DOT|ADA
2025-10-10,252,21,10,65.3987053856141,1,252,True,2.22044604925031e-16,Pesaran-Shin generalized FEVD,,primary,BTC|ETH|XRP|DOT|ADA
2025-10-31,252,21,10,65.9098403522924,1,252,True,2.22044604925031e-16,Pesaran-Shin generalized FEVD,,primary,BTC|ETH|XRP|DOT|ADA
2025-11-21,252,21,10,64.7529723198402,1,252,True,1.11022302462516e-16,Pesaran-Shin generalized FEVD,,primary,BTC|ETH|XRP|DOT|ADA
2025-12-12,252,21,10,64.7417521116577,1,252,True,0,Pesaran-Shin generalized FEVD,,primary,BTC|ETH|XRP|DOT|ADA
2026-01-02,252,21,10,63.0340825804992,1,252,True,2.22044604925031e-16,Pesaran-Shin generalized FEVD,,primary,BTC|ETH|XRP|DOT|ADA
2026-01-23,252,21,10,63.4058637149067,1,252,True,1.11022302462516e-16,Pesaran-Shin generalized FEVD,,primary,BTC|ETH|XRP|DOT|ADA
2026-02-13,252,21,10,66.0052459835491,1,252,True,2.22044604925031e-16,Pesaran-Shin generalized FEVD,,primary,BTC|ETH|XRP|DOT|ADA
2026-03-06,252,21,10,65.3125217907044,1,252,True,1.11022302462516e-16,Pesaran-Shin generalized FEVD,,primary,BTC|ETH|XRP|DOT|ADA
2026-03-27,252,21,10,65.9681855862818,1,252,True,2.22044604925031e-16,Pesaran-Shin generalized FEVD,,primary,BTC|ETH|XRP|DOT|ADA
2026-04-17,252,21,10,66.5889946922944,1,252,True,1.11022302462516e-16,Pesaran-Shin generalized FEVD,,primary,BTC|ETH|XRP|DOT|ADA
2026-05-08,252,21,10,66.7621622988688,1,252,True,0,Pesaran-Shin generalized FEVD,,primary,BTC|ETH|XRP|DOT|ADA
2026-05-29,252,21,10,67.1254074224342,1,252,True,2.22044604925031e-16,Pesaran-Shin generalized FEVD,,primary,BTC|ETH|XRP|DOT|ADA
2026-06-19,252,21,10,65.0640140633146,1,252,True,1.11022302462516e-16,Pesaran-Shin generalized FEVD,,primary,BTC|ETH|XRP|DOT|ADA
2021-06-30,180,21,10,45.5103373026359,1,180,True,1.11022302462516e-16,Pesaran-Shin generalized FEVD,,window_180,BTC|ETH|XRP|DOT|ADA
2021-07-21,180,21,10,50.4439315704878,1,180,True,1.11022302462516e-16,Pesaran-Shin generalized FEVD,,window_180,BTC|ETH|XRP|DOT|ADA
2021-08-11,180,21,10,57.2871059973629,1,180,True,1.11022302462516e-16,Pesaran-Shin generalized FEVD,,window_180,BTC|ETH|XRP|DOT|ADA
2021-09-01,180,21,10,57.8098720800656,1,180,True,1.11022302462516e-16,Pesaran-Shin generalized FEVD,,window_180,BTC|ETH|XRP|DOT|ADA
2021-09-22,180,21,10,60.7481859286356,1,180,True,2.22044604925031e-16,Pesaran-Shin generalized FEVD,,window_180,BTC|ETH|XRP|DOT|ADA
2021-10-13,180,21,10,64.0843617666928,1,180,True,2.22044604925031e-16,Pesaran-Shin generalized FEVD,,window_180,BTC|ETH|XRP|DOT|ADA
2021-11-03,180,21,10,64.8907484088616,1,180,True,2.22044604925031e-16,Pesaran-Shin generalized FEVD,,window_180,BTC|ETH|XRP|DOT|ADA
2021-11-24,180,21,10,54.9866219669469,1,180,True,2.22044604925031e-16,Pesaran-Shin generalized FEVD,,window_180,BTC|ETH|XRP|DOT|ADA
2021-12-15,180,21,10,56.8788033335865,1,180,True,0,Pesaran-Shin generalized FEVD,,window_180,BTC|ETH|XRP|DOT|ADA
2022-01-05,180,21,10,52.2465530175239,1,180,True,2.22044604925031e-16,Pesaran-Shin generalized FEVD,,window_180,BTC|ETH|XRP|DOT|ADA
2022-01-26,180,21,10,53.918074089687,1,180,True,2.22044604925031e-16,Pesaran-Shin generalized FEVD,,window_180,BTC|ETH|XRP|DOT|ADA
2022-02-16,180,21,10,56.1912274784211,1,180,True,2.22044604925031e-16,Pesaran-Shin generalized FEVD,,window_180,BTC|ETH|XRP|DOT|ADA
2022-03-09,180,21,10,55.6407981855495,1,180,True,1.11022302462516e-16,Pesaran-Shin generalized FEVD,,window_180,BTC|ETH|XRP|DOT|ADA
2022-03-30,180,21,10,51.007716055963,1,180,True,0,Pesaran-Shin generalized FEVD,,window_180,BTC|ETH|XRP|DOT|ADA
2022-04-20,180,21,10,56.0044560055863,1,180,True,2.22044604925031e-16,Pesaran-Shin generalized FEVD,,window_180,BTC|ETH|XRP|DOT|ADA
2022-05-11,180,21,10,64.481233685341,1,180,True,2.22044604925031e-16,Pesaran-Shin generalized FEVD,,window_180,BTC|ETH|XRP|DOT|ADA
2022-06-01,180,21,10,63.6015483811358,1,180,True,2.22044604925031e-16,Pesaran-Shin generalized FEVD,,window_180,BTC|ETH|XRP|DOT|ADA
2022-06-22,180,21,10,63.8587543631249,1,180,True,0,Pesaran-Shin generalized FEVD,,window_180,BTC|ETH|XRP|DOT|ADA
2022-07-13,180,21,10,63.2697497535896,1,180,True,2.22044604925031e-16,Pesaran-Shin generalized FEVD,,window_180,BTC|ETH|XRP|DOT|ADA
2022-08-03,180,21,10,62.8357846597727,1,180,True,0,Pesaran-Shin generalized FEVD,,window_180,BTC|ETH|XRP|DOT|ADA
2022-08-24,180,21,10,65.8855092697904,1,180,True,1.11022302462516e-16,Pesaran-Shin generalized FEVD,,window_180,BTC|ETH|XRP|DOT|ADA
2022-09-14,180,21,10,66.2553178568631,1,180,True,2.22044604925031e-16,Pesaran-Shin generalized FEVD,,window_180,BTC|ETH|XRP|DOT|ADA
2022-10-05,180,21,10,63.7143618365935,1,180,True,2.22044604925031e-16,Pesaran-Shin generalized FEVD,,window_180,BTC|ETH|XRP|DOT|ADA
2022-10-26,180,21,10,63.4715249550555,1,180,True,1.11022302462516e-16,Pesaran-Shin generalized FEVD,,window_180,BTC|ETH|XRP|DOT|ADA
2022-11-16,180,21,10,64.9548368437963,1,180,True,1.11022302462516e-16,Pesaran-Shin generalized FEVD,,window_180,BTC|ETH|XRP|DOT|ADA
2022-12-07,180,21,10,66.3928383460712,1,180,True,2.22044604925031e-16,Pesaran-Shin generalized FEVD,,window_180,BTC|ETH|XRP|DOT|ADA
2022-12-28,180,21,10,67.3217940366754,1,180,True,2.22044604925031e-16,Pesaran-Shin generalized FEVD,,window_180,BTC|ETH|XRP|DOT|ADA
2023-01-18,180,21,10,66.9036466568535,1,180,True,0,Pesaran-Shin generalized FEVD,,window_180,BTC|ETH|XRP|DOT|ADA
2023-02-08,180,21,10,66.6481804625369,1,180,True,0,Pesaran-Shin generalized FEVD,,window_180,BTC|ETH|XRP|DOT|ADA
2023-03-01,180,21,10,65.119955520892,1,180,True,1.11022302462516e-16,Pesaran-Shin generalized FEVD,,window_180,BTC|ETH|XRP|DOT|ADA
2023-03-22,180,21,10,63.9863983413737,1,180,True,2.22044604925031e-16,Pesaran-Shin generalized FEVD,,window_180,BTC|ETH|XRP|DOT|ADA
2023-04-12,180,21,10,63.9788850559797,1,180,True,0,Pesaran-Shin generalized FEVD,,window_180,BTC|ETH|XRP|DOT|ADA
2023-05-03,180,21,10,64.2122874638067,1,180,True,1.11022302462516e-16,Pesaran-Shin generalized FEVD,,window_180,BTC|ETH|XRP|DOT|ADA
2023-05-24,180,21,10,54.2270112050059,1,180,True,2.22044604925031e-16,Pesaran-Shin generalized FEVD,,window_180,BTC|ETH|XRP|DOT|ADA
2023-06-14,180,21,10,52.6870898849202,1,180,True,0,Pesaran-Shin generalized FEVD,,window_180,BTC|ETH|XRP|DOT|ADA
2023-07-05,180,21,10,50.7747916908657,1,180,True,2.22044604925031e-16,Pesaran-Shin generalized FEVD,,window_180,BTC|ETH|XRP|DOT|ADA
2023-07-26,180,21,10,54.2477969305535,1,180,True,2.22044604925031e-16,Pesaran-Shin generalized FEVD,,window_180,BTC|ETH|XRP|DOT|ADA
2023-08-16,180,21,10,55.556023871942,1,180,True,2.22044604925031e-16,Pesaran-Shin generalized FEVD,,window_180,BTC|ETH|XRP|DOT|ADA
2023-09-06,180,21,10,57.4692864375268,1,180,True,2.22044604925031e-16,Pesaran-Shin generalized FEVD,,window_180,BTC|ETH|XRP|DOT|ADA
2023-09-27,180,21,10,57.6565799172027,1,180,True,2.22044604925031e-16,Pesaran-Shin generalized FEVD,,window_180,BTC|ETH|XRP|DOT|ADA
2023-10-18,180,21,10,57.0009658822597,1,180,True,1.11022302462516e-16,Pesaran-Shin generalized FEVD,,window_180,BTC|ETH|XRP|DOT|ADA
2023-11-08,180,21,10,56.6402734322646,1,180,True,0,Pesaran-Shin generalized FEVD,,window_180,BTC|ETH|XRP|DOT|ADA
2023-11-29,180,21,10,55.3777547994876,1,180,True,1.11022302462516e-16,Pesaran-Shin generalized FEVD,,window_180,BTC|ETH|XRP|DOT|ADA
2023-12-20,180,21,10,52.5315216317081,1,180,True,2.22044604925031e-16,Pesaran-Shin generalized FEVD,,window_180,BTC|ETH|XRP|DOT|ADA
2024-01-10,180,21,10,50.2901918823204,1,180,True,2.22044604925031e-16,Pesaran-Shin generalized FEVD,,window_180,BTC|ETH|XRP|DOT|ADA
2024-01-31,180,21,10,51.5529481017316,1,180,True,1.11022302462516e-16,Pesaran-Shin generalized FEVD,,window_180,BTC|ETH|XRP|DOT|ADA
2024-02-21,180,21,10,48.2445667532375,1,180,True,1.11022302462516e-16,Pesaran-Shin generalized FEVD,,window_180,BTC|ETH|XRP|DOT|ADA
2024-03-13,180,21,10,44.7861697031035,1,180,True,1.11022302462516e-16,Pesaran-Shin generalized FEVD,,window_180,BTC|ETH|XRP|DOT|ADA
2024-04-03,180,21,10,50.9052403695646,1,180,True,2.22044604925031e-16,Pesaran-Shin generalized FEVD,,window_180,BTC|ETH|XRP|DOT|ADA
2024-04-24,180,21,10,53.5515418126548,1,180,True,1.11022302462516e-16,Pesaran-Shin generalized FEVD,,window_180,BTC|ETH|XRP|DOT|ADA
2024-05-15,180,21,10,56.1775107638657,1,180,True,2.22044604925031e-16,Pesaran-Shin generalized FEVD,,window_180,BTC|ETH|XRP|DOT|ADA
2024-06-05,180,21,10,57.4856351093634,1,180,True,2.22044604925031e-16,Pesaran-Shin generalized FEVD,,window_180,BTC|ETH|XRP|DOT|ADA
2024-06-26,180,21,10,60.4695065343529,1,180,True,1.11022302462516e-16,Pesaran-Shin generalized FEVD,,window_180,BTC|ETH|XRP|DOT|ADA
2024-07-17,180,21,10,58.6898310136564,1,180,True,1.11022302462516e-16,Pesaran-Shin generalized FEVD,,window_180,BTC|ETH|XRP|DOT|ADA
2024-08-07,180,21,10,57.4835945792456,1,180,True,0,Pesaran-Shin generalized FEVD,,window_180,BTC|ETH|XRP|DOT|ADA
2024-08-28,180,21,10,58.6168272106232,1,180,True,1.11022302462516e-16,Pesaran-Shin generalized FEVD,,window_180,BTC|ETH|XRP|DOT|ADA
2024-09-18,180,21,10,54.8221178202335,1,180,True,2.22044604925031e-16,Pesaran-Shin generalized FEVD,,window_180,BTC|ETH|XRP|DOT|ADA
2024-10-09,180,21,10,48.8009332354764,1,180,True,0,Pesaran-Shin generalized FEVD,,window_180,BTC|ETH|XRP|DOT|ADA
2024-10-30,180,21,10,50.4045315889921,1,180,True,3.33066907387547e-16,Pesaran-Shin generalized FEVD,,window_180,BTC|ETH|XRP|DOT|ADA
2024-11-20,180,21,10,46.2394489359434,1,180,True,1.11022302462516e-16,Pesaran-Shin generalized FEVD,,window_180,BTC|ETH|XRP|DOT|ADA
2024-12-11,180,21,10,43.2845204806842,1,180,True,1.11022302462516e-16,Pesaran-Shin generalized FEVD,,window_180,BTC|ETH|XRP|DOT|ADA
2025-01-01,180,21,10,42.7863978646857,1,180,True,2.22044604925031e-16,Pesaran-Shin generalized FEVD,,window_180,BTC|ETH|XRP|DOT|ADA
2025-01-22,180,21,10,44.4049916618856,1,180,True,2.22044604925031e-16,Pesaran-Shin generalized FEVD,,window_180,BTC|ETH|XRP|DOT|ADA
2025-02-12,180,21,10,44.2804955954502,1,180,True,2.22044604925031e-16,Pesaran-Shin generalized FEVD,,window_180,BTC|ETH|XRP|DOT|ADA
2025-03-05,180,21,10,52.0054354490652,1,180,True,1.11022302462516e-16,Pesaran-Shin generalized FEVD,,window_180,BTC|ETH|XRP|DOT|ADA
2025-03-26,180,21,10,52.8145414424388,1,180,True,2.22044604925031e-16,Pesaran-Shin generalized FEVD,,window_180,BTC|ETH|XRP|DOT|ADA
2025-04-16,180,21,10,54.0856722628373,1,180,True,2.22044604925031e-16,Pesaran-Shin generalized FEVD,,window_180,BTC|ETH|XRP|DOT|ADA
2025-05-07,180,21,10,55.7048313111554,1,180,True,2.22044604925031e-16,Pesaran-Shin generalized FEVD,,window_180,BTC|ETH|XRP|DOT|ADA
2025-05-28,180,21,10,62.4410800362166,1,180,True,1.11022302462516e-16,Pesaran-Shin generalized FEVD,,window_180,BTC|ETH|XRP|DOT|ADA
2025-06-18,180,21,10,64.3969898260461,1,180,True,2.22044604925031e-16,Pesaran-Shin generalized FEVD,,window_180,BTC|ETH|XRP|DOT|ADA
2025-07-09,180,21,10,65.7186750590517,1,180,True,1.11022302462516e-16,Pesaran-Shin generalized FEVD,,window_180,BTC|ETH|XRP|DOT|ADA
2025-07-30,180,21,10,65.2781912415365,1,180,True,2.22044604925031e-16,Pesaran-Shin generalized FEVD,,window_180,BTC|ETH|XRP|DOT|ADA
2025-08-20,180,21,10,65.1639174438752,1,180,True,2.22044604925031e-16,Pesaran-Shin generalized FEVD,,window_180,BTC|ETH|XRP|DOT|ADA
2025-09-10,180,21,10,64.3771885645686,1,180,True,2.22044604925031e-16,Pesaran-Shin generalized FEVD,,window_180,BTC|ETH|XRP|DOT|ADA
2025-10-01,180,21,10,64.6991235810181,1,180,True,1.11022302462516e-16,Pesaran-Shin generalized FEVD,,window_180,BTC|ETH|XRP|DOT|ADA
2025-10-22,180,21,10,65.5335217727594,1,180,True,0,Pesaran-Shin generalized FEVD,,window_180,BTC|ETH|XRP|DOT|ADA
2025-11-12,180,21,10,64.5558808479033,1,180,True,0,Pesaran-Shin generalized FEVD,,window_180,BTC|ETH|XRP|DOT|ADA
2025-12-03,180,21,10,63.7193841320008,1,180,True,2.22044604925031e-16,Pesaran-Shin generalized FEVD,,window_180,BTC|ETH|XRP|DOT|ADA
2025-12-24,180,21,10,63.7837766349661,1,180,True,1.11022302462516e-16,Pesaran-Shin generalized FEVD,,window_180,BTC|ETH|XRP|DOT|ADA
2026-01-14,180,21,10,64.3910617853012,1,180,True,2.22044604925031e-16,Pesaran-Shin generalized FEVD,,window_180,BTC|ETH|XRP|DOT|ADA
2026-02-04,180,21,10,66.3040850774656,1,180,True,2.22044604925031e-16,Pesaran-Shin generalized FEVD,,window_180,BTC|ETH|XRP|DOT|ADA
2026-02-25,180,21,10,68.3512853699836,1,180,True,2.22044604925031e-16,Pesaran-Shin generalized FEVD,,window_180,BTC|ETH|XRP|DOT|ADA
2026-03-18,180,21,10,67.7002356595592,1,180,True,2.22044604925031e-16,Pesaran-Shin generalized FEVD,,window_180,BTC|ETH|XRP|DOT|ADA
2026-04-08,180,21,10,65.6632011024236,1,180,True,1.11022302462516e-16,Pesaran-Shin generalized FEVD,,window_180,BTC|ETH|XRP|DOT|ADA
2026-04-29,180,21,10,65.586441132663,1,180,True,1.11022302462516e-16,Pesaran-Shin generalized FEVD,,window_180,BTC|ETH|XRP|DOT|ADA
2026-05-20,180,21,10,66.6660878220106,1,180,True,1.11022302462516e-16,Pesaran-Shin generalized FEVD,,window_180,BTC|ETH|XRP|DOT|ADA
2026-06-10,180,21,10,66.9361979107081,1,180,True,1.11022302462516e-16,Pesaran-Shin generalized FEVD,,window_180,BTC|ETH|XRP|DOT|ADA
2022-01-01,365,21,10,48.3945540374529,1,365,True,0,Pesaran-Shin generalized FEVD,,window_365,BTC|ETH|XRP|DOT|ADA
2022-01-22,365,21,10,50.9455467502513,1,365,True,2.22044604925031e-16,Pesaran-Shin generalized FEVD,,window_365,BTC|ETH|XRP|DOT|ADA
2022-02-12,365,21,10,56.438970948546,1,365,True,1.11022302462516e-16,Pesaran-Shin generalized FEVD,,window_365,BTC|ETH|XRP|DOT|ADA
2022-03-05,365,21,10,57.8437913685608,1,365,True,1.11022302462516e-16,Pesaran-Shin generalized FEVD,,window_365,BTC|ETH|XRP|DOT|ADA
2022-03-26,365,21,10,58.7803613235627,1,365,True,2.22044604925031e-16,Pesaran-Shin generalized FEVD,,window_365,BTC|ETH|XRP|DOT|ADA
2022-04-16,365,21,10,62.3211218415974,1,365,True,2.22044604925031e-16,Pesaran-Shin generalized FEVD,,window_365,BTC|ETH|XRP|DOT|ADA
2022-05-07,365,21,10,63.6224688909225,1,365,True,1.11022302462516e-16,Pesaran-Shin generalized FEVD,,window_365,BTC|ETH|XRP|DOT|ADA
2022-05-28,365,21,10,58.8030688372774,1,365,True,1.11022302462516e-16,Pesaran-Shin generalized FEVD,,window_365,BTC|ETH|XRP|DOT|ADA
2022-06-18,365,21,10,59.4012936152429,1,365,True,2.22044604925031e-16,Pesaran-Shin generalized FEVD,,window_365,BTC|ETH|XRP|DOT|ADA
2022-07-09,365,21,10,57.6278770027278,1,365,True,1.11022302462516e-16,Pesaran-Shin generalized FEVD,,window_365,BTC|ETH|XRP|DOT|ADA
2022-07-30,365,21,10,58.1604173826735,1,365,True,2.22044604925031e-16,Pesaran-Shin generalized FEVD,,window_365,BTC|ETH|XRP|DOT|ADA
2022-08-20,365,21,10,60.7297504380181,1,365,True,2.22044604925031e-16,Pesaran-Shin generalized FEVD,,window_365,BTC|ETH|XRP|DOT|ADA
2022-09-10,365,21,10,60.9318263188952,1,365,True,1.11022302462516e-16,Pesaran-Shin generalized FEVD,,window_365,BTC|ETH|XRP|DOT|ADA
2022-10-01,365,21,10,58.8664212017658,1,365,True,2.22044604925031e-16,Pesaran-Shin generalized FEVD,,window_365,BTC|ETH|XRP|DOT|ADA
2022-10-22,365,21,10,60.5210558159217,1,365,True,1.11022302462516e-16,Pesaran-Shin generalized FEVD,,window_365,BTC|ETH|XRP|DOT|ADA
2022-11-12,365,21,10,63.8820804702713,1,365,True,1.11022302462516e-16,Pesaran-Shin generalized FEVD,,window_365,BTC|ETH|XRP|DOT|ADA
2022-12-03,365,21,10,63.6840180832922,1,365,True,0,Pesaran-Shin generalized FEVD,,window_365,BTC|ETH|XRP|DOT|ADA
2022-12-24,365,21,10,64.8478196542578,1,365,True,1.11022302462516e-16,Pesaran-Shin generalized FEVD,,window_365,BTC|ETH|XRP|DOT|ADA
2023-01-14,365,21,10,64.7026572510818,1,365,True,1.11022302462516e-16,Pesaran-Shin generalized FEVD,,window_365,BTC|ETH|XRP|DOT|ADA
2023-02-04,365,21,10,64.6570143204403,1,365,True,1.11022302462516e-16,Pesaran-Shin generalized FEVD,,window_365,BTC|ETH|XRP|DOT|ADA
2023-02-25,365,21,10,65.3964679051855,1,365,True,0,Pesaran-Shin generalized FEVD,,window_365,BTC|ETH|XRP|DOT|ADA
2023-03-18,365,21,10,65.1353024073409,1,365,True,2.22044604925031e-16,Pesaran-Shin generalized FEVD,,window_365,BTC|ETH|XRP|DOT|ADA
2023-04-08,365,21,10,64.2105283597244,1,365,True,1.11022302462516e-16,Pesaran-Shin generalized FEVD,,window_365,BTC|ETH|XRP|DOT|ADA
2023-04-29,365,21,10,64.1086274018209,1,365,True,0,Pesaran-Shin generalized FEVD,,window_365,BTC|ETH|XRP|DOT|ADA
2023-05-20,365,21,10,62.3255513340152,1,365,True,1.11022302462516e-16,Pesaran-Shin generalized FEVD,,window_365,BTC|ETH|XRP|DOT|ADA
2023-06-10,365,21,10,62.3996473773933,1,365,True,1.11022302462516e-16,Pesaran-Shin generalized FEVD,,window_365,BTC|ETH|XRP|DOT|ADA
2023-07-01,365,21,10,61.541318698847,1,365,True,2.22044604925031e-16,Pesaran-Shin generalized FEVD,,window_365,BTC|ETH|XRP|DOT|ADA
2023-07-22,365,21,10,60.0639970799058,1,365,True,2.22044604925031e-16,Pesaran-Shin generalized FEVD,,window_365,BTC|ETH|XRP|DOT|ADA
2023-08-12,365,21,10,60.3569918789383,1,365,True,2.22044604925031e-16,Pesaran-Shin generalized FEVD,,window_365,BTC|ETH|XRP|DOT|ADA
2023-09-02,365,21,10,60.0165420905101,1,365,True,0,Pesaran-Shin generalized FEVD,,window_365,BTC|ETH|XRP|DOT|ADA
2023-09-23,365,21,10,60.7681718014474,1,365,True,2.22044604925031e-16,Pesaran-Shin generalized FEVD,,window_365,BTC|ETH|XRP|DOT|ADA
2023-10-14,365,21,10,61.1600370980945,1,365,True,0,Pesaran-Shin generalized FEVD,,window_365,BTC|ETH|XRP|DOT|ADA
2023-11-04,365,21,10,60.8097268915829,1,365,True,2.22044604925031e-16,Pesaran-Shin generalized FEVD,,window_365,BTC|ETH|XRP|DOT|ADA
2023-11-25,365,21,10,54.3359692824727,1,365,True,1.11022302462516e-16,Pesaran-Shin generalized FEVD,,window_365,BTC|ETH|XRP|DOT|ADA
2023-12-16,365,21,10,52.0038162495904,1,365,True,2.22044604925031e-16,Pesaran-Shin generalized FEVD,,window_365,BTC|ETH|XRP|DOT|ADA
2024-01-06,365,21,10,49.8451921774994,1,365,True,0,Pesaran-Shin generalized FEVD,,window_365,BTC|ETH|XRP|DOT|ADA
2024-01-27,365,21,10,50.782751964218,1,365,True,2.22044604925031e-16,Pesaran-Shin generalized FEVD,,window_365,BTC|ETH|XRP|DOT|ADA
2024-02-17,365,21,10,49.7125531901171,1,365,True,2.22044604925031e-16,Pesaran-Shin generalized FEVD,,window_365,BTC|ETH|XRP|DOT|ADA
2024-03-09,365,21,10,48.4488166761494,1,365,True,1.11022302462516e-16,Pesaran-Shin generalized FEVD,,window_365,BTC|ETH|XRP|DOT|ADA
2024-03-30,365,21,10,51.5300825183322,1,365,True,1.11022302462516e-16,Pesaran-Shin generalized FEVD,,window_365,BTC|ETH|XRP|DOT|ADA
2024-04-20,365,21,10,53.385515711088,1,365,True,2.22044604925031e-16,Pesaran-Shin generalized FEVD,,window_365,BTC|ETH|XRP|DOT|ADA
2024-05-11,365,21,10,53.1736550591917,1,365,True,2.22044604925031e-16,Pesaran-Shin generalized FEVD,,window_365,BTC|ETH|XRP|DOT|ADA
2024-06-01,365,21,10,53.1203213992627,1,365,True,2.22044604925031e-16,Pesaran-Shin generalized FEVD,,window_365,BTC|ETH|XRP|DOT|ADA
2024-06-22,365,21,10,53.2917078687143,1,365,True,0,Pesaran-Shin generalized FEVD,,window_365,BTC|ETH|XRP|DOT|ADA
2024-07-13,365,21,10,55.8734982300622,1,365,True,0,Pesaran-Shin generalized FEVD,,window_365,BTC|ETH|XRP|DOT|ADA
2024-08-03,365,21,10,54.5449577171526,1,365,True,2.22044604925031e-16,Pesaran-Shin generalized FEVD,,window_365,BTC|ETH|XRP|DOT|ADA
2024-08-24,365,21,10,53.6126052939217,1,365,True,1.11022302462516e-16,Pesaran-Shin generalized FEVD,,window_365,BTC|ETH|XRP|DOT|ADA
2024-09-14,365,21,10,52.7133181181184,1,365,True,1.11022302462516e-16,Pesaran-Shin generalized FEVD,,window_365,BTC|ETH|XRP|DOT|ADA
2024-10-05,365,21,10,51.3247763309431,1,365,True,0,Pesaran-Shin generalized FEVD,,window_365,BTC|ETH|XRP|DOT|ADA
2024-10-26,365,21,10,51.1962258805234,1,365,True,2.22044604925031e-16,Pesaran-Shin generalized FEVD,,window_365,BTC|ETH|XRP|DOT|ADA
2024-11-16,365,21,10,50.1694941569152,1,365,True,2.22044604925031e-16,Pesaran-Shin generalized FEVD,,window_365,BTC|ETH|XRP|DOT|ADA
2024-12-07,365,21,10,45.8641912339438,1,365,True,2.22044604925031e-16,Pesaran-Shin generalized FEVD,,window_365,BTC|ETH|XRP|DOT|ADA
2024-12-28,365,21,10,49.0933314728586,1,365,True,1.11022302462516e-16,Pesaran-Shin generalized FEVD,,window_365,BTC|ETH|XRP|DOT|ADA
2025-01-18,365,21,10,48.6421640093425,1,365,True,2.22044604925031e-16,Pesaran-Shin generalized FEVD,,window_365,BTC|ETH|XRP|DOT|ADA
2025-02-08,365,21,10,48.766517052235,1,365,True,1.11022302462516e-16,Pesaran-Shin generalized FEVD,,window_365,BTC|ETH|XRP|DOT|ADA
2025-03-01,365,21,10,49.8810498541983,1,365,True,2.22044604925031e-16,Pesaran-Shin generalized FEVD,,window_365,BTC|ETH|XRP|DOT|ADA
2025-03-22,365,21,10,51.9418423478505,1,365,True,2.22044604925031e-16,Pesaran-Shin generalized FEVD,,window_365,BTC|ETH|XRP|DOT|ADA
2025-04-12,365,21,10,52.4471647010964,1,365,True,2.22044604925031e-16,Pesaran-Shin generalized FEVD,,window_365,BTC|ETH|XRP|DOT|ADA
2025-05-03,365,21,10,53.3113479326251,1,365,True,2.22044604925031e-16,Pesaran-Shin generalized FEVD,,window_365,BTC|ETH|XRP|DOT|ADA
2025-05-24,365,21,10,53.5134007375732,1,365,True,2.22044604925031e-16,Pesaran-Shin generalized FEVD,,window_365,BTC|ETH|XRP|DOT|ADA
2025-06-14,365,21,10,53.3645373128758,1,365,True,1.11022302462516e-16,Pesaran-Shin generalized FEVD,,window_365,BTC|ETH|XRP|DOT|ADA
2025-07-05,365,21,10,53.6376734081558,1,365,True,1.11022302462516e-16,Pesaran-Shin generalized FEVD,,window_365,BTC|ETH|XRP|DOT|ADA
2025-07-26,365,21,10,54.315356128361,1,365,True,2.22044604925031e-16,Pesaran-Shin generalized FEVD,,window_365,BTC|ETH|XRP|DOT|ADA
2025-08-16,365,21,10,54.1893266754956,1,365,True,1.11022302462516e-16,Pesaran-Shin generalized FEVD,,window_365,BTC|ETH|XRP|DOT|ADA
2025-09-06,365,21,10,54.9093806658084,1,365,True,1.11022302462516e-16,Pesaran-Shin generalized FEVD,,window_365,BTC|ETH|XRP|DOT|ADA
2025-09-27,365,21,10,55.61864474445,1,365,True,2.22044604925031e-16,Pesaran-Shin generalized FEVD,,window_365,BTC|ETH|XRP|DOT|ADA
2025-10-18,365,21,10,57.5149715716546,1,365,True,1.11022302462516e-16,Pesaran-Shin generalized FEVD,,window_365,BTC|ETH|XRP|DOT|ADA
2025-11-08,365,21,10,57.6600283456532,1,365,True,2.22044604925031e-16,Pesaran-Shin generalized FEVD,,window_365,BTC|ETH|XRP|DOT|ADA
2025-11-29,365,21,10,61.8591546960091,1,365,True,2.22044604925031e-16,Pesaran-Shin generalized FEVD,,window_365,BTC|ETH|XRP|DOT|ADA
2025-12-20,365,21,10,63.1145106004596,1,365,True,2.22044604925031e-16,Pesaran-Shin generalized FEVD,,window_365,BTC|ETH|XRP|DOT|ADA
2026-01-10,365,21,10,63.3445267950977,1,365,True,2.22044604925031e-16,Pesaran-Shin generalized FEVD,,window_365,BTC|ETH|XRP|DOT|ADA
2026-01-31,365,21,10,64.2485176815122,1,365,True,2.22044604925031e-16,Pesaran-Shin generalized FEVD,,window_365,BTC|ETH|XRP|DOT|ADA
2026-02-21,365,21,10,65.7606195009403,1,365,True,2.22044604925031e-16,Pesaran-Shin generalized FEVD,,window_365,BTC|ETH|XRP|DOT|ADA
2026-03-14,365,21,10,65.4812400774529,1,365,True,0,Pesaran-Shin generalized FEVD,,window_365,BTC|ETH|XRP|DOT|ADA
2026-04-04,365,21,10,65.502292338694,1,365,True,0,Pesaran-Shin generalized FEVD,,window_365,BTC|ETH|XRP|DOT|ADA
2026-04-25,365,21,10,64.5211588229028,1,365,True,2.22044604925031e-16,Pesaran-Shin generalized FEVD,,window_365,BTC|ETH|XRP|DOT|ADA
2026-05-16,365,21,10,64.770483396711,1,365,True,2.22044604925031e-16,Pesaran-Shin generalized FEVD,,window_365,BTC|ETH|XRP|DOT|ADA
2026-06-06,365,21,10,64.9182997883524,1,365,True,1.11022302462516e-16,Pesaran-Shin generalized FEVD,,window_365,BTC|ETH|XRP|DOT|ADA
2026-06-27,365,21,10,64.8239795168461,1,365,True,2.22044604925031e-16,Pesaran-Shin generalized FEVD,,window_365,BTC|ETH|XRP|DOT|ADA
2021-09-10,252,21,5,46.907446292468,1,252,True,1.11022302462516e-16,Pesaran-Shin generalized FEVD,,horizon_5,BTC|ETH|XRP|DOT|ADA
2021-10-01,252,21,5,50.6179552648414,1,252,True,2.22044604925031e-16,Pesaran-Shin generalized FEVD,,horizon_5,BTC|ETH|XRP|DOT|ADA
2021-10-22,252,21,5,56.9401736023582,1,252,True,1.11022302462516e-16,Pesaran-Shin generalized FEVD,,horizon_5,BTC|ETH|XRP|DOT|ADA
2021-11-12,252,21,5,58.031580304365,1,252,True,1.11022302462516e-16,Pesaran-Shin generalized FEVD,,horizon_5,BTC|ETH|XRP|DOT|ADA
2021-12-03,252,21,5,59.7704078558025,1,252,True,2.22044604925031e-16,Pesaran-Shin generalized FEVD,,horizon_5,BTC|ETH|XRP|DOT|ADA
2021-12-24,252,21,5,62.8881123213577,1,252,True,2.22044604925031e-16,Pesaran-Shin generalized FEVD,,horizon_5,BTC|ETH|XRP|DOT|ADA
2022-01-14,252,21,5,64.169820630983,1,252,True,2.22044604925031e-16,Pesaran-Shin generalized FEVD,,horizon_5,BTC|ETH|XRP|DOT|ADA
2022-02-04,252,21,5,55.7436978033243,1,252,True,1.11022302462516e-16,Pesaran-Shin generalized FEVD,,horizon_5,BTC|ETH|XRP|DOT|ADA
2022-02-25,252,21,5,56.3406138104728,1,252,True,2.22044604925031e-16,Pesaran-Shin generalized FEVD,,horizon_5,BTC|ETH|XRP|DOT|ADA
2022-03-18,252,21,5,53.1912996455562,1,252,True,2.22044604925031e-16,Pesaran-Shin generalized FEVD,,horizon_5,BTC|ETH|XRP|DOT|ADA
2022-04-08,252,21,5,53.601668414528,1,252,True,2.22044604925031e-16,Pesaran-Shin generalized FEVD,,horizon_5,BTC|ETH|XRP|DOT|ADA
2022-04-29,252,21,5,57.3507158510098,1,252,True,2.22044604925031e-16,Pesaran-Shin generalized FEVD,,horizon_5,BTC|ETH|XRP|DOT|ADA
2022-05-20,252,21,5,60.935169472706,1,252,True,0,Pesaran-Shin generalized FEVD,,horizon_5,BTC|ETH|XRP|DOT|ADA
2022-06-10,252,21,5,59.7200537591697,1,252,True,0,Pesaran-Shin generalized FEVD,,horizon_5,BTC|ETH|XRP|DOT|ADA
2022-07-01,252,21,5,61.0200383607874,1,252,True,1.11022302462516e-16,Pesaran-Shin generalized FEVD,,horizon_5,BTC|ETH|XRP|DOT|ADA
2022-07-22,252,21,5,61.7927056193792,1,252,True,2.22044604925031e-16,Pesaran-Shin generalized FEVD,,horizon_5,BTC|ETH|XRP|DOT|ADA
2022-08-12,252,21,5,61.889501611442,1,252,True,2.22044604925031e-16,Pesaran-Shin generalized FEVD,,horizon_5,BTC|ETH|XRP|DOT|ADA
2022-09-02,252,21,5,63.7446566250103,1,252,True,2.22044604925031e-16,Pesaran-Shin generalized FEVD,,horizon_5,BTC|ETH|XRP|DOT|ADA
2022-09-23,252,21,5,62.6371775590643,1,252,True,1.11022302462516e-16,Pesaran-Shin generalized FEVD,,horizon_5,BTC|ETH|XRP|DOT|ADA
2022-10-14,252,21,5,62.0779441832205,1,252,True,1.11022302462516e-16,Pesaran-Shin generalized FEVD,,horizon_5,BTC|ETH|XRP|DOT|ADA
2022-11-04,252,21,5,63.4206833083835,1,252,True,1.11022302462516e-16,Pesaran-Shin generalized FEVD,,horizon_5,BTC|ETH|XRP|DOT|ADA
2022-11-25,252,21,5,65.9776368664886,1,252,True,1.11022302462516e-16,Pesaran-Shin generalized FEVD,,horizon_5,BTC|ETH|XRP|DOT|ADA
2022-12-16,252,21,5,66.5701113435057,1,252,True,1.11022302462516e-16,Pesaran-Shin generalized FEVD,,horizon_5,BTC|ETH|XRP|DOT|ADA
2023-01-06,252,21,5,66.670362134619,1,252,True,2.22044604925031e-16,Pesaran-Shin generalized FEVD,,horizon_5,BTC|ETH|XRP|DOT|ADA
2023-01-27,252,21,5,64.6871128035829,1,252,True,2.22044604925031e-16,Pesaran-Shin generalized FEVD,,horizon_5,BTC|ETH|XRP|DOT|ADA
2023-02-17,252,21,5,64.9601056623595,1,252,True,2.22044604925031e-16,Pesaran-Shin generalized FEVD,,horizon_5,BTC|ETH|XRP|DOT|ADA
2023-03-10,252,21,5,64.8102552799372,1,252,True,2.22044604925031e-16,Pesaran-Shin generalized FEVD,,horizon_5,BTC|ETH|XRP|DOT|ADA
2023-03-31,252,21,5,63.4317425289817,1,252,True,1.11022302462516e-16,Pesaran-Shin generalized FEVD,,horizon_5,BTC|ETH|XRP|DOT|ADA
2023-04-21,252,21,5,63.3166558877795,1,252,True,2.22044604925031e-16,Pesaran-Shin generalized FEVD,,horizon_5,BTC|ETH|XRP|DOT|ADA
2023-05-12,252,21,5,62.267040150528,1,252,True,4.44089209850063e-16,Pesaran-Shin generalized FEVD,,horizon_5,BTC|ETH|XRP|DOT|ADA
2023-06-02,252,21,5,63.0601333948778,1,252,True,0,Pesaran-Shin generalized FEVD,,horizon_5,BTC|ETH|XRP|DOT|ADA
2023-06-23,252,21,5,62.5679350100495,1,252,True,1.11022302462516e-16,Pesaran-Shin generalized FEVD,,horizon_5,BTC|ETH|XRP|DOT|ADA
2023-07-14,252,21,5,60.3179262150373,1,252,True,0,Pesaran-Shin generalized FEVD,,horizon_5,BTC|ETH|XRP|DOT|ADA
2023-08-04,252,21,5,53.8093946471882,1,252,True,2.22044604925031e-16,Pesaran-Shin generalized FEVD,,horizon_5,BTC|ETH|XRP|DOT|ADA
2023-08-25,252,21,5,55.0730610657608,1,252,True,1.11022302462516e-16,Pesaran-Shin generalized FEVD,,horizon_5,BTC|ETH|XRP|DOT|ADA
2023-09-15,252,21,5,55.2404927677097,1,252,True,2.22044604925031e-16,Pesaran-Shin generalized FEVD,,horizon_5,BTC|ETH|XRP|DOT|ADA
2023-10-06,252,21,5,56.475523235882,1,252,True,2.22044604925031e-16,Pesaran-Shin generalized FEVD,,horizon_5,BTC|ETH|XRP|DOT|ADA
2023-10-27,252,21,5,56.7217749764358,1,252,True,2.22044604925031e-16,Pesaran-Shin generalized FEVD,,horizon_5,BTC|ETH|XRP|DOT|ADA
2023-11-17,252,21,5,54.4287464936297,1,252,True,2.22044604925031e-16,Pesaran-Shin generalized FEVD,,horizon_5,BTC|ETH|XRP|DOT|ADA
2023-12-08,252,21,5,52.3030399899744,1,252,True,2.22044604925031e-16,Pesaran-Shin generalized FEVD,,horizon_5,BTC|ETH|XRP|DOT|ADA
2023-12-29,252,21,5,47.6346717645117,1,252,True,2.22044604925031e-16,Pesaran-Shin generalized FEVD,,horizon_5,BTC|ETH|XRP|DOT|ADA
2024-01-19,252,21,5,49.669185557334,1,252,True,0,Pesaran-Shin generalized FEVD,,horizon_5,BTC|ETH|XRP|DOT|ADA
2024-02-09,252,21,5,49.4565283175333,1,252,True,2.22044604925031e-16,Pesaran-Shin generalized FEVD,,horizon_5,BTC|ETH|XRP|DOT|ADA
2024-03-01,252,21,5,48.0793349352472,1,252,True,0,Pesaran-Shin generalized FEVD,,horizon_5,BTC|ETH|XRP|DOT|ADA
2024-03-22,252,21,5,53.5279660157366,1,252,True,2.22044604925031e-16,Pesaran-Shin generalized FEVD,,horizon_5,BTC|ETH|XRP|DOT|ADA
2024-04-12,252,21,5,55.593494474846,1,252,True,0,Pesaran-Shin generalized FEVD,,horizon_5,BTC|ETH|XRP|DOT|ADA
2024-05-03,252,21,5,54.970833642165,1,252,True,1.11022302462516e-16,Pesaran-Shin generalized FEVD,,horizon_5,BTC|ETH|XRP|DOT|ADA
2024-05-24,252,21,5,54.6720736536326,1,252,True,1.11022302462516e-16,Pesaran-Shin generalized FEVD,,horizon_5,BTC|ETH|XRP|DOT|ADA
2024-06-14,252,21,5,54.5094158894623,1,252,True,1.11022302462516e-16,Pesaran-Shin generalized FEVD,,horizon_5,BTC|ETH|XRP|DOT|ADA
2024-07-05,252,21,5,54.6488820158762,1,252,True,2.22044604925031e-16,Pesaran-Shin generalized FEVD,,horizon_5,BTC|ETH|XRP|DOT|ADA
2024-07-26,252,21,5,53.7587890764063,1,252,True,2.22044604925031e-16,Pesaran-Shin generalized FEVD,,horizon_5,BTC|ETH|XRP|DOT|ADA
2024-08-16,252,21,5,54.7525454708386,1,252,True,2.22044604925031e-16,Pesaran-Shin generalized FEVD,,horizon_5,BTC|ETH|XRP|DOT|ADA
2024-09-06,252,21,5,57.3211573888945,1,252,True,2.22044604925031e-16,Pesaran-Shin generalized FEVD,,horizon_5,BTC|ETH|XRP|DOT|ADA
2024-09-27,252,21,5,55.6754468405069,1,252,True,2.22044604925031e-16,Pesaran-Shin generalized FEVD,,horizon_5,BTC|ETH|XRP|DOT|ADA
2024-10-18,252,21,5,55.3398379823253,1,252,True,1.11022302462516e-16,Pesaran-Shin generalized FEVD,,horizon_5,BTC|ETH|XRP|DOT|ADA
2024-11-08,252,21,5,56.1323046896406,1,252,True,2.22044604925031e-16,Pesaran-Shin generalized FEVD,,horizon_5,BTC|ETH|XRP|DOT|ADA
2024-11-29,252,21,5,46.8228373887991,1,252,True,0,Pesaran-Shin generalized FEVD,,horizon_5,BTC|ETH|XRP|DOT|ADA
2024-12-20,252,21,5,44.5648840144701,1,252,True,2.22044604925031e-16,Pesaran-Shin generalized FEVD,,horizon_5,BTC|ETH|XRP|DOT|ADA
2025-01-10,252,21,5,45.2076195563495,1,252,True,2.22044604925031e-16,Pesaran-Shin generalized FEVD,,horizon_5,BTC|ETH|XRP|DOT|ADA
2025-01-31,252,21,5,44.7430180046901,1,252,True,1.11022302462516e-16,Pesaran-Shin generalized FEVD,,horizon_5,BTC|ETH|XRP|DOT|ADA
2025-02-21,252,21,5,43.9865270397662,1,252,True,0,Pesaran-Shin generalized FEVD,,horizon_5,BTC|ETH|XRP|DOT|ADA
2025-03-14,252,21,5,50.4048872154435,1,252,True,1.11022302462516e-16,Pesaran-Shin generalized FEVD,,horizon_5,BTC|ETH|XRP|DOT|ADA
2025-04-04,252,21,5,51.7081173055767,1,252,True,0,Pesaran-Shin generalized FEVD,,horizon_5,BTC|ETH|XRP|DOT|ADA
2025-04-25,252,21,5,54.1783853223383,1,252,True,0,Pesaran-Shin generalized FEVD,,horizon_5,BTC|ETH|XRP|DOT|ADA
2025-05-16,252,21,5,54.5263581437418,1,252,True,2.22044604925031e-16,Pesaran-Shin generalized FEVD,,horizon_5,BTC|ETH|XRP|DOT|ADA
2025-06-06,252,21,5,55.3916011097364,1,252,True,2.22044604925031e-16,Pesaran-Shin generalized FEVD,,horizon_5,BTC|ETH|XRP|DOT|ADA
2025-06-27,252,21,5,55.4854047895583,1,252,True,0,Pesaran-Shin generalized FEVD,,horizon_5,BTC|ETH|XRP|DOT|ADA
2025-07-18,252,21,5,56.0185433695136,1,252,True,2.22044604925031e-16,Pesaran-Shin generalized FEVD,,horizon_5,BTC|ETH|XRP|DOT|ADA
2025-08-08,252,21,5,61.4912123298048,1,252,True,2.22044604925031e-16,Pesaran-Shin generalized FEVD,,horizon_5,BTC|ETH|XRP|DOT|ADA
2025-08-29,252,21,5,62.4902663076708,1,252,True,2.22044604925031e-16,Pesaran-Shin generalized FEVD,,horizon_5,BTC|ETH|XRP|DOT|ADA
2025-09-19,252,21,5,63.374065565203,1,252,True,2.22044604925031e-16,Pesaran-Shin generalized FEVD,,horizon_5,BTC|ETH|XRP|DOT|ADA
2025-10-10,252,21,5,65.3987010875667,1,252,True,2.22044604925031e-16,Pesaran-Shin generalized FEVD,,horizon_5,BTC|ETH|XRP|DOT|ADA
2025-10-31,252,21,5,65.9098382558492,1,252,True,2.22044604925031e-16,Pesaran-Shin generalized FEVD,,horizon_5,BTC|ETH|XRP|DOT|ADA
2025-11-21,252,21,5,64.7529722184718,1,252,True,2.22044604925031e-16,Pesaran-Shin generalized FEVD,,horizon_5,BTC|ETH|XRP|DOT|ADA
2025-12-12,252,21,5,64.7417514729396,1,252,True,1.11022302462516e-16,Pesaran-Shin generalized FEVD,,horizon_5,BTC|ETH|XRP|DOT|ADA
2026-01-02,252,21,5,63.0340823372992,1,252,True,2.22044604925031e-16,Pesaran-Shin generalized FEVD,,horizon_5,BTC|ETH|XRP|DOT|ADA
2026-01-23,252,21,5,63.4058635738998,1,252,True,2.22044604925031e-16,Pesaran-Shin generalized FEVD,,horizon_5,BTC|ETH|XRP|DOT|ADA
2026-02-13,252,21,5,66.0051242446528,1,252,True,2.22044604925031e-16,Pesaran-Shin generalized FEVD,,horizon_5,BTC|ETH|XRP|DOT|ADA
2026-03-06,252,21,5,65.3124757925247,1,252,True,2.22044604925031e-16,Pesaran-Shin generalized FEVD,,horizon_5,BTC|ETH|XRP|DOT|ADA
2026-03-27,252,21,5,65.9681615674793,1,252,True,2.22044604925031e-16,Pesaran-Shin generalized FEVD,,horizon_5,BTC|ETH|XRP|DOT|ADA
2026-04-17,252,21,5,66.588985543811,1,252,True,1.11022302462516e-16,Pesaran-Shin generalized FEVD,,horizon_5,BTC|ETH|XRP|DOT|ADA
2026-05-08,252,21,5,66.7621353775017,1,252,True,2.22044604925031e-16,Pesaran-Shin generalized FEVD,,horizon_5,BTC|ETH|XRP|DOT|ADA
2026-05-29,252,21,5,67.1253953658137,1,252,True,2.22044604925031e-16,Pesaran-Shin generalized FEVD,,horizon_5,BTC|ETH|XRP|DOT|ADA
2026-06-19,252,21,5,65.0640151755767,1,252,True,2.22044604925031e-16,Pesaran-Shin generalized FEVD,,horizon_5,BTC|ETH|XRP|DOT|ADA
2021-09-10,252,21,20,46.9074473068836,1,252,True,2.22044604925031e-16,Pesaran-Shin generalized FEVD,,horizon_20,BTC|ETH|XRP|DOT|ADA
2021-10-01,252,21,20,50.6179559404817,1,252,True,1.11022302462516e-16,Pesaran-Shin generalized FEVD,,horizon_20,BTC|ETH|XRP|DOT|ADA
2021-10-22,252,21,20,56.9401722950294,1,252,True,2.22044604925031e-16,Pesaran-Shin generalized FEVD,,horizon_20,BTC|ETH|XRP|DOT|ADA
2021-11-12,252,21,20,58.0315819293924,1,252,True,2.22044604925031e-16,Pesaran-Shin generalized FEVD,,horizon_20,BTC|ETH|XRP|DOT|ADA
2021-12-03,252,21,20,59.7704129544515,1,252,True,2.22044604925031e-16,Pesaran-Shin generalized FEVD,,horizon_20,BTC|ETH|XRP|DOT|ADA
2021-12-24,252,21,20,62.8881228821023,1,252,True,2.22044604925031e-16,Pesaran-Shin generalized FEVD,,horizon_20,BTC|ETH|XRP|DOT|ADA
2022-01-14,252,21,20,64.1698391689503,1,252,True,2.22044604925031e-16,Pesaran-Shin generalized FEVD,,horizon_20,BTC|ETH|XRP|DOT|ADA
2022-02-04,252,21,20,55.7436984020413,1,252,True,2.22044604925031e-16,Pesaran-Shin generalized FEVD,,horizon_20,BTC|ETH|XRP|DOT|ADA
2022-02-25,252,21,20,56.3406138786408,1,252,True,1.11022302462516e-16,Pesaran-Shin generalized FEVD,,horizon_20,BTC|ETH|XRP|DOT|ADA
2022-03-18,252,21,20,53.1912982633918,1,252,True,2.22044604925031e-16,Pesaran-Shin generalized FEVD,,horizon_20,BTC|ETH|XRP|DOT|ADA
2022-04-08,252,21,20,53.6016683886992,1,252,True,2.22044604925031e-16,Pesaran-Shin generalized FEVD,,horizon_20,BTC|ETH|XRP|DOT|ADA
2022-04-29,252,21,20,57.3507148016902,1,252,True,2.22044604925031e-16,Pesaran-Shin generalized FEVD,,horizon_20,BTC|ETH|XRP|DOT|ADA
2022-05-20,252,21,20,60.9351687877271,1,252,True,2.22044604925031e-16,Pesaran-Shin generalized FEVD,,horizon_20,BTC|ETH|XRP|DOT|ADA
2022-06-10,252,21,20,59.7200350975576,1,252,True,2.22044604925031e-16,Pesaran-Shin generalized FEVD,,horizon_20,BTC|ETH|XRP|DOT|ADA
2022-07-01,252,21,20,61.0200388443741,1,252,True,0,Pesaran-Shin generalized FEVD,,horizon_20,BTC|ETH|XRP|DOT|ADA
2022-07-22,252,21,20,61.7927057269311,1,252,True,2.22044604925031e-16,Pesaran-Shin generalized FEVD,,horizon_20,BTC|ETH|XRP|DOT|ADA
2022-08-12,252,21,20,61.8895011961131,1,252,True,2.22044604925031e-16,Pesaran-Shin generalized FEVD,,horizon_20,BTC|ETH|XRP|DOT|ADA
2022-09-02,252,21,20,63.7446571072894,1,252,True,2.22044604925031e-16,Pesaran-Shin generalized FEVD,,horizon_20,BTC|ETH|XRP|DOT|ADA
2022-09-23,252,21,20,62.6371859984595,1,252,True,2.22044604925031e-16,Pesaran-Shin generalized FEVD,,horizon_20,BTC|ETH|XRP|DOT|ADA
2022-10-14,252,21,20,62.0779450434688,1,252,True,2.22044604925031e-16,Pesaran-Shin generalized FEVD,,horizon_20,BTC|ETH|XRP|DOT|ADA
2022-11-04,252,21,20,63.4206837192478,1,252,True,1.11022302462516e-16,Pesaran-Shin generalized FEVD,,horizon_20,BTC|ETH|XRP|DOT|ADA
2022-11-25,252,21,20,65.9776393947459,1,252,True,1.11022302462516e-16,Pesaran-Shin generalized FEVD,,horizon_20,BTC|ETH|XRP|DOT|ADA
2022-12-16,252,21,20,66.5701158922788,1,252,True,2.22044604925031e-16,Pesaran-Shin generalized FEVD,,horizon_20,BTC|ETH|XRP|DOT|ADA
2023-01-06,252,21,20,66.6703722152253,1,252,True,1.11022302462516e-16,Pesaran-Shin generalized FEVD,,horizon_20,BTC|ETH|XRP|DOT|ADA
2023-01-27,252,21,20,64.6871188207307,1,252,True,1.11022302462516e-16,Pesaran-Shin generalized FEVD,,horizon_20,BTC|ETH|XRP|DOT|ADA
2023-02-17,252,21,20,64.9601552813573,1,252,True,0,Pesaran-Shin generalized FEVD,,horizon_20,BTC|ETH|XRP|DOT|ADA
2023-03-10,252,21,20,64.8103469468381,1,252,True,0,Pesaran-Shin generalized FEVD,,horizon_20,BTC|ETH|XRP|DOT|ADA
2023-03-31,252,21,20,63.4318702697266,1,252,True,2.22044604925031e-16,Pesaran-Shin generalized FEVD,,horizon_20,BTC|ETH|XRP|DOT|ADA
2023-04-21,252,21,20,63.3169534116962,1,252,True,2.22044604925031e-16,Pesaran-Shin generalized FEVD,,horizon_20,BTC|ETH|XRP|DOT|ADA
2023-05-12,252,21,20,62.267892814452,1,252,True,1.11022302462516e-16,Pesaran-Shin generalized FEVD,,horizon_20,BTC|ETH|XRP|DOT|ADA
2023-06-02,252,21,20,63.063730067476,1,252,True,2.22044604925031e-16,Pesaran-Shin generalized FEVD,,horizon_20,BTC|ETH|XRP|DOT|ADA
2023-06-23,252,21,20,62.5717108001024,1,252,True,1.11022302462516e-16,Pesaran-Shin generalized FEVD,,horizon_20,BTC|ETH|XRP|DOT|ADA
2023-07-14,252,21,20,60.3197142497448,1,252,True,2.22044604925031e-16,Pesaran-Shin generalized FEVD,,horizon_20,BTC|ETH|XRP|DOT|ADA
2023-08-04,252,21,20,53.8094228636679,1,252,True,2.22044604925031e-16,Pesaran-Shin generalized FEVD,,horizon_20,BTC|ETH|XRP|DOT|ADA
2023-08-25,252,21,20,55.0730988940464,1,252,True,1.11022302462516e-16,Pesaran-Shin generalized FEVD,,horizon_20,BTC|ETH|XRP|DOT|ADA
2023-09-15,252,21,20,55.24051394426,1,252,True,1.11022302462516e-16,Pesaran-Shin generalized FEVD,,horizon_20,BTC|ETH|XRP|DOT|ADA
2023-10-06,252,21,20,56.4755537064597,1,252,True,2.22044604925031e-16,Pesaran-Shin generalized FEVD,,horizon_20,BTC|ETH|XRP|DOT|ADA
2023-10-27,252,21,20,56.7217834174312,1,252,True,2.22044604925031e-16,Pesaran-Shin generalized FEVD,,horizon_20,BTC|ETH|XRP|DOT|ADA
2023-11-17,252,21,20,54.428768135621,1,252,True,2.22044604925031e-16,Pesaran-Shin generalized FEVD,,horizon_20,BTC|ETH|XRP|DOT|ADA
2023-12-08,252,21,20,52.3030490667742,1,252,True,2.22044604925031e-16,Pesaran-Shin generalized FEVD,,horizon_20,BTC|ETH|XRP|DOT|ADA
2023-12-29,252,21,20,47.634697947542,1,252,True,2.22044604925031e-16,Pesaran-Shin generalized FEVD,,horizon_20,BTC|ETH|XRP|DOT|ADA
2024-01-19,252,21,20,49.6692000629909,1,252,True,0,Pesaran-Shin generalized FEVD,,horizon_20,BTC|ETH|XRP|DOT|ADA
2024-02-09,252,21,20,49.456534301336,1,252,True,1.11022302462516e-16,Pesaran-Shin generalized FEVD,,horizon_20,BTC|ETH|XRP|DOT|ADA
2024-03-01,252,21,20,48.0793530370574,1,252,True,0,Pesaran-Shin generalized FEVD,,horizon_20,BTC|ETH|XRP|DOT|ADA
2024-03-22,252,21,20,53.5280194647715,1,252,True,1.11022302462516e-16,Pesaran-Shin generalized FEVD,,horizon_20,BTC|ETH|XRP|DOT|ADA
2024-04-12,252,21,20,55.5935031315258,1,252,True,2.22044604925031e-16,Pesaran-Shin generalized FEVD,,horizon_20,BTC|ETH|XRP|DOT|ADA
2024-05-03,252,21,20,54.9708623857078,1,252,True,0,Pesaran-Shin generalized FEVD,,horizon_20,BTC|ETH|XRP|DOT|ADA
2024-05-24,252,21,20,54.6720823894006,1,252,True,1.11022302462516e-16,Pesaran-Shin generalized FEVD,,horizon_20,BTC|ETH|XRP|DOT|ADA
2024-06-14,252,21,20,54.5094258986152,1,252,True,1.11022302462516e-16,Pesaran-Shin generalized FEVD,,horizon_20,BTC|ETH|XRP|DOT|ADA
2024-07-05,252,21,20,54.6488937090572,1,252,True,1.11022302462516e-16,Pesaran-Shin generalized FEVD,,horizon_20,BTC|ETH|XRP|DOT|ADA
2024-07-26,252,21,20,53.7588048712505,1,252,True,2.22044604925031e-16,Pesaran-Shin generalized FEVD,,horizon_20,BTC|ETH|XRP|DOT|ADA
2024-08-16,252,21,20,54.752558255361,1,252,True,1.11022302462516e-16,Pesaran-Shin generalized FEVD,,horizon_20,BTC|ETH|XRP|DOT|ADA
2024-09-06,252,21,20,57.3211822449907,1,252,True,1.11022302462516e-16,Pesaran-Shin generalized FEVD,,horizon_20,BTC|ETH|XRP|DOT|ADA
2024-09-27,252,21,20,55.6756070542174,1,252,True,1.11022302462516e-16,Pesaran-Shin generalized FEVD,,horizon_20,BTC|ETH|XRP|DOT|ADA
2024-10-18,252,21,20,55.3400662090786,1,252,True,2.22044604925031e-16,Pesaran-Shin generalized FEVD,,horizon_20,BTC|ETH|XRP|DOT|ADA
2024-11-08,252,21,20,56.1324793133284,1,252,True,2.22044604925031e-16,Pesaran-Shin generalized FEVD,,horizon_20,BTC|ETH|XRP|DOT|ADA
2024-11-29,252,21,20,46.8289266321262,1,252,True,2.22044604925031e-16,Pesaran-Shin generalized FEVD,,horizon_20,BTC|ETH|XRP|DOT|ADA
2024-12-20,252,21,20,44.56582513941,1,252,True,1.11022302462516e-16,Pesaran-Shin generalized FEVD,,horizon_20,BTC|ETH|XRP|DOT|ADA
2025-01-10,252,21,20,45.2081162546789,1,252,True,1.11022302462516e-16,Pesaran-Shin generalized FEVD,,horizon_20,BTC|ETH|XRP|DOT|ADA
2025-01-31,252,21,20,44.743445527466,1,252,True,2.22044604925031e-16,Pesaran-Shin generalized FEVD,,horizon_20,BTC|ETH|XRP|DOT|ADA
2025-02-21,252,21,20,43.9868681767124,1,252,True,1.11022302462516e-16,Pesaran-Shin generalized FEVD,,horizon_20,BTC|ETH|XRP|DOT|ADA
2025-03-14,252,21,20,50.4049967576487,1,252,True,1.11022302462516e-16,Pesaran-Shin generalized FEVD,,horizon_20,BTC|ETH|XRP|DOT|ADA
2025-04-04,252,21,20,51.7081918246448,1,252,True,2.22044604925031e-16,Pesaran-Shin generalized FEVD,,horizon_20,BTC|ETH|XRP|DOT|ADA
2025-04-25,252,21,20,54.1783926256433,1,252,True,0,Pesaran-Shin generalized FEVD,,horizon_20,BTC|ETH|XRP|DOT|ADA
2025-05-16,252,21,20,54.5263566444121,1,252,True,2.22044604925031e-16,Pesaran-Shin generalized FEVD,,horizon_20,BTC|ETH|XRP|DOT|ADA
2025-06-06,252,21,20,55.3916492167052,1,252,True,1.11022302462516e-16,Pesaran-Shin generalized FEVD,,horizon_20,BTC|ETH|XRP|DOT|ADA
2025-06-27,252,21,20,55.4854242324061,1,252,True,1.11022302462516e-16,Pesaran-Shin generalized FEVD,,horizon_20,BTC|ETH|XRP|DOT|ADA
2025-07-18,252,21,20,56.0185937533306,1,252,True,1.11022302462516e-16,Pesaran-Shin generalized FEVD,,horizon_20,BTC|ETH|XRP|DOT|ADA
2025-08-08,252,21,20,61.4912354640702,1,252,True,1.11022302462516e-16,Pesaran-Shin generalized FEVD,,horizon_20,BTC|ETH|XRP|DOT|ADA
2025-08-29,252,21,20,62.4902699805388,1,252,True,0,Pesaran-Shin generalized FEVD,,horizon_20,BTC|ETH|XRP|DOT|ADA
2025-09-19,252,21,20,63.3740710809738,1,252,True,2.22044604925031e-16,Pesaran-Shin generalized FEVD,,horizon_20,BTC|ETH|XRP|DOT|ADA
2025-10-10,252,21,20,65.3987053856153,1,252,True,1.11022302462516e-16,Pesaran-Shin generalized FEVD,,horizon_20,BTC|ETH|XRP|DOT|ADA
2025-10-31,252,21,20,65.9098403522927,1,252,True,1.11022302462516e-16,Pesaran-Shin generalized FEVD,,horizon_20,BTC|ETH|XRP|DOT|ADA
2025-11-21,252,21,20,64.7529723198402,1,252,True,1.11022302462516e-16,Pesaran-Shin generalized FEVD,,horizon_20,BTC|ETH|XRP|DOT|ADA
2025-12-12,252,21,20,64.7417521116581,1,252,True,2.22044604925031e-16,Pesaran-Shin generalized FEVD,,horizon_20,BTC|ETH|XRP|DOT|ADA
2026-01-02,252,21,20,63.0340825804993,1,252,True,2.22044604925031e-16,Pesaran-Shin generalized FEVD,,horizon_20,BTC|ETH|XRP|DOT|ADA
2026-01-23,252,21,20,63.4058637149068,1,252,True,2.22044604925031e-16,Pesaran-Shin generalized FEVD,,horizon_20,BTC|ETH|XRP|DOT|ADA
2026-02-13,252,21,20,66.0052460013027,1,252,True,2.22044604925031e-16,Pesaran-Shin generalized FEVD,,horizon_20,BTC|ETH|XRP|DOT|ADA
2026-03-06,252,21,20,65.3125217931965,1,252,True,2.22044604925031e-16,Pesaran-Shin generalized FEVD,,horizon_20,BTC|ETH|XRP|DOT|ADA
2026-03-27,252,21,20,65.9681855872519,1,252,True,2.22044604925031e-16,Pesaran-Shin generalized FEVD,,horizon_20,BTC|ETH|XRP|DOT|ADA
2026-04-17,252,21,20,66.5889946925656,1,252,True,0,Pesaran-Shin generalized FEVD,,horizon_20,BTC|ETH|XRP|DOT|ADA
2026-05-08,252,21,20,66.7621623017262,1,252,True,2.22044604925031e-16,Pesaran-Shin generalized FEVD,,horizon_20,BTC|ETH|XRP|DOT|ADA
2026-05-29,252,21,20,67.1254074234488,1,252,True,1.11022302462516e-16,Pesaran-Shin generalized FEVD,,horizon_20,BTC|ETH|XRP|DOT|ADA
2026-06-19,252,21,20,65.0640140630856,1,252,True,1.11022302462516e-16,Pesaran-Shin generalized FEVD,,horizon_20,BTC|ETH|XRP|DOT|ADA
2021-09-10,252,21,10,46.9074473068828,1,252,True,2.22044604925031e-16,Pesaran-Shin generalized FEVD,,order_reversed,ADA|DOT|XRP|ETH|BTC
2021-10-01,252,21,10,50.6179559404816,1,252,True,1.11022302462516e-16,Pesaran-Shin generalized FEVD,,order_reversed,ADA|DOT|XRP|ETH|BTC
2021-10-22,252,21,10,56.9401722950308,1,252,True,1.11022302462516e-16,Pesaran-Shin generalized FEVD,,order_reversed,ADA|DOT|XRP|ETH|BTC
2021-11-12,252,21,10,58.0315819293898,1,252,True,2.22044604925031e-16,Pesaran-Shin generalized FEVD,,order_reversed,ADA|DOT|XRP|ETH|BTC
2021-12-03,252,21,10,59.7704129544228,1,252,True,1.11022302462516e-16,Pesaran-Shin generalized FEVD,,order_reversed,ADA|DOT|XRP|ETH|BTC
2021-12-24,252,21,10,62.8881228820801,1,252,True,1.11022302462516e-16,Pesaran-Shin generalized FEVD,,order_reversed,ADA|DOT|XRP|ETH|BTC
2022-01-14,252,21,10,64.1698391688677,1,252,True,2.22044604925031e-16,Pesaran-Shin generalized FEVD,,order_reversed,ADA|DOT|XRP|ETH|BTC
2022-02-04,252,21,10,55.74369840204,1,252,True,2.22044604925031e-16,Pesaran-Shin generalized FEVD,,order_reversed,ADA|DOT|XRP|ETH|BTC
2022-02-25,252,21,10,56.3406138786408,1,252,True,2.22044604925031e-16,Pesaran-Shin generalized FEVD,,order_reversed,ADA|DOT|XRP|ETH|BTC
2022-03-18,252,21,10,53.1912982633943,1,252,True,1.11022302462516e-16,Pesaran-Shin generalized FEVD,,order_reversed,ADA|DOT|XRP|ETH|BTC
2022-04-08,252,21,10,53.6016683886992,1,252,True,2.22044604925031e-16,Pesaran-Shin generalized FEVD,,order_reversed,ADA|DOT|XRP|ETH|BTC
2022-04-29,252,21,10,57.3507148016921,1,252,True,2.22044604925031e-16,Pesaran-Shin generalized FEVD,,order_reversed,ADA|DOT|XRP|ETH|BTC
2022-05-20,252,21,10,60.9351687877278,1,252,True,2.22044604925031e-16,Pesaran-Shin generalized FEVD,,order_reversed,ADA|DOT|XRP|ETH|BTC
2022-06-10,252,21,10,59.7200350978567,1,252,True,2.22044604925031e-16,Pesaran-Shin generalized FEVD,,order_reversed,ADA|DOT|XRP|ETH|BTC
2022-07-01,252,21,10,61.0200388443729,1,252,True,2.22044604925031e-16,Pesaran-Shin generalized FEVD,,order_reversed,ADA|DOT|XRP|ETH|BTC
2022-07-22,252,21,10,61.7927057269312,1,252,True,0,Pesaran-Shin generalized FEVD,,order_reversed,ADA|DOT|XRP|ETH|BTC
2022-08-12,252,21,10,61.8895011961136,1,252,True,1.11022302462516e-16,Pesaran-Shin generalized FEVD,,order_reversed,ADA|DOT|XRP|ETH|BTC
2022-09-02,252,21,10,63.7446571072889,1,252,True,1.11022302462516e-16,Pesaran-Shin generalized FEVD,,order_reversed,ADA|DOT|XRP|ETH|BTC
2022-09-23,252,21,10,62.6371859984016,1,252,True,2.22044604925031e-16,Pesaran-Shin generalized FEVD,,order_reversed,ADA|DOT|XRP|ETH|BTC
2022-10-14,252,21,10,62.0779450434684,1,252,True,1.11022302462516e-16,Pesaran-Shin generalized FEVD,,order_reversed,ADA|DOT|XRP|ETH|BTC
2022-11-04,252,21,10,63.4206837192477,1,252,True,2.22044604925031e-16,Pesaran-Shin generalized FEVD,,order_reversed,ADA|DOT|XRP|ETH|BTC
2022-11-25,252,21,10,65.9776393947429,1,252,True,1.11022302462516e-16,Pesaran-Shin generalized FEVD,,order_reversed,ADA|DOT|XRP|ETH|BTC
2022-12-16,252,21,10,66.570115892276,1,252,True,2.22044604925031e-16,Pesaran-Shin generalized FEVD,,order_reversed,ADA|DOT|XRP|ETH|BTC
2023-01-06,252,21,10,66.6703722152186,1,252,True,2.22044604925031e-16,Pesaran-Shin generalized FEVD,,order_reversed,ADA|DOT|XRP|ETH|BTC
2023-01-27,252,21,10,64.6871188207261,1,252,True,0,Pesaran-Shin generalized FEVD,,order_reversed,ADA|DOT|XRP|ETH|BTC
2023-02-17,252,21,10,64.960155281097,1,252,True,1.11022302462516e-16,Pesaran-Shin generalized FEVD,,order_reversed,ADA|DOT|XRP|ETH|BTC
2023-03-10,252,21,10,64.8103469458733,1,252,True,1.11022302462516e-16,Pesaran-Shin generalized FEVD,,order_reversed,ADA|DOT|XRP|ETH|BTC
2023-03-31,252,21,10,63.4318702677542,1,252,True,2.22044604925031e-16,Pesaran-Shin generalized FEVD,,order_reversed,ADA|DOT|XRP|ETH|BTC
2023-04-21,252,21,10,63.3169534013144,1,252,True,1.11022302462516e-16,Pesaran-Shin generalized FEVD,,order_reversed,ADA|DOT|XRP|ETH|BTC
2023-05-12,252,21,10,62.2678927687971,1,252,True,2.22044604925031e-16,Pesaran-Shin generalized FEVD,,order_reversed,ADA|DOT|XRP|ETH|BTC
2023-06-02,252,21,10,63.0637290065555,1,252,True,0,Pesaran-Shin generalized FEVD,,order_reversed,ADA|DOT|XRP|ETH|BTC
2023-06-23,252,21,10,62.5717093133547,1,252,True,1.11022302462516e-16,Pesaran-Shin generalized FEVD,,order_reversed,ADA|DOT|XRP|ETH|BTC
2023-07-14,252,21,10,60.3197139819288,1,252,True,1.11022302462516e-16,Pesaran-Shin generalized FEVD,,order_reversed,ADA|DOT|XRP|ETH|BTC
2023-08-04,252,21,10,53.8094228636286,1,252,True,2.22044604925031e-16,Pesaran-Shin generalized FEVD,,order_reversed,ADA|DOT|XRP|ETH|BTC
2023-08-25,252,21,10,55.0730988939972,1,252,True,2.22044604925031e-16,Pesaran-Shin generalized FEVD,,order_reversed,ADA|DOT|XRP|ETH|BTC
2023-09-15,252,21,10,55.2405139442463,1,252,True,1.11022302462516e-16,Pesaran-Shin generalized FEVD,,order_reversed,ADA|DOT|XRP|ETH|BTC
2023-10-06,252,21,10,56.4755537064233,1,252,True,2.22044604925031e-16,Pesaran-Shin generalized FEVD,,order_reversed,ADA|DOT|XRP|ETH|BTC
2023-10-27,252,21,10,56.7217834174283,1,252,True,1.11022302462516e-16,Pesaran-Shin generalized FEVD,,order_reversed,ADA|DOT|XRP|ETH|BTC
2023-11-17,252,21,10,54.4287681355972,1,252,True,2.22044604925031e-16,Pesaran-Shin generalized FEVD,,order_reversed,ADA|DOT|XRP|ETH|BTC
2023-12-08,252,21,10,52.3030490667746,1,252,True,1.11022302462516e-16,Pesaran-Shin generalized FEVD,,order_reversed,ADA|DOT|XRP|ETH|BTC
2023-12-29,252,21,10,47.634697947249,1,252,True,1.11022302462516e-16,Pesaran-Shin generalized FEVD,,order_reversed,ADA|DOT|XRP|ETH|BTC
2024-01-19,252,21,10,49.6692000628884,1,252,True,2.22044604925031e-16,Pesaran-Shin generalized FEVD,,order_reversed,ADA|DOT|XRP|ETH|BTC
2024-02-09,252,21,10,49.4565343013159,1,252,True,2.22044604925031e-16,Pesaran-Shin generalized FEVD,,order_reversed,ADA|DOT|XRP|ETH|BTC
2024-03-01,252,21,10,48.0793530366579,1,252,True,2.22044604925031e-16,Pesaran-Shin generalized FEVD,,order_reversed,ADA|DOT|XRP|ETH|BTC
2024-03-22,252,21,10,53.5280194645117,1,252,True,1.11022302462516e-16,Pesaran-Shin generalized FEVD,,order_reversed,ADA|DOT|XRP|ETH|BTC
2024-04-12,252,21,10,55.5935031315196,1,252,True,1.11022302462516e-16,Pesaran-Shin generalized FEVD,,order_reversed,ADA|DOT|XRP|ETH|BTC
2024-05-03,252,21,10,54.9708623856812,1,252,True,1.11022302462516e-16,Pesaran-Shin generalized FEVD,,order_reversed,ADA|DOT|XRP|ETH|BTC
2024-05-24,252,21,10,54.6720823893946,1,252,True,0,Pesaran-Shin generalized FEVD,,order_reversed,ADA|DOT|XRP|ETH|BTC
2024-06-14,252,21,10,54.5094258986027,1,252,True,1.11022302462516e-16,Pesaran-Shin generalized FEVD,,order_reversed,ADA|DOT|XRP|ETH|BTC
2024-07-05,252,21,10,54.6488937090414,1,252,True,2.22044604925031e-16,Pesaran-Shin generalized FEVD,,order_reversed,ADA|DOT|XRP|ETH|BTC
2024-07-26,252,21,10,53.7588048712188,1,252,True,0,Pesaran-Shin generalized FEVD,,order_reversed,ADA|DOT|XRP|ETH|BTC
2024-08-16,252,21,10,54.7525582553514,1,252,True,2.22044604925031e-16,Pesaran-Shin generalized FEVD,,order_reversed,ADA|DOT|XRP|ETH|BTC
2024-09-06,252,21,10,57.3211822449829,1,252,True,1.11022302462516e-16,Pesaran-Shin generalized FEVD,,order_reversed,ADA|DOT|XRP|ETH|BTC
2024-09-27,252,21,10,55.675607053368,1,252,True,2.22044604925031e-16,Pesaran-Shin generalized FEVD,,order_reversed,ADA|DOT|XRP|ETH|BTC
2024-10-18,252,21,10,55.3400662071979,1,252,True,0,Pesaran-Shin generalized FEVD,,order_reversed,ADA|DOT|XRP|ETH|BTC
2024-11-08,252,21,10,56.13247931107,1,252,True,2.22044604925031e-16,Pesaran-Shin generalized FEVD,,order_reversed,ADA|DOT|XRP|ETH|BTC
2024-11-29,252,21,10,46.8289242633232,1,252,True,1.11022302462516e-16,Pesaran-Shin generalized FEVD,,order_reversed,ADA|DOT|XRP|ETH|BTC
2024-12-20,252,21,10,44.5658250290055,1,252,True,2.22044604925031e-16,Pesaran-Shin generalized FEVD,,order_reversed,ADA|DOT|XRP|ETH|BTC
2025-01-10,252,21,10,45.2081161901324,1,252,True,2.22044604925031e-16,Pesaran-Shin generalized FEVD,,order_reversed,ADA|DOT|XRP|ETH|BTC
2025-01-31,252,21,10,44.7434454947992,1,252,True,2.22044604925031e-16,Pesaran-Shin generalized FEVD,,order_reversed,ADA|DOT|XRP|ETH|BTC
2025-02-21,252,21,10,43.9868681518838,1,252,True,2.22044604925031e-16,Pesaran-Shin generalized FEVD,,order_reversed,ADA|DOT|XRP|ETH|BTC
2025-03-14,252,21,10,50.4049967561555,1,252,True,2.22044604925031e-16,Pesaran-Shin generalized FEVD,,order_reversed,ADA|DOT|XRP|ETH|BTC
2025-04-04,252,21,10,51.7081918241834,1,252,True,2.22044604925031e-16,Pesaran-Shin generalized FEVD,,order_reversed,ADA|DOT|XRP|ETH|BTC
2025-04-25,252,21,10,54.178392625175,1,252,True,2.22044604925031e-16,Pesaran-Shin generalized FEVD,,order_reversed,ADA|DOT|XRP|ETH|BTC
2025-05-16,252,21,10,54.5263566445893,1,252,True,1.11022302462516e-16,Pesaran-Shin generalized FEVD,,order_reversed,ADA|DOT|XRP|ETH|BTC
2025-06-06,252,21,10,55.3916492142187,1,252,True,1.11022302462516e-16,Pesaran-Shin generalized FEVD,,order_reversed,ADA|DOT|XRP|ETH|BTC
2025-06-27,252,21,10,55.4854242309762,1,252,True,2.22044604925031e-16,Pesaran-Shin generalized FEVD,,order_reversed,ADA|DOT|XRP|ETH|BTC
2025-07-18,252,21,10,56.0185937526654,1,252,True,1.11022302462516e-16,Pesaran-Shin generalized FEVD,,order_reversed,ADA|DOT|XRP|ETH|BTC
2025-08-08,252,21,10,61.4912354639999,1,252,True,1.11022302462516e-16,Pesaran-Shin generalized FEVD,,order_reversed,ADA|DOT|XRP|ETH|BTC
2025-08-29,252,21,10,62.4902699805385,1,252,True,0,Pesaran-Shin generalized FEVD,,order_reversed,ADA|DOT|XRP|ETH|BTC
2025-09-19,252,21,10,63.3740710809717,1,252,True,0,Pesaran-Shin generalized FEVD,,order_reversed,ADA|DOT|XRP|ETH|BTC
2025-10-10,252,21,10,65.3987053856141,1,252,True,1.11022302462516e-16,Pesaran-Shin generalized FEVD,,order_reversed,ADA|DOT|XRP|ETH|BTC
2025-10-31,252,21,10,65.9098403522924,1,252,True,1.11022302462516e-16,Pesaran-Shin generalized FEVD,,order_reversed,ADA|DOT|XRP|ETH|BTC
2025-11-21,252,21,10,64.7529723198402,1,252,True,2.22044604925031e-16,Pesaran-Shin generalized FEVD,,order_reversed,ADA|DOT|XRP|ETH|BTC
2025-12-12,252,21,10,64.7417521116577,1,252,True,2.22044604925031e-16,Pesaran-Shin generalized FEVD,,order_reversed,ADA|DOT|XRP|ETH|BTC
2026-01-02,252,21,10,63.0340825804992,1,252,True,2.22044604925031e-16,Pesaran-Shin generalized FEVD,,order_reversed,ADA|DOT|XRP|ETH|BTC
2026-01-23,252,21,10,63.4058637149067,1,252,True,1.11022302462516e-16,Pesaran-Shin generalized FEVD,,order_reversed,ADA|DOT|XRP|ETH|BTC
2026-02-13,252,21,10,66.0052459835491,1,252,True,2.22044604925031e-16,Pesaran-Shin generalized FEVD,,order_reversed,ADA|DOT|XRP|ETH|BTC
2026-03-06,252,21,10,65.3125217907044,1,252,True,1.11022302462516e-16,Pesaran-Shin generalized FEVD,,order_reversed,ADA|DOT|XRP|ETH|BTC
2026-03-27,252,21,10,65.9681855862818,1,252,True,2.22044604925031e-16,Pesaran-Shin generalized FEVD,,order_reversed,ADA|DOT|XRP|ETH|BTC
2026-04-17,252,21,10,66.5889946922944,1,252,True,1.11022302462516e-16,Pesaran-Shin generalized FEVD,,order_reversed,ADA|DOT|XRP|ETH|BTC
2026-05-08,252,21,10,66.7621622988688,1,252,True,1.11022302462516e-16,Pesaran-Shin generalized FEVD,,order_reversed,ADA|DOT|XRP|ETH|BTC
2026-05-29,252,21,10,67.1254074224342,1,252,True,1.11022302462516e-16,Pesaran-Shin generalized FEVD,,order_reversed,ADA|DOT|XRP|ETH|BTC
2026-06-19,252,21,10,65.0640140633146,1,252,True,2.22044604925031e-16,Pesaran-Shin generalized FEVD,,order_reversed,ADA|DOT|XRP|ETH|BTC
