date,timestamp_utc,open,high,low,close,Volume,Open Interest,Open Interest (Open),Open Interest (High,Open Interest (Low),Open Interest (Close)
2021-12-01,2021-12-01T23:00:00Z,4543.5,4543.5,4543.5,4543.5,0,0,,,,
2021-12-02,2021-12-02T23:00:00Z,4214.0,4214.0,4214.0,4214.0,143,0,,,,
2021-12-05,2021-12-05T23:00:00Z,4199.5,4290.0,3965.5,4206.5,643,595,,,,
2021-12-06,2021-12-06T23:00:00Z,4353.0,4428.0,4280.0,4298.5,219,655,,,,
2021-12-07,2021-12-07T23:00:00Z,4319.0,4456.5,4243.5,4435.0,1490,1254,,,,
2021-12-08,2021-12-08T23:00:00Z,4417.5,4505.0,4081.0,4124.0,5074,2104,,,,
2021-12-09,2021-12-09T23:00:00Z,4176.0,4236.0,3930.0,4040.0,12400,2339,,,,
2021-12-12,2021-12-12T23:00:00Z,4100.0,4161.0,3660.5,3745.0,11739,3147,,,,
2021-12-13,2021-12-13T23:00:00Z,3825.0,3877.0,3724.5,3849.5,644,2390,,,,
2021-12-14,2021-12-14T23:00:00Z,3844.5,4108.5,3680.0,4083.0,511,2536,,,,
2021-12-15,2021-12-15T23:00:00Z,4046.0,4132.0,4002.5,4042.0,981,2447,,,,
2021-12-16,2021-12-16T23:00:00Z,3983.0,3993.0,3722.0,3855.0,468,2538,,,,
2021-12-19,2021-12-19T23:00:00Z,3954.0,3980.0,3793.0,3951.0,424,2432,,,,
2021-12-20,2021-12-20T23:00:00Z,3934.0,4080.0,3930.0,4033.5,866,2616,,,,
2021-12-21,2021-12-21T23:00:00Z,4055.5,4096.0,3980.0,4022.5,461,2924,,,,
2021-12-22,2021-12-22T23:00:00Z,3968.0,4168.0,3920.0,4146.0,626,3308,,,,
2021-12-26,2021-12-26T23:00:00Z,4118.0,4145.0,4067.0,4117.5,3828,4085,,,,
2021-12-27,2021-12-27T23:00:00Z,4085.0,4085.0,3773.0,3844.0,5287,5390,,,,
2021-12-28,2021-12-28T23:00:00Z,3812.0,3842.5,3714.5,3755.5,6739,7292,,,,
2021-12-29,2021-12-29T23:00:00Z,3722.5,3771.0,3588.5,3715.0,3521,7385,,,,
2021-12-30,2021-12-30T23:00:00Z,3704.5,3819.0,3630.0,3650.0,8594,7077,,,,
2022-01-02,2022-01-02T23:00:00Z,3839.5,3864.5,3686.5,3699.0,5953,7795,,,,
2022-01-03,2022-01-03T23:00:00Z,3761.0,3902.0,3723.5,3824.5,6689,8357,,,,
2022-01-04,2022-01-04T23:00:00Z,3822.0,3839.0,3541.0,3579.5,14976,8644,,,,
2022-01-05,2022-01-05T23:00:00Z,3528.0,3553.5,3288.0,3417.0,19065,13132,,,,
2022-01-06,2022-01-06T23:00:00Z,3414.0,3414.0,3055.5,3203.5,32484,22641,,,,
2022-01-09,2022-01-09T23:00:00Z,3180.0,3180.0,2920.0,3081.5,27947,30137,,,,
2022-01-10,2022-01-10T23:00:00Z,3055.0,3263.5,3052.0,3242.0,16364,31883,,,,
2022-01-11,2022-01-11T23:00:00Z,3247.0,3413.0,3211.5,3380.5,17535,35314,,,,
2022-01-12,2022-01-12T23:00:00Z,3370.5,3417.5,3228.5,3264.0,13795,38628,,,,
2022-01-13,2022-01-13T23:00:00Z,3253.5,3346.5,3190.5,3305.0,13495,43668,,,,
2022-01-16,2022-01-16T23:00:00Z,3361.0,3368.0,3078.5,3116.5,16828,48176,,,,
2022-01-18,2022-01-18T23:00:00Z,3176.5,3177.0,3042.5,3106.0,15327,51229,,,,
2022-01-19,2022-01-19T23:00:00Z,3116.5,3272.0,3074.0,3190.5,10443,50979,,,,
2022-01-20,2022-01-20T23:00:00Z,3079.0,3079.0,2560.0,2736.0,39466,63692,,,,
2022-01-23,2022-01-23T23:00:00Z,2450.0,2550.0,2162.5,2461.5,44502,66178,,,,
2022-01-24,2022-01-24T23:00:00Z,2415.5,2508.0,2350.0,2435.5,13846,68219,,,,
2022-01-25,2022-01-25T23:00:00Z,2439.5,2718.0,2422.5,2517.5,19166,68075,,,,
2022-01-26,2022-01-26T23:00:00Z,2457.5,2515.0,2316.0,2336.5,13828,10641,,,,
2022-01-27,2022-01-27T23:00:00Z,2370.0,2547.5,2355.5,2512.0,19345,10896,,,,
2022-01-30,2022-01-30T23:00:00Z,2550.0,2705.5,2486.5,2688.5,18670,13404,,,,
2022-01-31,2022-01-31T23:00:00Z,2681.5,2813.0,2675.0,2774.5,14512,13756,,,,
2022-02-01,2022-02-01T23:00:00Z,2777.5,2813.5,2611.0,2726.0,18363,17020,,,,
2022-02-02,2022-02-02T23:00:00Z,2657.0,2721.5,2572.0,2575.5,17974,20235,,,,
2022-02-03,2022-02-03T23:00:00Z,2663.5,2986.5,2655.0,2960.5,34962,25854,,,,
2022-02-06,2022-02-06T23:00:00Z,3005.0,3192.0,2992.0,3156.0,15222,25514,,,,
2022-02-07,2022-02-07T23:00:00Z,3157.5,3238.5,3032.5,3124.0,13811,23057,,,,
2022-02-08,2022-02-08T23:00:00Z,3128.5,3281.0,3065.0,3266.5,8955,21825,,,,
2022-02-09,2022-02-09T23:00:00Z,3262.5,3287.5,3089.0,3113.5,14516,22686,,,,
2022-02-10,2022-02-10T23:00:00Z,3116.5,3143.5,2910.0,2919.0,16960,20951,,,,
2022-02-13,2022-02-13T23:00:00Z,2908.5,2970.5,2830.0,2897.0,14806,21271,,,,
2022-02-14,2022-02-14T23:00:00Z,2949.5,3147.5,2918.0,3123.0,11092,20426,,,,
2022-02-15,2022-02-15T23:00:00Z,3137.0,3204.0,3050.0,3158.5,13732,20669,,,,
2022-02-16,2022-02-16T23:00:00Z,3152.5,3159.5,2850.5,2898.5,15575,19951,,,,
2022-02-17,2022-02-17T23:00:00Z,2893.0,2943.5,2752.0,2786.0,16813,20225,,,,
2022-02-20,2022-02-20T23:00:00Z,2709.5,2757.0,2498.0,2600.5,28002,24415,,,,
2022-02-22,2022-02-22T23:00:00Z,2621.5,2752.0,2605.5,2616.5,15701,27334,,,,
2022-02-23,2022-02-23T23:00:00Z,2636.5,2721.5,2306.5,2649.0,10892,10932,,,,
2022-02-24,2022-02-24T23:00:00Z,2588.0,2750.5,2569.5,2716.0,12517,13721,,,,
2022-02-27,2022-02-27T23:00:00Z,2640.0,2849.5,2571.5,2839.0,17795,16441,,,,
2022-02-28,2022-02-28T23:00:00Z,2897.0,3039.5,2861.5,2982.5,14228,18989,,,,
2022-03-01,2022-03-01T23:00:00Z,2975.5,3052.5,2920.0,2957.5,13703,21756,,,,
2022-03-02,2022-03-02T23:00:00Z,2968.5,2975.5,2787.0,2803.5,11781,23441,,,,
2022-03-03,2022-03-03T23:00:00Z,2827.5,2850.5,2598.0,2615.5,19425,24924,,,,
2022-03-06,2022-03-06T23:00:00Z,2629.5,2647.5,2442.0,2458.0,28500,22552,,,,
2022-03-07,2022-03-07T23:00:00Z,2447.5,2624.5,2436.5,2551.5,17467,21119,,,,
2022-03-08,2022-03-08T23:00:00Z,2540.0,2775.0,2531.0,2686.5,15139,20332,,,,
2022-03-09,2022-03-09T23:00:00Z,2729.5,2736.0,2550.0,2618.5,19344,21453,,,,
2022-03-10,2022-03-10T23:00:00Z,2607.5,2675.0,2520.0,2529.5,13932,21725,,,,
2022-03-13,2022-03-13T22:00:00Z,2565.5,2603.5,2488.5,2531.0,10742,22572,,,,
2022-03-14,2022-03-14T22:00:00Z,2565.0,2565.0,2509.0,2509.0,354,1181,,,,
2022-03-15,2022-03-15T22:00:00Z,2565.0,2760.0,2509.0,2760.0,689,1459,,,,
2022-03-16,2022-03-16T22:00:00Z,2782.0,2840.0,2763.0,2838.0,585,1777,,,,
2022-03-17,2022-03-17T22:00:00Z,2820.0,2984.5,2798.5,2979.0,1017,2131,,,,
2022-03-20,2022-03-20T22:00:00Z,2883.5,2971.5,2838.5,2927.0,6198,5145,,,,
2022-03-21,2022-03-21T22:00:00Z,2932.5,3053.5,2898.5,2997.5,2282,6835,,,,
2022-03-22,2022-03-22T22:00:00Z,3028.5,3059.0,2927.5,2976.0,5146,9003,,,,
2022-03-23,2022-03-23T22:00:00Z,3010.0,3148.5,3008.0,3131.5,7084,10619,,,,
2022-03-24,2022-03-24T22:00:00Z,3117.0,3212.5,3097.5,3127.5,18732,13951,,,,
2022-03-27,2022-03-27T22:00:00Z,3164.5,3450.5,3164.5,3433.5,16671,17609,,,,
2022-03-28,2022-03-28T22:00:00Z,3401.0,3507.0,3340.5,3453.0,12848,19825,,,,
2022-03-29,2022-03-29T22:00:00Z,3389.5,3467.0,3350.0,3407.5,10212,21964,,,,
2022-03-30,2022-03-30T22:00:00Z,3403.0,3460.0,3270.0,3298.5,10589,22939,,,,
2022-03-31,2022-03-31T22:00:00Z,3295.0,3500.5,3230.0,3484.5,11556,24051,,,,
2022-04-03,2022-04-03T22:00:00Z,3500.0,3599.0,3415.5,3506.0,11217,21268,,,,
2022-04-04,2022-04-04T22:00:00Z,3531.0,3571.0,3419.5,3470.5,13823,20276,,,,
2022-04-05,2022-04-05T22:00:00Z,3453.0,3463.0,3167.5,3221.0,24895,13231,,,,
2022-04-06,2022-04-06T22:00:00Z,3231.5,3266.5,3141.5,3221.0,16546,13366,,,,
2022-04-07,2022-04-07T22:00:00Z,3221.0,3315.5,3214.0,3237.0,12509,16441,,,,
2022-04-10,2022-04-10T22:00:00Z,3274.5,3275.5,2965.5,3005.0,24353,22168,,,,
2022-04-11,2022-04-11T22:00:00Z,2959.0,3086.5,2947.0,2969.5,22875,27217,,,,
2022-04-12,2022-04-12T22:00:00Z,3010.0,3116.0,2986.5,3089.0,17826,30729,,,,
2022-04-13,2022-04-13T22:00:00Z,3107.0,3148.0,2970.5,2995.5,18676,34586,,,,
2022-04-17,2022-04-17T22:00:00Z,3059.0,3076.0,2882.0,3007.0,23528,44886,,,,
2022-04-18,2022-04-18T22:00:00Z,3000.0,3132.0,2981.0,3115.5,7961,44023,,,,
2022-04-19,2022-04-19T22:00:00Z,3095.5,3170.5,3040.0,3068.5,10506,42406,,,,
2022-04-20,2022-04-20T22:00:00Z,3094.0,3183.5,2988.5,3024.0,14907,40552,,,,
2022-04-21,2022-04-21T22:00:00Z,3020.0,3021.5,2932.5,2951.0,12714,39212,,,,
2022-04-24,2022-04-24T22:00:00Z,2949.5,3022.0,2794.0,3012.5,18918,37949,,,,
2022-04-25,2022-04-25T22:00:00Z,2980.0,3038.5,2797.5,2836.5,13718,38374,,,,
2022-04-26,2022-04-26T22:00:00Z,2835.0,2919.5,2765.5,2857.5,12283,38753,,,,
2022-04-27,2022-04-27T22:00:00Z,2888.0,2974.0,2850.5,2945.5,9310,9645,,,,
2022-04-28,2022-04-28T22:00:00Z,2922.5,2941.5,2770.0,2783.5,37150,31031,,,,
2022-05-01,2022-05-01T22:00:00Z,2786.0,2870.0,2774.0,2840.0,13113,32745,,,,
2022-05-02,2022-05-02T22:00:00Z,2869.5,2882.5,2753.5,2770.0,13381,35826,,,,
2022-05-03,2022-05-03T22:00:00Z,2794.0,2967.5,2762.5,2958.0,15773,36186,,,,
2022-05-04,2022-05-04T22:00:00Z,2935.0,2957.5,2683.0,2729.0,20176,40598,,,,
2022-05-05,2022-05-05T22:00:00Z,2743.5,2756.5,2629.5,2684.5,14080,41357,,,,
2022-05-08,2022-05-08T22:00:00Z,2586.0,2586.0,2220.5,2267.5,20515,41887,,,,
2022-05-09,2022-05-09T22:00:00Z,2358.5,2452.5,2197.5,2356.5,16548,41874,,,,
2022-05-10,2022-05-10T22:00:00Z,2312.5,2449.0,2023.5,2105.0,63629,52811,,,,
2022-05-11,2022-05-11T22:00:00Z,2077.0,2190.0,1709.0,1947.5,69757,61679,,,,
2022-05-12,2022-05-12T22:00:00Z,1904.0,2146.5,1891.5,2062.5,34714,69784,,,,
2022-05-15,2022-05-15T22:00:00Z,2030.5,2153.5,1978.5,2004.5,15428,74080,,,,
2022-05-16,2022-05-16T22:00:00Z,2042.0,2121.0,2009.0,2042.5,14961,74017,,,,
2022-05-17,2022-05-17T22:00:00Z,2094.0,2106.0,1933.5,1977.5,19603,77377,,,,
2022-05-18,2022-05-18T22:00:00Z,1959.0,2041.0,1901.0,1991.0,18526,77208,,,,
2022-05-19,2022-05-19T22:00:00Z,2011.5,2058.5,1917.5,1964.5,25720,85190,,,,
2022-05-22,2022-05-22T22:00:00Z,2020.0,2085.5,1975.0,1977.5,15585,83283,,,,
2022-05-23,2022-05-23T22:00:00Z,2000.0,2003.0,1906.5,1956.5,15466,81939,,,,
2022-05-24,2022-05-24T22:00:00Z,1985.5,2018.5,1933.5,1949.0,15604,80620,,,,
2022-05-25,2022-05-25T22:00:00Z,1961.5,1965.0,1736.0,1823.0,12938,18404,,,,
2022-05-26,2022-05-26T22:00:00Z,1827.5,1840.0,1710.0,1746.5,19012,23805,,,,
2022-05-29,2022-05-29T22:00:00Z,1790.0,2017.5,1790.0,1933.0,32338,24287,,,,
2022-05-31,2022-05-31T22:00:00Z,1948.0,1973.0,1757.0,1818.5,17393,25386,,,,
2022-06-01,2022-06-01T22:00:00Z,1792.5,1840.5,1778.0,1821.5,8350,25697,,,,
2022-06-02,2022-06-02T22:00:00Z,1837.5,1850.5,1732.5,1745.5,7338,26691,,,,
2022-06-05,2022-06-05T22:00:00Z,1799.0,1919.0,1797.5,1862.5,8437,27503,,,,
2022-06-06,2022-06-06T22:00:00Z,1865.5,1870.0,1719.5,1843.5,11009,27103,,,,
2022-06-07,2022-06-07T22:00:00Z,1842.0,1842.0,1754.5,1789.0,8305,27469,,,,
2022-06-08,2022-06-08T22:00:00Z,1805.0,1830.0,1775.0,1780.5,4814,28155,,,,
2022-06-09,2022-06-09T22:00:00Z,1792.5,1803.5,1656.0,1663.5,17582,29343,,,,
2022-06-12,2022-06-12T22:00:00Z,1550.0,1550.0,1165.0,1224.5,26669,28529,,,,
2022-06-13,2022-06-13T22:00:00Z,1219.5,1256.0,1075.5,1204.5,4802,3218,,,,
2022-06-14,2022-06-14T22:00:00Z,1177.0,1225.0,1016.0,1172.0,2346,2789,,,,
2022-06-15,2022-06-15T22:00:00Z,1235.5,1252.5,1078.0,1092.5,2139,4463,,,,
2022-06-16,2022-06-16T22:00:00Z,1094.5,1108.0,1041.0,1076.0,2158,5537,,,,
2022-06-19,2022-06-19T22:00:00Z,1133.0,1215.0,1055.0,1122.0,9323,6526,,,,
2022-06-21,2022-06-21T22:00:00Z,1131.5,1131.5,1039.5,1066.0,5812,9565,,,,
2022-06-22,2022-06-22T22:00:00Z,1055.0,1136.5,1044.5,1122.5,13740,15726,,,,
2022-06-23,2022-06-23T22:00:00Z,1130.0,1241.5,1130.0,1225.0,22017,25078,,,,
2022-06-26,2022-06-26T22:00:00Z,1237.0,1237.0,1168.5,1194.0,13542,26443,,,,
2022-06-27,2022-06-27T22:00:00Z,1189.0,1232.5,1148.0,1152.5,11820,29057,,,,
2022-06-28,2022-06-28T22:00:00Z,1165.5,1165.5,1084.5,1115.0,13372,29653,,,,
2022-06-29,2022-06-29T22:00:00Z,1112.0,1118.5,995.0,1014.0,11483,30867,,,,
2022-06-30,2022-06-30T22:00:00Z,1016.0,1111.0,1008.0,1062.5,16595,33602,,,,
2022-07-03,2022-07-03T22:00:00Z,1095.5,1172.5,1041.5,1144.5,22173,34535,,,,
2022-07-05,2022-07-05T22:00:00Z,1152.0,1166.0,1110.5,1150.0,10495,34716,,,,
2022-07-06,2022-07-06T22:00:00Z,1168.5,1252.0,1163.5,1246.0,15246,35469,,,,
2022-07-07,2022-07-07T22:00:00Z,1235.5,1272.5,1192.5,1239.0,16863,34316,,,,
2022-07-10,2022-07-10T22:00:00Z,1220.0,1220.0,1125.0,1138.5,7321,34796,,,,
2022-07-11,2022-07-11T22:00:00Z,1121.0,1121.0,1030.5,1037.5,17489,32397,,,,
2022-07-12,2022-07-12T22:00:00Z,1036.0,1095.5,1004.5,1074.5,17304,31512,,,,
2022-07-13,2022-07-13T22:00:00Z,1082.0,1208.5,1069.0,1192.5,30936,32237,,,,
2022-07-14,2022-07-14T22:00:00Z,1185.0,1286.5,1180.0,1266.0,22504,30040,,,,
2022-07-17,2022-07-17T22:00:00Z,1318.5,1529.5,1318.5,1471.0,32100,29925,,,,
2022-07-18,2022-07-18T22:00:00Z,1427.0,1631.5,1427.0,1563.0,30623,27753,,,,
2022-07-19,2022-07-19T22:00:00Z,1578.5,1622.5,1485.5,1551.0,21255,28692,,,,
2022-07-20,2022-07-20T22:00:00Z,1555.5,1605.0,1463.5,1580.5,30623,30299,,,,
2022-07-21,2022-07-21T22:00:00Z,1593.5,1646.5,1518.0,1529.0,24595,31840,,,,
2022-07-24,2022-07-24T22:00:00Z,1621.5,1660.0,1456.0,1496.0,16485,32380,,,,
2022-07-25,2022-07-25T22:00:00Z,1511.0,1514.5,1358.0,1365.0,14803,30555,,,,
2022-07-26,2022-07-26T22:00:00Z,1380.5,1615.0,1380.5,1587.5,31636,27718,,,,
2022-07-27,2022-07-27T22:00:00Z,1615.5,1790.5,1603.5,1733.0,19465,33610,,,,
2022-07-28,2022-07-28T22:00:00Z,1745.0,1758.0,1664.0,1728.5,18784,33739,,,,
2022-07-31,2022-07-31T22:00:00Z,1736.0,1736.0,1614.0,1626.5,14359,34261,,,,
2022-08-01,2022-08-01T22:00:00Z,1625.5,1685.0,1562.0,1639.0,15013,33237,,,,
2022-08-02,2022-08-02T22:00:00Z,1655.5,1688.5,1596.0,1658.5,13761,33217,,,,
2022-08-03,2022-08-03T22:00:00Z,1641.0,1665.5,1581.5,1591.0,12755,32821,,,,
2022-08-04,2022-08-04T22:00:00Z,1584.0,1723.0,1584.0,1686.0,14013,33663,,,,
2022-08-07,2022-08-07T22:00:00Z,1717.0,1821.0,1692.0,1788.0,17575,31018,,,,
2022-08-08,2022-08-08T22:00:00Z,1772.0,1794.5,1667.5,1691.0,15209,31150,,,,
2022-08-09,2022-08-09T22:00:00Z,1714.5,1859.0,1657.0,1821.5,14794,31729,,,,
2022-08-10,2022-08-10T22:00:00Z,1865.0,1938.0,1855.5,1904.0,10278,30139,,,,
2022-08-11,2022-08-11T22:00:00Z,1902.0,1945.5,1856.5,1933.0,9304,29866,,,,
2022-08-14,2022-08-14T22:00:00Z,1956.0,2010.0,1875.0,1892.0,15964,31425,,,,
2022-08-15,2022-08-15T22:00:00Z,1910.0,1921.5,1853.0,1882.5,6787,31686,,,,
2022-08-16,2022-08-16T22:00:00Z,1883.5,1960.0,1819.5,1838.5,17008,30583,,,,
2022-08-17,2022-08-17T22:00:00Z,1834.0,1886.0,1825.5,1870.0,6851,28795,,,,
2022-08-18,2022-08-18T22:00:00Z,1867.0,1874.0,1676.0,1699.5,20088,30149,,,,
2022-08-21,2022-08-21T22:00:00Z,1632.0,1632.0,1529.5,1565.0,16379,33702,,,,
2022-08-22,2022-08-22T22:00:00Z,1566.0,1674.5,1561.5,1649.5,16640,31876,,,,
2022-08-23,2022-08-23T22:00:00Z,1652.0,1695.0,1605.5,1678.5,11106,29594,,,,
2022-08-24,2022-08-24T22:00:00Z,1667.0,1712.5,1643.5,1697.0,4059,27604,,,,
2022-08-25,2022-08-25T22:00:00Z,1697.5,1697.5,1513.0,1537.0,23286,32021,,,,
2022-08-28,2022-08-28T22:00:00Z,1487.0,1533.0,1405.0,1515.0,18281,30583,,,,
2022-08-29,2022-08-29T22:00:00Z,1526.0,1585.0,1453.5,1528.0,19228,33111,,,,
2022-08-30,2022-08-30T22:00:00Z,1518.0,1603.0,1500.0,1560.0,13965,33653,,,,
2022-08-31,2022-08-31T22:00:00Z,1565.0,1570.5,1491.0,1550.0,12647,33116,,,,
2022-09-01,2022-09-01T22:00:00Z,1573.0,1636.0,1524.0,1536.0,13523,34502,,,,
2022-09-04,2022-09-04T22:00:00Z,1650.0,1670.5,1530.5,1551.5,17270,36079,,,,
2022-09-06,2022-09-06T22:00:00Z,1564.0,1635.0,1471.5,1553.5,12718,36080,,,,
2022-09-07,2022-09-07T22:00:00Z,1630.0,1649.0,1578.0,1634.5,12088,36846,,,,
2022-09-08,2022-09-08T22:00:00Z,1622.0,1734.0,1613.5,1710.0,21262,35769,,,,
2022-09-11,2022-09-11T22:00:00Z,1726.5,1771.5,1676.0,1709.0,13037,36062,,,,
2022-09-12,2022-09-12T22:00:00Z,1701.5,1744.5,1552.5,1584.5,30404,36355,,,,
2022-09-13,2022-09-13T22:00:00Z,1584.5,1600.0,1530.0,1577.0,16459,38253,,,,
2022-09-14,2022-09-14T22:00:00Z,1590.5,1650.0,1454.0,1494.5,36629,39307,,,,
2022-09-15,2022-09-15T22:00:00Z,1479.0,1483.0,1403.0,1427.0,19312,40379,,,,
2022-09-18,2022-09-18T22:00:00Z,1361.0,1368.5,1277.5,1361.0,21753,39053,,,,
2022-09-19,2022-09-19T22:00:00Z,1374.0,1389.5,1328.0,1349.0,13234,38716,,,,
2022-09-20,2022-09-20T22:00:00Z,1321.0,1406.0,1305.0,1320.5,22393,37711,,,,
2022-09-21,2022-09-21T22:00:00Z,1251.0,1335.5,1217.5,1323.0,19350,41391,,,,
2022-09-22,2022-09-22T22:00:00Z,1308.0,1358.0,1258.5,1289.5,25324,40152,,,,
2022-09-25,2022-09-25T22:00:00Z,1291.0,1340.0,1270.0,1326.5,13341,38255,,,,
2022-09-26,2022-09-26T22:00:00Z,1303.5,1399.5,1300.5,1323.0,26226,39992,,,,
2022-09-27,2022-09-27T22:00:00Z,1330.5,1355.5,1246.5,1335.0,24851,37228,,,,
2022-09-28,2022-09-28T22:00:00Z,1343.5,1343.5,1282.5,1326.0,20190,24174,,,,
2022-09-29,2022-09-29T22:00:00Z,1330.0,1369.5,1306.5,1332.0,28555,31410,,,,
2022-10-02,2022-10-02T22:00:00Z,1275.5,1325.5,1253.5,1312.0,18398,31284,,,,
2022-10-03,2022-10-03T22:00:00Z,1317.0,1372.0,1309.5,1353.0,15215,32602,,,,
2022-10-04,2022-10-04T22:00:00Z,1358.0,1364.0,1312.0,1346.5,8898,33427,,,,
2022-10-05,2022-10-05T22:00:00Z,1342.0,1383.5,1342.0,1357.0,9509,33630,,,,
2022-10-06,2022-10-06T22:00:00Z,1345.5,1356.5,1313.5,1324.5,11399,35758,,,,
2022-10-09,2022-10-09T22:00:00Z,1313.0,1333.5,1293.0,1302.0,5414,37096,,,,
2022-10-10,2022-10-10T22:00:00Z,1299.0,1299.0,1263.5,1277.5,5616,37827,,,,
2022-10-11,2022-10-11T22:00:00Z,1276.0,1303.0,1268.0,1294.0,5697,38552,,,,
2022-10-12,2022-10-12T22:00:00Z,1296.0,1296.0,1173.0,1282.5,23088,36401,,,,
2022-10-13,2022-10-13T22:00:00Z,1290.0,1343.0,1280.5,1295.5,16915,37459,,,,
2022-10-16,2022-10-16T22:00:00Z,1287.5,1335.0,1287.5,1323.5,5510,37274,,,,
2022-10-17,2022-10-17T22:00:00Z,1332.5,1339.5,1283.0,1297.5,11460,36250,,,,
2022-10-18,2022-10-18T22:00:00Z,1306.5,1311.0,1284.5,1295.0,7083,36260,,,,
2022-10-19,2022-10-19T22:00:00Z,1289.5,1308.0,1268.0,1282.0,11279,35276,,,,
2022-10-20,2022-10-20T22:00:00Z,1283.0,1304.5,1251.5,1301.0,10019,34979,,,,
2022-10-23,2022-10-23T22:00:00Z,1327.0,1369.5,1324.0,1345.0,7660,33751,,,,
2022-10-24,2022-10-24T22:00:00Z,1347.0,1527.5,1336.5,1495.0,18194,31790,,,,
2022-10-25,2022-10-25T22:00:00Z,1481.0,1595.0,1450.0,1567.0,14488,32730,,,,
2022-10-26,2022-10-26T22:00:00Z,1564.0,1583.0,1516.0,1566.0,13332,12436,,,,
2022-10-27,2022-10-27T22:00:00Z,1525.0,1581.0,1482.0,1562.0,19088,15717,,,,
2022-10-30,2022-10-30T22:00:00Z,1600.5,1636.5,1551.0,1566.0,13243,14412,,,,
2022-10-31,2022-10-31T22:00:00Z,1551.0,1613.0,1551.0,1579.5,7885,16602,,,,
2022-11-01,2022-11-01T22:00:00Z,1576.5,1622.5,1503.0,1537.5,23905,16460,,,,
2022-11-02,2022-11-02T22:00:00Z,1516.0,1560.0,1507.0,1546.0,5875,15749,,,,
2022-11-03,2022-11-03T22:00:00Z,1540.0,1681.5,1523.0,1650.0,14547,15828,,,,
2022-11-06,2022-11-06T23:00:00Z,1613.0,1613.0,1549.5,1602.5,10252,13971,,,,
2022-11-07,2022-11-07T23:00:00Z,1564.0,1579.0,1235.0,1308.0,58441,11679,,,,
2022-11-08,2022-11-08T23:00:00Z,1311.5,1330.0,1034.5,1134.0,47986,15961,,,,
2022-11-09,2022-11-09T23:00:00Z,1050.5,1309.0,1048.0,1309.0,40613,17482,,,,
2022-11-10,2022-11-10T23:00:00Z,1296.0,1296.0,1160.0,1209.5,37584,20926,,,,
2022-11-13,2022-11-13T23:00:00Z,1173.5,1259.5,1132.5,1193.5,22609,22327,,,,
2022-11-14,2022-11-14T23:00:00Z,1202.5,1272.5,1202.5,1238.5,14307,22174,,,,
2022-11-15,2022-11-15T23:00:00Z,1232.0,1256.0,1157.5,1187.5,22662,29175,,,,
2022-11-16,2022-11-16T23:00:00Z,1182.5,1208.5,1155.0,1187.0,13228,27539,,,,
2022-11-17,2022-11-17T23:00:00Z,1195.5,1219.5,1184.0,1201.0,8040,41259,,,,
2022-11-20,2022-11-20T23:00:00Z,1152.5,1159.5,1073.0,1097.5,14687,42528,,,,
2022-11-21,2022-11-21T23:00:00Z,1100.5,1137.5,1073.5,1123.5,11893,39047,,,,
2022-11-22,2022-11-22T23:00:00Z,1094.0,1159.0,1080.0,1145.5,8378,18675,,,,
2022-11-23,2022-11-23T23:00:00Z,1147.5,1188.0,1142.0,1165.0,8186,17678,,,,
2022-11-27,2022-11-27T23:00:00Z,1176.0,1200.0,1125.5,1153.5,16160,20063,,,,
2022-11-28,2022-11-28T23:00:00Z,1147.0,1208.0,1138.0,1205.5,8364,20209,,,,
2022-11-29,2022-11-29T23:00:00Z,1196.0,1297.0,1194.5,1292.5,12368,15965,,,,
2022-11-30,2022-11-30T23:00:00Z,1295.5,1302.0,1257.0,1265.5,10885,17351,,,,
2022-12-01,2022-12-01T23:00:00Z,1272.0,1292.5,1258.0,1290.5,4205,17885,,,,
2022-12-04,2022-12-04T23:00:00Z,1273.5,1305.0,1238.5,1250.0,13173,18772,,,,
2022-12-05,2022-12-05T23:00:00Z,1251.5,1263.5,1236.0,1248.0,3875,18664,,,,
2022-12-06,2022-12-06T23:00:00Z,1259.5,1271.5,1210.5,1227.0,10373,19017,,,,
2022-12-07,2022-12-07T23:00:00Z,1212.5,1292.0,1212.5,1277.0,5612,19794,,,,
2022-12-08,2022-12-08T23:00:00Z,1282.0,1293.5,1253.5,1258.0,6079,20962,,,,
2022-12-11,2022-12-11T23:00:00Z,1260.0,1274.5,1236.0,1263.0,4307,20962,,,,
2022-12-12,2022-12-12T23:00:00Z,1241.0,1348.0,1221.5,1315.5,13983,20979,,,,
2022-12-13,2022-12-13T23:00:00Z,1315.0,1348.0,1301.5,1308.0,9456,20006,,,,
2022-12-14,2022-12-14T23:00:00Z,1310.0,1310.0,1258.0,1269.5,8201,19978,,,,
2022-12-15,2022-12-15T23:00:00Z,1259.5,1277.0,1178.5,1199.0,20973,20364,,,,
2022-12-18,2022-12-18T23:00:00Z,1181.0,1187.5,1158.5,1169.0,6864,20634,,,,
2022-12-19,2022-12-19T23:00:00Z,1147.0,1229.0,1144.0,1210.0,9150,19258,,,,
2022-12-20,2022-12-20T23:00:00Z,1216.0,1218.5,1200.5,1207.5,5507,19133,,,,
2022-12-21,2022-12-21T23:00:00Z,1209.0,1235.0,1177.0,1213.0,7414,19376,,,,
2022-12-22,2022-12-22T23:00:00Z,1214.5,1228.0,1208.0,1217.5,3047,19005,,,,
2022-12-26,2022-12-26T23:00:00Z,1220.0,1231.0,1200.0,1207.5,7553,18019,,,,
2022-12-27,2022-12-27T23:00:00Z,1210.0,1212.0,1181.0,1193.5,10008,14039,,,,
2022-12-28,2022-12-28T23:00:00Z,1168.0,1189.0,1164.5,1182.0,2956,8612,,,,
2022-12-29,2022-12-29T23:00:00Z,1181.5,1194.0,1165.0,1189.0,3469,8963,,,,
2023-01-02,2023-01-02T23:00:00Z,1197.0,1216.0,1196.5,1204.5,9485,13878,,,,
2023-01-03,2023-01-03T23:00:00Z,1206.5,1270.0,1206.0,1249.0,13936,13228,,,,
2023-01-04,2023-01-04T23:00:00Z,1253.5,1254.5,1239.5,1251.0,2901,13322,,,,
2023-01-05,2023-01-05T23:00:00Z,1249.5,1277.0,1235.0,1265.0,7248,12509,,,,
2023-01-08,2023-01-08T23:00:00Z,1267.0,1347.0,1267.0,1320.5,12166,12862,,,,
2023-01-09,2023-01-09T23:00:00Z,1344.0,1350.0,1315.5,1343.5,3182,12665,,,,
2023-01-10,2023-01-10T23:00:00Z,1338.5,1347.5,1321.5,1342.5,5611,12324,,,,
2023-01-11,2023-01-11T23:00:00Z,1355.0,1439.0,1354.5,1437.0,11848,9855,,,,
2023-01-12,2023-01-12T23:00:00Z,1423.5,1464.0,1402.5,1430.0,8278,9853,,,,
2023-01-15,2023-01-15T23:00:00Z,1526.0,1610.0,1525.5,1588.5,11962,11535,,,,
2023-01-17,2023-01-17T23:00:00Z,1575.0,1611.0,1505.0,1521.5,11034,11489,,,,
2023-01-18,2023-01-18T23:00:00Z,1531.0,1565.0,1510.0,1560.5,7463,12142,,,,
2023-01-19,2023-01-19T23:00:00Z,1553.0,1658.0,1545.0,1648.5,7429,12046,,,,
2023-01-22,2023-01-22T23:00:00Z,1628.0,1652.0,1591.0,1637.0,9867,12101,,,,
2023-01-23,2023-01-23T23:00:00Z,1631.5,1642.5,1597.0,1618.0,5221,11209,,,,
2023-01-24,2023-01-24T23:00:00Z,1568.0,1618.0,1519.0,1579.5,12013,8171,,,,
2023-01-25,2023-01-25T23:00:00Z,1600.0,1640.0,1585.0,1617.5,8633,6686,,,,
2023-01-26,2023-01-26T23:00:00Z,1609.5,1632.0,1566.5,1608.5,10167,8455,,,,
2023-01-29,2023-01-29T23:00:00Z,1638.0,1666.0,1541.0,1559.0,10237,8535,,,,
2023-01-30,2023-01-30T23:00:00Z,1571.5,1614.5,1568.0,1596.5,6624,8600,,,,
2023-01-31,2023-01-31T23:00:00Z,1601.0,1660.0,1566.0,1644.5,13692,9975,,,,
2023-02-01,2023-02-01T23:00:00Z,1651.5,1728.5,1640.5,1690.0,19026,10577,,,,
2023-02-02,2023-02-02T23:00:00Z,1666.0,1688.5,1637.5,1666.0,14151,10425,,,,
2023-02-05,2023-02-05T23:00:00Z,1647.0,1668.5,1617.5,1655.5,8243,11962,,,,
2023-02-06,2023-02-06T23:00:00Z,1632.0,1687.5,1612.5,1673.0,10516,13006,,,,
2023-02-07,2023-02-07T23:00:00Z,1678.0,1706.0,1636.0,1648.0,12408,13234,,,,
2023-02-08,2023-02-08T23:00:00Z,1651.5,1661.0,1526.0,1579.0,13946,11938,,,,
2023-02-09,2023-02-09T23:00:00Z,1538.5,1555.5,1491.5,1530.5,8999,10696,,,,
2023-02-12,2023-02-12T23:00:00Z,1517.5,1525.5,1469.0,1490.5,6617,11172,,,,
2023-02-13,2023-02-13T23:00:00Z,1496.5,1565.0,1482.0,1559.0,12989,11062,,,,
2023-02-14,2023-02-14T23:00:00Z,1559.0,1684.0,1543.5,1671.0,9976,11347,,,,
2023-02-15,2023-02-15T23:00:00Z,1671.0,1748.0,1670.5,1687.5,10103,10274,,,,
2023-02-16,2023-02-16T23:00:00Z,1653.0,1724.0,1633.5,1715.5,11753,10514,,,,
2023-02-19,2023-02-19T23:00:00Z,1689.0,1723.0,1638.5,1671.5,9288,11544,,,,
2023-02-21,2023-02-21T23:00:00Z,1655.0,1666.5,1596.5,1616.5,9706,10941,,,,
2023-02-22,2023-02-22T23:00:00Z,1653.5,1692.5,1645.5,1662.5,4580,8207,,,,
2023-02-23,2023-02-23T23:00:00Z,1662.5,1669.5,1582.5,1620.0,6430,10051,,,,
2023-02-26,2023-02-26T23:00:00Z,1634.0,1676.0,1619.0,1633.0,4346,9897,,,,
2023-02-27,2023-02-27T23:00:00Z,1643.5,1658.5,1607.5,1638.5,2901,10402,,,,
2023-02-28,2023-02-28T23:00:00Z,1619.0,1680.0,1602.5,1651.0,3268,10615,,,,
2023-03-01,2023-03-01T23:00:00Z,1667.0,1688.5,1627.5,1653.5,2503,10833,,,,
2023-03-02,2023-03-02T23:00:00Z,1657.0,1658.5,1538.0,1560.5,10682,10429,,,,
2023-03-05,2023-03-05T23:00:00Z,1562.0,1585.5,1558.0,1563.5,2983,10262,,,,
2023-03-06,2023-03-06T23:00:00Z,1572.0,1585.5,1535.5,1549.5,1925,9863,,,,
2023-03-07,2023-03-07T23:00:00Z,1548.0,1572.5,1545.0,1562.5,5822,10428,,,,
2023-03-08,2023-03-08T23:00:00Z,1544.0,1546.5,1405.5,1412.0,10422,11212,,,,
2023-03-09,2023-03-09T23:00:00Z,1437.0,1437.0,1368.5,1417.0,9557,12074,,,,
2023-03-12,2023-03-12T22:00:00Z,1450.0,1702.0,1450.0,1684.0,24469,18669,,,,
2023-03-13,2023-03-13T22:00:00Z,1682.0,1788.0,1668.0,1732.0,10353,17627,,,,
2023-03-14,2023-03-14T22:00:00Z,1700.0,1726.0,1620.0,1654.0,7922,17423,,,,
2023-03-15,2023-03-15T22:00:00Z,1665.0,1695.0,1640.0,1689.0,2902,17768,,,,
2023-03-16,2023-03-16T22:00:00Z,1677.5,1773.5,1677.5,1753.0,7035,19841,,,,
2023-03-19,2023-03-19T22:00:00Z,1800.0,1819.0,1748.5,1764.0,6125,18520,,,,
2023-03-20,2023-03-20T22:00:00Z,1762.5,1848.5,1732.0,1802.0,7390,18454,,,,
2023-03-21,2023-03-21T22:00:00Z,1805.0,1831.5,1717.5,1725.0,4874,17778,,,,
2023-03-22,2023-03-22T22:00:00Z,1730.0,1868.0,1728.5,1831.0,8562,18788,,,,
2023-03-23,2023-03-23T22:00:00Z,1829.0,1829.5,1731.5,1768.5,12536,19826,,,,
2023-03-26,2023-03-26T22:00:00Z,1839.0,1839.0,1688.5,1705.0,3731,19082,,,,
2023-03-27,2023-03-27T22:00:00Z,1716.5,1798.5,1705.0,1787.5,6276,19156,,,,
2023-03-28,2023-03-28T22:00:00Z,1774.0,1827.0,1770.0,1811.5,4505,18102,,,,
2023-03-29,2023-03-29T22:00:00Z,1800.5,1839.5,1775.0,1792.0,2003,4351,,,,
2023-03-30,2023-03-30T22:00:00Z,1804.5,1872.5,1792.5,1847.0,8998,6081,,,,
2023-04-02,2023-04-02T22:00:00Z,1835.0,1851.0,1773.0,1830.5,9792,6065,,,,
2023-04-03,2023-04-03T22:00:00Z,1802.5,1904.0,1802.5,1879.5,11819,6693,,,,
2023-04-04,2023-04-04T22:00:00Z,1885.5,1954.0,1871.0,1921.5,19841,7335,,,,
2023-04-05,2023-04-05T22:00:00Z,1920.0,1922.5,1859.5,1878.5,7926,7592,,,,
2023-04-06,2023-04-06T22:00:00Z,1871.0,1891.5,1846.0,1863.0,5281,8210,,,,
2023-04-09,2023-04-09T22:00:00Z,1894.0,1919.5,1851.5,1902.5,10888,8221,,,,
2023-04-10,2023-04-10T22:00:00Z,1900.0,1952.0,1890.0,1903.5,10889,8544,,,,
2023-04-11,2023-04-11T22:00:00Z,1906.0,1948.5,1860.5,1912.5,11852,8685,,,,
2023-04-12,2023-04-12T22:00:00Z,1929.0,2038.5,1909.0,2026.5,21807,8289,,,,
2023-04-13,2023-04-13T22:00:00Z,2018.0,2149.0,2018.0,2100.5,28319,9248,,,,
2023-04-16,2023-04-16T22:00:00Z,2128.0,2145.0,2066.5,2088.5,6752,9031,,,,
2023-04-17,2023-04-17T22:00:00Z,2085.0,2132.5,2056.5,2087.5,7083,9443,,,,
2023-04-18,2023-04-18T22:00:00Z,2098.5,2113.5,1948.0,1984.5,19404,10043,,,,
2023-04-19,2023-04-19T22:00:00Z,1961.0,1985.0,1916.5,1928.0,12675,8891,,,,
2023-04-20,2023-04-20T22:00:00Z,1945.0,1956.5,1826.0,1844.5,12828,10054,,,,
2023-04-23,2023-04-23T22:00:00Z,1898.5,1898.5,1810.5,1832.5,8250,10018,,,,
2023-04-24,2023-04-24T22:00:00Z,1840.0,1864.5,1799.5,1839.0,5855,10001,,,,
2023-04-25,2023-04-25T22:00:00Z,1867.0,1962.0,1784.5,1828.5,14827,10556,,,,
2023-04-26,2023-04-26T22:00:00Z,1881.5,1946.0,1868.0,1929.5,4443,6874,,,,
2023-04-27,2023-04-27T22:00:00Z,1875.5,1930.0,1875.5,1901.5,7624,8054,,,,
2023-04-30,2023-04-30T22:00:00Z,1916.0,1916.0,1810.0,1819.0,7129,9013,,,,
2023-05-01,2023-05-01T22:00:00Z,1823.5,1884.5,1822.0,1873.5,5236,9464,,,,
2023-05-02,2023-05-02T22:00:00Z,1877.5,1904.5,1847.0,1872.5,5568,9542,,,,
2023-05-03,2023-05-03T22:00:00Z,1899.5,1923.5,1868.5,1878.5,4275,9768,,,,
2023-05-04,2023-05-04T22:00:00Z,1882.0,2011.5,1877.0,2004.5,15850,9864,,,,
2023-05-07,2023-05-07T22:00:00Z,1980.0,1980.0,1816.0,1832.5,11760,9286,,,,
2023-05-08,2023-05-08T22:00:00Z,1843.5,1863.0,1835.0,1854.5,2447,8841,,,,
2023-05-09,2023-05-09T22:00:00Z,1846.0,1888.5,1790.0,1853.5,10608,8540,,,,
2023-05-10,2023-05-10T22:00:00Z,1839.0,1850.5,1770.0,1785.5,7327,8988,,,,
2023-05-11,2023-05-11T22:00:00Z,1796.5,1801.0,1740.5,1792.0,6945,8810,,,,
2023-05-14,2023-05-14T22:00:00Z,1789.0,1852.5,1789.0,1829.5,5289,8640,,,,
2023-05-15,2023-05-15T22:00:00Z,1825.0,1833.5,1799.5,1818.0,4848,8489,,,,
2023-05-16,2023-05-16T22:00:00Z,1827.0,1837.5,1784.5,1830.5,6203,9403,,,,
2023-05-17,2023-05-17T22:00:00Z,1825.5,1832.5,1773.5,1797.0,2793,9726,,,,
2023-05-18,2023-05-18T22:00:00Z,1814.0,1832.5,1800.0,1814.0,3480,9779,,,,
2023-05-21,2023-05-21T22:00:00Z,1829.0,1839.0,1793.5,1817.5,4207,9034,,,,
2023-05-22,2023-05-22T22:00:00Z,1819.5,1879.5,1817.5,1854.0,8476,7431,,,,
2023-05-23,2023-05-23T22:00:00Z,1855.5,1856.5,1773.0,1791.0,7378,8659,,,,
2023-05-24,2023-05-24T22:00:00Z,1806.0,1816.0,1763.5,1811.0,2714,7538,,,,
2023-05-25,2023-05-25T22:00:00Z,1808.0,1845.5,1797.0,1843.5,7635,9042,,,,
2023-05-28,2023-05-28T22:00:00Z,1851.0,1938.0,1851.0,1920.0,9552,10925,,,,
2023-05-30,2023-05-30T22:00:00Z,1915.0,1918.5,1852.5,1870.0,4655,11106,,,,
2023-05-31,2023-05-31T22:00:00Z,1873.5,1897.0,1845.5,1875.0,4707,11114,,,,
2023-06-01,2023-06-01T22:00:00Z,1871.5,1921.0,1856.0,1917.0,4362,11232,,,,
2023-06-04,2023-06-04T22:00:00Z,1918.0,1919.0,1784.0,1810.5,11783,11828,,,,
2023-06-05,2023-06-05T22:00:00Z,1806.5,1911.5,1800.0,1908.0,8366,11231,,,,
2023-06-06,2023-06-06T22:00:00Z,1887.5,1913.0,1841.0,1859.0,3047,11139,,,,
2023-06-07,2023-06-07T22:00:00Z,1826.0,1874.0,1823.5,1856.0,2312,11048,,,,
2023-06-08,2023-06-08T22:00:00Z,1860.5,1863.5,1833.5,1836.0,3112,11261,,,,
2023-06-11,2023-06-11T22:00:00Z,1827.5,1827.5,1722.5,1736.0,6721,11728,,,,
2023-06-12,2023-06-12T22:00:00Z,1750.0,1770.5,1729.0,1742.5,2715,11672,,,,
2023-06-13,2023-06-13T22:00:00Z,1741.0,1750.5,1629.0,1730.0,7738,11579,,,,
2023-06-14,2023-06-14T22:00:00Z,1660.0,1671.0,1623.5,1667.0,4108,12164,,,,
2023-06-15,2023-06-15T22:00:00Z,1666.0,1730.5,1646.5,1723.5,3815,11333,,,,
2023-06-18,2023-06-18T22:00:00Z,1728.0,1799.5,1700.5,1789.0,7504,10915,,,,
2023-06-20,2023-06-20T22:00:00Z,1782.0,1913.0,1782.0,1891.5,12379,11305,,,,
2023-06-21,2023-06-21T22:00:00Z,1862.5,1944.0,1862.0,1898.5,6709,12697,,,,
2023-06-22,2023-06-22T22:00:00Z,1885.0,1950.5,1872.0,1914.0,6005,13048,,,,
2023-06-25,2023-06-25T22:00:00Z,1895.5,1920.0,1842.0,1857.5,10075,11713,,,,
2023-06-26,2023-06-26T22:00:00Z,1852.5,1916.0,1851.0,1896.5,4140,9608,,,,
2023-06-27,2023-06-27T22:00:00Z,1898.5,1898.5,1816.5,1833.0,7194,7714,,,,
2023-06-28,2023-06-28T22:00:00Z,1849.5,1897.0,1847.5,1882.5,2110,8146,,,,
2023-06-29,2023-06-29T22:00:00Z,1877.5,1970.0,1841.0,1950.5,17407,9448,,,,
2023-07-02,2023-07-02T22:00:00Z,1942.5,2001.0,1932.0,1990.5,10857,10089,,,,
2023-07-03,2023-07-03T22:00:00Z,1973.0,1990.5,1910.0,1925.0,10586,11477,,,,
2023-07-05,2023-07-05T22:00:00Z,1922.0,1975.0,1878.0,1899.5,7517,11117,,,,
2023-07-06,2023-07-06T22:00:00Z,1884.0,1888.5,1839.0,1875.0,3079,10900,,,,
2023-07-09,2023-07-09T22:00:00Z,1882.5,1919.5,1860.0,1911.0,2417,10676,,,,
2023-07-10,2023-07-10T22:00:00Z,1887.5,1903.0,1871.5,1885.5,1938,10735,,,,
2023-07-11,2023-07-11T22:00:00Z,1886.0,1913.5,1878.0,1879.0,6543,11379,,,,
2023-07-12,2023-07-12T22:00:00Z,1878.5,2027.5,1870.5,2011.5,21303,10677,,,,
2023-07-13,2023-07-13T22:00:00Z,1995.5,2046.5,1909.5,1922.5,14010,12393,,,,
2023-07-16,2023-07-16T22:00:00Z,1938.5,1949.5,1878.5,1893.5,5201,13239,,,,
2023-07-17,2023-07-17T22:00:00Z,1921.5,1924.0,1880.0,1896.0,2069,13263,,,,
2023-07-18,2023-07-18T22:00:00Z,1901.0,1927.5,1899.5,1913.0,3661,12811,,,,
2023-07-19,2023-07-19T22:00:00Z,1900.0,1930.0,1878.5,1890.5,3269,12132,,,,
2023-07-20,2023-07-20T22:00:00Z,1897.5,1907.0,1887.0,1896.0,1334,11661,,,,
2023-07-23,2023-07-23T22:00:00Z,1880.0,1893.0,1831.0,1851.0,5931,9677,,,,
2023-07-24,2023-07-24T22:00:00Z,1851.5,1869.0,1847.0,1856.0,2610,8193,,,,
2023-07-25,2023-07-25T22:00:00Z,1861.5,1889.5,1849.0,1875.0,1650,7908,,,,
2023-07-26,2023-07-26T22:00:00Z,1887.5,1903.5,1866.5,1870.5,1388,6289,,,,
2023-07-27,2023-07-27T22:00:00Z,1869.5,1897.0,1865.0,1886.0,4890,7990,,,,
2023-07-30,2023-07-30T22:00:00Z,1875.0,1889.0,1861.0,1867.0,4566,7916,,,,
2023-07-31,2023-07-31T22:00:00Z,1869.0,1869.0,1816.0,1858.0,7614,7610,,,,
2023-08-01,2023-08-01T22:00:00Z,1857.0,1887.0,1818.5,1848.5,7738,7864,,,,
2023-08-02,2023-08-02T22:00:00Z,1850.0,1868.0,1833.0,1852.0,1682,7902,,,,
2023-08-03,2023-08-03T22:00:00Z,1838.0,1857.5,1820.0,1837.0,1249,8747,,,,
2023-08-06,2023-08-06T22:00:00Z,1832.0,1852.0,1803.0,1829.5,4132,8714,,,,
2023-08-07,2023-08-07T22:00:00Z,1833.5,1883.5,1832.0,1867.5,3369,8381,,,,
2023-08-08,2023-08-08T22:00:00Z,1865.0,1878.0,1853.5,1855.0,1406,8177,,,,
2023-08-09,2023-08-09T22:00:00Z,1861.0,1872.5,1852.0,1855.0,1994,7278,,,,
2023-08-10,2023-08-10T22:00:00Z,1857.5,1862.5,1842.5,1848.0,925,0,,,,
2023-08-13,2023-08-13T22:00:00Z,1854.0,1861.0,1837.0,1845.5,785,6767,,,,
2023-08-14,2023-08-14T22:00:00Z,1846.5,1851.0,1815.0,1830.5,1381,6533,,,,
2023-08-15,2023-08-15T22:00:00Z,1831.0,1832.5,1798.5,1822.5,1775,6527,,,,
2023-08-16,2023-08-16T22:00:00Z,1816.0,1816.5,1708.0,1739.0,12498,6733,,,,
2023-08-17,2023-08-17T22:00:00Z,1680.0,1715.5,1608.5,1656.0,11828,7714,,,,
2023-08-20,2023-08-20T22:00:00Z,1672.5,1687.0,1651.5,1671.5,2209,7252,,,,
2023-08-21,2023-08-21T22:00:00Z,1675.5,1675.5,1617.5,1624.0,2915,7251,,,,
2023-08-22,2023-08-22T22:00:00Z,1601.0,1701.0,1601.0,1687.0,4128,6803,,,,
2023-08-23,2023-08-23T22:00:00Z,1676.0,1686.0,1640.5,1651.5,2626,6640,,,,
2023-08-24,2023-08-24T22:00:00Z,1658.0,1675.5,1637.5,1648.5,3522,7472,,,,
2023-08-27,2023-08-27T22:00:00Z,1646.0,1662.5,1629.5,1650.0,2588,7524,,,,
2023-08-28,2023-08-28T22:00:00Z,1653.0,1754.0,1646.0,1742.0,9878,8727,,,,
2023-08-29,2023-08-29T22:00:00Z,1728.5,1738.0,1699.0,1703.5,2910,8791,,,,
2023-08-30,2023-08-30T22:00:00Z,1709.0,1730.5,1644.0,1658.0,7224,8790,,,,
2023-08-31,2023-08-31T22:00:00Z,1643.5,1653.5,1601.0,1619.0,4661,9051,,,,
2023-09-03,2023-09-03T22:00:00Z,1640.5,1644.0,1609.0,1631.5,3061,8814,,,,
2023-09-05,2023-09-05T22:00:00Z,1633.5,1668.5,1606.0,1629.5,6891,8652,,,,
2023-09-06,2023-09-06T22:00:00Z,1632.0,1641.0,1620.5,1635.5,963,8497,,,,
2023-09-07,2023-09-07T22:00:00Z,1648.0,1658.0,1615.5,1634.5,1533,8018,,,,
2023-09-10,2023-09-10T22:00:00Z,1615.5,1615.5,1529.0,1536.0,5958,8465,,,,
2023-09-11,2023-09-11T22:00:00Z,1540.0,1621.5,1540.0,1595.5,3522,8842,,,,
2023-09-12,2023-09-12T22:00:00Z,1596.0,1618.0,1579.0,1598.0,3673,8391,,,,
2023-09-13,2023-09-13T22:00:00Z,1605.0,1645.0,1605.0,1635.5,3051,8430,,,,
2023-09-14,2023-09-14T22:00:00Z,1631.0,1637.0,1609.0,1621.5,1857,8317,,,,
2023-09-17,2023-09-17T22:00:00Z,1612.5,1671.0,1603.0,1640.5,4426,7602,,,,
2023-09-18,2023-09-18T22:00:00Z,1638.0,1661.5,1626.5,1645.0,1552,6865,,,,
2023-09-19,2023-09-19T22:00:00Z,1635.0,1650.0,1603.5,1614.5,2940,7967,,,,
2023-09-20,2023-09-20T22:00:00Z,1617.0,1622.0,1565.5,1589.5,2069,7864,,,,
2023-09-21,2023-09-21T22:00:00Z,1580.0,1599.5,1580.0,1592.5,2549,7864,,,,
2023-09-24,2023-09-24T22:00:00Z,1596.0,1601.0,1561.0,1593.0,3669,8328,,,,
2023-09-25,2023-09-25T22:00:00Z,1586.5,1596.0,1580.5,1589.0,1168,8038,,,,
2023-09-26,2023-09-26T22:00:00Z,1586.0,1631.5,1581.5,1597.0,4423,6656,,,,
2023-09-27,2023-09-27T22:00:00Z,1595.0,1677.0,1595.0,1667.0,5208,5285,,,,
2023-09-28,2023-09-28T22:00:00Z,1664.0,1696.0,1658.0,1674.5,6132,7707,,,,
2023-10-01,2023-10-01T22:00:00Z,1680.0,1762.5,1644.5,1680.0,16804,8537,,,,
2023-10-02,2023-10-02T22:00:00Z,1664.5,1676.5,1649.0,1655.0,7311,8314,,,,
2023-10-03,2023-10-03T22:00:00Z,1654.5,1665.0,1625.0,1646.0,6448,7410,,,,
2023-10-04,2023-10-04T22:00:00Z,1645.0,1654.0,1609.0,1618.5,5297,7451,,,,
2023-10-05,2023-10-05T22:00:00Z,1616.0,1657.5,1612.5,1651.0,1537,7469,,,,
2023-10-08,2023-10-08T22:00:00Z,1629.5,1636.0,1546.5,1581.5,12098,8766,,,,
2023-10-09,2023-10-09T22:00:00Z,1579.0,1592.5,1551.0,1563.5,2528,9187,,,,
2023-10-10,2023-10-10T22:00:00Z,1562.5,1576.5,1542.0,1560.5,5998,9317,,,,
2023-10-11,2023-10-11T22:00:00Z,1565.5,1566.5,1518.5,1528.0,4443,10335,,,,
2023-10-12,2023-10-12T22:00:00Z,1528.0,1560.0,1528.0,1543.5,4062,12080,,,,
2023-10-15,2023-10-15T22:00:00Z,1561.5,1647.5,1552.5,1588.0,23547,15421,,,,
2023-10-16,2023-10-16T22:00:00Z,1590.0,1604.5,1550.5,1562.5,3236,16189,,,,
2023-10-17,2023-10-17T22:00:00Z,1557.5,1584.0,1557.5,1561.5,2844,15724,,,,
2023-10-18,2023-10-18T22:00:00Z,1564.5,1572.0,1540.5,1568.0,5822,15920,,,,
2023-10-19,2023-10-19T22:00:00Z,1566.5,1630.0,1564.5,1610.0,6038,16005,,,,
2023-10-22,2023-10-22T22:00:00Z,1631.5,1719.5,1631.5,1712.5,10801,15474,,,,
2023-10-23,2023-10-23T22:00:00Z,1723.5,1856.0,1717.5,1781.5,23671,14741,,,,
2023-10-24,2023-10-24T22:00:00Z,1788.5,1823.0,1763.5,1794.5,7092,13630,,,,
2023-10-25,2023-10-25T22:00:00Z,1804.0,1893.0,1778.0,1810.0,15131,10561,,,,
2023-10-26,2023-10-26T22:00:00Z,1813.5,1823.0,1757.0,1790.0,11135,12091,,,,
2023-10-29,2023-10-29T22:00:00Z,1812.5,1846.0,1790.0,1817.0,4332,12840,,,,
2023-10-30,2023-10-30T22:00:00Z,1824.5,1835.0,1798.0,1830.5,1928,13146,,,,
2023-10-31,2023-10-31T22:00:00Z,1830.5,1876.5,1798.0,1858.5,7139,15768,,,,
2023-11-01,2023-11-01T22:00:00Z,1878.5,1906.0,1800.0,1827.5,5106,15241,,,,
2023-11-02,2023-11-02T22:00:00Z,1815.0,1849.5,1790.5,1833.0,3400,15260,,,,
2023-11-05,2023-11-05T23:00:00Z,1864.0,1938.5,1864.0,1909.0,7679,14709,,,,
2023-11-06,2023-11-06T23:00:00Z,1916.5,1922.5,1863.0,1919.0,4457,13815,,,,
2023-11-07,2023-11-07T23:00:00Z,1899.0,1920.0,1888.5,1911.5,2592,12900,,,,
2023-11-08,2023-11-08T23:00:00Z,1908.5,2103.0,1900.0,2054.5,31337,14222,,,,
2023-11-09,2023-11-09T23:00:00Z,2105.0,2153.0,2081.0,2108.5,8114,15619,,,,
2023-11-12,2023-11-12T23:00:00Z,2123.5,2131.0,2041.0,2100.0,14283,15131,,,,
2023-11-13,2023-11-13T23:00:00Z,2070.0,2082.5,1933.5,1984.0,13090,15820,,,,
2023-11-14,2023-11-14T23:00:00Z,1994.5,2074.0,1976.5,2056.0,5337,16856,,,,
2023-11-15,2023-11-15T23:00:00Z,2064.0,2099.0,1948.5,1961.5,10946,16554,,,,
2023-11-16,2023-11-16T23:00:00Z,1969.5,1993.5,1914.0,1949.0,7886,15051,,,,
2023-11-19,2023-11-19T23:00:00Z,1977.5,2072.5,1967.5,2039.5,12181,14857,,,,
2023-11-20,2023-11-20T23:00:00Z,2032.5,2040.5,1955.0,1992.5,17035,10797,,,,
2023-11-21,2023-11-21T23:00:00Z,1986.5,2132.0,1964.5,2117.0,4530,7386,,,,
2023-11-22,2023-11-22T23:00:00Z,2109.0,2185.0,2083.5,2152.5,9786,10850,,,,
2023-11-26,2023-11-26T23:00:00Z,2109.5,2111.0,2009.5,2020.0,9779,13212,,,,
2023-11-27,2023-11-27T23:00:00Z,2049.5,2115.0,2024.5,2100.5,5267,13153,,,,
2023-11-28,2023-11-28T23:00:00Z,2088.0,2103.5,2045.0,2051.5,3431,13438,,,,
2023-11-29,2023-11-29T23:00:00Z,2055.5,2076.5,2045.5,2069.0,4108,13528,,,,
2023-11-30,2023-11-30T23:00:00Z,2076.5,2146.0,2069.5,2118.0,11982,16067,,,,
2023-12-03,2023-12-03T23:00:00Z,2204.0,2305.5,2204.0,2255.0,17742,17412,,,,
2023-12-04,2023-12-04T23:00:00Z,2248.0,2340.0,2214.0,2292.0,20995,18521,,,,
2023-12-05,2023-12-05T23:00:00Z,2303.5,2338.5,2256.0,2275.5,9272,18817,,,,
2023-12-06,2023-12-06T23:00:00Z,2254.0,2408.0,2244.0,2371.0,19768,21060,,,,
2023-12-07,2023-12-07T23:00:00Z,2381.0,2419.0,2359.0,2389.5,9072,20994,,,,
2023-12-10,2023-12-10T23:00:00Z,2395.0,2395.0,2127.5,2213.0,27047,19007,,,,
2023-12-11,2023-12-11T23:00:00Z,2224.0,2257.0,2177.0,2197.0,8299,19138,,,,
2023-12-12,2023-12-12T23:00:00Z,2198.5,2284.0,2161.0,2276.0,13102,19584,,,,
2023-12-13,2023-12-13T23:00:00Z,2280.5,2332.5,2242.5,2305.0,9685,20801,,,,
2023-12-14,2023-12-14T23:00:00Z,2314.5,2348.0,2235.5,2261.0,6340,20692,,,,
2023-12-17,2023-12-17T23:00:00Z,2247.5,2247.5,2125.0,2193.0,14571,20141,,,,
2023-12-18,2023-12-18T23:00:00Z,2214.0,2267.5,2141.5,2177.0,19370,21652,,,,
2023-12-19,2023-12-19T23:00:00Z,2185.0,2276.0,2164.5,2189.5,13745,20453,,,,
2023-12-20,2023-12-20T23:00:00Z,2193.0,2287.0,2190.0,2245.5,6623,19981,,,,
2023-12-21,2023-12-21T23:00:00Z,2262.5,2352.5,2243.5,2322.5,12580,20485,,,,
2023-12-25,2023-12-25T23:00:00Z,2309.0,2309.0,2182.5,2219.0,14686,16397,,,,
2023-12-26,2023-12-26T23:00:00Z,2229.0,2381.0,2219.5,2357.5,8647,16188,,,,
2023-12-27,2023-12-27T23:00:00Z,2405.0,2494.0,2379.5,2397.5,13189,11760,,,,
2023-12-28,2023-12-28T23:00:00Z,2393.5,2422.5,2316.5,2337.5,18764,13168,,,,
2024-01-01,2024-01-01T23:00:00Z,2330.0,2479.0,2330.0,2392.5,25675,14999,,,,
2024-01-02,2024-01-02T23:00:00Z,2379.0,2412.5,2092.5,2240.5,24609,17037,,,,
2024-01-03,2024-01-03T23:00:00Z,2233.5,2324.0,2221.5,2297.0,17677,17466,,,,
2024-01-04,2024-01-04T23:00:00Z,2298.5,2299.5,2226.5,2268.5,11853,16301,,,,
2024-01-07,2024-01-07T23:00:00Z,2235.0,2384.5,2187.0,2361.5,30418,15072,,,,
2024-01-08,2024-01-08T23:00:00Z,2364.5,2395.0,2244.0,2266.5,27680,15520,,,,
2024-01-09,2024-01-09T23:00:00Z,2360.0,2549.5,2332.5,2503.0,50496,27717,,,,
2024-01-10,2024-01-10T23:00:00Z,2469.5,2714.0,2469.5,2603.5,45387,24279,,,,
2024-01-11,2024-01-11T23:00:00Z,2580.0,2731.5,2514.5,2572.5,35641,28632,,,,
2024-01-14,2024-01-14T23:00:00Z,2525.5,2624.0,2471.5,2596.5,29157,32222,,,,
2024-01-16,2024-01-16T23:00:00Z,2600.0,2616.0,2523.5,2547.0,10231,31648,,,,
2024-01-17,2024-01-17T23:00:00Z,2530.0,2554.0,2425.5,2450.0,14190,30515,,,,
2024-01-18,2024-01-18T23:00:00Z,2476.5,2509.0,2416.0,2487.0,13879,30304,,,,
2024-01-21,2024-01-21T23:00:00Z,2470.0,2470.0,2308.0,2340.0,14200,25241,,,,
2024-01-22,2024-01-22T23:00:00Z,2310.0,2351.5,2165.5,2198.0,14789,26319,,,,
2024-01-23,2024-01-23T23:00:00Z,2221.0,2259.0,2194.0,2201.5,8434,23881,,,,
2024-01-24,2024-01-24T23:00:00Z,2240.5,2250.0,2191.0,2224.5,5746,10059,,,,
2024-01-25,2024-01-25T23:00:00Z,2251.0,2293.0,2205.0,2273.0,11907,9924,,,,
2024-01-28,2024-01-28T23:00:00Z,2270.0,2325.5,2249.0,2318.5,3823,10113,,,,
2024-01-29,2024-01-29T23:00:00Z,2329.0,2405.0,2313.5,2391.5,3737,10833,,,,
2024-01-30,2024-01-30T23:00:00Z,2382.0,2384.0,2276.0,2298.5,9089,12821,,,,
2024-01-31,2024-01-31T23:00:00Z,2294.0,2323.5,2249.5,2307.0,3973,12485,,,,
2024-02-01,2024-02-01T23:00:00Z,2309.0,2332.0,2288.0,2307.5,4437,11454,,,,
2024-02-04,2024-02-04T23:00:00Z,2300.0,2344.5,2271.0,2299.5,13559,10473,,,,
2024-02-05,2024-02-05T23:00:00Z,2297.5,2406.5,2294.0,2393.0,13033,12700,,,,
2024-02-06,2024-02-06T23:00:00Z,2396.0,2460.5,2363.0,2454.5,12965,14050,,,,
2024-02-07,2024-02-07T23:00:00Z,2441.0,2478.5,2428.5,2443.0,11659,14886,,,,
2024-02-08,2024-02-08T23:00:00Z,2439.5,2537.5,2431.5,2504.0,9497,15598,,,,
2024-02-11,2024-02-11T23:00:00Z,2475.0,2669.0,2443.0,2657.5,16302,14567,,,,
2024-02-12,2024-02-12T23:00:00Z,2672.5,2702.0,2609.0,2644.5,14941,12988,,,,
2024-02-13,2024-02-13T23:00:00Z,2639.5,2805.5,2634.5,2784.0,87098,16215,,,,
2024-02-14,2024-02-14T23:00:00Z,2791.5,2887.5,2776.5,2847.0,9893,16215,,,,
2024-02-15,2024-02-15T23:00:00Z,2821.5,2876.5,2756.5,2797.0,7712,16524,,,,
2024-02-18,2024-02-18T23:00:00Z,2850.0,3012.0,2850.0,2985.0,15302,15735,,,,
2024-02-20,2024-02-20T23:00:00Z,3009.0,3043.0,2870.5,2908.5,13357,14897,,,,
2024-02-21,2024-02-21T23:00:00Z,2983.0,3080.5,2952.5,3056.0,10907,11789,,,,
2024-02-22,2024-02-22T23:00:00Z,3024.0,3036.0,2955.0,2998.5,17252,16738,,,,
2024-02-25,2024-02-25T23:00:00Z,3080.0,3251.5,3073.5,3238.5,21052,19348,,,,
2024-02-26,2024-02-26T23:00:00Z,3263.5,3340.5,3216.0,3298.0,15919,25597,,,,
2024-02-27,2024-02-27T23:00:00Z,3291.5,3537.0,3229.0,3334.0,42176,31101,,,,
2024-02-28,2024-02-28T23:00:00Z,3386.0,3565.5,3350.0,3444.0,24258,33954,,,,
2024-02-29,2024-02-29T23:00:00Z,3372.5,3502.5,3372.5,3497.5,16570,35481,,,,
2024-03-03,2024-03-03T23:00:00Z,3560.0,3656.5,3458.0,3632.5,31248,43816,,,,
2024-03-04,2024-03-04T23:00:00Z,3656.0,3876.0,3307.5,3429.5,72802,44369,,,,
2024-03-05,2024-03-05T23:00:00Z,3540.5,3953.5,3537.5,3907.5,39418,45699,,,,
2024-03-06,2024-03-06T23:00:00Z,3850.0,3978.0,3774.0,3975.0,17430,47644,,,,
2024-03-07,2024-03-07T23:00:00Z,3901.0,4041.5,3856.0,3987.0,26051,44202,,,,
2024-03-10,2024-03-10T22:00:00Z,3956.5,4135.0,3760.0,4073.5,20270,45999,,,,
2024-03-11,2024-03-11T22:00:00Z,4089.5,4135.5,3852.5,4006.0,15573,47645,,,,
2024-03-12,2024-03-12T22:00:00Z,3990.0,4124.0,3961.5,4032.0,13018,46852,,,,
2024-03-13,2024-03-13T22:00:00Z,4023.5,4049.0,3734.5,3797.5,16413,47705,,,,
2024-03-14,2024-03-14T22:00:00Z,3875.0,3960.0,3590.0,3706.0,18909,45783,,,,
2024-03-17,2024-03-17T22:00:00Z,3630.0,3703.0,3474.0,3492.0,10230,45835,,,,
2024-03-18,2024-03-18T22:00:00Z,3536.0,3559.0,3212.0,3347.5,14592,43484,,,,
2024-03-19,2024-03-19T22:00:00Z,3295.0,3500.0,3068.5,3387.0,34200,38355,,,,
2024-03-20,2024-03-20T22:00:00Z,3495.0,3588.0,3417.5,3455.0,14862,36852,,,,
2024-03-21,2024-03-21T22:00:00Z,3501.0,3546.5,3283.0,3347.0,12218,35951,,,,
2024-03-24,2024-03-24T22:00:00Z,3413.5,3662.0,3411.0,3647.0,13612,34404,,,,
2024-03-25,2024-03-25T22:00:00Z,3605.5,3673.5,3547.0,3560.0,12043,34404,,,,
2024-03-26,2024-03-26T22:00:00Z,3624.0,3701.5,3487.0,3517.5,7482,12392,,,,
2024-03-27,2024-03-27T22:00:00Z,3535.5,3651.5,3498.0,3604.5,14999,16760,,,,
2024-03-31,2024-03-31T22:00:00Z,3648.5,3708.0,3441.5,3516.5,15911,17452,,,,
2024-04-01,2024-04-01T22:00:00Z,3508.5,3544.0,3235.0,3302.5,11928,19088,,,,
2024-04-02,2024-04-02T22:00:00Z,3291.0,3396.0,3218.5,3343.5,6548,19244,,,,
2024-04-03,2024-04-03T22:00:00Z,3342.0,3467.5,3268.5,3381.5,9252,21561,,,,
2024-04-04,2024-04-04T22:00:00Z,3338.0,3366.5,3224.0,3337.0,10598,22096,,,,
2024-04-07,2024-04-07T22:00:00Z,3365.0,3739.0,3365.0,3727.0,14445,20804,,,,
2024-04-08,2024-04-08T22:00:00Z,3736.0,3758.5,3461.5,3530.5,20464,21570,,,,
2024-04-09,2024-04-09T22:00:00Z,3523.5,3565.5,3421.5,3535.0,21002,23845,,,,
2024-04-10,2024-04-10T22:00:00Z,3534.0,3633.5,3488.0,3533.0,12594,21963,,,,
2024-04-11,2024-04-11T22:00:00Z,3528.0,3570.5,3080.0,3214.5,28439,20593,,,,
2024-04-14,2024-04-14T22:00:00Z,3288.0,3292.0,3032.5,3109.0,21013,22545,,,,
2024-04-15,2024-04-15T22:00:00Z,3109.0,3135.0,2977.5,3063.0,13315,21386,,,,
2024-04-16,2024-04-16T22:00:00Z,3100.5,3125.0,2916.0,3006.5,34162,23515,,,,
2024-04-17,2024-04-17T22:00:00Z,3003.0,3099.5,2955.0,3070.0,45911,29378,,,,
2024-04-18,2024-04-18T22:00:00Z,3048.5,3133.0,2865.0,3106.5,37505,28510,,,,
2024-04-21,2024-04-21T22:00:00Z,3103.0,3240.5,3103.0,3190.0,19460,26445,,,,
2024-04-22,2024-04-22T22:00:00Z,3196.0,3282.0,3152.0,3221.0,19922,25052,,,,
2024-04-23,2024-04-23T22:00:00Z,3206.0,3293.0,3103.0,3132.5,36538,21626,,,,
2024-04-24,2024-04-24T22:00:00Z,3167.0,3201.0,3097.0,3187.0,7832,9502,,,,
2024-04-25,2024-04-25T22:00:00Z,3194.0,3197.5,3122.0,3160.0,21603,10468,,,,
2024-04-28,2024-04-28T22:00:00Z,3182.0,3369.5,3125.0,3200.5,21175,15085,,,,
2024-04-29,2024-04-29T22:00:00Z,3188.0,3271.0,2922.5,2929.5,33004,17138,,,,
2024-04-30,2024-04-30T22:00:00Z,2972.5,3030.5,2825.5,2933.0,26081,17002,,,,
2024-05-01,2024-05-01T22:00:00Z,2957.0,3022.5,2901.5,3010.5,12848,17153,,,,
2024-05-02,2024-05-02T22:00:00Z,3007.0,3148.5,2973.5,3095.5,29020,18171,,,,
2024-05-05,2024-05-05T22:00:00Z,3144.5,3247.5,3063.5,3086.5,15242,19824,,,,
2024-05-06,2024-05-06T22:00:00Z,3103.0,3148.5,3037.0,3063.0,14659,19606,,,,
2024-05-07,2024-05-07T22:00:00Z,3057.0,3068.5,2945.0,3005.0,11018,21172,,,,
2024-05-08,2024-05-08T22:00:00Z,2968.0,3040.0,2957.0,3031.0,13583,17566,,,,
2024-05-09,2024-05-09T22:00:00Z,3030.5,3069.0,2881.5,2903.5,22756,17046,,,,
2024-05-12,2024-05-12T22:00:00Z,2921.5,3002.0,2870.0,2967.0,13075,16881,,,,
2024-05-13,2024-05-13T22:00:00Z,2961.5,2967.5,2867.0,2901.0,13953,17420,,,,
2024-05-14,2024-05-14T22:00:00Z,2905.0,3046.5,2869.5,3040.5,15754,17622,,,,
2024-05-15,2024-05-15T22:00:00Z,3032.5,3058.5,2939.0,2955.5,12276,18167,,,,
2024-05-16,2024-05-16T22:00:00Z,2948.0,3137.0,2933.0,3102.0,13224,16985,,,,
2024-05-19,2024-05-19T22:00:00Z,3095.5,3608.5,3059.0,3459.5,62914,26738,,,,
2024-05-20,2024-05-20T22:00:00Z,3498.0,3864.5,3498.0,3729.5,66806,30801,,,,
2024-05-21,2024-05-21T22:00:00Z,3765.0,3843.5,3675.5,3746.5,31877,31685,,,,
2024-05-22,2024-05-22T22:00:00Z,3778.0,3965.5,3526.0,3794.5,55817,23526,,,,
2024-05-23,2024-05-23T22:00:00Z,3852.0,3874.0,3632.5,3755.0,23396,21419,,,,
2024-05-26,2024-05-26T22:00:00Z,3763.0,3980.5,3763.0,3841.5,23993,18374,,,,
2024-05-28,2024-05-28T22:00:00Z,3838.0,3887.5,3743.0,3748.0,15189,18654,,,,
2024-05-29,2024-05-29T22:00:00Z,3796.0,3864.5,3729.5,3795.0,13150,15958,,,,
2024-05-30,2024-05-30T22:00:00Z,3780.5,3883.5,3746.5,3809.0,34087,21387,,,,
2024-06-02,2024-06-02T22:00:00Z,3826.0,3886.0,3782.0,3797.0,28498,26336,,,,
2024-06-03,2024-06-03T22:00:00Z,3795.5,3867.0,3750.0,3832.0,28506,28443,,,,
2024-06-04,2024-06-04T22:00:00Z,3847.5,3922.5,3802.0,3913.5,33994,32976,,,,
2024-06-05,2024-06-05T22:00:00Z,3892.5,3911.5,3786.0,3820.0,21973,34913,,,,
2024-06-06,2024-06-06T22:00:00Z,3817.0,3877.5,3593.5,3709.5,38263,33079,,,,
2024-06-09,2024-06-09T22:00:00Z,3721.0,3750.0,3662.0,3690.0,20886,36744,,,,
2024-06-10,2024-06-10T22:00:00Z,3692.0,3694.5,3439.5,3508.0,35370,39398,,,,
2024-06-11,2024-06-11T22:00:00Z,3510.5,3669.5,3471.0,3541.5,26775,40648,,,,
2024-06-12,2024-06-12T22:00:00Z,3570.0,3582.0,3437.5,3493.5,23915,42845,,,,
2024-06-13,2024-06-13T22:00:00Z,3496.0,3546.0,3368.5,3410.0,22304,47040,,,,
2024-06-16,2024-06-16T22:00:00Z,3500.0,3670.0,3471.5,3563.5,27444,43981,,,,
2024-06-17,2024-06-17T22:00:00Z,3530.0,3540.0,3353.5,3427.0,17863,42815,,,,
2024-06-18,2024-06-18T22:00:00Z,3473.5,3630.0,3471.5,3535.5,35000,43376,,,,
2024-06-20,2024-06-20T22:00:00Z,3526.5,3548.5,3446.0,3534.5,18726,41690,,,,
2024-06-23,2024-06-23T22:00:00Z,3503.5,3503.5,3222.5,3287.0,35584,43383,,,,
2024-06-24,2024-06-24T22:00:00Z,3327.0,3429.5,3326.0,3417.0,24861,42191,,,,
2024-06-25,2024-06-25T22:00:00Z,3405.0,3421.0,3324.0,3408.0,20698,39754,,,,
2024-06-26,2024-06-26T22:00:00Z,3408.0,3493.0,3375.0,3463.0,9963,15313,,,,
2024-06-27,2024-06-27T22:00:00Z,3461.5,3506.0,3371.5,3381.0,23218,18862,,,,
2024-06-30,2024-06-30T22:00:00Z,3408.0,3543.5,3398.0,3489.5,21182,18390,,,,
2024-07-01,2024-07-01T22:00:00Z,3477.5,3480.5,3406.5,3421.5,17540,22194,,,,
2024-07-02,2024-07-02T22:00:00Z,3426.5,3440.5,3256.5,3266.5,18930,24509,,,,
2024-07-03,2024-07-03T22:00:00Z,3290.0,3318.0,2813.0,2997.0,61614,32143,,,,
2024-07-07,2024-07-07T22:00:00Z,2970.0,3108.5,2835.0,3014.5,41479,30424,,,,
2024-07-08,2024-07-08T22:00:00Z,3033.0,3121.5,3008.5,3075.5,20172,29856,,,,
2024-07-09,2024-07-09T22:00:00Z,3063.5,3162.0,3029.5,3117.0,17400,30879,,,,
2024-07-10,2024-07-10T22:00:00Z,3115.0,3223.5,3060.0,3114.5,13694,31963,,,,
2024-07-11,2024-07-11T22:00:00Z,3128.5,3167.5,3052.0,3126.5,20266,34724,,,,
2024-07-14,2024-07-14T22:00:00Z,3245.0,3460.5,3242.0,3422.5,29546,32366,,,,
2024-07-15,2024-07-15T22:00:00Z,3439.0,3511.5,3360.0,3490.0,24351,33140,,,,
2024-07-16,2024-07-16T22:00:00Z,3453.0,3534.5,3384.0,3426.5,21158,31467,,,,
2024-07-17,2024-07-17T22:00:00Z,3418.0,3503.5,3374.0,3412.5,19890,31486,,,,
2024-07-18,2024-07-18T22:00:00Z,3433.5,3557.0,3386.0,3537.5,30723,34015,,,,
2024-07-21,2024-07-21T22:00:00Z,3529.5,3570.0,3442.5,3505.5,23223,36304,,,,
2024-07-22,2024-07-22T22:00:00Z,3481.5,3549.5,3392.5,3459.0,50081,30664,,,,
2024-07-23,2024-07-23T22:00:00Z,3469.0,3504.5,3356.5,3364.5,21613,28016,,,,
2024-07-24,2024-07-24T22:00:00Z,3390.0,3390.0,3116.5,3153.5,13956,13097,,,,
2024-07-25,2024-07-25T22:00:00Z,3190.0,3318.5,3187.0,3307.0,51665,18700,,,,
2024-07-28,2024-07-28T22:00:00Z,3286.0,3431.0,3280.0,3336.5,30626,20181,,,,
2024-07-29,2024-07-29T22:00:00Z,3363.5,3394.5,3258.0,3294.5,38160,18697,,,,
2024-07-30,2024-07-30T22:00:00Z,3308.5,3378.0,3242.0,3292.0,32077,16192,,,,
2024-07-31,2024-07-31T22:00:00Z,3255.0,3270.0,3096.5,3155.0,46527,20582,,,,
2024-08-01,2024-08-01T22:00:00Z,3194.0,3240.5,3000.5,3025.0,60683,23134,,,,
2024-08-04,2024-08-04T22:00:00Z,2965.0,2975.5,2122.5,2424.5,235058,53294,,,,
2024-08-05,2024-08-05T22:00:00Z,2544.0,2569.0,2426.5,2509.0,59089,59480,,,,
2024-08-06,2024-08-06T22:00:00Z,2507.0,2565.0,2319.0,2362.5,53394,60948,,,,
2024-08-07,2024-08-07T22:00:00Z,2369.0,2619.5,2324.0,2586.5,54758,60365,,,,
2024-08-08,2024-08-08T22:00:00Z,2642.0,2738.0,2564.0,2602.0,36288,62720,,,,
2024-08-11,2024-08-11T22:00:00Z,2583.5,2734.0,2519.0,2668.5,57409,58857,,,,
2024-08-12,2024-08-12T22:00:00Z,2692.5,2757.0,2621.0,2724.0,48334,55582,,,,
2024-08-13,2024-08-13T22:00:00Z,2733.0,2792.5,2638.5,2679.0,38745,57089,,,,
2024-08-14,2024-08-14T22:00:00Z,2665.0,2683.0,2523.0,2556.0,43021,62012,,,,
2024-08-15,2024-08-15T22:00:00Z,2568.5,2641.0,2556.0,2635.5,50030,54763,,,,
2024-08-18,2024-08-18T22:00:00Z,2645.0,2670.0,2571.5,2616.0,22895,57231,,,,
2024-08-19,2024-08-19T22:00:00Z,2624.5,2707.5,2560.0,2607.0,29714,60155,,,,
2024-08-20,2024-08-20T22:00:00Z,2585.5,2670.0,2541.5,2657.5,40844,57405,,,,
2024-08-21,2024-08-21T22:00:00Z,2657.0,2657.0,2589.0,2608.5,21838,56389,,,,
2024-08-22,2024-08-22T22:00:00Z,2623.5,2772.0,2623.0,2757.0,49954,55351,,,,
2024-08-25,2024-08-25T22:00:00Z,2782.5,2796.0,2673.5,2681.0,24255,55036,,,,
2024-08-26,2024-08-26T22:00:00Z,2685.0,2702.0,2559.0,2581.5,25937,58102,,,,
2024-08-27,2024-08-27T22:00:00Z,2521.5,2553.5,2394.0,2507.0,51150,56327,,,,
2024-08-28,2024-08-28T22:00:00Z,2547.5,2611.0,2525.5,2547.0,7914,15940,,,,
2024-08-29,2024-08-29T22:00:00Z,2542.5,2565.0,2442.0,2522.5,33374,22443,,,,
2024-09-01,2024-09-01T22:00:00Z,2524.5,2579.5,2410.0,2455.5,41725,23995,,,,
2024-09-03,2024-09-03T22:00:00Z,2470.5,2504.0,2317.0,2466.5,45860,35267,,,,
2024-09-04,2024-09-04T22:00:00Z,2478.0,2481.5,2359.0,2372.0,23123,30283,,,,
2024-09-05,2024-09-05T22:00:00Z,2381.5,2418.5,2171.5,2228.5,83594,28396,,,,
2024-09-08,2024-09-08T22:00:00Z,2253.0,2363.0,2242.5,2360.5,27827,27191,,,,
2024-09-09,2024-09-09T22:00:00Z,2371.0,2402.0,2327.0,2392.5,16025,25570,,,,
2024-09-10,2024-09-10T22:00:00Z,2385.5,2409.0,2283.0,2351.5,30811,28360,,,,
2024-09-11,2024-09-11T22:00:00Z,2352.0,2403.0,2320.0,2369.0,11332,27743,,,,
2024-09-12,2024-09-12T22:00:00Z,2363.0,2438.0,2344.5,2428.0,26736,28576,,,,
2024-09-15,2024-09-15T22:00:00Z,2365.5,2368.0,2256.0,2277.5,23624,30916,,,,
2024-09-16,2024-09-16T22:00:00Z,2298.0,2399.0,2267.0,2358.0,20555,30142,,,,
2024-09-17,2024-09-17T22:00:00Z,2355.0,2368.0,2281.0,2317.0,26468,35408,,,,
2024-09-18,2024-09-18T22:00:00Z,2334.0,2499.5,2334.0,2466.5,21657,32280,,,,
2024-09-19,2024-09-19T22:00:00Z,2468.0,2578.5,2443.0,2545.0,25379,27328,,,,
2024-09-22,2024-09-22T22:00:00Z,2558.0,2709.0,2530.5,2675.0,29908,23852,,,,
2024-09-23,2024-09-23T22:00:00Z,2662.0,2671.0,2595.5,2656.0,19256,22800,,,,
2024-09-24,2024-09-24T22:00:00Z,2651.5,2677.0,2568.0,2571.5,18430,19763,,,,
2024-09-25,2024-09-25T22:00:00Z,2591.0,2688.5,2581.0,2672.0,13715,16675,,,,
2024-09-26,2024-09-26T22:00:00Z,2661.5,2753.5,2634.5,2724.0,32088,20093,,,,
2024-09-29,2024-09-29T22:00:00Z,2700.0,2700.0,2588.5,2609.5,23886,22033,,,,
2024-09-30,2024-09-30T22:00:00Z,2628.0,2673.5,2422.0,2496.0,46127,20570,,,,
2024-10-01,2024-10-01T22:00:00Z,2476.0,2507.5,2371.0,2381.5,29235,23679,,,,
2024-10-02,2024-10-02T22:00:00Z,2387.0,2409.5,2317.0,2361.0,17582,25545,,,,
2024-10-03,2024-10-03T22:00:00Z,2354.5,2451.0,2345.0,2440.5,31685,23474,,,,
2024-10-06,2024-10-06T22:00:00Z,2431.0,2532.0,2427.0,2451.0,27618,27701,,,,
2024-10-07,2024-10-07T22:00:00Z,2461.0,2462.0,2406.0,2446.0,22914,27652,,,,
2024-10-08,2024-10-08T22:00:00Z,2460.0,2479.5,2359.0,2423.0,21113,25063,,,,
2024-10-09,2024-10-09T22:00:00Z,2377.0,2425.5,2332.5,2370.5,20986,27840,,,,
2024-10-10,2024-10-10T22:00:00Z,2388.0,2479.0,2374.0,2466.0,16604,26074,,,,
2024-10-13,2024-10-13T22:00:00Z,2469.5,2652.0,2448.0,2632.5,46693,23914,,,,
2024-10-14,2024-10-14T22:00:00Z,2622.5,2697.0,2543.0,2599.5,34577,26962,,,,
2024-10-15,2024-10-15T22:00:00Z,2597.0,2658.5,2592.5,2624.0,16636,25051,,,,
2024-10-16,2024-10-16T22:00:00Z,2621.5,2656.5,2581.0,2599.0,17261,25599,,,,
2024-10-17,2024-10-17T22:00:00Z,2606.0,2683.5,2601.0,2658.5,23834,29761,,,,
2024-10-20,2024-10-20T22:00:00Z,2711.0,2777.0,2657.5,2684.0,20591,31148,,,,
2024-10-21,2024-10-21T22:00:00Z,2674.5,2688.5,2608.0,2629.0,20858,31453,,,,
2024-10-22,2024-10-22T22:00:00Z,2639.0,2646.0,2446.5,2508.5,35199,29691,,,,
2024-10-23,2024-10-23T22:00:00Z,2527.0,2586.0,2524.5,2558.0,17287,13127,,,,
2024-10-24,2024-10-24T22:00:00Z,2567.0,2591.5,2471.0,2492.0,44591,19483,,,,
2024-10-27,2024-10-27T22:00:00Z,2519.5,2563.5,2489.0,2524.5,30479,24959,,,,
2024-10-28,2024-10-28T22:00:00Z,2555.5,2712.5,2555.5,2658.0,43271,28231,,,,
2024-10-29,2024-10-29T22:00:00Z,2650.5,2752.5,2628.5,2679.5,45517,32707,,,,
2024-10-30,2024-10-30T22:00:00Z,2685.5,2694.5,2518.0,2528.5,40090,38535,,,,
2024-10-31,2024-10-31T22:00:00Z,2538.0,2604.5,2480.0,2530.5,35898,41675,,,,
2024-11-03,2024-11-03T23:00:00Z,2482.5,2500.0,2369.0,2433.5,37282,42788,,,,
2024-11-04,2024-11-04T23:00:00Z,2418.0,2493.5,2391.0,2440.0,42372,45417,,,,
2024-11-05,2024-11-05T23:00:00Z,2449.0,2730.0,2432.0,2719.5,85264,45076,,,,
2024-11-06,2024-11-06T23:00:00Z,2751.0,2946.0,2726.0,2935.5,81763,49088,,,,
2024-11-07,2024-11-07T23:00:00Z,2917.5,3012.0,2896.5,2970.0,76154,57009,,,,
2024-11-10,2024-11-10T23:00:00Z,3200.0,3410.0,3132.0,3395.0,158693,82441,,,,
2024-11-11,2024-11-11T23:00:00Z,3378.0,3481.5,3236.5,3312.5,110550,90764,,,,
2024-11-12,2024-11-12T23:00:00Z,3318.0,3364.0,3138.5,3189.0,100227,98350,,,,
2024-11-13,2024-11-13T23:00:00Z,3196.0,3265.0,3077.5,3116.0,54694,96408,,,,
2024-11-14,2024-11-14T23:00:00Z,3102.0,3149.5,3027.0,3109.0,41514,98708,,,,
2024-11-17,2024-11-17T23:00:00Z,3075.5,3220.0,3060.5,3175.0,56497,99581,,,,
2024-11-18,2024-11-18T23:00:00Z,3177.5,3248.5,3089.0,3120.5,48088,97077,,,,
2024-11-19,2024-11-19T23:00:00Z,3111.0,3181.0,3045.5,3087.5,50362,101172,,,,
2024-11-20,2024-11-20T23:00:00Z,3092.5,3410.5,3045.5,3380.0,126352,105668,,,,
2024-11-21,2024-11-21T23:00:00Z,3403.0,3449.0,3274.5,3306.5,59139,109049,,,,
2024-11-24,2024-11-24T23:00:00Z,3364.5,3557.5,3310.5,3511.5,100171,115669,,,,
2024-11-25,2024-11-25T23:00:00Z,3489.5,3507.0,3301.0,3370.5,6759,21159,,,,
2024-11-26,2024-11-26T23:00:00Z,3366.5,3710.0,3363.0,3696.0,35329,34295,,,,
2024-11-27,2024-11-27T23:00:00Z,3724.5,3755.0,3590.0,3641.0,94144,57065,,,,
2024-12-01,2024-12-01T23:00:00Z,3750.0,3817.0,3598.0,3661.0,89039,72447,,,,
2024-12-02,2024-12-02T23:00:00Z,3661.0,3722.0,3539.5,3647.5,79874,85926,,,,
2024-12-03,2024-12-03T23:00:00Z,3666.5,3949.5,3653.5,3931.0,197910,101752,,,,
2024-12-04,2024-12-04T23:00:00Z,3902.5,4014.5,3819.5,3865.5,185035,112577,,,,
2024-12-05,2024-12-05T23:00:00Z,3860.5,4141.5,3804.5,4095.5,170794,121535,,,,
2024-12-08,2024-12-08T23:00:00Z,4075.5,4075.5,3507.0,3775.0,200031,142682,,,,
2024-12-09,2024-12-09T23:00:00Z,3743.0,3815.5,3541.5,3682.0,100773,154153,,,,
2024-12-10,2024-12-10T23:00:00Z,3663.5,3872.5,3591.0,3868.5,95004,156437,,,,
2024-12-11,2024-12-11T23:00:00Z,3867.0,4017.0,3829.0,3906.5,82755,151257,,,,
2024-12-12,2024-12-12T23:00:00Z,3902.0,3993.0,3874.5,3940.0,76524,162987,,,,
2024-12-15,2024-12-15T23:00:00Z,3919.5,4134.5,3897.5,4073.0,130901,173865,,,,
2024-12-16,2024-12-16T23:00:00Z,4059.0,4061.5,3932.5,3956.0,82584,187714,,,,
2024-12-17,2024-12-17T23:00:00Z,3920.5,3928.0,3645.0,3701.5,107388,186994,,,,
2024-12-18,2024-12-18T23:00:00Z,3702.5,3734.5,3331.0,3382.0,173568,178621,,,,
2024-12-19,2024-12-19T23:00:00Z,3410.0,3505.5,3105.0,3448.0,168546,183565,,,,
2024-12-22,2024-12-22T23:00:00Z,3308.5,3464.5,3219.5,3410.5,87068,193546,,,,
2024-12-23,2024-12-23T23:00:00Z,3502.0,3594.0,3404.0,3557.0,8297,15580,,,,
2024-12-25,2024-12-25T23:00:00Z,3523.5,3560.0,3337.0,3364.5,28274,32961,,,,
2024-12-26,2024-12-26T23:00:00Z,3379.0,3478.5,3335.5,3366.0,74191,46749,,,,
2024-12-29,2024-12-29T23:00:00Z,3335.0,3465.5,3325.0,3428.5,76980,51272,,,,
2024-12-30,2024-12-30T23:00:00Z,3387.0,3485.5,3344.0,3381.5,37501,50823,,,,
2025-01-01,2025-01-01T23:00:00Z,3382.5,3543.0,3374.0,3488.0,36127,53851,,,,
2025-01-02,2025-01-02T23:00:00Z,3471.0,3669.0,3452.5,3640.5,43365,62119,,,,
2025-01-05,2025-01-05T23:00:00Z,3659.0,3783.0,3642.5,3718.0,49316,57989,,,,
2025-01-06,2025-01-06T23:00:00Z,3714.0,3734.0,3375.5,3406.5,116880,48748,,,,
2025-01-07,2025-01-07T23:00:00Z,3414.5,3430.5,3221.5,3298.0,58889,50415,,,,
2025-01-08,2025-01-08T23:00:00Z,3339.0,3372.0,3167.5,3206.5,38319,49471,,,,
2025-01-09,2025-01-09T23:00:00Z,3234.0,3343.5,3210.5,3277.5,47042,53054,,,,
2025-01-12,2025-01-12T23:00:00Z,3272.5,3360.5,2925.5,3101.0,94653,58963,,,,
2025-01-13,2025-01-13T23:00:00Z,3142.0,3272.0,3140.0,3235.5,50386,58242,,,,
2025-01-14,2025-01-14T23:00:00Z,3252.5,3495.0,3202.5,3452.5,48776,61557,,,,
2025-01-15,2025-01-15T23:00:00Z,3451.5,3481.5,3275.0,3352.0,61693,64919,,,,
2025-01-16,2025-01-16T23:00:00Z,3310.0,3549.0,3303.5,3532.5,52907,66225,,,,
2025-01-19,2025-01-19T23:00:00Z,3285.0,3469.5,3155.0,3321.5,138330,78980,,,,
2025-01-21,2025-01-21T23:00:00Z,3343.0,3378.0,3246.5,3265.0,31555,81296,,,,
2025-01-22,2025-01-22T23:00:00Z,3250.5,3311.5,3189.0,3251.5,81849,82366,,,,
2025-01-23,2025-01-23T23:00:00Z,3333.0,3435.0,3283.0,3335.5,42977,81077,,,,
2025-01-26,2025-01-26T23:00:00Z,3301.0,3301.0,3021.0,3147.5,93798,86630,,,,
2025-01-27,2025-01-27T23:00:00Z,3179.0,3231.0,3055.5,3094.0,31832,87488,,,,
2025-01-28,2025-01-28T23:00:00Z,3105.0,3202.5,3076.5,3166.5,11077,17626,,,,
2025-01-29,2025-01-29T23:00:00Z,3162.0,3320.0,3125.5,3257.5,26545,27907,,,,
2025-01-30,2025-01-30T23:00:00Z,3293.5,3474.5,3237.0,3346.5,97287,49477,,,,
2025-02-02,2025-02-02T23:00:00Z,3045.5,3045.5,2260.0,2722.5,381328,135742,,,,
2025-02-03,2025-02-03T23:00:00Z,2883.0,2922.0,2654.5,2755.5,115631,132988,,,,
2025-02-04,2025-02-04T23:00:00Z,2698.0,2844.5,2697.0,2775.0,75011,118077,,,,
2025-02-05,2025-02-05T23:00:00Z,2781.0,2876.5,2686.0,2732.5,65902,123261,,,,
2025-02-06,2025-02-06T23:00:00Z,2717.5,2814.0,2587.5,2592.0,76738,112162,,,,
2025-02-09,2025-02-09T23:00:00Z,2626.0,2706.5,2571.0,2698.0,40373,102618,,,,
2025-02-10,2025-02-10T23:00:00Z,2678.5,2737.5,2591.0,2604.0,53065,90545,,,,
2025-02-11,2025-02-11T23:00:00Z,2607.0,2706.0,2553.5,2689.0,51602,80943,,,,
2025-02-12,2025-02-12T23:00:00Z,2734.0,2799.0,2620.0,2663.0,49726,90007,,,,
2025-02-13,2025-02-13T23:00:00Z,2668.0,2802.5,2628.0,2736.0,50524,79140,,,,
2025-02-16,2025-02-16T23:00:00Z,2692.0,2857.5,2609.5,2631.0,76729,86201,,,,
2025-02-18,2025-02-18T23:00:00Z,2662.0,2742.5,2658.5,2725.0,43686,72139,,,,
2025-02-19,2025-02-19T23:00:00Z,2723.0,2778.5,2710.5,2755.0,33758,70757,,,,
2025-02-20,2025-02-20T23:00:00Z,2740.0,2852.0,2610.5,2626.0,113149,77793,,,,
2025-02-23,2025-02-23T23:00:00Z,2756.0,2857.5,2622.0,2641.0,55662,72145,,,,
2025-02-24,2025-02-24T23:00:00Z,2600.0,2600.0,2318.0,2492.5,112604,73774,,,,
2025-02-25,2025-02-25T23:00:00Z,2533.0,2533.0,2267.5,2348.0,20079,19677,,,,
2025-02-26,2025-02-26T23:00:00Z,2359.5,2393.5,2241.5,2265.5,18654,26272,,,,
2025-02-27,2025-02-27T23:00:00Z,2295.5,2325.0,2086.5,2233.0,80539,36961,,,,
2025-03-02,2025-03-02T23:00:00Z,2510.0,2592.5,2104.0,2136.5,110288,46781,,,,
2025-03-03,2025-03-03T23:00:00Z,2181.0,2232.0,2003.0,2151.0,109226,49377,,,,
2025-03-04,2025-03-04T23:00:00Z,2185.0,2282.5,2165.0,2243.0,70608,57357,,,,
2025-03-05,2025-03-05T23:00:00Z,2255.5,2330.0,2184.5,2208.5,87583,84846,,,,
2025-03-06,2025-03-06T23:00:00Z,2223.0,2270.0,2106.0,2164.0,105932,101348,,,,
2025-03-09,2025-03-09T22:00:00Z,2040.0,2156.5,1814.5,1867.5,84333,106420,,,,
2025-03-10,2025-03-10T22:00:00Z,1893.5,1968.5,1756.5,1957.5,75835,106084,,,,
2025-03-11,2025-03-11T22:00:00Z,1940.0,1958.0,1832.5,1884.0,85482,139959,,,,
2025-03-12,2025-03-12T22:00:00Z,1901.0,1923.5,1823.0,1853.0,45876,149640,,,,
2025-03-13,2025-03-13T22:00:00Z,1861.0,1950.0,1859.0,1939.0,37434,141727,,,,
2025-03-16,2025-03-16T22:00:00Z,1898.5,1956.5,1854.0,1945.5,32289,142552,,,,
2025-03-17,2025-03-17T22:00:00Z,1943.0,1946.0,1873.5,1905.0,29826,144847,,,,
2025-03-18,2025-03-18T22:00:00Z,1908.0,2080.0,1906.0,2034.5,51871,138707,,,,
2025-03-19,2025-03-19T22:00:00Z,2043.0,2073.5,1953.5,1975.0,47797,147219,,,,
2025-03-20,2025-03-20T22:00:00Z,1978.0,1997.5,1937.0,1974.5,32232,150383,,,,
2025-03-23,2025-03-23T22:00:00Z,1986.0,2106.5,1977.0,2091.5,76611,181634,,,,
2025-03-24,2025-03-24T22:00:00Z,2085.0,2096.0,2039.5,2075.5,50894,209966,,,,
2025-03-25,2025-03-25T22:00:00Z,2082.5,2088.5,1997.0,2010.5,7626,13751,,,,
2025-03-26,2025-03-26T22:00:00Z,2014.0,2048.5,1997.0,2013.5,14563,19185,,,,
2025-03-27,2025-03-27T22:00:00Z,2023.5,2025.5,1868.0,1877.5,47428,34782,,,,
2025-03-30,2025-03-30T22:00:00Z,1832.5,1860.0,1774.0,1834.0,37833,36612,,,,
2025-03-31,2025-03-31T22:00:00Z,1826.0,1937.5,1822.5,1919.5,31698,34308,,,,
2025-04-01,2025-04-01T22:00:00Z,1926.0,1964.5,1860.5,1923.0,29871,35531,,,,
2025-04-02,2025-04-02T22:00:00Z,1871.0,1871.0,1756.5,1790.5,45897,39047,,,,
2025-04-03,2025-04-03T22:00:00Z,1812.0,1841.0,1763.5,1816.5,42646,39219,,,,
2025-04-06,2025-04-06T22:00:00Z,1595.0,1642.0,1417.5,1548.5,144975,48371,,,,
2025-04-07,2025-04-07T22:00:00Z,1576.0,1622.5,1456.0,1465.5,47749,54642,,,,
2025-04-08,2025-04-08T22:00:00Z,1477.5,1683.5,1387.0,1645.5,77896,56708,,,,
2025-04-09,2025-04-09T22:00:00Z,1678.0,1691.0,1475.0,1514.0,93815,74019,,,,
2025-04-10,2025-04-10T22:00:00Z,1528.0,1594.0,1506.0,1568.0,40722,67287,,,,
2025-04-13,2025-04-13T22:00:00Z,1594.0,1694.0,1585.5,1640.5,48150,63761,,,,
2025-04-14,2025-04-14T22:00:00Z,1633.5,1663.5,1589.5,1611.0,25959,64653,,,,
2025-04-15,2025-04-15T22:00:00Z,1620.5,1620.5,1539.0,1590.0,47469,75821,,,,
2025-04-16,2025-04-16T22:00:00Z,1590.0,1619.5,1564.5,1583.5,30513,70834,,,,
2025-04-20,2025-04-20T22:00:00Z,1587.0,1661.0,1564.0,1573.0,40902,75426,,,,
2025-04-21,2025-04-21T22:00:00Z,1580.0,1732.5,1530.0,1702.0,108051,59801,,,,
2025-04-22,2025-04-22T22:00:00Z,1763.5,1841.0,1753.5,1804.0,11172,23580,,,,
2025-04-23,2025-04-23T22:00:00Z,1805.0,1825.0,1740.0,1779.0,15728,26171,,,,
2025-04-24,2025-04-24T22:00:00Z,1777.5,1844.5,1753.5,1818.5,59800,40706,,,,
2025-04-27,2025-04-27T22:00:00Z,1820.0,1842.0,1759.0,1809.5,53281,49910,,,,
2025-04-28,2025-04-28T22:00:00Z,1802.0,1857.0,1801.0,1835.5,39963,46664,,,,
2025-04-29,2025-04-29T22:00:00Z,1808.0,1830.5,1743.5,1799.0,43473,49701,,,,
2025-04-30,2025-04-30T22:00:00Z,1803.0,1892.0,1801.0,1859.0,28110,51024,,,,
2025-05-01,2025-05-01T22:00:00Z,1856.0,1882.5,1827.5,1853.5,32482,53447,,,,
2025-05-04,2025-05-04T22:00:00Z,1853.0,1853.0,1788.5,1823.0,28453,60187,,,,
2025-05-05,2025-05-05T22:00:00Z,1827.0,1842.5,1758.0,1792.0,20959,63514,,,,
2025-05-06,2025-05-06T22:00:00Z,1780.0,1860.0,1780.0,1804.0,30614,59970,,,,
2025-05-07,2025-05-07T22:00:00Z,1810.0,2210.0,1807.0,2129.0,108670,63701,,,,
2025-05-08,2025-05-08T22:00:00Z,2194.0,2500.0,2177.0,2342.5,180786,73324,,,,
2025-05-11,2025-05-11T22:00:00Z,2500.0,2635.5,2417.5,2470.0,115366,68645,,,,
2025-05-12,2025-05-12T22:00:00Z,2493.5,2751.5,2424.5,2702.5,98658,67612,,,,
2025-05-13,2025-05-13T22:00:00Z,2702.5,2736.0,2557.0,2613.5,66911,68484,,,,
2025-05-14,2025-05-14T22:00:00Z,2614.0,2657.5,2487.0,2538.0,81683,70560,,,,
2025-05-15,2025-05-15T22:00:00Z,2546.0,2655.5,2527.0,2603.5,56822,73986,,,,
2025-05-18,2025-05-18T22:00:00Z,2454.0,2554.5,2345.0,2528.0,118045,89335,,,,
2025-05-19,2025-05-19T22:00:00Z,2527.0,2596.5,2450.0,2511.0,85663,94439,,,,
2025-05-20,2025-05-20T22:00:00Z,2523.0,2623.5,2459.5,2520.5,114336,97726,,,,
2025-05-21,2025-05-21T22:00:00Z,2512.0,2701.0,2508.5,2639.0,129661,103043,,,,
2025-05-22,2025-05-22T22:00:00Z,2644.0,2741.0,2508.0,2565.0,120645,117325,,,,
2025-05-25,2025-05-25T22:00:00Z,2537.0,2717.5,2510.0,2690.0,103787,113522,,,,
2025-05-27,2025-05-27T22:00:00Z,2694.5,2710.0,2632.0,2643.5,21382,20423,,,,
2025-05-28,2025-05-28T22:00:00Z,2675.5,2816.5,2643.0,2669.0,37744,33788,,,,
2025-05-29,2025-05-29T22:00:00Z,2679.0,2689.0,2555.0,2590.5,90566,42089,,,,
2025-06-01,2025-06-01T22:00:00Z,2562.0,2581.5,2490.5,2548.0,69680,51266,,,,
2025-06-02,2025-06-02T22:00:00Z,2577.0,2673.0,2573.0,2640.0,71112,46878,,,,
2025-06-03,2025-06-03T22:00:00Z,2612.5,2697.5,2598.5,2641.0,46145,43855,,,,
2025-06-04,2025-06-04T22:00:00Z,2629.5,2659.0,2405.0,2540.0,0,55760,,,,
2025-06-05,2025-06-05T22:00:00Z,2444.0,2545.5,2396.0,2497.0,84643,67392,,,,
2025-06-08,2025-06-08T22:00:00Z,2550.0,2605.5,2486.5,2593.0,64059,63693,,,,
2025-06-09,2025-06-09T22:00:00Z,2650.0,2819.5,2650.0,2785.5,123145,65594,,,,
2025-06-10,2025-06-10T22:00:00Z,2784.0,2892.0,2767.0,2824.0,120243,68777,,,,
2025-06-11,2025-06-11T22:00:00Z,2800.0,2800.0,2627.5,2704.5,93790,74223,,,,
2025-06-12,2025-06-12T22:00:00Z,2653.0,2670.0,2446.0,2535.5,177853,97415,,,,
2025-06-15,2025-06-15T22:00:00Z,2525.0,2688.5,2522.0,2666.5,64488,102402,,,,
2025-06-16,2025-06-16T22:00:00Z,2655.0,2667.5,2459.0,2535.5,117881,113755,,,,
2025-06-17,2025-06-17T22:00:00Z,2525.0,2552.5,2469.0,2497.0,55878,108319,,,,
2025-06-18,2025-06-18T22:00:00Z,2530.0,2573.0,2370.5,2418.5,117003,107538,,,,
2025-06-22,2025-06-22T22:00:00Z,2178.0,2381.5,2165.0,2315.5,119220,112239,,,,
2025-06-23,2025-06-23T22:00:00Z,2351.5,2486.5,2318.0,2436.5,93696,111468,,,,
2025-06-24,2025-06-24T22:00:00Z,2464.0,2491.0,2407.5,2450.5,7571,19823,,,,
2025-06-25,2025-06-25T22:00:00Z,2450.5,2542.5,2425.0,2452.5,24830,31618,,,,
2025-06-26,2025-06-26T22:00:00Z,2422.0,2480.0,2399.5,2429.0,46176,40253,,,,
2025-06-29,2025-06-29T22:00:00Z,2445.0,2542.5,2445.0,2532.0,83909,52137,,,,
2025-06-30,2025-06-30T22:00:00Z,2507.5,2514.5,2404.5,2417.0,63455,62076,,,,
2025-07-01,2025-07-01T22:00:00Z,2422.0,2623.0,2383.5,2620.5,121148,44573,,,,
2025-07-02,2025-07-02T22:00:00Z,2613.0,2651.5,2572.0,2600.5,69961,46880,,,,
2025-07-03,2025-07-03T22:00:00Z,2592.0,2620.5,2522.5,2553.0,85185,51321,,,,
2025-07-07,2025-07-07T22:00:00Z,2546.0,2640.5,2531.5,2621.0,63915,52251,,,,
2025-07-08,2025-07-08T22:00:00Z,2619.5,2807.5,2598.5,2776.5,123238,64003,,,,
2025-07-09,2025-07-09T22:00:00Z,2762.0,2854.5,2762.0,2829.0,91181,77240,,,,
2025-07-10,2025-07-10T22:00:00Z,2945.0,3054.0,2927.0,3022.0,157923,85040,,,,
2025-07-13,2025-07-13T22:00:00Z,2993.0,3096.0,2959.5,3009.5,138350,93255,,,,
2025-07-14,2025-07-14T22:00:00Z,3020.0,3111.0,2941.0,3052.0,153434,92258,,,,
2025-07-15,2025-07-15T22:00:00Z,3087.5,3435.5,3079.5,3392.5,200949,92653,,,,
2025-07-16,2025-07-16T22:00:00Z,3387.5,3493.5,3323.5,3423.0,209393,82509,,,,
2025-07-17,2025-07-17T22:00:00Z,3470.5,3685.5,3462.0,3557.0,245604,69323,,,,
2025-07-20,2025-07-20T22:00:00Z,3777.5,3865.0,3690.0,3739.0,253098,92186,,,,
2025-07-21,2025-07-21T22:00:00Z,3760.0,3805.5,3624.0,3677.5,226856,76281,,,,
2025-07-22,2025-07-22T22:00:00Z,3759.5,3806.5,3590.0,3627.5,34136,26290,,,,
2025-07-23,2025-07-23T22:00:00Z,3639.5,3817.5,3547.5,3782.0,43597,33403,,,,
2025-07-24,2025-07-24T22:00:00Z,3782.5,3793.5,3617.5,3679.0,243915,55442,,,,
2025-07-27,2025-07-27T22:00:00Z,3871.0,3980.5,3782.0,3823.0,206012,75459,,,,
2025-07-28,2025-07-28T22:00:00Z,3820.0,3920.0,3744.0,3789.5,214134,70341,,,,
2025-07-29,2025-07-29T22:00:00Z,3799.0,3862.5,3701.0,3782.5,163269,72325,,,,
2025-07-30,2025-07-30T22:00:00Z,3783.5,3905.5,3736.5,3758.0,161873,66048,,,,
2025-07-31,2025-07-31T22:00:00Z,3754.0,3754.0,3501.5,3528.0,286490,85565,,,,
2025-08-03,2025-08-03T22:00:00Z,3508.0,3740.0,3493.0,3690.0,181026,75533,,,,
2025-08-04,2025-08-04T22:00:00Z,3733.0,3758.0,3570.0,3588.0,200658,97924,,,,
2025-08-05,2025-08-05T22:00:00Z,3592.0,3721.0,3560.0,3705.0,117158,102021,,,,
2025-08-06,2025-08-06T22:00:00Z,3694.0,3909.0,3667.0,3893.0,165422,107504,,,,
2025-08-07,2025-08-07T22:00:00Z,3901.0,4098.5,3896.0,4087.5,204633,132177,,,,
2025-08-10,2025-08-10T22:00:00Z,4230.0,4390.0,4183.5,4283.0,269124,124130,,,,
2025-08-11,2025-08-11T22:00:00Z,4244.0,4663.0,4215.5,4547.5,282932,130429,,,,
2025-08-12,2025-08-12T22:00:00Z,4604.0,4781.5,4586.5,4763.5,304009,109356,,,,
2025-08-13,2025-08-13T22:00:00Z,4756.5,4824.0,4486.0,4562.5,370120,108513,,,,
2025-08-14,2025-08-14T22:00:00Z,4508.5,4697.0,4382.0,4398.0,285362,110621,,,,
2025-08-17,2025-08-17T22:00:00Z,4490.0,4552.0,4235.5,4367.0,286805,119229,,,,
2025-08-18,2025-08-18T22:00:00Z,4365.0,4401.0,4117.0,4148.0,274941,112021,,,,
2025-08-19,2025-08-19T22:00:00Z,4167.0,4381.0,4070.0,4356.5,289498,127437,,,,
2025-08-20,2025-08-20T22:00:00Z,4367.0,4389.0,4210.5,4228.5,186838,133391,,,,
2025-08-21,2025-08-21T22:00:00Z,4242.0,4880.5,4212.5,4848.0,471319,135496,,,,
2025-08-24,2025-08-24T22:00:00Z,4812.5,4851.0,4341.0,4428.5,351951,164119,,,,
2025-08-25,2025-08-25T22:00:00Z,4363.0,4623.0,4318.0,4602.5,240356,185231,,,,
2025-08-26,2025-08-26T22:00:00Z,4654.5,4702.5,4554.0,4604.5,25491,55637,,,,
2025-08-27,2025-08-27T22:00:00Z,4560.0,4678.0,4456.0,4476.5,67478,83689,,,,
2025-08-28,2025-08-28T22:00:00Z,4509.5,4544.5,4287.5,4362.5,262340,96272,,,,
2025-08-31,2025-08-31T22:00:00Z,4456.0,4510.0,4270.5,4284.5,219733,99102,,,,
2025-09-02,2025-09-02T22:00:00Z,4339.0,4513.5,4296.0,4497.5,158076,108046,,,,
2025-09-03,2025-09-03T22:00:00Z,4478.5,4508.5,4277.0,4290.0,166616,107510,,,,
2025-09-04,2025-09-04T22:00:00Z,4334.0,4510.5,4263.0,4346.0,249305,106512,,,,
2025-09-07,2025-09-07T22:00:00Z,4315.0,4401.0,4293.0,4301.5,115796,115761,,,,
2025-09-08,2025-09-08T22:00:00Z,4338.0,4401.5,4285.5,4306.0,120512,113831,,,,
2025-09-09,2025-09-09T22:00:00Z,4317.0,4471.5,4294.0,4333.0,153816,107676,,,,
2025-09-10,2025-09-10T22:00:00Z,4365.0,4500.0,4349.5,4443.0,147401,94172,,,,
2025-09-11,2025-09-11T22:00:00Z,4443.0,4721.5,4440.5,4691.5,186055,105517,,,,
2025-09-14,2025-09-14T22:00:00Z,4664.0,4693.0,4479.0,4507.5,166096,138122,,,,
2025-09-15,2025-09-15T22:00:00Z,4536.5,4552.5,4433.0,4503.0,108809,144041,,,,
2025-09-16,2025-09-16T22:00:00Z,4514.5,4580.0,4335.5,4528.5,172324,142101,,,,
2025-09-17,2025-09-17T22:00:00Z,4545.0,4661.5,4540.5,4602.0,132150,152109,,,,
2025-09-18,2025-09-18T22:00:00Z,4611.0,4637.0,4441.5,4447.5,115319,163459,,,,
2025-09-21,2025-09-21T22:00:00Z,4472.0,4493.0,4060.0,4139.5,211002,198720,,,,
2025-09-22,2025-09-22T22:00:00Z,4191.0,4232.5,4116.5,4154.5,141888,197370,,,,
2025-09-23,2025-09-23T22:00:00Z,4218.0,4241.0,4110.0,4195.0,31478,52956,,,,
2025-09-24,2025-09-24T22:00:00Z,4185.0,4201.0,3843.0,3939.5,115339,91437,,,,
2025-09-25,2025-09-25T22:00:00Z,3941.0,4104.0,3879.5,4063.0,260581,103104,,,,
2025-09-28,2025-09-28T22:00:00Z,4080.5,4269.5,4080.5,4225.5,178712,102921,,,,
2025-09-29,2025-09-29T22:00:00Z,4254.5,4283.0,4118.5,4191.5,199583,109754,,,,
2025-09-30,2025-09-30T22:00:00Z,4195.0,4382.0,4149.5,4366.5,233167,106112,,,,
2025-10-01,2025-10-01T22:00:00Z,4342.0,4556.5,4334.5,4537.0,190037,108287,,,,
2025-10-02,2025-10-02T22:00:00Z,4508.5,4632.5,4466.0,4553.0,216987,118962,,,,
2025-10-05,2025-10-05T22:00:00Z,4551.0,4778.5,4520.0,4764.5,171192,128324,,,,
2025-10-06,2025-10-06T22:00:00Z,4733.5,4799.0,4476.0,4502.0,259765,123099,,,,
2025-10-07,2025-10-07T22:00:00Z,4521.5,4581.5,4437.0,4539.5,187087,141795,,,,
2025-10-08,2025-10-08T22:00:00Z,4543.0,4564.0,4284.5,4352.5,167603,167249,,,,
2025-10-09,2025-10-09T22:00:00Z,4375.0,4416.0,3858.5,4007.5,334995,197066,,,,
2025-10-12,2025-10-12T22:00:00Z,4141.0,4310.0,4058.0,4276.0,334995,188327,,,,
2025-10-13,2025-10-13T22:00:00Z,4280.0,4301.0,3911.0,4133.5,330944,202700,,,,
2025-10-14,2025-10-14T22:00:00Z,4141.5,4239.0,3943.5,3996.0,200131,229580,,,,
2025-10-15,2025-10-15T22:00:00Z,3965.5,4098.5,3836.5,3879.5,221703,234295,,,,
2025-10-16,2025-10-16T22:00:00Z,3892.0,3961.5,3684.5,3837.0,273247,248918,,,,
2025-10-19,2025-10-19T22:00:00Z,4002.0,4093.5,3916.0,3995.0,178859,239689,,,,
2025-10-20,2025-10-20T22:00:00Z,3998.0,4125.0,3851.5,4008.5,213476,251430,,,,
2025-10-21,2025-10-21T22:00:00Z,3961.0,3962.0,3777.0,3803.5,227374,279870,,,,
2025-10-22,2025-10-22T22:00:00Z,3755.0,3940.0,3740.0,3868.0,161102,275373,,,,
2025-10-23,2025-10-23T22:00:00Z,3840.0,4030.0,3825.0,3934.0,152627,268969,,,,
2025-10-26,2025-10-26T22:00:00Z,4003.5,4260.5,4003.5,4198.0,140678,262129,,,,
2025-10-27,2025-10-27T22:00:00Z,4131.0,4182.5,3964.0,4041.5,139545,275733,,,,
2025-10-28,2025-10-28T22:00:00Z,4006.0,4060.0,3859.0,3925.5,22796,52576,,,,
2025-10-29,2025-10-29T22:00:00Z,3989.0,4009.0,3689.5,3705.0,103286,92114,,,,
2025-10-30,2025-10-30T22:00:00Z,3793.5,3928.0,3777.5,3909.5,146689,110107,,,,
2025-11-02,2025-11-02T23:00:00Z,3891.0,3938.0,3570.5,3596.0,203373,141796,,,,
2025-11-03,2025-11-03T23:00:00Z,3606.0,3667.0,3072.5,3225.5,375634,168333,,,,
2025-11-04,2025-11-04T23:00:00Z,3251.0,3495.5,3179.0,3462.5,245873,181545,,,,
2025-11-05,2025-11-05T23:00:00Z,3442.0,3471.5,3258.0,3314.0,167073,189687,,,,
2025-11-06,2025-11-06T23:00:00Z,3331.0,3484.0,3202.5,3475.5,194446,221679,,,,
2025-11-09,2025-11-09T23:00:00Z,3508.0,3670.5,3508.0,3582.0,154161,226643,,,,
2025-11-10,2025-11-10T23:00:00Z,3577.0,3657.5,3410.5,3441.0,151265,224851,,,,
2025-11-11,2025-11-11T23:00:00Z,3429.0,3596.5,3376.0,3421.0,157642,224347,,,,
2025-11-12,2025-11-12T23:00:00Z,3425.0,3571.0,3154.5,3167.5,247258,251037,,,,
2025-11-13,2025-11-13T23:00:00Z,3217.0,3272.0,3069.0,3140.0,325062,271841,,,,
2025-11-16,2025-11-16T23:00:00Z,3098.5,3228.0,2958.0,3006.5,202333,272187,,,,
2025-11-17,2025-11-17T23:00:00Z,3026.0,3177.0,2947.5,3129.5,196685,269813,,,,
2025-11-18,2025-11-18T23:00:00Z,3123.5,3133.5,2871.5,2946.5,236117,308652,,,,
2025-11-19,2025-11-19T23:00:00Z,2980.5,3065.5,2793.0,2832.5,242633,329003,,,,
2025-11-20,2025-11-20T23:00:00Z,2876.0,2891.0,2628.0,2738.0,388657,381088,,,,
2025-11-23,2025-11-23T23:00:00Z,2835.5,2988.5,2765.0,2976.5,193519,381339,,,,
2025-11-24,2025-11-24T23:00:00Z,2974.0,2984.5,2867.5,2942.5,29757,92151,,,,
2025-11-25,2025-11-25T23:00:00Z,2980.0,3065.0,2903.5,3041.5,43460,110129,,,,
2025-11-26,2025-11-26T23:00:00Z,3042.5,3118.0,3000.5,3048.5,81292,118759,,,,
2025-11-30,2025-11-30T23:00:00Z,3061.0,3062.0,2726.5,2765.5,183052,114262,,,,
2025-12-01,2025-12-01T23:00:00Z,2808.0,3051.0,2788.0,2991.5,165919,110916,,,,
2025-12-02,2025-12-02T23:00:00Z,3024.5,3180.0,2997.0,3149.5,184645,122791,,,,
2025-12-03,2025-12-03T23:00:00Z,3193.0,3253.0,3079.0,3150.5,155647,137724,,,,
2025-12-04,2025-12-04T23:00:00Z,3157.0,3205.5,2993.5,3029.5,170390,156387,,,,
2025-12-07,2025-12-07T23:00:00Z,3044.5,3189.5,3033.5,3143.5,125658,143483,,,,
2025-12-08,2025-12-08T23:00:00Z,3144.5,3410.5,3097.5,3336.5,184452,121888,,,,
2025-12-09,2025-12-09T23:00:00Z,3336.0,3460.0,3297.5,3367.0,166483,128492,,,,
2025-12-10,2025-12-10T23:00:00Z,3357.5,3359.0,3154.0,3230.0,172421,160270,,,,
2025-12-11,2025-12-11T23:00:00Z,3241.5,3276.5,3051.5,3088.0,149275,176820,,,,
2025-12-14,2025-12-14T23:00:00Z,3080.5,3185.5,2900.5,2935.0,175817,156490,,,,
2025-12-15,2025-12-15T23:00:00Z,2955.0,2983.5,2880.5,2953.5,121185,170438,,,,
2025-12-16,2025-12-16T23:00:00Z,2955.0,3033.5,2794.0,2821.5,177088,177438,,,,
2025-12-17,2025-12-17T23:00:00Z,2834.0,3002.0,2777.5,2784.0,183876,187881,,,,
2025-12-18,2025-12-18T23:00:00Z,2824.5,3021.5,2811.0,2998.5,203803,160642,,,,
2025-12-21,2025-12-21T23:00:00Z,2994.0,3079.0,2966.0,2978.0,77684,151801,,,,
2025-12-22,2025-12-22T23:00:00Z,3029.0,3052.0,2915.5,2985.0,28259,63633,,,,
2025-12-23,2025-12-23T23:00:00Z,2980.0,2997.0,2902.5,2953.0,22962,69001,,,,
2025-12-25,2025-12-25T23:00:00Z,2936.0,3013.0,2905.0,2947.0,100378,84256,,,,
2025-12-28,2025-12-28T23:00:00Z,2959.5,3075.0,2924.0,2940.5,123212,92936,,,,
2025-12-29,2025-12-29T23:00:00Z,2946.0,3024.5,2928.5,2972.0,94942,90433,,,,
2025-12-30,2025-12-30T23:00:00Z,2979.0,3045.0,2972.5,2987.0,61295,84678,,,,
2026-01-01,2026-01-01T23:00:00Z,3024.5,3171.0,3000.0,3138.5,138622,82013,,,,
2026-01-04,2026-01-04T23:00:00Z,3166.0,3284.5,3149.5,3259.0,139882,100394,,,,
2026-01-05,2026-01-05T23:00:00Z,3260.0,3326.0,3196.0,3257.0,120282,92364,,,,
2026-01-06,2026-01-06T23:00:00Z,3289.5,3318.5,3133.0,3146.5,94938,96854,,,,
2026-01-07,2026-01-07T23:00:00Z,3159.0,3191.5,3057.5,3113.0,74720,103816,,,,
2026-01-08,2026-01-08T23:00:00Z,3125.5,3154.0,3060.0,3076.0,76819,121737,,,,
2026-01-11,2026-01-11T23:00:00Z,3107.5,3178.0,3069.5,3109.5,76836,122325,,,,
2026-01-12,2026-01-12T23:00:00Z,3098.5,3232.0,3093.5,3213.5,84850,108459,,,,
2026-01-13,2026-01-13T23:00:00Z,3330.0,3418.5,3292.0,3395.0,133000,106294,,,,
2026-01-14,2026-01-14T23:00:00Z,3365.0,3400.0,3280.5,3292.5,96733,107731,,,,
2026-01-15,2026-01-15T23:00:00Z,3314.0,3336.5,3257.0,3298.0,59946,109600,,,,
2026-01-18,2026-01-18T23:00:00Z,3347.0,3365.0,2978.5,3003.5,157949,126705,,,,
2026-01-20,2026-01-20T23:00:00Z,2952.0,3069.5,2865.0,3030.5,175823,145752,,,,
2026-01-21,2026-01-21T23:00:00Z,3009.0,3040.5,2905.0,2938.5,94806,162930,,,,
2026-01-22,2026-01-22T23:00:00Z,2954.0,3019.0,2891.0,2939.5,86536,163623,,,,
2026-01-25,2026-01-25T23:00:00Z,2812.0,2950.0,2784.0,2899.5,111032,177096,,,,
2026-01-26,2026-01-26T23:00:00Z,2918.0,3031.0,2897.0,3022.0,91681,180193,,,,
2026-01-27,2026-01-27T23:00:00Z,3033.0,3058.5,2994.0,3022.5,14309,27659,,,,
2026-01-28,2026-01-28T23:00:00Z,3032.0,3032.0,2756.0,2810.0,39063,39932,,,,
2026-01-29,2026-01-29T23:00:00Z,2826.0,2834.0,2640.0,2684.5,146807,54479,,,,
2026-02-01,2026-02-01T23:00:00Z,2422.5,2422.5,2163.0,2325.0,263272,105532,,,,
2026-02-02,2026-02-02T23:00:00Z,2359.0,2366.0,2114.0,2304.5,240776,109672,,,,
2026-02-03,2026-02-03T23:00:00Z,2242.0,2300.0,2079.0,2174.5,163466,120299,,,,
2026-02-04,2026-02-04T23:00:00Z,2121.0,2177.0,1828.0,1868.5,230403,140086,,,,
2026-02-05,2026-02-05T23:00:00Z,1874.0,2098.5,1749.0,2062.0,205403,157568,,,,
2026-02-08,2026-02-08T23:00:00Z,2115.0,2155.5,2010.0,2130.5,109010,150490,,,,
2026-02-09,2026-02-09T23:00:00Z,2122.0,2127.5,1991.5,2016.5,78729,156401,,,,
2026-02-10,2026-02-10T23:00:00Z,2021.0,2036.0,1904.0,1958.0,100368,162533,,,,
2026-02-11,2026-02-11T23:00:00Z,1958.0,2004.0,1899.0,1917.5,72976,168346,,,,
2026-02-12,2026-02-12T23:00:00Z,1939.0,2090.0,1926.0,2048.0,86255,162258,,,,
2026-02-15,2026-02-15T23:00:00Z,1986.0,2024.5,1938.5,1997.5,55646,163292,,,,
2026-02-17,2026-02-17T23:00:00Z,1999.0,2041.0,1924.0,1939.0,43745,166549,,,,
2026-02-18,2026-02-18T23:00:00Z,1946.5,1987.5,1906.5,1949.5,38984,167694,,,,
2026-02-19,2026-02-19T23:00:00Z,1942.0,1984.0,1924.0,1971.0,65572,161646,,,,
2026-02-22,2026-02-22T23:00:00Z,1965.0,1965.0,1836.5,1860.5,52434,162420,,,,
2026-02-23,2026-02-23T23:00:00Z,1862.0,1870.5,1802.0,1859.5,36665,162211,,,,
2026-02-24,2026-02-24T23:00:00Z,1865.0,2156.0,1854.0,2084.5,33148,20798,,,,
2026-02-25,2026-02-25T23:00:00Z,2090.0,2095.5,1983.0,2033.0,34226,27395,,,,
2026-02-26,2026-02-26T23:00:00Z,2047.0,2072.5,1913.0,1928.5,75184,51304,,,,
2026-03-01,2026-03-01T23:00:00Z,1928.0,2098.0,1921.0,2046.0,127371,50908,,,,
2026-03-02,2026-03-02T23:00:00Z,2063.0,2064.5,1932.5,1984.5,67860,49109,,,,
2026-03-03,2026-03-03T23:00:00Z,1987.0,2209.5,1950.0,2161.0,96318,46132,,,,
2026-03-04,2026-03-04T23:00:00Z,2207.0,2240.0,2061.0,2102.0,57157,42451,,,,
2026-03-05,2026-03-05T23:00:00Z,2107.0,2112.0,1960.5,1985.5,55028,44550,,,,
2026-03-08,2026-03-08T22:00:00Z,1964.0,2058.5,1913.5,2042.0,67974,56161,,,,
2026-03-09,2026-03-09T22:00:00Z,2036.0,2097.5,1992.5,2044.0,41685,54651,,,,
2026-03-10,2026-03-10T22:00:00Z,2040.0,2094.0,2011.0,2082.0,37017,53968,,,,
2026-03-11,2026-03-11T22:00:00Z,2076.0,2102.0,2024.0,2076.5,37306,50871,,,,
2026-03-12,2026-03-12T22:00:00Z,2070.5,2220.0,2061.0,2107.5,0,45721,,,,
2026-03-15,2026-03-15T22:00:00Z,2282.5,2362.5,2261.5,2335.5,103039,48373,,,,
2026-03-16,2026-03-16T22:00:00Z,2362.0,2390.0,2302.5,2326.5,54790,46593,,,,
2026-03-17,2026-03-17T22:00:00Z,2344.5,2354.5,2156.5,2189.0,72401,57054,,,,
2026-03-18,2026-03-18T22:00:00Z,2204.0,2237.0,2102.0,2145.5,60077,63084,,,,
2026-03-19,2026-03-19T22:00:00Z,2159.0,2177.0,2116.5,2133.0,48257,68413,,,,
2026-03-22,2026-03-22T22:00:00Z,2025.0,2199.5,2023.0,2157.5,64536,69338,,,,
2026-03-23,2026-03-23T22:00:00Z,2157.5,2178.0,2102.5,2116.0,35068,69249,,,,
2026-03-24,2026-03-24T22:00:00Z,2156.5,2209.5,2136.5,2182.0,9508,13117,,,,
2026-03-25,2026-03-25T22:00:00Z,2175.0,2188.5,2038.0,2053.0,24887,22927,,,,
2026-03-26,2026-03-26T22:00:00Z,2074.5,2082.5,1973.5,1996.5,62546,41493,,,,
2026-03-29,2026-03-29T22:00:00Z,2004.0,2091.0,1941.5,2027.0,61277,49942,,,,
2026-03-30,2026-03-30T22:00:00Z,2042.0,2129.0,2017.5,2102.5,59921,51647,,,,
2026-03-31,2026-03-31T22:00:00Z,2110.0,2175.0,2086.0,2148.0,49742,46922,,,,
2026-04-01,2026-04-01T22:00:00Z,2162.5,2165.0,2019.5,2070.5,53116,47212,,,,
2026-04-02,2026-04-02T22:00:00Z,2069.5,2088.0,2046.0,2060.0,8977,45983,,,,
2026-04-05,2026-04-05T22:00:00Z,2056.0,2182.0,2054.0,2151.0,74181,57259,,,,
2026-04-06,2026-04-06T22:00:00Z,2140.0,2147.5,2062.5,2118.0,49303,56477,,,,
2026-04-07,2026-04-07T22:00:00Z,2144.0,2280.0,2144.0,2216.0,61978,60139,,,,
2026-04-08,2026-04-08T22:00:00Z,2219.0,2236.0,2161.0,2223.5,45441,63387,,,,
2026-04-09,2026-04-09T22:00:00Z,2220.0,2265.0,2182.0,2260.5,41428,64646,,,,
2026-04-12,2026-04-12T22:00:00Z,2221.0,2274.0,2178.5,2269.5,40300,61864,,,,
2026-04-13,2026-04-13T22:00:00Z,2264.0,2423.5,2264.0,2318.0,87010,49818,,,,
2026-04-14,2026-04-14T22:00:00Z,2335.0,2391.5,2311.5,2381.0,39611,49818,,,,
2026-04-15,2026-04-15T22:00:00Z,2368.0,2387.5,2353.0,2368.0,5532,49818,,,,
