date,timestamp_utc,Active Sending Addresses - Internal, External, EOA
2020-11-02,2020-11-02T00:00:00Z,357277,,
2020-11-03,2020-11-03T00:00:00Z,350898,,
2020-11-04,2020-11-04T00:00:00Z,407019,,
2020-11-05,2020-11-05T00:00:00Z,362904,,
2020-11-06,2020-11-06T00:00:00Z,392919,,
2020-11-07,2020-11-07T00:00:00Z,373429,,
2020-11-08,2020-11-08T00:00:00Z,340471,,
2020-11-09,2020-11-09T00:00:00Z,372794,,
2020-11-10,2020-11-10T00:00:00Z,356619,,
2020-11-11,2020-11-11T00:00:00Z,363391,,
2020-11-12,2020-11-12T00:00:00Z,345989,,
2020-11-13,2020-11-13T00:00:00Z,361084,,
2020-11-14,2020-11-14T00:00:00Z,366968,,
2020-11-15,2020-11-15T00:00:00Z,330822,,
2020-11-16,2020-11-16T00:00:00Z,355687,,
2020-11-17,2020-11-17T00:00:00Z,367729,,
2020-11-18,2020-11-18T00:00:00Z,349417,,
2020-11-19,2020-11-19T00:00:00Z,352625,,
2020-11-20,2020-11-20T00:00:00Z,374610,,
2020-11-21,2020-11-21T00:00:00Z,391203,,
2020-11-22,2020-11-22T00:00:00Z,382096,,
2020-11-23,2020-11-23T00:00:00Z,393741,,
2020-11-24,2020-11-24T00:00:00Z,381043,,
2020-11-25,2020-11-25T00:00:00Z,404548,,
2020-11-26,2020-11-26T00:00:00Z,347479,,
2020-11-27,2020-11-27T00:00:00Z,388571,,
2020-11-28,2020-11-28T00:00:00Z,354499,,
2020-11-29,2020-11-29T00:00:00Z,384791,,
2020-11-30,2020-11-30T00:00:00Z,362832,,
2020-12-01,2020-12-01T00:00:00Z,367533,,
2020-12-02,2020-12-02T00:00:00Z,341075,,
2020-12-03,2020-12-03T00:00:00Z,347241,,
2020-12-04,2020-12-04T00:00:00Z,348576,,
2020-12-05,2020-12-05T00:00:00Z,341468,,
2020-12-06,2020-12-06T00:00:00Z,321714,,
2020-12-07,2020-12-07T00:00:00Z,336447,,
2020-12-08,2020-12-08T00:00:00Z,341134,,
2020-12-09,2020-12-09T00:00:00Z,339026,,
2020-12-10,2020-12-10T00:00:00Z,321350,,
2020-12-11,2020-12-11T00:00:00Z,340086,,
2020-12-12,2020-12-12T00:00:00Z,360512,,
2020-12-13,2020-12-13T00:00:00Z,372321,,
2020-12-14,2020-12-14T00:00:00Z,390924,,
2020-12-15,2020-12-15T00:00:00Z,373409,,
2020-12-16,2020-12-16T00:00:00Z,411557,,
2020-12-17,2020-12-17T00:00:00Z,449364,,
2020-12-18,2020-12-18T00:00:00Z,407626,,
2020-12-19,2020-12-19T00:00:00Z,413257,,
2020-12-20,2020-12-20T00:00:00Z,340550,,
2020-12-21,2020-12-21T00:00:00Z,337295,,
2020-12-22,2020-12-22T00:00:00Z,340194,,
2020-12-23,2020-12-23T00:00:00Z,382341,,
2020-12-24,2020-12-24T00:00:00Z,350650,,
2020-12-25,2020-12-25T00:00:00Z,338055,,
2020-12-26,2020-12-26T00:00:00Z,345641,,
2020-12-27,2020-12-27T00:00:00Z,356704,,
2020-12-28,2020-12-28T00:00:00Z,382275,,
2020-12-29,2020-12-29T00:00:00Z,373610,,
2020-12-30,2020-12-30T00:00:00Z,372283,,
2020-12-31,2020-12-31T00:00:00Z,355475,,
2021-01-01,2021-01-01T00:00:00Z,377616,,
2021-01-02,2021-01-02T00:00:00Z,344906,,
2021-01-03,2021-01-03T00:00:00Z,387543,,
2021-01-04,2021-01-04T00:00:00Z,393713,,
2021-01-05,2021-01-05T00:00:00Z,404300,,
2021-01-06,2021-01-06T00:00:00Z,428382,,
2021-01-07,2021-01-07T00:00:00Z,454426,,
2021-01-08,2021-01-08T00:00:00Z,425643,,
2021-01-09,2021-01-09T00:00:00Z,442602,,
2021-01-10,2021-01-10T00:00:00Z,428589,,
2021-01-11,2021-01-11T00:00:00Z,407768,,
2021-01-12,2021-01-12T00:00:00Z,378796,,
2021-01-13,2021-01-13T00:00:00Z,376768,,
2021-01-14,2021-01-14T00:00:00Z,399498,,
2021-01-15,2021-01-15T00:00:00Z,421751,,
2021-01-16,2021-01-16T00:00:00Z,410210,,
2021-01-17,2021-01-17T00:00:00Z,383330,,
2021-01-18,2021-01-18T00:00:00Z,399114,,
2021-01-19,2021-01-19T00:00:00Z,413404,,
2021-01-20,2021-01-20T00:00:00Z,403458,,
2021-01-21,2021-01-21T00:00:00Z,363643,,
2021-01-22,2021-01-22T00:00:00Z,361314,,
2021-01-23,2021-01-23T00:00:00Z,374471,,
2021-01-24,2021-01-24T00:00:00Z,362765,,
2021-01-25,2021-01-25T00:00:00Z,370041,,
2021-01-26,2021-01-26T00:00:00Z,390177,,
2021-01-27,2021-01-27T00:00:00Z,343215,,
2021-01-28,2021-01-28T00:00:00Z,381563,,
2021-01-29,2021-01-29T00:00:00Z,416309,,
2021-01-30,2021-01-30T00:00:00Z,400800,,
2021-01-31,2021-01-31T00:00:00Z,380914,,
2021-02-01,2021-02-01T00:00:00Z,391164,,
2021-02-02,2021-02-02T00:00:00Z,404479,,
2021-02-03,2021-02-03T00:00:00Z,424355,,
2021-02-04,2021-02-04T00:00:00Z,406731,,
2021-02-05,2021-02-05T00:00:00Z,391899,,
2021-02-06,2021-02-06T00:00:00Z,385380,,
2021-02-07,2021-02-07T00:00:00Z,385223,,
2021-02-08,2021-02-08T00:00:00Z,400249,,
2021-02-09,2021-02-09T00:00:00Z,404478,,
2021-02-10,2021-02-10T00:00:00Z,403670,,
2021-02-11,2021-02-11T00:00:00Z,413148,,
2021-02-12,2021-02-12T00:00:00Z,407183,,
2021-02-13,2021-02-13T00:00:00Z,385929,,
2021-02-14,2021-02-14T00:00:00Z,374207,,
2021-02-15,2021-02-15T00:00:00Z,359876,,
2021-02-16,2021-02-16T00:00:00Z,395535,,
2021-02-17,2021-02-17T00:00:00Z,401615,,
2021-02-18,2021-02-18T00:00:00Z,405463,,
2021-02-19,2021-02-19T00:00:00Z,427967,,
2021-02-20,2021-02-20T00:00:00Z,426122,,
2021-02-21,2021-02-21T00:00:00Z,404115,,
2021-02-22,2021-02-22T00:00:00Z,386619,,
2021-02-23,2021-02-23T00:00:00Z,365996,,
2021-02-24,2021-02-24T00:00:00Z,395639,,
2021-02-25,2021-02-25T00:00:00Z,388649,,
2021-02-26,2021-02-26T00:00:00Z,402087,,
2021-02-27,2021-02-27T00:00:00Z,393841,,
2021-02-28,2021-02-28T00:00:00Z,379112,,
2021-03-01,2021-03-01T00:00:00Z,399837,,
2021-03-02,2021-03-02T00:00:00Z,416580,,
2021-03-03,2021-03-03T00:00:00Z,393179,,
2021-03-04,2021-03-04T00:00:00Z,400439,,
2021-03-05,2021-03-05T00:00:00Z,362866,,
2021-03-06,2021-03-06T00:00:00Z,375419,,
2021-03-07,2021-03-07T00:00:00Z,350381,,
2021-03-08,2021-03-08T00:00:00Z,380409,,
2021-03-09,2021-03-09T00:00:00Z,412471,,
2021-03-10,2021-03-10T00:00:00Z,421114,,
2021-03-11,2021-03-11T00:00:00Z,418010,,
2021-03-12,2021-03-12T00:00:00Z,422710,,
2021-03-13,2021-03-13T00:00:00Z,410047,,
2021-03-14,2021-03-14T00:00:00Z,415433,,
2021-03-15,2021-03-15T00:00:00Z,412983,,
2021-03-16,2021-03-16T00:00:00Z,410263,,
2021-03-17,2021-03-17T00:00:00Z,397199,,
2021-03-18,2021-03-18T00:00:00Z,402320,,
2021-03-19,2021-03-19T00:00:00Z,419483,,
2021-03-20,2021-03-20T00:00:00Z,407679,,
2021-03-21,2021-03-21T00:00:00Z,386070,,
2021-03-22,2021-03-22T00:00:00Z,397129,,
2021-03-23,2021-03-23T00:00:00Z,432264,,
2021-03-24,2021-03-24T00:00:00Z,415884,,
2021-03-25,2021-03-25T00:00:00Z,449405,,
2021-03-26,2021-03-26T00:00:00Z,425402,,
2021-03-27,2021-03-27T00:00:00Z,406930,,
2021-03-28,2021-03-28T00:00:00Z,390246,,
2021-03-29,2021-03-29T00:00:00Z,411494,,
2021-03-30,2021-03-30T00:00:00Z,408770,,
2021-03-31,2021-03-31T00:00:00Z,411684,,
2021-04-01,2021-04-01T00:00:00Z,432612,,
2021-04-02,2021-04-02T00:00:00Z,467711,,
2021-04-03,2021-04-03T00:00:00Z,419793,,
2021-04-04,2021-04-04T00:00:00Z,403886,,
2021-04-05,2021-04-05T00:00:00Z,417651,,
2021-04-06,2021-04-06T00:00:00Z,437406,,
2021-04-07,2021-04-07T00:00:00Z,419336,,
2021-04-08,2021-04-08T00:00:00Z,428842,,
2021-04-09,2021-04-09T00:00:00Z,427733,,
2021-04-10,2021-04-10T00:00:00Z,447475,,
2021-04-11,2021-04-11T00:00:00Z,428303,,
2021-04-12,2021-04-12T00:00:00Z,454499,,
2021-04-13,2021-04-13T00:00:00Z,447138,,
2021-04-14,2021-04-14T00:00:00Z,473426,,
2021-04-15,2021-04-15T00:00:00Z,404343,,
2021-04-16,2021-04-16T00:00:00Z,472155,,
2021-04-17,2021-04-17T00:00:00Z,469682,,
2021-04-18,2021-04-18T00:00:00Z,444874,,
2021-04-19,2021-04-19T00:00:00Z,488507,,
2021-04-20,2021-04-20T00:00:00Z,494844,,
2021-04-21,2021-04-21T00:00:00Z,534949,,
2021-04-22,2021-04-22T00:00:00Z,538738,,
2021-04-23,2021-04-23T00:00:00Z,515910,,
2021-04-24,2021-04-24T00:00:00Z,520512,,
2021-04-25,2021-04-25T00:00:00Z,560670,,
2021-04-26,2021-04-26T00:00:00Z,548003,,
2021-04-27,2021-04-27T00:00:00Z,521847,,
2021-04-28,2021-04-28T00:00:00Z,525485,,
2021-04-29,2021-04-29T00:00:00Z,539088,,
2021-04-30,2021-04-30T00:00:00Z,497569,,
2021-05-01,2021-05-01T00:00:00Z,530187,,
2021-05-02,2021-05-02T00:00:00Z,474323,,
2021-05-03,2021-05-03T00:00:00Z,504323,,
2021-05-04,2021-05-04T00:00:00Z,531371,,
2021-05-05,2021-05-05T00:00:00Z,531275,,
2021-05-06,2021-05-06T00:00:00Z,528579,,
2021-05-07,2021-05-07T00:00:00Z,517301,,
2021-05-08,2021-05-08T00:00:00Z,494069,,
2021-05-09,2021-05-09T00:00:00Z,562041,,
2021-05-10,2021-05-10T00:00:00Z,488783,,
2021-05-11,2021-05-11T00:00:00Z,485736,,
2021-05-12,2021-05-12T00:00:00Z,473978,,
2021-05-13,2021-05-13T00:00:00Z,545573,,
2021-05-14,2021-05-14T00:00:00Z,531563,,
2021-05-15,2021-05-15T00:00:00Z,499969,,
2021-05-16,2021-05-16T00:00:00Z,476597,,
2021-05-17,2021-05-17T00:00:00Z,486426,,
2021-05-18,2021-05-18T00:00:00Z,462970,,
2021-05-19,2021-05-19T00:00:00Z,432005,,
2021-05-20,2021-05-20T00:00:00Z,489603,,
2021-05-21,2021-05-21T00:00:00Z,461935,,
2021-05-22,2021-05-22T00:00:00Z,418797,,
2021-05-23,2021-05-23T00:00:00Z,387392,,
2021-05-24,2021-05-24T00:00:00Z,421874,,
2021-05-25,2021-05-25T00:00:00Z,442490,,
2021-05-26,2021-05-26T00:00:00Z,455804,,
2021-05-27,2021-05-27T00:00:00Z,474667,,
2021-05-28,2021-05-28T00:00:00Z,424746,,
2021-05-29,2021-05-29T00:00:00Z,456650,,
2021-05-30,2021-05-30T00:00:00Z,472075,,
2021-05-31,2021-05-31T00:00:00Z,450119,,
2021-06-01,2021-06-01T00:00:00Z,446536,,
2021-06-02,2021-06-02T00:00:00Z,469938,,
2021-06-03,2021-06-03T00:00:00Z,501568,,
2021-06-04,2021-06-04T00:00:00Z,493011,,
2021-06-05,2021-06-05T00:00:00Z,460382,,
2021-06-06,2021-06-06T00:00:00Z,446115,,
2021-06-07,2021-06-07T00:00:00Z,443455,,
2021-06-08,2021-06-08T00:00:00Z,409504,,
2021-06-09,2021-06-09T00:00:00Z,410689,,
2021-06-10,2021-06-10T00:00:00Z,413340,,
2021-06-11,2021-06-11T00:00:00Z,395157,,
2021-06-12,2021-06-12T00:00:00Z,397104,,
2021-06-13,2021-06-13T00:00:00Z,429687,,
2021-06-14,2021-06-14T00:00:00Z,425122,,
2021-06-15,2021-06-15T00:00:00Z,428159,,
2021-06-16,2021-06-16T00:00:00Z,421163,,
2021-06-17,2021-06-17T00:00:00Z,408647,,
2021-06-18,2021-06-18T00:00:00Z,400741,,
2021-06-19,2021-06-19T00:00:00Z,358042,,
2021-06-20,2021-06-20T00:00:00Z,364651,,
2021-06-21,2021-06-21T00:00:00Z,391971,,
2021-06-22,2021-06-22T00:00:00Z,423263,,
2021-06-23,2021-06-23T00:00:00Z,424097,,
2021-06-24,2021-06-24T00:00:00Z,444599,,
2021-06-25,2021-06-25T00:00:00Z,431727,,
2021-06-26,2021-06-26T00:00:00Z,411710,,
2021-06-27,2021-06-27T00:00:00Z,388209,,
2021-06-28,2021-06-28T00:00:00Z,448405,,
2021-06-29,2021-06-29T00:00:00Z,460982,,
2021-06-30,2021-06-30T00:00:00Z,441983,,
2021-07-01,2021-07-01T00:00:00Z,443295,,
2021-07-02,2021-07-02T00:00:00Z,420139,,
2021-07-03,2021-07-03T00:00:00Z,384153,,
2021-07-04,2021-07-04T00:00:00Z,386316,,
2021-07-05,2021-07-05T00:00:00Z,402738,,
2021-07-06,2021-07-06T00:00:00Z,393635,,
2021-07-07,2021-07-07T00:00:00Z,403246,,
2021-07-08,2021-07-08T00:00:00Z,400767,,
2021-07-09,2021-07-09T00:00:00Z,402134,,
2021-07-10,2021-07-10T00:00:00Z,374224,,
2021-07-11,2021-07-11T00:00:00Z,371896,,
2021-07-12,2021-07-12T00:00:00Z,386086,,
2021-07-13,2021-07-13T00:00:00Z,380242,,
2021-07-14,2021-07-14T00:00:00Z,388678,,
2021-07-15,2021-07-15T00:00:00Z,400046,,
2021-07-16,2021-07-16T00:00:00Z,386010,,
2021-07-17,2021-07-17T00:00:00Z,381196,,
2021-07-18,2021-07-18T00:00:00Z,369457,,
2021-07-19,2021-07-19T00:00:00Z,391600,,
2021-07-20,2021-07-20T00:00:00Z,400204,,
2021-07-21,2021-07-21T00:00:00Z,412038,,
2021-07-22,2021-07-22T00:00:00Z,407555,,
2021-07-23,2021-07-23T00:00:00Z,416383,,
2021-07-24,2021-07-24T00:00:00Z,438051,,
2021-07-25,2021-07-25T00:00:00Z,389776,,
2021-07-26,2021-07-26T00:00:00Z,424046,,
2021-07-27,2021-07-27T00:00:00Z,439841,,
2021-07-28,2021-07-28T00:00:00Z,441915,,
2021-07-29,2021-07-29T00:00:00Z,442738,,
2021-07-30,2021-07-30T00:00:00Z,437706,,
2021-07-31,2021-07-31T00:00:00Z,425338,,
2021-08-01,2021-08-01T00:00:00Z,413480,,
2021-08-02,2021-08-02T00:00:00Z,459499,,
2021-08-03,2021-08-03T00:00:00Z,411125,,
2021-08-04,2021-08-04T00:00:00Z,411211,,
2021-08-05,2021-08-05T00:00:00Z,381168,,
2021-08-06,2021-08-06T00:00:00Z,412253,,
2021-08-07,2021-08-07T00:00:00Z,395002,,
2021-08-08,2021-08-08T00:00:00Z,398162,,
2021-08-09,2021-08-09T00:00:00Z,392793,,
2021-08-10,2021-08-10T00:00:00Z,396551,,
2021-08-11,2021-08-11T00:00:00Z,400650,,
2021-08-12,2021-08-12T00:00:00Z,393080,,
2021-08-13,2021-08-13T00:00:00Z,398157,,
2021-08-14,2021-08-14T00:00:00Z,377331,,
2021-08-15,2021-08-15T00:00:00Z,371705,,
2021-08-16,2021-08-16T00:00:00Z,417879,,
2021-08-17,2021-08-17T00:00:00Z,406942,,
2021-08-18,2021-08-18T00:00:00Z,394632,,
2021-08-19,2021-08-19T00:00:00Z,437980,,
2021-08-20,2021-08-20T00:00:00Z,434941,,
2021-08-21,2021-08-21T00:00:00Z,410467,,
2021-08-22,2021-08-22T00:00:00Z,394029,,
2021-08-23,2021-08-23T00:00:00Z,411319,,
2021-08-24,2021-08-24T00:00:00Z,396165,,
2021-08-25,2021-08-25T00:00:00Z,374967,,
2021-08-26,2021-08-26T00:00:00Z,374593,,
2021-08-27,2021-08-27T00:00:00Z,355011,,
2021-08-28,2021-08-28T00:00:00Z,378696,,
2021-08-29,2021-08-29T00:00:00Z,371813,,
2021-08-30,2021-08-30T00:00:00Z,388192,,
2021-08-31,2021-08-31T00:00:00Z,399359,,
2021-09-01,2021-09-01T00:00:00Z,405398,,
2021-09-02,2021-09-02T00:00:00Z,414573,,
2021-09-03,2021-09-03T00:00:00Z,370933,,
2021-09-04,2021-09-04T00:00:00Z,376299,,
2021-09-05,2021-09-05T00:00:00Z,365669,,
2021-09-06,2021-09-06T00:00:00Z,386344,,
2021-09-07,2021-09-07T00:00:00Z,410737,,
2021-09-08,2021-09-08T00:00:00Z,379827,,
2021-09-09,2021-09-09T00:00:00Z,392424,,
2021-09-10,2021-09-10T00:00:00Z,435771,,
2021-09-11,2021-09-11T00:00:00Z,501373,,
2021-09-12,2021-09-12T00:00:00Z,444260,,
2021-09-13,2021-09-13T00:00:00Z,514057,,
2021-09-14,2021-09-14T00:00:00Z,444144,,
2021-09-15,2021-09-15T00:00:00Z,439336,,
2021-09-16,2021-09-16T00:00:00Z,419878,,
2021-09-17,2021-09-17T00:00:00Z,409505,,
2021-09-18,2021-09-18T00:00:00Z,408171,,
2021-09-19,2021-09-19T00:00:00Z,399028,,
2021-09-20,2021-09-20T00:00:00Z,371458,,
2021-09-21,2021-09-21T00:00:00Z,405087,,
2021-09-22,2021-09-22T00:00:00Z,409871,,
2021-09-23,2021-09-23T00:00:00Z,403782,,
2021-09-24,2021-09-24T00:00:00Z,381564,,
2021-09-25,2021-09-25T00:00:00Z,401761,,
2021-09-26,2021-09-26T00:00:00Z,361748,,
2021-09-27,2021-09-27T00:00:00Z,383695,,
2021-09-28,2021-09-28T00:00:00Z,367372,,
2021-09-29,2021-09-29T00:00:00Z,384762,,
2021-09-30,2021-09-30T00:00:00Z,368680,,
2021-10-01,2021-10-01T00:00:00Z,399041,,
2021-10-02,2021-10-02T00:00:00Z,397929,,
2021-10-03,2021-10-03T00:00:00Z,396656,,
2021-10-04,2021-10-04T00:00:00Z,372290,,
2021-10-05,2021-10-05T00:00:00Z,428727,,
2021-10-06,2021-10-06T00:00:00Z,438112,,
2021-10-07,2021-10-07T00:00:00Z,479027,,
2021-10-08,2021-10-08T00:00:00Z,461966,,
2021-10-09,2021-10-09T00:00:00Z,438018,,
2021-10-10,2021-10-10T00:00:00Z,415962,,
2021-10-11,2021-10-11T00:00:00Z,413763,,
2021-10-12,2021-10-12T00:00:00Z,415590,,
2021-10-13,2021-10-13T00:00:00Z,399635,,
2021-10-14,2021-10-14T00:00:00Z,417424,,
2021-10-15,2021-10-15T00:00:00Z,410220,,
2021-10-16,2021-10-16T00:00:00Z,430869,,
2021-10-17,2021-10-17T00:00:00Z,416586,,
2021-10-18,2021-10-18T00:00:00Z,425685,,
2021-10-19,2021-10-19T00:00:00Z,447786,,
2021-10-20,2021-10-20T00:00:00Z,465248,,
2021-10-21,2021-10-21T00:00:00Z,459172,,
2021-10-22,2021-10-22T00:00:00Z,458363,,
2021-10-23,2021-10-23T00:00:00Z,477415,,
2021-10-24,2021-10-24T00:00:00Z,457428,,
2021-10-25,2021-10-25T00:00:00Z,448626,,
2021-10-26,2021-10-26T00:00:00Z,447685,,
2021-10-27,2021-10-27T00:00:00Z,443207,,
2021-10-28,2021-10-28T00:00:00Z,511907,,
2021-10-29,2021-10-29T00:00:00Z,503398,,
2021-10-30,2021-10-30T00:00:00Z,453103,,
2021-10-31,2021-10-31T00:00:00Z,443415,,
2021-11-01,2021-11-01T00:00:00Z,465552,,
2021-11-02,2021-11-02T00:00:00Z,487995,,
2021-11-03,2021-11-03T00:00:00Z,498198,,
2021-11-04,2021-11-04T00:00:00Z,486220,,
2021-11-05,2021-11-05T00:00:00Z,476870,,
2021-11-06,2021-11-06T00:00:00Z,459546,,
2021-11-07,2021-11-07T00:00:00Z,464482,,
2021-11-08,2021-11-08T00:00:00Z,475362,,
2021-11-09,2021-11-09T00:00:00Z,449295,,
2021-11-10,2021-11-10T00:00:00Z,500463,,
2021-11-11,2021-11-11T00:00:00Z,485083,,
2021-11-12,2021-11-12T00:00:00Z,485797,,
2021-11-13,2021-11-13T00:00:00Z,483140,,
2021-11-14,2021-11-14T00:00:00Z,487400,,
2021-11-15,2021-11-15T00:00:00Z,443009,,
2021-11-16,2021-11-16T00:00:00Z,452986,,
2021-11-17,2021-11-17T00:00:00Z,543363,,
2021-11-18,2021-11-18T00:00:00Z,441310,,
2021-11-19,2021-11-19T00:00:00Z,459174,,
2021-11-20,2021-11-20T00:00:00Z,408515,,
2021-11-21,2021-11-21T00:00:00Z,466932,,
2021-11-22,2021-11-22T00:00:00Z,404384,,
2021-11-23,2021-11-23T00:00:00Z,427514,,
2021-11-24,2021-11-24T00:00:00Z,449838,,
2021-11-25,2021-11-25T00:00:00Z,436877,,
2021-11-26,2021-11-26T00:00:00Z,444124,,
2021-11-27,2021-11-27T00:00:00Z,401668,,
2021-11-28,2021-11-28T00:00:00Z,388954,,
2021-11-29,2021-11-29T00:00:00Z,441770,,
2021-11-30,2021-11-30T00:00:00Z,457343,,
2021-12-01,2021-12-01T00:00:00Z,428590,,
2021-12-02,2021-12-02T00:00:00Z,449097,,
2021-12-03,2021-12-03T00:00:00Z,418407,,
2021-12-04,2021-12-04T00:00:00Z,403225,,
2021-12-05,2021-12-05T00:00:00Z,689409,,
2021-12-06,2021-12-06T00:00:00Z,449584,,
2021-12-07,2021-12-07T00:00:00Z,442985,,
2021-12-08,2021-12-08T00:00:00Z,489817,,
2021-12-09,2021-12-09T00:00:00Z,460524,,
2021-12-10,2021-12-10T00:00:00Z,457135,,
2021-12-11,2021-12-11T00:00:00Z,429333,,
2021-12-12,2021-12-12T00:00:00Z,439072,,
2021-12-13,2021-12-13T00:00:00Z,457019,,
2021-12-14,2021-12-14T00:00:00Z,447748,,
2021-12-15,2021-12-15T00:00:00Z,449813,,
2021-12-16,2021-12-16T00:00:00Z,457951,,
2021-12-17,2021-12-17T00:00:00Z,451694,,
2021-12-18,2021-12-18T00:00:00Z,426190,,
2021-12-19,2021-12-19T00:00:00Z,424158,,
2021-12-20,2021-12-20T00:00:00Z,445068,,
2021-12-21,2021-12-21T00:00:00Z,429843,,
2021-12-22,2021-12-22T00:00:00Z,479902,,
2021-12-23,2021-12-23T00:00:00Z,449235,,
2021-12-24,2021-12-24T00:00:00Z,487462,,
2021-12-25,2021-12-25T00:00:00Z,485474,,
2021-12-26,2021-12-26T00:00:00Z,449390,,
2021-12-27,2021-12-27T00:00:00Z,451921,,
2021-12-28,2021-12-28T00:00:00Z,441817,,
2021-12-29,2021-12-29T00:00:00Z,426445,,
2021-12-30,2021-12-30T00:00:00Z,456569,,
2021-12-31,2021-12-31T00:00:00Z,433840,,
2022-01-01,2022-01-01T00:00:00Z,445693,,
2022-01-02,2022-01-02T00:00:00Z,408074,,
2022-01-03,2022-01-03T00:00:00Z,436954,,
2022-01-04,2022-01-04T00:00:00Z,447601,,
2022-01-05,2022-01-05T00:00:00Z,451066,,
2022-01-06,2022-01-06T00:00:00Z,451463,,
2022-01-07,2022-01-07T00:00:00Z,441278,,
2022-01-08,2022-01-08T00:00:00Z,442188,,
2022-01-09,2022-01-09T00:00:00Z,399915,,
2022-01-10,2022-01-10T00:00:00Z,391357,,
2022-01-11,2022-01-11T00:00:00Z,439710,,
2022-01-12,2022-01-12T00:00:00Z,485943,,
2022-01-13,2022-01-13T00:00:00Z,487158,,
2022-01-14,2022-01-14T00:00:00Z,453317,,
2022-01-15,2022-01-15T00:00:00Z,461954,,
2022-01-16,2022-01-16T00:00:00Z,451493,,
2022-01-17,2022-01-17T00:00:00Z,448598,,
2022-01-18,2022-01-18T00:00:00Z,442602,,
2022-01-19,2022-01-19T00:00:00Z,450421,,
2022-01-20,2022-01-20T00:00:00Z,444347,,
2022-01-21,2022-01-21T00:00:00Z,412344,,
2022-01-22,2022-01-22T00:00:00Z,430019,,
2022-01-23,2022-01-23T00:00:00Z,408553,,
2022-01-24,2022-01-24T00:00:00Z,409641,,
2022-01-25,2022-01-25T00:00:00Z,423479,,
2022-01-26,2022-01-26T00:00:00Z,416458,,
2022-01-27,2022-01-27T00:00:00Z,405244,,
2022-01-28,2022-01-28T00:00:00Z,426642,,
2022-01-29,2022-01-29T00:00:00Z,424237,,
2022-01-30,2022-01-30T00:00:00Z,439446,,
2022-01-31,2022-01-31T00:00:00Z,457395,,
2022-02-01,2022-02-01T00:00:00Z,453030,,
2022-02-02,2022-02-02T00:00:00Z,439575,,
2022-02-03,2022-02-03T00:00:00Z,425868,,
2022-02-04,2022-02-04T00:00:00Z,462383,,
2022-02-05,2022-02-05T00:00:00Z,492589,,
2022-02-06,2022-02-06T00:00:00Z,484893,,
2022-02-07,2022-02-07T00:00:00Z,473624,,
2022-02-08,2022-02-08T00:00:00Z,464209,,
2022-02-09,2022-02-09T00:00:00Z,471743,,
2022-02-10,2022-02-10T00:00:00Z,477194,,
2022-02-11,2022-02-11T00:00:00Z,483569,,
2022-02-12,2022-02-12T00:00:00Z,467509,,
2022-02-13,2022-02-13T00:00:00Z,484429,,
2022-02-14,2022-02-14T00:00:00Z,475777,,
2022-02-15,2022-02-15T00:00:00Z,465802,,
2022-02-16,2022-02-16T00:00:00Z,441492,,
2022-02-17,2022-02-17T00:00:00Z,439635,,
2022-02-18,2022-02-18T00:00:00Z,403831,,
2022-02-19,2022-02-19T00:00:00Z,431880,,
2022-02-20,2022-02-20T00:00:00Z,443858,,
2022-02-21,2022-02-21T00:00:00Z,413515,,
2022-02-22,2022-02-22T00:00:00Z,422165,,
2022-02-23,2022-02-23T00:00:00Z,437654,,
2022-02-24,2022-02-24T00:00:00Z,444278,,
2022-02-25,2022-02-25T00:00:00Z,458807,,
2022-02-26,2022-02-26T00:00:00Z,488828,,
2022-02-27,2022-02-27T00:00:00Z,455581,,
2022-02-28,2022-02-28T00:00:00Z,432237,,
2022-03-01,2022-03-01T00:00:00Z,458119,,
2022-03-02,2022-03-02T00:00:00Z,481339,,
2022-03-03,2022-03-03T00:00:00Z,472923,,
2022-03-04,2022-03-04T00:00:00Z,467199,,
2022-03-05,2022-03-05T00:00:00Z,445714,,
2022-03-06,2022-03-06T00:00:00Z,462086,,
2022-03-07,2022-03-07T00:00:00Z,464909,,
2022-03-08,2022-03-08T00:00:00Z,530440,,
2022-03-09,2022-03-09T00:00:00Z,509684,,
2022-03-10,2022-03-10T00:00:00Z,585559,,
2022-03-11,2022-03-11T00:00:00Z,465751,,
2022-03-12,2022-03-12T00:00:00Z,476708,,
2022-03-13,2022-03-13T00:00:00Z,436983,,
2022-03-14,2022-03-14T00:00:00Z,442761,,
2022-03-15,2022-03-15T00:00:00Z,513927,,
2022-03-16,2022-03-16T00:00:00Z,568803,,
2022-03-17,2022-03-17T00:00:00Z,449313,,
2022-03-18,2022-03-18T00:00:00Z,572343,,
2022-03-19,2022-03-19T00:00:00Z,476067,,
2022-03-20,2022-03-20T00:00:00Z,467959,,
2022-03-21,2022-03-21T00:00:00Z,502617,,
2022-03-22,2022-03-22T00:00:00Z,539368,,
2022-03-23,2022-03-23T00:00:00Z,487992,,
2022-03-24,2022-03-24T00:00:00Z,462040,,
2022-03-25,2022-03-25T00:00:00Z,458832,,
2022-03-26,2022-03-26T00:00:00Z,472870,,
2022-03-27,2022-03-27T00:00:00Z,456591,,
2022-03-28,2022-03-28T00:00:00Z,462126,,
2022-03-29,2022-03-29T00:00:00Z,463973,,
2022-03-30,2022-03-30T00:00:00Z,448228,,
2022-03-31,2022-03-31T00:00:00Z,451879,,
2022-04-01,2022-04-01T00:00:00Z,433606,,
2022-04-02,2022-04-02T00:00:00Z,408567,,
2022-04-03,2022-04-03T00:00:00Z,401521,,
2022-04-04,2022-04-04T00:00:00Z,390599,,
2022-04-05,2022-04-05T00:00:00Z,407264,,
2022-04-06,2022-04-06T00:00:00Z,417644,,
2022-04-07,2022-04-07T00:00:00Z,412183,,
2022-04-08,2022-04-08T00:00:00Z,409626,,
2022-04-09,2022-04-09T00:00:00Z,434921,,
2022-04-10,2022-04-10T00:00:00Z,436354,,
2022-04-11,2022-04-11T00:00:00Z,424430,,
2022-04-12,2022-04-12T00:00:00Z,409144,,
2022-04-13,2022-04-13T00:00:00Z,390151,,
2022-04-14,2022-04-14T00:00:00Z,435674,,
2022-04-15,2022-04-15T00:00:00Z,427343,,
2022-04-16,2022-04-16T00:00:00Z,427713,,
2022-04-17,2022-04-17T00:00:00Z,409643,,
2022-04-18,2022-04-18T00:00:00Z,427589,,
2022-04-19,2022-04-19T00:00:00Z,523416,,
2022-04-20,2022-04-20T00:00:00Z,532049,,
2022-04-21,2022-04-21T00:00:00Z,416937,,
2022-04-22,2022-04-22T00:00:00Z,441658,,
2022-04-23,2022-04-23T00:00:00Z,419813,,
2022-04-24,2022-04-24T00:00:00Z,442562,,
2022-04-25,2022-04-25T00:00:00Z,436222,,
2022-04-26,2022-04-26T00:00:00Z,435900,,
2022-04-27,2022-04-27T00:00:00Z,441108,,
2022-04-28,2022-04-28T00:00:00Z,441855,,
2022-04-29,2022-04-29T00:00:00Z,432794,,
2022-04-30,2022-04-30T00:00:00Z,445007,,
2022-05-01,2022-05-01T00:00:00Z,393651,,
2022-05-02,2022-05-02T00:00:00Z,384647,,
2022-05-03,2022-05-03T00:00:00Z,382416,,
2022-05-04,2022-05-04T00:00:00Z,422911,,
2022-05-05,2022-05-05T00:00:00Z,459615,,
2022-05-06,2022-05-06T00:00:00Z,427690,,
2022-05-07,2022-05-07T00:00:00Z,420340,,
2022-05-08,2022-05-08T00:00:00Z,438877,,
2022-05-09,2022-05-09T00:00:00Z,432109,,
2022-05-10,2022-05-10T00:00:00Z,446278,,
2022-05-11,2022-05-11T00:00:00Z,383066,,
2022-05-12,2022-05-12T00:00:00Z,506076,,
2022-05-13,2022-05-13T00:00:00Z,542764,,
2022-05-14,2022-05-14T00:00:00Z,429929,,
2022-05-15,2022-05-15T00:00:00Z,425391,,
2022-05-16,2022-05-16T00:00:00Z,447562,,
2022-05-17,2022-05-17T00:00:00Z,432373,,
2022-05-18,2022-05-18T00:00:00Z,491125,,
2022-05-19,2022-05-19T00:00:00Z,427112,,
2022-05-20,2022-05-20T00:00:00Z,413044,,
2022-05-21,2022-05-21T00:00:00Z,426501,,
2022-05-22,2022-05-22T00:00:00Z,406342,,
2022-05-23,2022-05-23T00:00:00Z,404760,,
2022-05-24,2022-05-24T00:00:00Z,418923,,
2022-05-25,2022-05-25T00:00:00Z,396346,,
2022-05-26,2022-05-26T00:00:00Z,366140,,
2022-05-27,2022-05-27T00:00:00Z,382304,,
2022-05-28,2022-05-28T00:00:00Z,423620,,
2022-05-29,2022-05-29T00:00:00Z,410791,,
2022-05-30,2022-05-30T00:00:00Z,358750,,
2022-05-31,2022-05-31T00:00:00Z,423190,,
2022-06-01,2022-06-01T00:00:00Z,387238,,
2022-06-02,2022-06-02T00:00:00Z,359033,,
2022-06-03,2022-06-03T00:00:00Z,363607,,
2022-06-04,2022-06-04T00:00:00Z,345575,,
2022-06-05,2022-06-05T00:00:00Z,348089,,
2022-06-06,2022-06-06T00:00:00Z,373135,,
2022-06-07,2022-06-07T00:00:00Z,362587,,
2022-06-08,2022-06-08T00:00:00Z,340987,,
2022-06-09,2022-06-09T00:00:00Z,358446,,
2022-06-10,2022-06-10T00:00:00Z,393216,,
2022-06-11,2022-06-11T00:00:00Z,387202,,
2022-06-12,2022-06-12T00:00:00Z,361828,,
2022-06-13,2022-06-13T00:00:00Z,358589,,
2022-06-14,2022-06-14T00:00:00Z,366382,,
2022-06-15,2022-06-15T00:00:00Z,358249,,
2022-06-16,2022-06-16T00:00:00Z,388312,,
2022-06-17,2022-06-17T00:00:00Z,409349,,
2022-06-18,2022-06-18T00:00:00Z,365020,,
2022-06-19,2022-06-19T00:00:00Z,361827,,
2022-06-20,2022-06-20T00:00:00Z,368724,,
2022-06-21,2022-06-21T00:00:00Z,352216,,
2022-06-22,2022-06-22T00:00:00Z,354899,,
2022-06-23,2022-06-23T00:00:00Z,339758,,
2022-06-24,2022-06-24T00:00:00Z,362909,,
2022-06-25,2022-06-25T00:00:00Z,318131,,
2022-06-26,2022-06-26T00:00:00Z,299047,,
2022-06-27,2022-06-27T00:00:00Z,352743,,
2022-06-28,2022-06-28T00:00:00Z,334109,,
2022-06-29,2022-06-29T00:00:00Z,329495,,
2022-06-30,2022-06-30T00:00:00Z,341620,,
2022-07-01,2022-07-01T00:00:00Z,397891,,
2022-07-02,2022-07-02T00:00:00Z,415168,,
2022-07-03,2022-07-03T00:00:00Z,383898,,
2022-07-04,2022-07-04T00:00:00Z,383813,,
2022-07-05,2022-07-05T00:00:00Z,383532,,
2022-07-06,2022-07-06T00:00:00Z,390710,,
2022-07-07,2022-07-07T00:00:00Z,405192,,
2022-07-08,2022-07-08T00:00:00Z,393462,,
2022-07-09,2022-07-09T00:00:00Z,395313,,
2022-07-10,2022-07-10T00:00:00Z,403334,,
2022-07-11,2022-07-11T00:00:00Z,370388,,
2022-07-12,2022-07-12T00:00:00Z,378881,,
2022-07-13,2022-07-13T00:00:00Z,410900,,
2022-07-14,2022-07-14T00:00:00Z,435683,,
2022-07-15,2022-07-15T00:00:00Z,464609,,
2022-07-16,2022-07-16T00:00:00Z,504701,,
2022-07-17,2022-07-17T00:00:00Z,469554,,
2022-07-18,2022-07-18T00:00:00Z,417734,,
2022-07-19,2022-07-19T00:00:00Z,402929,,
2022-07-20,2022-07-20T00:00:00Z,415997,,
2022-07-21,2022-07-21T00:00:00Z,433788,,
2022-07-22,2022-07-22T00:00:00Z,453845,,
2022-07-23,2022-07-23T00:00:00Z,413913,,
2022-07-24,2022-07-24T00:00:00Z,409415,,
2022-07-25,2022-07-25T00:00:00Z,528173,,
2022-07-26,2022-07-26T00:00:00Z,986987,,
2022-07-27,2022-07-27T00:00:00Z,442404,,
2022-07-28,2022-07-28T00:00:00Z,417022,,
2022-07-29,2022-07-29T00:00:00Z,448873,,
2022-07-30,2022-07-30T00:00:00Z,451582,,
2022-07-31,2022-07-31T00:00:00Z,448928,,
2022-08-01,2022-08-01T00:00:00Z,586409,,
2022-08-02,2022-08-02T00:00:00Z,460019,,
2022-08-03,2022-08-03T00:00:00Z,489169,,
2022-08-04,2022-08-04T00:00:00Z,748362,,
2022-08-05,2022-08-05T00:00:00Z,469842,,
2022-08-06,2022-08-06T00:00:00Z,470750,,
2022-08-07,2022-08-07T00:00:00Z,468669,,
2022-08-08,2022-08-08T00:00:00Z,424995,,
2022-08-09,2022-08-09T00:00:00Z,405176,,
2022-08-10,2022-08-10T00:00:00Z,412026,,
2022-08-11,2022-08-11T00:00:00Z,384462,,
2022-08-12,2022-08-12T00:00:00Z,417568,,
2022-08-13,2022-08-13T00:00:00Z,419488,,
2022-08-14,2022-08-14T00:00:00Z,404154,,
2022-08-15,2022-08-15T00:00:00Z,385399,,
2022-08-16,2022-08-16T00:00:00Z,418149,,
2022-08-17,2022-08-17T00:00:00Z,424500,,
2022-08-18,2022-08-18T00:00:00Z,433661,,
2022-08-19,2022-08-19T00:00:00Z,391707,,
2022-08-20,2022-08-20T00:00:00Z,387801,,
2022-08-21,2022-08-21T00:00:00Z,411294,,
2022-08-22,2022-08-22T00:00:00Z,379642,,
2022-08-23,2022-08-23T00:00:00Z,383622,,
2022-08-24,2022-08-24T00:00:00Z,388797,,
2022-08-25,2022-08-25T00:00:00Z,401495,,
2022-08-26,2022-08-26T00:00:00Z,382764,,
2022-08-27,2022-08-27T00:00:00Z,391632,,
2022-08-28,2022-08-28T00:00:00Z,376274,,
2022-08-29,2022-08-29T00:00:00Z,370991,,
2022-08-30,2022-08-30T00:00:00Z,356474,,
2022-08-31,2022-08-31T00:00:00Z,358052,,
2022-09-01,2022-09-01T00:00:00Z,383627,,
2022-09-02,2022-09-02T00:00:00Z,404896,,
2022-09-03,2022-09-03T00:00:00Z,424852,,
2022-09-04,2022-09-04T00:00:00Z,486421,,
2022-09-05,2022-09-05T00:00:00Z,421169,,
2022-09-06,2022-09-06T00:00:00Z,395391,,
2022-09-07,2022-09-07T00:00:00Z,372497,,
2022-09-08,2022-09-08T00:00:00Z,397767,,
2022-09-09,2022-09-09T00:00:00Z,411457,,
2022-09-10,2022-09-10T00:00:00Z,388765,,
2022-09-11,2022-09-11T00:00:00Z,382072,,
2022-09-12,2022-09-12T00:00:00Z,374782,,
2022-09-13,2022-09-13T00:00:00Z,402019,,
2022-09-14,2022-09-14T00:00:00Z,424394,,
2022-09-15,2022-09-15T00:00:00Z,455739,,
2022-09-16,2022-09-16T00:00:00Z,478941,,
2022-09-17,2022-09-17T00:00:00Z,599257,,
2022-09-18,2022-09-18T00:00:00Z,428207,,
2022-09-19,2022-09-19T00:00:00Z,405305,,
2022-09-20,2022-09-20T00:00:00Z,404301,,
2022-09-21,2022-09-21T00:00:00Z,392450,,
2022-09-22,2022-09-22T00:00:00Z,407836,,
2022-09-23,2022-09-23T00:00:00Z,427542,,
2022-09-24,2022-09-24T00:00:00Z,457197,,
2022-09-25,2022-09-25T00:00:00Z,414554,,
2022-09-26,2022-09-26T00:00:00Z,423919,,
2022-09-27,2022-09-27T00:00:00Z,481408,,
2022-09-28,2022-09-28T00:00:00Z,387868,,
2022-09-29,2022-09-29T00:00:00Z,408542,,
2022-09-30,2022-09-30T00:00:00Z,405072,,
2022-10-01,2022-10-01T00:00:00Z,396483,,
2022-10-02,2022-10-02T00:00:00Z,392639,,
2022-10-03,2022-10-03T00:00:00Z,370172,,
2022-10-04,2022-10-04T00:00:00Z,388198,,
2022-10-05,2022-10-05T00:00:00Z,402294,,
2022-10-06,2022-10-06T00:00:00Z,453704,,
2022-10-07,2022-10-07T00:00:00Z,441866,,
2022-10-08,2022-10-08T00:00:00Z,472898,,
2022-10-09,2022-10-09T00:00:00Z,499579,,
2022-10-10,2022-10-10T00:00:00Z,510637,,
2022-10-11,2022-10-11T00:00:00Z,492686,,
2022-10-12,2022-10-12T00:00:00Z,468031,,
2022-10-13,2022-10-13T00:00:00Z,422707,,
2022-10-14,2022-10-14T00:00:00Z,427273,,
2022-10-15,2022-10-15T00:00:00Z,474642,,
2022-10-16,2022-10-16T00:00:00Z,424486,,
2022-10-17,2022-10-17T00:00:00Z,389795,,
2022-10-18,2022-10-18T00:00:00Z,361543,,
2022-10-19,2022-10-19T00:00:00Z,384253,,
2022-10-20,2022-10-20T00:00:00Z,411140,,
2022-10-21,2022-10-21T00:00:00Z,405723,,
2022-10-22,2022-10-22T00:00:00Z,431941,,
2022-10-23,2022-10-23T00:00:00Z,407752,,
2022-10-24,2022-10-24T00:00:00Z,428142,,
2022-10-25,2022-10-25T00:00:00Z,402553,,
2022-10-26,2022-10-26T00:00:00Z,419810,,
2022-10-27,2022-10-27T00:00:00Z,430785,,
2022-10-28,2022-10-28T00:00:00Z,384920,,
2022-10-29,2022-10-29T00:00:00Z,397273,,
2022-10-30,2022-10-30T00:00:00Z,407867,,
2022-10-31,2022-10-31T00:00:00Z,393139,,
2022-11-01,2022-11-01T00:00:00Z,416200,,
2022-11-02,2022-11-02T00:00:00Z,415671,,
2022-11-03,2022-11-03T00:00:00Z,430670,,
2022-11-04,2022-11-04T00:00:00Z,404026,,
2022-11-05,2022-11-05T00:00:00Z,450087,,
2022-11-06,2022-11-06T00:00:00Z,404183,,
2022-11-07,2022-11-07T00:00:00Z,412738,,
2022-11-08,2022-11-08T00:00:00Z,385674,,
2022-11-09,2022-11-09T00:00:00Z,398572,,
2022-11-10,2022-11-10T00:00:00Z,393848,,
2022-11-11,2022-11-11T00:00:00Z,403167,,
2022-11-12,2022-11-12T00:00:00Z,451021,,
2022-11-13,2022-11-13T00:00:00Z,417688,,
2022-11-14,2022-11-14T00:00:00Z,437020,,
2022-11-15,2022-11-15T00:00:00Z,470222,,
2022-11-16,2022-11-16T00:00:00Z,464000,,
2022-11-17,2022-11-17T00:00:00Z,473411,,
2022-11-18,2022-11-18T00:00:00Z,480291,,
2022-11-19,2022-11-19T00:00:00Z,461484,,
2022-11-20,2022-11-20T00:00:00Z,435426,,
2022-11-21,2022-11-21T00:00:00Z,418096,,
2022-11-22,2022-11-22T00:00:00Z,411020,,
2022-11-23,2022-11-23T00:00:00Z,444755,,
2022-11-24,2022-11-24T00:00:00Z,523977,,
2022-11-25,2022-11-25T00:00:00Z,547889,,
2022-11-26,2022-11-26T00:00:00Z,528436,,
2022-11-27,2022-11-27T00:00:00Z,514880,,
2022-11-28,2022-11-28T00:00:00Z,534229,,
2022-11-29,2022-11-29T00:00:00Z,490867,,
2022-11-30,2022-11-30T00:00:00Z,442945,,
2022-12-01,2022-12-01T00:00:00Z,437759,,
2022-12-02,2022-12-02T00:00:00Z,502409,,
2022-12-03,2022-12-03T00:00:00Z,522164,,
2022-12-04,2022-12-04T00:00:00Z,565485,,
2022-12-05,2022-12-05T00:00:00Z,470084,,
2022-12-06,2022-12-06T00:00:00Z,470335,,
2022-12-07,2022-12-07T00:00:00Z,436546,,
2022-12-08,2022-12-08T00:00:00Z,456221,,
2022-12-09,2022-12-09T00:00:00Z,1436039,,
2022-12-10,2022-12-10T00:00:00Z,662226,,
2022-12-11,2022-12-11T00:00:00Z,639671,,
2022-12-12,2022-12-12T00:00:00Z,596901,,
2022-12-13,2022-12-13T00:00:00Z,464882,,
2022-12-14,2022-12-14T00:00:00Z,481056,,
2022-12-15,2022-12-15T00:00:00Z,461336,,
2022-12-16,2022-12-16T00:00:00Z,477688,,
2022-12-17,2022-12-17T00:00:00Z,460270,,
2022-12-18,2022-12-18T00:00:00Z,453185,,
2022-12-19,2022-12-19T00:00:00Z,440705,,
2022-12-20,2022-12-20T00:00:00Z,394454,,
2022-12-21,2022-12-21T00:00:00Z,472342,,
2022-12-22,2022-12-22T00:00:00Z,452820,,
2022-12-23,2022-12-23T00:00:00Z,454992,,
2022-12-24,2022-12-24T00:00:00Z,535932,,
2022-12-25,2022-12-25T00:00:00Z,512591,,
2022-12-26,2022-12-26T00:00:00Z,467574,,
2022-12-27,2022-12-27T00:00:00Z,439218,,
2022-12-28,2022-12-28T00:00:00Z,439478,,
2022-12-29,2022-12-29T00:00:00Z,432875,,
2022-12-30,2022-12-30T00:00:00Z,462083,,
2022-12-31,2022-12-31T00:00:00Z,460679,,
2023-01-01,2023-01-01T00:00:00Z,465741,,
2023-01-02,2023-01-02T00:00:00Z,410707,,
2023-01-03,2023-01-03T00:00:00Z,409971,,
2023-01-04,2023-01-04T00:00:00Z,434017,,
2023-01-05,2023-01-05T00:00:00Z,554952,,
2023-01-06,2023-01-06T00:00:00Z,428246,,
2023-01-07,2023-01-07T00:00:00Z,507020,,
2023-01-08,2023-01-08T00:00:00Z,718817,,
2023-01-09,2023-01-09T00:00:00Z,482330,,
2023-01-10,2023-01-10T00:00:00Z,449324,,
2023-01-11,2023-01-11T00:00:00Z,435552,,
2023-01-12,2023-01-12T00:00:00Z,443802,,
2023-01-13,2023-01-13T00:00:00Z,435230,,
2023-01-14,2023-01-14T00:00:00Z,464223,,
2023-01-15,2023-01-15T00:00:00Z,455790,,
2023-01-16,2023-01-16T00:00:00Z,438728,,
2023-01-17,2023-01-17T00:00:00Z,414697,,
2023-01-18,2023-01-18T00:00:00Z,477955,,
2023-01-19,2023-01-19T00:00:00Z,428350,,
2023-01-20,2023-01-20T00:00:00Z,445473,,
2023-01-21,2023-01-21T00:00:00Z,475637,,
2023-01-22,2023-01-22T00:00:00Z,471585,,
2023-01-23,2023-01-23T00:00:00Z,438045,,
2023-01-24,2023-01-24T00:00:00Z,416471,,
2023-01-25,2023-01-25T00:00:00Z,424715,,
2023-01-26,2023-01-26T00:00:00Z,430515,,
2023-01-27,2023-01-27T00:00:00Z,473169,,
2023-01-28,2023-01-28T00:00:00Z,452844,,
2023-01-29,2023-01-29T00:00:00Z,441636,,
2023-01-30,2023-01-30T00:00:00Z,449237,,
2023-01-31,2023-01-31T00:00:00Z,446569,,
2023-02-01,2023-02-01T00:00:00Z,436083,,
2023-02-02,2023-02-02T00:00:00Z,417962,,
2023-02-03,2023-02-03T00:00:00Z,381308,,
2023-02-04,2023-02-04T00:00:00Z,414768,,
2023-02-05,2023-02-05T00:00:00Z,445300,,
2023-02-06,2023-02-06T00:00:00Z,407932,,
2023-02-07,2023-02-07T00:00:00Z,394057,,
2023-02-08,2023-02-08T00:00:00Z,404322,,
2023-02-09,2023-02-09T00:00:00Z,397661,,
2023-02-10,2023-02-10T00:00:00Z,404887,,
2023-02-11,2023-02-11T00:00:00Z,428984,,
2023-02-12,2023-02-12T00:00:00Z,418957,,
2023-02-13,2023-02-13T00:00:00Z,419015,,
2023-02-14,2023-02-14T00:00:00Z,463233,,
2023-02-15,2023-02-15T00:00:00Z,404925,,
2023-02-16,2023-02-16T00:00:00Z,402937,,
2023-02-17,2023-02-17T00:00:00Z,400234,,
2023-02-18,2023-02-18T00:00:00Z,390802,,
2023-02-19,2023-02-19T00:00:00Z,382375,,
2023-02-20,2023-02-20T00:00:00Z,394286,,
2023-02-21,2023-02-21T00:00:00Z,414549,,
2023-02-22,2023-02-22T00:00:00Z,408492,,
2023-02-23,2023-02-23T00:00:00Z,443547,,
2023-02-24,2023-02-24T00:00:00Z,478895,,
2023-02-25,2023-02-25T00:00:00Z,497810,,
2023-02-26,2023-02-26T00:00:00Z,492239,,
2023-02-27,2023-02-27T00:00:00Z,453531,,
2023-02-28,2023-02-28T00:00:00Z,406507,,
2023-03-01,2023-03-01T00:00:00Z,400104,,
2023-03-02,2023-03-02T00:00:00Z,441469,,
2023-03-03,2023-03-03T00:00:00Z,412664,,
2023-03-04,2023-03-04T00:00:00Z,399922,,
2023-03-05,2023-03-05T00:00:00Z,366645,,
2023-03-06,2023-03-06T00:00:00Z,389835,,
2023-03-07,2023-03-07T00:00:00Z,376432,,
2023-03-08,2023-03-08T00:00:00Z,379877,,
2023-03-09,2023-03-09T00:00:00Z,387215,,
2023-03-10,2023-03-10T00:00:00Z,387109,,
2023-03-11,2023-03-11T00:00:00Z,340722,,
2023-03-12,2023-03-12T00:00:00Z,411678,,
2023-03-13,2023-03-13T00:00:00Z,508366,,
2023-03-14,2023-03-14T00:00:00Z,430308,,
2023-03-15,2023-03-15T00:00:00Z,420459,,
2023-03-16,2023-03-16T00:00:00Z,398050,,
2023-03-17,2023-03-17T00:00:00Z,427377,,
2023-03-18,2023-03-18T00:00:00Z,433721,,
2023-03-19,2023-03-19T00:00:00Z,416230,,
2023-03-20,2023-03-20T00:00:00Z,447829,,
2023-03-21,2023-03-21T00:00:00Z,431658,,
2023-03-22,2023-03-22T00:00:00Z,432206,,
2023-03-23,2023-03-23T00:00:00Z,427053,,
2023-03-24,2023-03-24T00:00:00Z,401085,,
2023-03-25,2023-03-25T00:00:00Z,413946,,
2023-03-26,2023-03-26T00:00:00Z,398367,,
2023-03-27,2023-03-27T00:00:00Z,393986,,
2023-03-28,2023-03-28T00:00:00Z,448587,,
2023-03-29,2023-03-29T00:00:00Z,484846,,
2023-03-30,2023-03-30T00:00:00Z,471374,,
2023-03-31,2023-03-31T00:00:00Z,464261,,
2023-04-01,2023-04-01T00:00:00Z,421617,,
2023-04-02,2023-04-02T00:00:00Z,432865,,
2023-04-03,2023-04-03T00:00:00Z,414270,,
2023-04-04,2023-04-04T00:00:00Z,423213,,
2023-04-05,2023-04-05T00:00:00Z,435968,,
2023-04-06,2023-04-06T00:00:00Z,407781,,
2023-04-07,2023-04-07T00:00:00Z,452829,,
2023-04-08,2023-04-08T00:00:00Z,434991,,
2023-04-09,2023-04-09T00:00:00Z,443431,,
2023-04-10,2023-04-10T00:00:00Z,469794,,
2023-04-11,2023-04-11T00:00:00Z,458779,,
2023-04-12,2023-04-12T00:00:00Z,445867,,
2023-04-13,2023-04-13T00:00:00Z,489708,,
2023-04-14,2023-04-14T00:00:00Z,507202,,
2023-04-15,2023-04-15T00:00:00Z,578494,,
2023-04-16,2023-04-16T00:00:00Z,487740,,
2023-04-17,2023-04-17T00:00:00Z,373876,,
2023-04-18,2023-04-18T00:00:00Z,356442,,
2023-04-19,2023-04-19T00:00:00Z,323059,,
2023-04-20,2023-04-20T00:00:00Z,352033,,
2023-04-21,2023-04-21T00:00:00Z,412321,,
2023-04-22,2023-04-22T00:00:00Z,408107,,
2023-04-23,2023-04-23T00:00:00Z,389261,,
2023-04-24,2023-04-24T00:00:00Z,390537,,
2023-04-25,2023-04-25T00:00:00Z,418918,,
2023-04-26,2023-04-26T00:00:00Z,414082,,
2023-04-27,2023-04-27T00:00:00Z,429279,,
2023-04-28,2023-04-28T00:00:00Z,412385,,
2023-04-29,2023-04-29T00:00:00Z,450038,,
2023-04-30,2023-04-30T00:00:00Z,379565,,
2023-05-01,2023-05-01T00:00:00Z,318623,,
2023-05-02,2023-05-02T00:00:00Z,344846,,
2023-05-03,2023-05-03T00:00:00Z,375659,,
2023-05-04,2023-05-04T00:00:00Z,363528,,
2023-05-05,2023-05-05T00:00:00Z,384950,,
2023-05-06,2023-05-06T00:00:00Z,318654,,
2023-05-07,2023-05-07T00:00:00Z,333396,,
2023-05-08,2023-05-08T00:00:00Z,361558,,
2023-05-09,2023-05-09T00:00:00Z,371705,,
2023-05-10,2023-05-10T00:00:00Z,342457,,
2023-05-11,2023-05-11T00:00:00Z,326458,,
2023-05-12,2023-05-12T00:00:00Z,382396,,
2023-05-13,2023-05-13T00:00:00Z,427957,,
2023-05-14,2023-05-14T00:00:00Z,449021,,
2023-05-15,2023-05-15T00:00:00Z,397257,,
2023-05-16,2023-05-16T00:00:00Z,356724,,
2023-05-17,2023-05-17T00:00:00Z,372717,,
2023-05-18,2023-05-18T00:00:00Z,387270,,
2023-05-19,2023-05-19T00:00:00Z,378978,,
2023-05-20,2023-05-20T00:00:00Z,492743,,
2023-05-21,2023-05-21T00:00:00Z,437306,,
2023-05-22,2023-05-22T00:00:00Z,366685,,
2023-05-23,2023-05-23T00:00:00Z,368089,,
2023-05-24,2023-05-24T00:00:00Z,377287,,
2023-05-25,2023-05-25T00:00:00Z,376269,,
2023-05-26,2023-05-26T00:00:00Z,385128,,
2023-05-27,2023-05-27T00:00:00Z,415189,,
2023-05-28,2023-05-28T00:00:00Z,357534,,
2023-05-29,2023-05-29T00:00:00Z,372182,,
2023-05-30,2023-05-30T00:00:00Z,416031,,
2023-05-31,2023-05-31T00:00:00Z,414670,,
2023-06-01,2023-06-01T00:00:00Z,368670,,
2023-06-02,2023-06-02T00:00:00Z,447644,,
2023-06-03,2023-06-03T00:00:00Z,444350,,
2023-06-04,2023-06-04T00:00:00Z,427171,,
2023-06-05,2023-06-05T00:00:00Z,471488,,
2023-06-06,2023-06-06T00:00:00Z,435507,,
2023-06-07,2023-06-07T00:00:00Z,452355,,
2023-06-08,2023-06-08T00:00:00Z,423481,,
2023-06-09,2023-06-09T00:00:00Z,445075,,
2023-06-10,2023-06-10T00:00:00Z,530786,,
2023-06-11,2023-06-11T00:00:00Z,645263,,
2023-06-12,2023-06-12T00:00:00Z,446193,,
2023-06-13,2023-06-13T00:00:00Z,447945,,
2023-06-14,2023-06-14T00:00:00Z,442577,,
2023-06-15,2023-06-15T00:00:00Z,471127,,
2023-06-16,2023-06-16T00:00:00Z,479163,,
2023-06-17,2023-06-17T00:00:00Z,484287,,
2023-06-18,2023-06-18T00:00:00Z,524724,,
2023-06-19,2023-06-19T00:00:00Z,492229,,
2023-06-20,2023-06-20T00:00:00Z,427816,,
2023-06-21,2023-06-21T00:00:00Z,442561,,
2023-06-22,2023-06-22T00:00:00Z,423039,,
2023-06-23,2023-06-23T00:00:00Z,458463,,
2023-06-24,2023-06-24T00:00:00Z,466686,,
2023-06-25,2023-06-25T00:00:00Z,471222,,
2023-06-26,2023-06-26T00:00:00Z,449634,,
2023-06-27,2023-06-27T00:00:00Z,411104,,
2023-06-28,2023-06-28T00:00:00Z,406219,,
2023-06-29,2023-06-29T00:00:00Z,343811,,
2023-06-30,2023-06-30T00:00:00Z,415491,,
2023-07-01,2023-07-01T00:00:00Z,416584,,
2023-07-02,2023-07-02T00:00:00Z,408359,,
2023-07-03,2023-07-03T00:00:00Z,402348,,
2023-07-04,2023-07-04T00:00:00Z,370340,,
2023-07-05,2023-07-05T00:00:00Z,251949,,
2023-07-06,2023-07-06T00:00:00Z,289819,,
2023-07-07,2023-07-07T00:00:00Z,334036,,
2023-07-08,2023-07-08T00:00:00Z,362748,,
2023-07-09,2023-07-09T00:00:00Z,360236,,
2023-07-10,2023-07-10T00:00:00Z,410314,,
2023-07-11,2023-07-11T00:00:00Z,404744,,
2023-07-12,2023-07-12T00:00:00Z,360732,,
2023-07-13,2023-07-13T00:00:00Z,369605,,
2023-07-14,2023-07-14T00:00:00Z,417602,,
2023-07-15,2023-07-15T00:00:00Z,404787,,
2023-07-16,2023-07-16T00:00:00Z,379511,,
2023-07-17,2023-07-17T00:00:00Z,355615,,
2023-07-18,2023-07-18T00:00:00Z,413923,,
2023-07-19,2023-07-19T00:00:00Z,387441,,
2023-07-20,2023-07-20T00:00:00Z,343543,,
2023-07-21,2023-07-21T00:00:00Z,366358,,
2023-07-22,2023-07-22T00:00:00Z,357361,,
2023-07-23,2023-07-23T00:00:00Z,354754,,
2023-07-24,2023-07-24T00:00:00Z,338681,,
2023-07-25,2023-07-25T00:00:00Z,313391,,
2023-07-26,2023-07-26T00:00:00Z,346582,,
2023-07-27,2023-07-27T00:00:00Z,330787,,
2023-07-28,2023-07-28T00:00:00Z,340901,,
2023-07-29,2023-07-29T00:00:00Z,372252,,
2023-07-30,2023-07-30T00:00:00Z,375738,,
2023-07-31,2023-07-31T00:00:00Z,447617,,
2023-08-01,2023-08-01T00:00:00Z,347210,,
2023-08-02,2023-08-02T00:00:00Z,361751,,
2023-08-03,2023-08-03T00:00:00Z,385714,,
2023-08-04,2023-08-04T00:00:00Z,408541,,
2023-08-05,2023-08-05T00:00:00Z,385299,,
2023-08-06,2023-08-06T00:00:00Z,395472,,
2023-08-07,2023-08-07T00:00:00Z,353402,,
2023-08-08,2023-08-08T00:00:00Z,348084,,
2023-08-09,2023-08-09T00:00:00Z,401922,,
2023-08-10,2023-08-10T00:00:00Z,358760,,
2023-08-11,2023-08-11T00:00:00Z,388370,,
2023-08-12,2023-08-12T00:00:00Z,384060,,
2023-08-13,2023-08-13T00:00:00Z,391577,,
2023-08-14,2023-08-14T00:00:00Z,374343,,
2023-08-15,2023-08-15T00:00:00Z,370177,,
2023-08-16,2023-08-16T00:00:00Z,347192,,
2023-08-17,2023-08-17T00:00:00Z,358485,,
2023-08-18,2023-08-18T00:00:00Z,387620,,
2023-08-19,2023-08-19T00:00:00Z,445661,,
2023-08-20,2023-08-20T00:00:00Z,395097,,
2023-08-21,2023-08-21T00:00:00Z,341656,,
2023-08-22,2023-08-22T00:00:00Z,336344,,
2023-08-23,2023-08-23T00:00:00Z,350443,,
2023-08-24,2023-08-24T00:00:00Z,357461,,
2023-08-25,2023-08-25T00:00:00Z,340624,,
2023-08-26,2023-08-26T00:00:00Z,421482,,
2023-08-27,2023-08-27T00:00:00Z,429137,,
2023-08-28,2023-08-28T00:00:00Z,319519,,
2023-08-29,2023-08-29T00:00:00Z,336344,,
2023-08-30,2023-08-30T00:00:00Z,385653,,
2023-08-31,2023-08-31T00:00:00Z,373372,,
2023-09-01,2023-09-01T00:00:00Z,416546,,
2023-09-02,2023-09-02T00:00:00Z,508562,,
2023-09-03,2023-09-03T00:00:00Z,509982,,
2023-09-04,2023-09-04T00:00:00Z,350933,,
2023-09-05,2023-09-05T00:00:00Z,378367,,
2023-09-06,2023-09-06T00:00:00Z,399292,,
2023-09-07,2023-09-07T00:00:00Z,376903,,
2023-09-08,2023-09-08T00:00:00Z,380556,,
2023-09-09,2023-09-09T00:00:00Z,401815,,
2023-09-10,2023-09-10T00:00:00Z,410937,,
2023-09-11,2023-09-11T00:00:00Z,429436,,
2023-09-12,2023-09-12T00:00:00Z,510531,,
2023-09-13,2023-09-13T00:00:00Z,1073690,,
2023-09-14,2023-09-14T00:00:00Z,421210,,
2023-09-15,2023-09-15T00:00:00Z,382739,,
2023-09-16,2023-09-16T00:00:00Z,401699,,
2023-09-17,2023-09-17T00:00:00Z,411343,,
2023-09-18,2023-09-18T00:00:00Z,378339,,
2023-09-19,2023-09-19T00:00:00Z,377218,,
2023-09-20,2023-09-20T00:00:00Z,383803,,
2023-09-21,2023-09-21T00:00:00Z,525675,,
2023-09-22,2023-09-22T00:00:00Z,411234,,
2023-09-23,2023-09-23T00:00:00Z,458715,,
2023-09-24,2023-09-24T00:00:00Z,440475,,
2023-09-25,2023-09-25T00:00:00Z,390382,,
2023-09-26,2023-09-26T00:00:00Z,391877,,
2023-09-27,2023-09-27T00:00:00Z,398221,,
2023-09-28,2023-09-28T00:00:00Z,408997,,
2023-09-29,2023-09-29T00:00:00Z,414872,,
2023-09-30,2023-09-30T00:00:00Z,406821,,
2023-10-01,2023-10-01T00:00:00Z,412313,,
2023-10-02,2023-10-02T00:00:00Z,370558,,
2023-10-03,2023-10-03T00:00:00Z,385704,,
2023-10-04,2023-10-04T00:00:00Z,401522,,
2023-10-05,2023-10-05T00:00:00Z,408054,,
2023-10-06,2023-10-06T00:00:00Z,426431,,
2023-10-07,2023-10-07T00:00:00Z,447538,,
2023-10-08,2023-10-08T00:00:00Z,416147,,
2023-10-09,2023-10-09T00:00:00Z,392565,,
2023-10-10,2023-10-10T00:00:00Z,388227,,
2023-10-11,2023-10-11T00:00:00Z,414760,,
2023-10-12,2023-10-12T00:00:00Z,404810,,
2023-10-13,2023-10-13T00:00:00Z,405973,,
2023-10-14,2023-10-14T00:00:00Z,434777,,
2023-10-15,2023-10-15T00:00:00Z,443458,,
2023-10-16,2023-10-16T00:00:00Z,380836,,
2023-10-17,2023-10-17T00:00:00Z,402230,,
2023-10-18,2023-10-18T00:00:00Z,373840,,
2023-10-19,2023-10-19T00:00:00Z,364632,,
2023-10-20,2023-10-20T00:00:00Z,398017,,
2023-10-21,2023-10-21T00:00:00Z,396094,,
2023-10-22,2023-10-22T00:00:00Z,397336,,
2023-10-23,2023-10-23T00:00:00Z,369648,,
2023-10-24,2023-10-24T00:00:00Z,384615,,
2023-10-25,2023-10-25T00:00:00Z,374857,,
2023-10-26,2023-10-26T00:00:00Z,374590,,
2023-10-27,2023-10-27T00:00:00Z,359019,,
2023-10-28,2023-10-28T00:00:00Z,361669,,
2023-10-29,2023-10-29T00:00:00Z,370466,,
2023-10-30,2023-10-30T00:00:00Z,377513,,
2023-10-31,2023-10-31T00:00:00Z,365988,,
2023-11-01,2023-11-01T00:00:00Z,373564,,
2023-11-02,2023-11-02T00:00:00Z,356430,,
2023-11-03,2023-11-03T00:00:00Z,373821,,
2023-11-04,2023-11-04T00:00:00Z,352345,,
2023-11-05,2023-11-05T00:00:00Z,341649,,
2023-11-06,2023-11-06T00:00:00Z,346987,,
2023-11-07,2023-11-07T00:00:00Z,378451,,
2023-11-08,2023-11-08T00:00:00Z,356086,,
2023-11-09,2023-11-09T00:00:00Z,384579,,
2023-11-10,2023-11-10T00:00:00Z,421881,,
2023-11-11,2023-11-11T00:00:00Z,400081,,
2023-11-12,2023-11-12T00:00:00Z,370754,,
2023-11-13,2023-11-13T00:00:00Z,328872,,
2023-11-14,2023-11-14T00:00:00Z,336800,,
2023-11-15,2023-11-15T00:00:00Z,355274,,
2023-11-16,2023-11-16T00:00:00Z,372909,,
2023-11-17,2023-11-17T00:00:00Z,364829,,
2023-11-18,2023-11-18T00:00:00Z,357684,,
2023-11-19,2023-11-19T00:00:00Z,368484,,
2023-11-20,2023-11-20T00:00:00Z,395362,,
2023-11-21,2023-11-21T00:00:00Z,370212,,
2023-11-22,2023-11-22T00:00:00Z,384951,,
2023-11-23,2023-11-23T00:00:00Z,392098,,
2023-11-24,2023-11-24T00:00:00Z,383457,,
2023-11-25,2023-11-25T00:00:00Z,374078,,
2023-11-26,2023-11-26T00:00:00Z,368663,,
2023-11-27,2023-11-27T00:00:00Z,345283,,
2023-11-28,2023-11-28T00:00:00Z,352718,,
2023-11-29,2023-11-29T00:00:00Z,352631,,
2023-11-30,2023-11-30T00:00:00Z,367030,,
2023-12-01,2023-12-01T00:00:00Z,376152,,
2023-12-02,2023-12-02T00:00:00Z,370653,,
2023-12-03,2023-12-03T00:00:00Z,400311,,
2023-12-04,2023-12-04T00:00:00Z,410869,,
2023-12-05,2023-12-05T00:00:00Z,387729,,
2023-12-06,2023-12-06T00:00:00Z,379390,,
2023-12-07,2023-12-07T00:00:00Z,426907,,
2023-12-08,2023-12-08T00:00:00Z,427760,,
2023-12-09,2023-12-09T00:00:00Z,428299,,
2023-12-10,2023-12-10T00:00:00Z,437283,,
2023-12-11,2023-12-11T00:00:00Z,382223,,
2023-12-12,2023-12-12T00:00:00Z,368625,,
2023-12-13,2023-12-13T00:00:00Z,348157,,
2023-12-14,2023-12-14T00:00:00Z,382139,,
2023-12-15,2023-12-15T00:00:00Z,370727,,
2023-12-16,2023-12-16T00:00:00Z,342893,,
2023-12-17,2023-12-17T00:00:00Z,394227,,
2023-12-18,2023-12-18T00:00:00Z,382190,,
2023-12-19,2023-12-19T00:00:00Z,406875,,
2023-12-20,2023-12-20T00:00:00Z,463470,,
2023-12-21,2023-12-21T00:00:00Z,483385,,
2023-12-22,2023-12-22T00:00:00Z,474484,,
2023-12-23,2023-12-23T00:00:00Z,434073,,
2023-12-24,2023-12-24T00:00:00Z,448385,,
2023-12-25,2023-12-25T00:00:00Z,444846,,
2023-12-26,2023-12-26T00:00:00Z,423109,,
2023-12-27,2023-12-27T00:00:00Z,409618,,
2023-12-28,2023-12-28T00:00:00Z,449491,,
2023-12-29,2023-12-29T00:00:00Z,393413,,
2023-12-30,2023-12-30T00:00:00Z,430941,,
2023-12-31,2023-12-31T00:00:00Z,430119,,
2024-01-01,2024-01-01T00:00:00Z,483712,,
2024-01-02,2024-01-02T00:00:00Z,425202,,
2024-01-03,2024-01-03T00:00:00Z,381695,,
2024-01-04,2024-01-04T00:00:00Z,385933,,
2024-01-05,2024-01-05T00:00:00Z,394585,,
2024-01-06,2024-01-06T00:00:00Z,374998,,
2024-01-07,2024-01-07T00:00:00Z,430015,,
2024-01-08,2024-01-08T00:00:00Z,424711,,
2024-01-09,2024-01-09T00:00:00Z,428296,,
2024-01-10,2024-01-10T00:00:00Z,532004,,
2024-01-11,2024-01-11T00:00:00Z,502277,,
2024-01-12,2024-01-12T00:00:00Z,490516,,
2024-01-13,2024-01-13T00:00:00Z,406595,,
2024-01-14,2024-01-14T00:00:00Z,307428,,
2024-01-15,2024-01-15T00:00:00Z,418047,,
2024-01-16,2024-01-16T00:00:00Z,362560,,
2024-01-17,2024-01-17T00:00:00Z,366813,,
2024-01-18,2024-01-18T00:00:00Z,406411,,
2024-01-19,2024-01-19T00:00:00Z,434148,,
2024-01-20,2024-01-20T00:00:00Z,442109,,
2024-01-21,2024-01-21T00:00:00Z,451727,,
2024-01-22,2024-01-22T00:00:00Z,412660,,
2024-01-23,2024-01-23T00:00:00Z,432939,,
2024-01-24,2024-01-24T00:00:00Z,413852,,
2024-01-25,2024-01-25T00:00:00Z,451194,,
2024-01-26,2024-01-26T00:00:00Z,457818,,
2024-01-27,2024-01-27T00:00:00Z,511111,,
2024-01-28,2024-01-28T00:00:00Z,485293,,
2024-01-29,2024-01-29T00:00:00Z,464246,,
2024-01-30,2024-01-30T00:00:00Z,451788,,
2024-01-31,2024-01-31T00:00:00Z,422301,,
2024-02-01,2024-02-01T00:00:00Z,414966,,
2024-02-02,2024-02-02T00:00:00Z,426584,,
2024-02-03,2024-02-03T00:00:00Z,419293,,
2024-02-04,2024-02-04T00:00:00Z,461712,,
2024-02-05,2024-02-05T00:00:00Z,460995,,
2024-02-06,2024-02-06T00:00:00Z,405113,,
2024-02-07,2024-02-07T00:00:00Z,402207,,
2024-02-08,2024-02-08T00:00:00Z,360972,,
2024-02-09,2024-02-09T00:00:00Z,394927,,
2024-02-10,2024-02-10T00:00:00Z,395569,,
2024-02-11,2024-02-11T00:00:00Z,425821,,
2024-02-12,2024-02-12T00:00:00Z,421565,,
2024-02-13,2024-02-13T00:00:00Z,440266,,
2024-02-14,2024-02-14T00:00:00Z,463598,,
2024-02-15,2024-02-15T00:00:00Z,439500,,
2024-02-16,2024-02-16T00:00:00Z,443715,,
2024-02-17,2024-02-17T00:00:00Z,441905,,
2024-02-18,2024-02-18T00:00:00Z,417220,,
2024-02-19,2024-02-19T00:00:00Z,440808,,
2024-02-20,2024-02-20T00:00:00Z,439439,,
2024-02-21,2024-02-21T00:00:00Z,394102,,
2024-02-22,2024-02-22T00:00:00Z,378159,,
2024-02-23,2024-02-23T00:00:00Z,427700,,
2024-02-24,2024-02-24T00:00:00Z,440757,,
2024-02-25,2024-02-25T00:00:00Z,462668,,
2024-02-26,2024-02-26T00:00:00Z,461820,,
2024-02-27,2024-02-27T00:00:00Z,464011,,
2024-02-28,2024-02-28T00:00:00Z,463527,,
2024-02-29,2024-02-29T00:00:00Z,452907,,
2024-03-01,2024-03-01T00:00:00Z,462997,,
2024-03-02,2024-03-02T00:00:00Z,465243,,
2024-03-03,2024-03-03T00:00:00Z,483276,,
2024-03-04,2024-03-04T00:00:00Z,458246,,
2024-03-05,2024-03-05T00:00:00Z,460145,,
2024-03-06,2024-03-06T00:00:00Z,436757,,
2024-03-07,2024-03-07T00:00:00Z,464619,,
2024-03-08,2024-03-08T00:00:00Z,449506,,
2024-03-09,2024-03-09T00:00:00Z,448389,,
2024-03-10,2024-03-10T00:00:00Z,438335,,
2024-03-11,2024-03-11T00:00:00Z,479766,,
2024-03-12,2024-03-12T00:00:00Z,462601,,
2024-03-13,2024-03-13T00:00:00Z,486873,,
2024-03-14,2024-03-14T00:00:00Z,505385,,
2024-03-15,2024-03-15T00:00:00Z,562358,,
2024-03-16,2024-03-16T00:00:00Z,561535,,
2024-03-17,2024-03-17T00:00:00Z,562906,,
2024-03-18,2024-03-18T00:00:00Z,551376,,
2024-03-19,2024-03-19T00:00:00Z,544882,,
2024-03-20,2024-03-20T00:00:00Z,579339,,
2024-03-21,2024-03-21T00:00:00Z,571568,,
2024-03-22,2024-03-22T00:00:00Z,593063,,
2024-03-23,2024-03-23T00:00:00Z,601785,,
2024-03-24,2024-03-24T00:00:00Z,581687,,
2024-03-25,2024-03-25T00:00:00Z,551698,,
2024-03-26,2024-03-26T00:00:00Z,491069,,
2024-03-27,2024-03-27T00:00:00Z,465564,,
2024-03-28,2024-03-28T00:00:00Z,485750,,
2024-03-29,2024-03-29T00:00:00Z,523755,,
2024-03-30,2024-03-30T00:00:00Z,515366,,
2024-03-31,2024-03-31T00:00:00Z,538495,,
2024-04-01,2024-04-01T00:00:00Z,507884,,
2024-04-02,2024-04-02T00:00:00Z,447582,,
2024-04-03,2024-04-03T00:00:00Z,435674,,
2024-04-04,2024-04-04T00:00:00Z,476746,,
2024-04-05,2024-04-05T00:00:00Z,501736,,
2024-04-06,2024-04-06T00:00:00Z,535752,,
2024-04-07,2024-04-07T00:00:00Z,523257,,
2024-04-08,2024-04-08T00:00:00Z,495488,,
2024-04-09,2024-04-09T00:00:00Z,481463,,
2024-04-10,2024-04-10T00:00:00Z,505966,,
2024-04-11,2024-04-11T00:00:00Z,490099,,
2024-04-12,2024-04-12T00:00:00Z,541182,,
2024-04-13,2024-04-13T00:00:00Z,481724,,
2024-04-14,2024-04-14T00:00:00Z,485444,,
2024-04-15,2024-04-15T00:00:00Z,505342,,
2024-04-16,2024-04-16T00:00:00Z,515577,,
2024-04-17,2024-04-17T00:00:00Z,528908,,
2024-04-18,2024-04-18T00:00:00Z,517475,,
2024-04-19,2024-04-19T00:00:00Z,490562,,
2024-04-20,2024-04-20T00:00:00Z,541310,,
2024-04-21,2024-04-21T00:00:00Z,512555,,
2024-04-22,2024-04-22T00:00:00Z,469050,,
2024-04-23,2024-04-23T00:00:00Z,461786,,
2024-04-24,2024-04-24T00:00:00Z,435773,,
2024-04-25,2024-04-25T00:00:00Z,469015,,
2024-04-26,2024-04-26T00:00:00Z,524549,,
2024-04-27,2024-04-27T00:00:00Z,532040,,
2024-04-28,2024-04-28T00:00:00Z,531127,,
2024-04-29,2024-04-29T00:00:00Z,529600,,
2024-04-30,2024-04-30T00:00:00Z,510843,,
2024-05-01,2024-05-01T00:00:00Z,489285,,
2024-05-02,2024-05-02T00:00:00Z,522488,,
2024-05-03,2024-05-03T00:00:00Z,504806,,
2024-05-04,2024-05-04T00:00:00Z,520964,,
2024-05-05,2024-05-05T00:00:00Z,520926,,
2024-05-06,2024-05-06T00:00:00Z,510914,,
2024-05-07,2024-05-07T00:00:00Z,505549,,
2024-05-08,2024-05-08T00:00:00Z,488851,,
2024-05-09,2024-05-09T00:00:00Z,488967,,
2024-05-10,2024-05-10T00:00:00Z,510152,,
2024-05-11,2024-05-11T00:00:00Z,503579,,
2024-05-12,2024-05-12T00:00:00Z,522005,,
2024-05-13,2024-05-13T00:00:00Z,455096,,
2024-05-14,2024-05-14T00:00:00Z,454891,,
2024-05-15,2024-05-15T00:00:00Z,469765,,
2024-05-16,2024-05-16T00:00:00Z,449646,,
2024-05-17,2024-05-17T00:00:00Z,469609,,
2024-05-18,2024-05-18T00:00:00Z,560542,,
2024-05-19,2024-05-19T00:00:00Z,496947,,
2024-05-20,2024-05-20T00:00:00Z,445431,,
2024-05-21,2024-05-21T00:00:00Z,454368,,
2024-05-22,2024-05-22T00:00:00Z,462399,,
2024-05-23,2024-05-23T00:00:00Z,429195,,
2024-05-24,2024-05-24T00:00:00Z,463740,,
2024-05-25,2024-05-25T00:00:00Z,509804,,
2024-05-26,2024-05-26T00:00:00Z,453028,,
2024-05-27,2024-05-27T00:00:00Z,409956,,
2024-05-28,2024-05-28T00:00:00Z,376382,,
2024-05-29,2024-05-29T00:00:00Z,420973,,
2024-05-30,2024-05-30T00:00:00Z,403294,,
2024-05-31,2024-05-31T00:00:00Z,419580,,
2024-06-01,2024-06-01T00:00:00Z,403697,,
2024-06-02,2024-06-02T00:00:00Z,391851,,
2024-06-03,2024-06-03T00:00:00Z,389543,,
2024-06-04,2024-06-04T00:00:00Z,430903,,
2024-06-05,2024-06-05T00:00:00Z,395218,,
2024-06-06,2024-06-06T00:00:00Z,381230,,
2024-06-07,2024-06-07T00:00:00Z,413080,,
2024-06-08,2024-06-08T00:00:00Z,455379,,
2024-06-09,2024-06-09T00:00:00Z,455243,,
2024-06-10,2024-06-10T00:00:00Z,421177,,
2024-06-11,2024-06-11T00:00:00Z,406155,,
2024-06-12,2024-06-12T00:00:00Z,437972,,
2024-06-13,2024-06-13T00:00:00Z,442941,,
2024-06-14,2024-06-14T00:00:00Z,437384,,
2024-06-15,2024-06-15T00:00:00Z,467374,,
2024-06-16,2024-06-16T00:00:00Z,486085,,
2024-06-17,2024-06-17T00:00:00Z,430369,,
2024-06-18,2024-06-18T00:00:00Z,403249,,
2024-06-19,2024-06-19T00:00:00Z,417762,,
2024-06-20,2024-06-20T00:00:00Z,408055,,
2024-06-21,2024-06-21T00:00:00Z,555728,,
2024-06-22,2024-06-22T00:00:00Z,688220,,
2024-06-23,2024-06-23T00:00:00Z,483507,,
2024-06-24,2024-06-24T00:00:00Z,443108,,
2024-06-25,2024-06-25T00:00:00Z,489104,,
2024-06-26,2024-06-26T00:00:00Z,536867,,
2024-06-27,2024-06-27T00:00:00Z,450425,,
2024-06-28,2024-06-28T00:00:00Z,465666,,
2024-06-29,2024-06-29T00:00:00Z,562284,,
2024-06-30,2024-06-30T00:00:00Z,497526,,
2024-07-01,2024-07-01T00:00:00Z,462302,,
2024-07-02,2024-07-02T00:00:00Z,449417,,
2024-07-03,2024-07-03T00:00:00Z,400836,,
2024-07-04,2024-07-04T00:00:00Z,476434,,
2024-07-05,2024-07-05T00:00:00Z,486774,,
2024-07-06,2024-07-06T00:00:00Z,525928,,
2024-07-07,2024-07-07T00:00:00Z,482920,,
2024-07-08,2024-07-08T00:00:00Z,459670,,
2024-07-09,2024-07-09T00:00:00Z,459936,,
2024-07-10,2024-07-10T00:00:00Z,450782,,
2024-07-11,2024-07-11T00:00:00Z,470447,,
2024-07-12,2024-07-12T00:00:00Z,516491,,
2024-07-13,2024-07-13T00:00:00Z,521993,,
2024-07-14,2024-07-14T00:00:00Z,427863,,
2024-07-15,2024-07-15T00:00:00Z,427484,,
2024-07-16,2024-07-16T00:00:00Z,431764,,
2024-07-17,2024-07-17T00:00:00Z,381116,,
2024-07-18,2024-07-18T00:00:00Z,397717,,
2024-07-19,2024-07-19T00:00:00Z,431974,,
2024-07-20,2024-07-20T00:00:00Z,491946,,
2024-07-21,2024-07-21T00:00:00Z,441766,,
2024-07-22,2024-07-22T00:00:00Z,408532,,
2024-07-23,2024-07-23T00:00:00Z,443555,,
2024-07-24,2024-07-24T00:00:00Z,441757,,
2024-07-25,2024-07-25T00:00:00Z,420189,,
2024-07-26,2024-07-26T00:00:00Z,451122,,
2024-07-27,2024-07-27T00:00:00Z,411647,,
2024-07-28,2024-07-28T00:00:00Z,460093,,
2024-07-29,2024-07-29T00:00:00Z,425060,,
2024-07-30,2024-07-30T00:00:00Z,414801,,
2024-07-31,2024-07-31T00:00:00Z,398950,,
2024-08-01,2024-08-01T00:00:00Z,357748,,
2024-08-02,2024-08-02T00:00:00Z,376074,,
2024-08-03,2024-08-03T00:00:00Z,476288,,
2024-08-04,2024-08-04T00:00:00Z,475867,,
2024-08-05,2024-08-05T00:00:00Z,362346,,
2024-08-06,2024-08-06T00:00:00Z,422314,,
2024-08-07,2024-08-07T00:00:00Z,405179,,
2024-08-08,2024-08-08T00:00:00Z,365268,,
2024-08-09,2024-08-09T00:00:00Z,397202,,
2024-08-10,2024-08-10T00:00:00Z,506922,,
2024-08-11,2024-08-11T00:00:00Z,428912,,
2024-08-12,2024-08-12T00:00:00Z,351416,,
2024-08-13,2024-08-13T00:00:00Z,392985,,
2024-08-14,2024-08-14T00:00:00Z,566356,,
2024-08-15,2024-08-15T00:00:00Z,528282,,
2024-08-16,2024-08-16T00:00:00Z,472135,,
2024-08-17,2024-08-17T00:00:00Z,491995,,
2024-08-18,2024-08-18T00:00:00Z,440060,,
2024-08-19,2024-08-19T00:00:00Z,389391,,
2024-08-20,2024-08-20T00:00:00Z,389805,,
2024-08-21,2024-08-21T00:00:00Z,417068,,
2024-08-22,2024-08-22T00:00:00Z,427112,,
2024-08-23,2024-08-23T00:00:00Z,430105,,
2024-08-24,2024-08-24T00:00:00Z,481469,,
2024-08-25,2024-08-25T00:00:00Z,425287,,
2024-08-26,2024-08-26T00:00:00Z,457963,,
2024-08-27,2024-08-27T00:00:00Z,438848,,
2024-08-28,2024-08-28T00:00:00Z,415535,,
2024-08-29,2024-08-29T00:00:00Z,449907,,
2024-08-30,2024-08-30T00:00:00Z,452228,,
2024-08-31,2024-08-31T00:00:00Z,471068,,
2024-09-01,2024-09-01T00:00:00Z,475920,,
2024-09-02,2024-09-02T00:00:00Z,413396,,
2024-09-03,2024-09-03T00:00:00Z,411960,,
2024-09-04,2024-09-04T00:00:00Z,375683,,
2024-09-05,2024-09-05T00:00:00Z,380515,,
2024-09-06,2024-09-06T00:00:00Z,399682,,
2024-09-07,2024-09-07T00:00:00Z,425347,,
2024-09-08,2024-09-08T00:00:00Z,474423,,
2024-09-09,2024-09-09T00:00:00Z,410716,,
2024-09-10,2024-09-10T00:00:00Z,406056,,
2024-09-11,2024-09-11T00:00:00Z,455885,,
2024-09-12,2024-09-12T00:00:00Z,410369,,
2024-09-13,2024-09-13T00:00:00Z,421340,,
2024-09-14,2024-09-14T00:00:00Z,444125,,
2024-09-15,2024-09-15T00:00:00Z,460809,,
2024-09-16,2024-09-16T00:00:00Z,366289,,
2024-09-17,2024-09-17T00:00:00Z,393131,,
2024-09-18,2024-09-18T00:00:00Z,353655,,
2024-09-19,2024-09-19T00:00:00Z,339469,,
2024-09-20,2024-09-20T00:00:00Z,342481,,
2024-09-21,2024-09-21T00:00:00Z,345661,,
2024-09-22,2024-09-22T00:00:00Z,364753,,
2024-09-23,2024-09-23T00:00:00Z,335740,,
2024-09-24,2024-09-24T00:00:00Z,353075,,
2024-09-25,2024-09-25T00:00:00Z,359595,,
2024-09-26,2024-09-26T00:00:00Z,365868,,
2024-09-27,2024-09-27T00:00:00Z,419017,,
2024-09-28,2024-09-28T00:00:00Z,441414,,
2024-09-29,2024-09-29T00:00:00Z,411721,,
2024-09-30,2024-09-30T00:00:00Z,428266,,
2024-10-01,2024-10-01T00:00:00Z,470931,,
2024-10-02,2024-10-02T00:00:00Z,412344,,
2024-10-03,2024-10-03T00:00:00Z,430685,,
2024-10-04,2024-10-04T00:00:00Z,387708,,
2024-10-05,2024-10-05T00:00:00Z,365227,,
2024-10-06,2024-10-06T00:00:00Z,349749,,
2024-10-07,2024-10-07T00:00:00Z,364177,,
2024-10-08,2024-10-08T00:00:00Z,351995,,
2024-10-09,2024-10-09T00:00:00Z,399284,,
2024-10-10,2024-10-10T00:00:00Z,379356,,
2024-10-11,2024-10-11T00:00:00Z,407971,,
2024-10-12,2024-10-12T00:00:00Z,406296,,
2024-10-13,2024-10-13T00:00:00Z,372854,,
2024-10-14,2024-10-14T00:00:00Z,412144,,
2024-10-15,2024-10-15T00:00:00Z,427423,,
2024-10-16,2024-10-16T00:00:00Z,406867,,
2024-10-17,2024-10-17T00:00:00Z,458239,,
2024-10-18,2024-10-18T00:00:00Z,483657,,
2024-10-19,2024-10-19T00:00:00Z,507399,,
2024-10-20,2024-10-20T00:00:00Z,448344,,
2024-10-21,2024-10-21T00:00:00Z,449338,,
2024-10-22,2024-10-22T00:00:00Z,432898,,
2024-10-23,2024-10-23T00:00:00Z,424880,,
2024-10-24,2024-10-24T00:00:00Z,398973,,
2024-10-25,2024-10-25T00:00:00Z,414913,,
2024-10-26,2024-10-26T00:00:00Z,418010,,
2024-10-27,2024-10-27T00:00:00Z,357791,,
2024-10-28,2024-10-28T00:00:00Z,376967,,
2024-10-29,2024-10-29T00:00:00Z,436261,,
2024-10-30,2024-10-30T00:00:00Z,359033,,
2024-10-31,2024-10-31T00:00:00Z,386421,,
2024-11-01,2024-11-01T00:00:00Z,398897,,
2024-11-02,2024-11-02T00:00:00Z,414232,,
2024-11-03,2024-11-03T00:00:00Z,423466,,
2024-11-04,2024-11-04T00:00:00Z,387795,,
2024-11-05,2024-11-05T00:00:00Z,398286,,
2024-11-06,2024-11-06T00:00:00Z,388833,,
2024-11-07,2024-11-07T00:00:00Z,425074,,
2024-11-08,2024-11-08T00:00:00Z,434978,,
2024-11-09,2024-11-09T00:00:00Z,409403,,
2024-11-10,2024-11-10T00:00:00Z,418580,,
2024-11-11,2024-11-11T00:00:00Z,456297,,
2024-11-12,2024-11-12T00:00:00Z,436433,,
2024-11-13,2024-11-13T00:00:00Z,420752,,
2024-11-14,2024-11-14T00:00:00Z,442870,,
2024-11-15,2024-11-15T00:00:00Z,469554,,
2024-11-16,2024-11-16T00:00:00Z,472617,,
2024-11-17,2024-11-17T00:00:00Z,473662,,
2024-11-18,2024-11-18T00:00:00Z,437119,,
2024-11-19,2024-11-19T00:00:00Z,434449,,
2024-11-20,2024-11-20T00:00:00Z,464928,,
2024-11-21,2024-11-21T00:00:00Z,469249,,
2024-11-22,2024-11-22T00:00:00Z,497366,,
2024-11-23,2024-11-23T00:00:00Z,493877,,
2024-11-24,2024-11-24T00:00:00Z,470157,,
2024-11-25,2024-11-25T00:00:00Z,477930,,
2024-11-26,2024-11-26T00:00:00Z,463487,,
2024-11-27,2024-11-27T00:00:00Z,501076,,
2024-11-28,2024-11-28T00:00:00Z,512586,,
2024-11-29,2024-11-29T00:00:00Z,485667,,
2024-11-30,2024-11-30T00:00:00Z,454876,,
2024-12-01,2024-12-01T00:00:00Z,478224,,
2024-12-02,2024-12-02T00:00:00Z,474911,,
2024-12-03,2024-12-03T00:00:00Z,472575,,
2024-12-04,2024-12-04T00:00:00Z,481964,,
2024-12-05,2024-12-05T00:00:00Z,493973,,
2024-12-06,2024-12-06T00:00:00Z,486324,,
2024-12-07,2024-12-07T00:00:00Z,508869,,
2024-12-08,2024-12-08T00:00:00Z,476163,,
2024-12-09,2024-12-09T00:00:00Z,458105,,
2024-12-10,2024-12-10T00:00:00Z,497647,,
2024-12-11,2024-12-11T00:00:00Z,484757,,
2024-12-12,2024-12-12T00:00:00Z,511264,,
2024-12-13,2024-12-13T00:00:00Z,510388,,
2024-12-14,2024-12-14T00:00:00Z,487683,,
2024-12-15,2024-12-15T00:00:00Z,475296,,
2024-12-16,2024-12-16T00:00:00Z,476627,,
2024-12-17,2024-12-17T00:00:00Z,506514,,
2024-12-18,2024-12-18T00:00:00Z,479256,,
2024-12-19,2024-12-19T00:00:00Z,493257,,
2024-12-20,2024-12-20T00:00:00Z,510931,,
2024-12-21,2024-12-21T00:00:00Z,542155,,
2024-12-22,2024-12-22T00:00:00Z,537198,,
2024-12-23,2024-12-23T00:00:00Z,540957,,
2024-12-24,2024-12-24T00:00:00Z,586739,,
2024-12-25,2024-12-25T00:00:00Z,549121,,
2024-12-26,2024-12-26T00:00:00Z,482278,,
2024-12-27,2024-12-27T00:00:00Z,496135,,
2024-12-28,2024-12-28T00:00:00Z,473471,,
2024-12-29,2024-12-29T00:00:00Z,475518,,
2024-12-30,2024-12-30T00:00:00Z,475502,,
2024-12-31,2024-12-31T00:00:00Z,465292,,
2025-01-01,2025-01-01T00:00:00Z,367474,,
2025-01-02,2025-01-02T00:00:00Z,397519,,
2025-01-03,2025-01-03T00:00:00Z,454098,,
2025-01-04,2025-01-04T00:00:00Z,440934,,
2025-01-05,2025-01-05T00:00:00Z,448903,,
2025-01-06,2025-01-06T00:00:00Z,433136,,
2025-01-07,2025-01-07T00:00:00Z,456692,,
2025-01-08,2025-01-08T00:00:00Z,435255,,
2025-01-09,2025-01-09T00:00:00Z,449839,,
2025-01-10,2025-01-10T00:00:00Z,454301,,
2025-01-11,2025-01-11T00:00:00Z,490828,,
2025-01-12,2025-01-12T00:00:00Z,454677,,
2025-01-13,2025-01-13T00:00:00Z,467631,,
2025-01-14,2025-01-14T00:00:00Z,500090,,
2025-01-15,2025-01-15T00:00:00Z,478197,,
2025-01-16,2025-01-16T00:00:00Z,463422,,
2025-01-17,2025-01-17T00:00:00Z,451752,,
2025-01-18,2025-01-18T00:00:00Z,417600,,
2025-01-19,2025-01-19T00:00:00Z,451198,,
2025-01-20,2025-01-20T00:00:00Z,486121,,
2025-01-21,2025-01-21T00:00:00Z,499190,,
2025-01-22,2025-01-22T00:00:00Z,486433,,
2025-01-23,2025-01-23T00:00:00Z,492781,,
2025-01-24,2025-01-24T00:00:00Z,521854,,
2025-01-25,2025-01-25T00:00:00Z,628849,,
2025-01-26,2025-01-26T00:00:00Z,499834,,
2025-01-27,2025-01-27T00:00:00Z,451759,,
2025-01-28,2025-01-28T00:00:00Z,453581,,
2025-01-29,2025-01-29T00:00:00Z,455299,,
2025-01-30,2025-01-30T00:00:00Z,453498,,
2025-01-31,2025-01-31T00:00:00Z,453767,,
2025-02-01,2025-02-01T00:00:00Z,448010,,
2025-02-02,2025-02-02T00:00:00Z,403701,,
2025-02-03,2025-02-03T00:00:00Z,409037,,
2025-02-04,2025-02-04T00:00:00Z,476626,,
2025-02-05,2025-02-05T00:00:00Z,514989,,
2025-02-06,2025-02-06T00:00:00Z,570553,,
2025-02-07,2025-02-07T00:00:00Z,572940,,
2025-02-08,2025-02-08T00:00:00Z,608327,,
2025-02-09,2025-02-09T00:00:00Z,557553,,
2025-02-10,2025-02-10T00:00:00Z,616516,,
2025-02-11,2025-02-11T00:00:00Z,517655,,
2025-02-12,2025-02-12T00:00:00Z,524881,,
2025-02-13,2025-02-13T00:00:00Z,528021,,
2025-02-14,2025-02-14T00:00:00Z,571783,,
2025-02-15,2025-02-15T00:00:00Z,585984,,
2025-02-16,2025-02-16T00:00:00Z,600553,,
2025-02-17,2025-02-17T00:00:00Z,582293,,
2025-02-18,2025-02-18T00:00:00Z,508259,,
2025-02-19,2025-02-19T00:00:00Z,542402,,
2025-02-20,2025-02-20T00:00:00Z,576336,,
2025-02-21,2025-02-21T00:00:00Z,555810,,
2025-02-22,2025-02-22T00:00:00Z,556104,,
2025-02-23,2025-02-23T00:00:00Z,583331,,
2025-02-24,2025-02-24T00:00:00Z,558324,,
2025-02-25,2025-02-25T00:00:00Z,494728,,
2025-02-26,2025-02-26T00:00:00Z,539316,,
2025-02-27,2025-02-27T00:00:00Z,521089,,
2025-02-28,2025-02-28T00:00:00Z,477973,,
2025-03-01,2025-03-01T00:00:00Z,489544,,
2025-03-02,2025-03-02T00:00:00Z,548237,,
2025-03-03,2025-03-03T00:00:00Z,503290,,
2025-03-04,2025-03-04T00:00:00Z,488970,,
2025-03-05,2025-03-05T00:00:00Z,549163,,
2025-03-06,2025-03-06T00:00:00Z,562798,,
2025-03-07,2025-03-07T00:00:00Z,497992,,
2025-03-08,2025-03-08T00:00:00Z,531677,,
2025-03-09,2025-03-09T00:00:00Z,535165,,
2025-03-10,2025-03-10T00:00:00Z,482803,,
2025-03-11,2025-03-11T00:00:00Z,480338,,
2025-03-12,2025-03-12T00:00:00Z,477175,,
2025-03-13,2025-03-13T00:00:00Z,527223,,
2025-03-14,2025-03-14T00:00:00Z,548505,,
2025-03-15,2025-03-15T00:00:00Z,628827,,
2025-03-16,2025-03-16T00:00:00Z,548431,,
2025-03-17,2025-03-17T00:00:00Z,546346,,
2025-03-18,2025-03-18T00:00:00Z,553278,,
2025-03-19,2025-03-19T00:00:00Z,537763,,
2025-03-20,2025-03-20T00:00:00Z,555477,,
2025-03-21,2025-03-21T00:00:00Z,576341,,
2025-03-22,2025-03-22T00:00:00Z,625646,,
2025-03-23,2025-03-23T00:00:00Z,584625,,
2025-03-24,2025-03-24T00:00:00Z,491752,,
2025-03-25,2025-03-25T00:00:00Z,514478,,
2025-03-26,2025-03-26T00:00:00Z,536126,,
2025-03-27,2025-03-27T00:00:00Z,529482,,
2025-03-28,2025-03-28T00:00:00Z,488732,,
2025-03-29,2025-03-29T00:00:00Z,471729,,
2025-03-30,2025-03-30T00:00:00Z,511004,,
2025-03-31,2025-03-31T00:00:00Z,464628,,
2025-04-01,2025-04-01T00:00:00Z,466029,,
2025-04-02,2025-04-02T00:00:00Z,455268,,
2025-04-03,2025-04-03T00:00:00Z,470693,,
2025-04-04,2025-04-04T00:00:00Z,483967,,
2025-04-05,2025-04-05T00:00:00Z,569080,,
2025-04-06,2025-04-06T00:00:00Z,493945,,
2025-04-07,2025-04-07T00:00:00Z,554333,,
2025-04-08,2025-04-08T00:00:00Z,574589,,
2025-04-09,2025-04-09T00:00:00Z,544914,,
2025-04-10,2025-04-10T00:00:00Z,472576,,
2025-04-11,2025-04-11T00:00:00Z,444989,,
2025-04-12,2025-04-12T00:00:00Z,477949,,
2025-04-13,2025-04-13T00:00:00Z,498526,,
2025-04-14,2025-04-14T00:00:00Z,493717,,
2025-04-15,2025-04-15T00:00:00Z,508130,,
2025-04-16,2025-04-16T00:00:00Z,527066,,
2025-04-17,2025-04-17T00:00:00Z,511688,,
2025-04-18,2025-04-18T00:00:00Z,525472,,
2025-04-19,2025-04-19T00:00:00Z,630441,,
2025-04-20,2025-04-20T00:00:00Z,613442,,
2025-04-21,2025-04-21T00:00:00Z,509096,,
2025-04-22,2025-04-22T00:00:00Z,502932,,
2025-04-23,2025-04-23T00:00:00Z,470535,,
2025-04-24,2025-04-24T00:00:00Z,422858,,
2025-04-25,2025-04-25T00:00:00Z,494769,,
2025-04-26,2025-04-26T00:00:00Z,531642,,
2025-04-27,2025-04-27T00:00:00Z,509009,,
2025-04-28,2025-04-28T00:00:00Z,484229,,
2025-04-29,2025-04-29T00:00:00Z,496913,,
2025-04-30,2025-04-30T00:00:00Z,528480,,
2025-05-01,2025-05-01T00:00:00Z,506880,,
2025-05-02,2025-05-02T00:00:00Z,536069,,
2025-05-03,2025-05-03T00:00:00Z,597343,,
2025-05-04,2025-05-04T00:00:00Z,531193,,
2025-05-05,2025-05-05T00:00:00Z,509972,,
2025-05-06,2025-05-06T00:00:00Z,514376,,
2025-05-07,2025-05-07T00:00:00Z,491678,,
2025-05-08,2025-05-08T00:00:00Z,494480,,
2025-05-09,2025-05-09T00:00:00Z,511871,,
2025-05-10,2025-05-10T00:00:00Z,420840,,
2025-05-11,2025-05-11T00:00:00Z,415955,,
2025-05-12,2025-05-12T00:00:00Z,465771,,
2025-05-13,2025-05-13T00:00:00Z,470029,,
2025-05-14,2025-05-14T00:00:00Z,494916,,
2025-05-15,2025-05-15T00:00:00Z,497426,,
2025-05-16,2025-05-16T00:00:00Z,486072,,
2025-05-17,2025-05-17T00:00:00Z,582135,,
2025-05-18,2025-05-18T00:00:00Z,522331,,
2025-05-19,2025-05-19T00:00:00Z,487107,,
2025-05-20,2025-05-20T00:00:00Z,523450,,
2025-05-21,2025-05-21T00:00:00Z,512747,,
2025-05-22,2025-05-22T00:00:00Z,461692,,
2025-05-23,2025-05-23T00:00:00Z,467478,,
2025-05-24,2025-05-24T00:00:00Z,464714,,
2025-05-25,2025-05-25T00:00:00Z,453875,,
2025-05-26,2025-05-26T00:00:00Z,465540,,
2025-05-27,2025-05-27T00:00:00Z,454563,,
2025-05-28,2025-05-28T00:00:00Z,465559,,
2025-05-29,2025-05-29T00:00:00Z,465853,,
2025-05-30,2025-05-30T00:00:00Z,488131,,
2025-05-31,2025-05-31T00:00:00Z,494385,,
2025-06-01,2025-06-01T00:00:00Z,443464,,
2025-06-02,2025-06-02T00:00:00Z,476003,,
2025-06-03,2025-06-03T00:00:00Z,502838,,
2025-06-04,2025-06-04T00:00:00Z,473595,,
2025-06-05,2025-06-05T00:00:00Z,473904,,
2025-06-06,2025-06-06T00:00:00Z,491499,,
2025-06-07,2025-06-07T00:00:00Z,549515,,
2025-06-08,2025-06-08T00:00:00Z,557973,,
2025-06-09,2025-06-09T00:00:00Z,495387,,
2025-06-10,2025-06-10T00:00:00Z,529956,,
2025-06-11,2025-06-11T00:00:00Z,524145,,
2025-06-12,2025-06-12T00:00:00Z,541049,,
2025-06-13,2025-06-13T00:00:00Z,492191,,
2025-06-14,2025-06-14T00:00:00Z,576441,,
2025-06-15,2025-06-15T00:00:00Z,529335,,
2025-06-16,2025-06-16T00:00:00Z,490509,,
2025-06-17,2025-06-17T00:00:00Z,526770,,
2025-06-18,2025-06-18T00:00:00Z,513555,,
2025-06-19,2025-06-19T00:00:00Z,466350,,
2025-06-20,2025-06-20T00:00:00Z,473016,,
2025-06-21,2025-06-21T00:00:00Z,524104,,
2025-06-22,2025-06-22T00:00:00Z,432434,,
2025-06-23,2025-06-23T00:00:00Z,455278,,
2025-06-24,2025-06-24T00:00:00Z,537964,,
2025-06-25,2025-06-25T00:00:00Z,635565,,
2025-06-26,2025-06-26T00:00:00Z,541571,,
2025-06-27,2025-06-27T00:00:00Z,508629,,
2025-06-28,2025-06-28T00:00:00Z,573469,,
2025-06-29,2025-06-29T00:00:00Z,558295,,
2025-06-30,2025-06-30T00:00:00Z,495737,,
2025-07-01,2025-07-01T00:00:00Z,476878,,
2025-07-02,2025-07-02T00:00:00Z,507969,,
2025-07-03,2025-07-03T00:00:00Z,518528,,
2025-07-04,2025-07-04T00:00:00Z,534604,,
2025-07-05,2025-07-05T00:00:00Z,526722,,
2025-07-06,2025-07-06T00:00:00Z,520947,,
2025-07-07,2025-07-07T00:00:00Z,524213,,
2025-07-08,2025-07-08T00:00:00Z,528646,,
2025-07-09,2025-07-09T00:00:00Z,507709,,
2025-07-10,2025-07-10T00:00:00Z,516033,,
2025-07-11,2025-07-11T00:00:00Z,520129,,
2025-07-12,2025-07-12T00:00:00Z,545198,,
2025-07-13,2025-07-13T00:00:00Z,454595,,
2025-07-14,2025-07-14T00:00:00Z,475218,,
2025-07-15,2025-07-15T00:00:00Z,482714,,
2025-07-16,2025-07-16T00:00:00Z,503229,,
2025-07-17,2025-07-17T00:00:00Z,526654,,
2025-07-18,2025-07-18T00:00:00Z,552634,,
2025-07-19,2025-07-19T00:00:00Z,537426,,
2025-07-20,2025-07-20T00:00:00Z,504630,,
2025-07-21,2025-07-21T00:00:00Z,563429,,
2025-07-22,2025-07-22T00:00:00Z,586130,,
2025-07-23,2025-07-23T00:00:00Z,557483,,
2025-07-24,2025-07-24T00:00:00Z,575120,,
2025-07-25,2025-07-25T00:00:00Z,611508,,
2025-07-26,2025-07-26T00:00:00Z,668154,,
2025-07-27,2025-07-27T00:00:00Z,641598,,
2025-07-28,2025-07-28T00:00:00Z,570227,,
2025-07-29,2025-07-29T00:00:00Z,643524,,
2025-07-30,2025-07-30T00:00:00Z,827774,,
2025-07-31,2025-07-31T00:00:00Z,828959,,
2025-08-01,2025-08-01T00:00:00Z,671751,,
2025-08-02,2025-08-02T00:00:00Z,636241,,
2025-08-03,2025-08-03T00:00:00Z,688571,,
2025-08-04,2025-08-04T00:00:00Z,673767,,
2025-08-05,2025-08-05T00:00:00Z,675799,,
2025-08-06,2025-08-06T00:00:00Z,654815,,
2025-08-07,2025-08-07T00:00:00Z,655161,,
2025-08-08,2025-08-08T00:00:00Z,638070,,
2025-08-09,2025-08-09T00:00:00Z,615028,,
2025-08-10,2025-08-10T00:00:00Z,655268,,
2025-08-11,2025-08-11T00:00:00Z,628646,,
2025-08-12,2025-08-12T00:00:00Z,647488,,
2025-08-13,2025-08-13T00:00:00Z,649705,,
2025-08-14,2025-08-14T00:00:00Z,644749,,
2025-08-15,2025-08-15T00:00:00Z,675580,,
2025-08-16,2025-08-16T00:00:00Z,729393,,
2025-08-17,2025-08-17T00:00:00Z,695017,,
2025-08-18,2025-08-18T00:00:00Z,648761,,
2025-08-19,2025-08-19T00:00:00Z,638112,,
2025-08-20,2025-08-20T00:00:00Z,640005,,
2025-08-21,2025-08-21T00:00:00Z,625739,,
2025-08-22,2025-08-22T00:00:00Z,647185,,
2025-08-23,2025-08-23T00:00:00Z,672682,,
2025-08-24,2025-08-24T00:00:00Z,672739,,
2025-08-25,2025-08-25T00:00:00Z,616360,,
2025-08-26,2025-08-26T00:00:00Z,580455,,
2025-08-27,2025-08-27T00:00:00Z,538135,,
2025-08-28,2025-08-28T00:00:00Z,594085,,
2025-08-29,2025-08-29T00:00:00Z,634114,,
2025-08-30,2025-08-30T00:00:00Z,663770,,
2025-08-31,2025-08-31T00:00:00Z,667255,,
2025-09-01,2025-09-01T00:00:00Z,618731,,
2025-09-02,2025-09-02T00:00:00Z,665648,,
2025-09-03,2025-09-03T00:00:00Z,605677,,
2025-09-04,2025-09-04T00:00:00Z,599273,,
2025-09-05,2025-09-05T00:00:00Z,619199,,
2025-09-06,2025-09-06T00:00:00Z,563998,,
2025-09-07,2025-09-07T00:00:00Z,591690,,
2025-09-08,2025-09-08T00:00:00Z,629030,,
2025-09-09,2025-09-09T00:00:00Z,628967,,
2025-09-10,2025-09-10T00:00:00Z,639764,,
2025-09-11,2025-09-11T00:00:00Z,643184,,
2025-09-12,2025-09-12T00:00:00Z,645979,,
2025-09-13,2025-09-13T00:00:00Z,636363,,
2025-09-14,2025-09-14T00:00:00Z,625037,,
2025-09-15,2025-09-15T00:00:00Z,655139,,
2025-09-16,2025-09-16T00:00:00Z,656708,,
2025-09-17,2025-09-17T00:00:00Z,613219,,
2025-09-18,2025-09-18T00:00:00Z,690938,,
2025-09-19,2025-09-19T00:00:00Z,643814,,
2025-09-20,2025-09-20T00:00:00Z,629943,,
2025-09-21,2025-09-21T00:00:00Z,689042,,
2025-09-22,2025-09-22T00:00:00Z,587625,,
2025-09-23,2025-09-23T00:00:00Z,625961,,
2025-09-24,2025-09-24T00:00:00Z,560462,,
2025-09-25,2025-09-25T00:00:00Z,515488,,
2025-09-26,2025-09-26T00:00:00Z,567436,,
2025-09-27,2025-09-27T00:00:00Z,551104,,
2025-09-28,2025-09-28T00:00:00Z,605451,,
2025-09-29,2025-09-29T00:00:00Z,584286,,
2025-09-30,2025-09-30T00:00:00Z,622423,,
2025-10-01,2025-10-01T00:00:00Z,656705,,
2025-10-02,2025-10-02T00:00:00Z,608858,,
2025-10-03,2025-10-03T00:00:00Z,621910,,
2025-10-04,2025-10-04T00:00:00Z,712197,,
2025-10-05,2025-10-05T00:00:00Z,625887,,
2025-10-06,2025-10-06T00:00:00Z,659847,,
2025-10-07,2025-10-07T00:00:00Z,607221,,
2025-10-08,2025-10-08T00:00:00Z,605788,,
2025-10-09,2025-10-09T00:00:00Z,597794,,
2025-10-10,2025-10-10T00:00:00Z,578286,,
2025-10-11,2025-10-11T00:00:00Z,552477,,
2025-10-12,2025-10-12T00:00:00Z,587563,,
2025-10-13,2025-10-13T00:00:00Z,587497,,
2025-10-14,2025-10-14T00:00:00Z,569222,,
2025-10-15,2025-10-15T00:00:00Z,654611,,
2025-10-16,2025-10-16T00:00:00Z,582398,,
2025-10-17,2025-10-17T00:00:00Z,615193,,
2025-10-18,2025-10-18T00:00:00Z,649866,,
2025-10-19,2025-10-19T00:00:00Z,592207,,
2025-10-20,2025-10-20T00:00:00Z,637771,,
2025-10-21,2025-10-21T00:00:00Z,666300,,
2025-10-22,2025-10-22T00:00:00Z,647389,,
2025-10-23,2025-10-23T00:00:00Z,672512,,
2025-10-24,2025-10-24T00:00:00Z,641480,,
2025-10-25,2025-10-25T00:00:00Z,694341,,
2025-10-26,2025-10-26T00:00:00Z,621798,,
2025-10-27,2025-10-27T00:00:00Z,580295,,
2025-10-28,2025-10-28T00:00:00Z,632743,,
2025-10-29,2025-10-29T00:00:00Z,592503,,
2025-10-30,2025-10-30T00:00:00Z,565072,,
2025-10-31,2025-10-31T00:00:00Z,653058,,
2025-11-01,2025-11-01T00:00:00Z,722028,,
2025-11-02,2025-11-02T00:00:00Z,642067,,
2025-11-03,2025-11-03T00:00:00Z,572751,,
2025-11-04,2025-11-04T00:00:00Z,541382,,
2025-11-05,2025-11-05T00:00:00Z,563301,,
2025-11-06,2025-11-06T00:00:00Z,568606,,
2025-11-07,2025-11-07T00:00:00Z,573816,,
2025-11-08,2025-11-08T00:00:00Z,677817,,
2025-11-09,2025-11-09T00:00:00Z,667525,,
2025-11-10,2025-11-10T00:00:00Z,579213,,
2025-11-11,2025-11-11T00:00:00Z,545649,,
2025-11-12,2025-11-12T00:00:00Z,548922,,
2025-11-13,2025-11-13T00:00:00Z,547437,,
2025-11-14,2025-11-14T00:00:00Z,580931,,
2025-11-15,2025-11-15T00:00:00Z,720885,,
2025-11-16,2025-11-16T00:00:00Z,604059,,
2025-11-17,2025-11-17T00:00:00Z,548755,,
2025-11-18,2025-11-18T00:00:00Z,541084,,
2025-11-19,2025-11-19T00:00:00Z,541737,,
2025-11-20,2025-11-20T00:00:00Z,552304,,
2025-11-21,2025-11-21T00:00:00Z,519590,,
2025-11-22,2025-11-22T00:00:00Z,635858,,
2025-11-23,2025-11-23T00:00:00Z,515404,,
2025-11-24,2025-11-24T00:00:00Z,517863,,
2025-11-25,2025-11-25T00:00:00Z,605931,,
2025-11-26,2025-11-26T00:00:00Z,800352,,
2025-11-27,2025-11-27T00:00:00Z,950851,,
2025-11-28,2025-11-28T00:00:00Z,857911,,
2025-11-29,2025-11-29T00:00:00Z,942346,,
2025-11-30,2025-11-30T00:00:00Z,954379,,
2025-12-01,2025-12-01T00:00:00Z,757361,,
2025-12-02,2025-12-02T00:00:00Z,860482,,
2025-12-03,2025-12-03T00:00:00Z,875236,,
2025-12-04,2025-12-04T00:00:00Z,693329,,
2025-12-05,2025-12-05T00:00:00Z,761406,,
2025-12-06,2025-12-06T00:00:00Z,859807,,
2025-12-07,2025-12-07T00:00:00Z,394020,,
2025-12-08,2025-12-08T00:00:00Z,480637,,
2025-12-09,2025-12-09T00:00:00Z,546333,,
2025-12-10,2025-12-10T00:00:00Z,571311,,
2025-12-11,2025-12-11T00:00:00Z,615467,,
2025-12-12,2025-12-12T00:00:00Z,561126,,
2025-12-13,2025-12-13T00:00:00Z,679637,,
2025-12-14,2025-12-14T00:00:00Z,512064,,
2025-12-15,2025-12-15T00:00:00Z,648873,,
2025-12-16,2025-12-16T00:00:00Z,623105,,
2025-12-17,2025-12-17T00:00:00Z,688094,,
2025-12-18,2025-12-18T00:00:00Z,738933,,
2025-12-19,2025-12-19T00:00:00Z,760335,,
2025-12-20,2025-12-20T00:00:00Z,979065,,
2025-12-21,2025-12-21T00:00:00Z,865386,,
2025-12-22,2025-12-22T00:00:00Z,896080,,
2025-12-23,2025-12-23T00:00:00Z,940600,,
2025-12-24,2025-12-24T00:00:00Z,899475,,
2025-12-25,2025-12-25T00:00:00Z,766313,,
2025-12-26,2025-12-26T00:00:00Z,743234,,
2025-12-27,2025-12-27T00:00:00Z,791362,,
2025-12-28,2025-12-28T00:00:00Z,938541,,
2025-12-29,2025-12-29T00:00:00Z,1017923,,
2025-12-30,2025-12-30T00:00:00Z,939325,,
2025-12-31,2025-12-31T00:00:00Z,878346,,
2026-01-01,2026-01-01T00:00:00Z,888814,,
2026-01-02,2026-01-02T00:00:00Z,804205,,
2026-01-03,2026-01-03T00:00:00Z,786007,,
2026-01-04,2026-01-04T00:00:00Z,848644,,
2026-01-05,2026-01-05T00:00:00Z,875388,,
2026-01-06,2026-01-06T00:00:00Z,785396,,
2026-01-07,2026-01-07T00:00:00Z,794342,,
2026-01-08,2026-01-08T00:00:00Z,869114,,
2026-01-09,2026-01-09T00:00:00Z,980127,,
2026-01-10,2026-01-10T00:00:00Z,987237,,
2026-01-11,2026-01-11T00:00:00Z,980386,,
2026-01-12,2026-01-12T00:00:00Z,977189,,
2026-01-13,2026-01-13T00:00:00Z,1016779,,
2026-01-14,2026-01-14T00:00:00Z,975023,,
2026-01-15,2026-01-15T00:00:00Z,1077699,,
2026-01-16,2026-01-16T00:00:00Z,1369446,,
2026-01-17,2026-01-17T00:00:00Z,1060276,,
2026-01-18,2026-01-18T00:00:00Z,949049,,
2026-01-19,2026-01-19T00:00:00Z,994021,,
2026-01-20,2026-01-20T00:00:00Z,928280,,
2026-01-21,2026-01-21T00:00:00Z,1070753,,
2026-01-22,2026-01-22T00:00:00Z,952036,,
2026-01-23,2026-01-23T00:00:00Z,1212557,,
2026-01-24,2026-01-24T00:00:00Z,1034180,,
2026-01-25,2026-01-25T00:00:00Z,884274,,
2026-01-26,2026-01-26T00:00:00Z,857070,,
2026-01-27,2026-01-27T00:00:00Z,976888,,
2026-01-28,2026-01-28T00:00:00Z,1179799,,
2026-01-29,2026-01-29T00:00:00Z,1233137,,
2026-01-30,2026-01-30T00:00:00Z,921277,,
2026-01-31,2026-01-31T00:00:00Z,818455,,
2026-02-01,2026-02-01T00:00:00Z,1274854,,
2026-02-02,2026-02-02T00:00:00Z,908787,,
2026-02-03,2026-02-03T00:00:00Z,1108428,,
2026-02-04,2026-02-04T00:00:00Z,931612,,
2026-02-05,2026-02-05T00:00:00Z,848317,,
2026-02-06,2026-02-06T00:00:00Z,956739,,
2026-02-07,2026-02-07T00:00:00Z,1275577,,
2026-02-08,2026-02-08T00:00:00Z,1059011,,
2026-02-09,2026-02-09T00:00:00Z,988163,,
2026-02-10,2026-02-10T00:00:00Z,981910,,
2026-02-11,2026-02-11T00:00:00Z,905663,,
2026-02-12,2026-02-12T00:00:00Z,900286,,
2026-02-13,2026-02-13T00:00:00Z,933342,,
2026-02-14,2026-02-14T00:00:00Z,893855,,
2026-02-15,2026-02-15T00:00:00Z,879222,,
2026-02-16,2026-02-16T00:00:00Z,928466,,
2026-02-17,2026-02-17T00:00:00Z,895530,,
2026-02-18,2026-02-18T00:00:00Z,872579,,
2026-02-19,2026-02-19T00:00:00Z,792540,,
2026-02-20,2026-02-20T00:00:00Z,786687,,
2026-02-21,2026-02-21T00:00:00Z,886978,,
2026-02-22,2026-02-22T00:00:00Z,859282,,
2026-02-23,2026-02-23T00:00:00Z,893557,,
2026-02-24,2026-02-24T00:00:00Z,834296,,
2026-02-25,2026-02-25T00:00:00Z,1126449,,
2026-02-26,2026-02-26T00:00:00Z,836090,,
2026-02-27,2026-02-27T00:00:00Z,837769,,
2026-02-28,2026-02-28T00:00:00Z,900276,,
2026-03-01,2026-03-01T00:00:00Z,815497,,
2026-03-02,2026-03-02T00:00:00Z,950989,,
2026-03-03,2026-03-03T00:00:00Z,818391,,
2026-03-04,2026-03-04T00:00:00Z,818997,,
2026-03-05,2026-03-05T00:00:00Z,866849,,
2026-03-06,2026-03-06T00:00:00Z,1056795,,
2026-03-07,2026-03-07T00:00:00Z,905319,,
2026-03-08,2026-03-08T00:00:00Z,837985,,
2026-03-09,2026-03-09T00:00:00Z,810359,,
2026-03-10,2026-03-10T00:00:00Z,911744,,
2026-03-11,2026-03-11T00:00:00Z,954577,,
2026-03-12,2026-03-12T00:00:00Z,1013915,,
2026-03-13,2026-03-13T00:00:00Z,890811,,
2026-03-14,2026-03-14T00:00:00Z,1177897,,
2026-03-15,2026-03-15T00:00:00Z,916391,,
2026-03-16,2026-03-16T00:00:00Z,806487,,
2026-03-17,2026-03-17T00:00:00Z,849872,,
2026-03-18,2026-03-18T00:00:00Z,1063350,,
2026-03-19,2026-03-19T00:00:00Z,1163582,,
2026-03-20,2026-03-20T00:00:00Z,887696,,
2026-03-21,2026-03-21T00:00:00Z,1014475,,
2026-03-22,2026-03-22T00:00:00Z,723931,,
2026-03-23,2026-03-23T00:00:00Z,796445,,
2026-03-24,2026-03-24T00:00:00Z,887825,,
2026-03-25,2026-03-25T00:00:00Z,877557,,
2026-03-26,2026-03-26T00:00:00Z,896581,,
2026-03-27,2026-03-27T00:00:00Z,743592,,
2026-03-28,2026-03-28T00:00:00Z,737078,,
2026-03-29,2026-03-29T00:00:00Z,566690,,
2026-03-30,2026-03-30T00:00:00Z,830260,,
2026-03-31,2026-03-31T00:00:00Z,950322,,
2026-04-01,2026-04-01T00:00:00Z,902221,,
2026-04-02,2026-04-02T00:00:00Z,895465,,
2026-04-03,2026-04-03T00:00:00Z,760242,,
2026-04-04,2026-04-04T00:00:00Z,646076,,
2026-04-05,2026-04-05T00:00:00Z,662170,,
2026-04-06,2026-04-06T00:00:00Z,901994,,
2026-04-07,2026-04-07T00:00:00Z,965552,,
2026-04-08,2026-04-08T00:00:00Z,917015,,
2026-04-09,2026-04-09T00:00:00Z,873666,,
2026-04-10,2026-04-10T00:00:00Z,912996,,
